timestamp,timestep,abdomen_x,abdomen_y,abdomen_z,right_hip_x,right_hip_y,right_hip_z,left_hip_x,left_hip_y,left_hip_z,exo_D6Joint0:0,exo_D6Joint0:1,exo_D6Joint0:2,neck_x,neck_y,neck_z,right_shoulder_x,right_shoulder_y,right_shoulder_z,left_shoulder_x,left_shoulder_y,left_shoulder_z,right_knee,left_knee,exo_right_hip:0,exo_right_hip:1,exo_right_hip:2,exo_left_hip:0,exo_left_hip:1,exo_left_hip:2,right_elbow,left_elbow,right_ankle_x,right_ankle_y,right_ankle_z,left_ankle_x,left_ankle_y,left_ankle_z,exo_right_knee,exo_left_knee,vel_right_hip_x,vel_right_hip_y,vel_right_hip_z,vel_right_knee,vel_right_ankle_x,vel_right_ankle_y,vel_right_ankle_z,vel_left_hip_x,vel_left_hip_y,vel_left_hip_z,vel_left_knee,vel_left_ankle_x,vel_left_ankle_y,vel_left_ankle_z,vel_exo_D6Joint0:0,vel_exo_D6Joint0:1,vel_exo_D6Joint0:2,vel_exo_right_hip:0,vel_exo_right_hip:1,vel_exo_right_hip:2,vel_exo_left_hip:0,vel_exo_left_hip:1,vel_exo_left_hip:2,vel_exo_right_knee,vel_exo_left_knee
0.025000001303851604,0,-3299.5107421875,19760.16796875,-11407.916015625,-18417.53125,-22955.29296875,6730.6513671875,-4499.896484375,157.372314453125,32504.25,-20556.986328125,45727.6796875,-65638.4921875,-2769.545166015625,-78.43541717529297,-1083.2811279296875,11742.0625,16945.28125,-6637.341796875,-11124.3330078125,-4360.7744140625,16842.18359375,0.0,0.0,-13132.7353515625,-14290.7724609375,6289.25830078125,-10527.53515625,14448.2001953125,7773.7109375,0.0,0.0,-3696.702880859375,12242.474609375,-14476.818359375,-4633.361328125,8193.1142578125,-3155.80322265625,30175.009765625,7825.66357421875,-0.5695346593856812,2.034987449645996,1.3215458393096924,0.40556150674819946,-0.14284475147724152,1.0499013662338257,-1.120072603225708,-0.3498052656650543,0.04347345605492592,2.466247320175171,1.990302562713623,0.10286184400320053,3.41296648979187,-0.5083404779434204,0.0,0.0,0.0,0.0,0.0,0.0,0.0,0.0,0.0,0.0,0.0
0.03333333507180214,1,2969.57958984375,9829.171875,-3783.8427734375,-1551.935546875,-17431.60546875,2695.60595703125,1850.18408203125,-23011.974609375,6421.1875,47842.8984375,67195.2265625,268220.46875,208.6767578125,759.8226318359375,-298.34466552734375,4340.11083984375,4188.8916015625,261.30908203125,1373.607421875,-5859.45166015625,7579.6748046875,0.0,0.0,-5264.25390625,-12164.43359375,-6997.97900390625,25390.375,37634.83203125,-32206.837890625,0.0,0.0,-2408.23046875,1261.806640625,-2195.927734375,-1446.080322265625,2239.7705078125,-532.03125,-188.890625,17989.76171875,-9.809857368469238,-0.8072924613952637,3.105292797088623,-11.703453063964844,-1.0067838430404663,9.674398422241211,-10.963642120361328,-3.5201773643493652,12.009723663330078,16.418418884277344,-27.990596771240234,-2.305875539779663,8.062629699707031,-2.6375620365142822,-11.782567024230957,-3.0338428020477295,-54.41570281982422,-6.111513137817383,-2.9337477684020996,10.721590995788574,-28.242481231689453,-17.298236846923828,33.801177978515625,24.46497917175293,-8.832196235656738
0.041666668839752674,2,6776.658203125,-8483.9892578125,2292.06982421875,23232.001953125,-12290.0712890625,-1376.9664306640625,28121.55078125,-28112.765625,-17200.765625,-30543.2578125,-36716.3359375,-79766.6953125,2733.44091796875,714.177734375,-85.141357421875,-19834.40625,-25140.6015625,2968.2099609375,15796.0029296875,6826.8681640625,-18997.953125,0.0,0.0,4355.224609375,14777.71875,-12697.037109375,-43039.40234375,57154.30859375,29052.58203125,0.0,0.0,3503.418701171875,-7135.85546875,4395.1982421875,1223.3558349609375,1062.3583984375,4231.1845703125,-23496.296875,9203.63671875,-8.236663818359375,-7.037264823913574,-0.8623182773590088,8.907268524169922,-0.9384883046150208,9.884607315063477,-10.633533477783203,-10.275032997131348,1.4136922359466553,15.509547233581543,2.1008756160736084,-1.0917186737060547,10.910237312316895,-1.4124678373336792,-2.932806968688965,9.725138664245605,6.371305465698242,-13.001667976379395,-24.83570098876953,15.43012809753418,32.38725280761719,-39.70499801635742,-10.078951835632324,25.018634796142578,1.421203851699829
0.05000000260770321,3,-5135.779296875,-1678.2314453125,2079.809326171875,4112.8720703125,-1505.599609375,711.0048828125,2378.1025390625,2835.08984375,6283.94921875,-42196.68359375,-95859.4453125,-50677.01171875,15.235321044921875,-141.45269775390625,134.579345703125,-2092.470703125,-1290.1650390625,-2097.55419921875,-1004.7177734375,683.865234375,-1820.427001953125,0.0,0.0,-3212.62890625,17797.60546875,7209.7998046875,-34484.50390625,30345.609375,-9893.5712890625,0.0,0.0,-1230.01513671875,346.908203125,-488.6689453125,-2304.02294921875,491.3056640625,923.0032958984375,-10557.5654296875,22331.94921875,2.762166976928711,-12.348567008972168,-1.821623682975769,16.728330612182617,3.046952962875366,3.1246869564056396,-5.803330421447754,4.378806114196777,-15.120235443115234,1.7026867866516113,19.650203704833984,2.0420291423797607,10.470707893371582,1.3616938591003418,-0.9973291158676147,18.83229637145996,0.8296747207641602,-6.344358444213867,-25.550321578979492,-1.9125118255615234,24.234350204467773,-14.64688491821289,21.477222442626953,12.731120109558105,-10.104270935058594
0.058333336375653744,4,7823.7333984375,-30739.1171875,8934.8662109375,3060.88525390625,5900.26171875,-4696.9091796875,2039.724609375,-14388.02734375,-7880.1015625,-62378.9375,63443.39453125,-69495.890625,802.9959716796875,226.2835693359375,930.7402954101562,950.171875,-174.3740234375,-11379.03515625,722.5361328125,436.384765625,-4217.333984375,0.0,0.0,-9262.5869140625,-11595.236328125,10405.5166015625,-2394.226318359375,13849.37109375,-2265.4453125,0.0,0.0,-1531.7679443359375,-7745.53125,2626.83154296875,-1128.6602783203125,-4546.88720703125,1102.215576171875,3128.796630859375,9055.8935546875,3.3572654724121094,-10.689821243286133,-1.6012133359909058,9.836216926574707,2.598036766052246,2.8944551944732666,-5.2296600341796875,5.4983439445495605,-13.45887279510498,2.5998387336730957,13.442755699157715,0.9502546787261963,9.39963436126709,1.6156221628189087,3.946868658065796,-10.72535228729248,3.4321327209472656,-0.7424947619438171,2.6245288848876953,-6.583745002746582,-2.5417308807373047,-1.9591766595840454,16.40604591369629,2.6801764965057373,10.411465644836426
0.06666667014360428,5,2109.759765625,-4050.640625,1379.9482421875,389.974609375,2578.0693359375,-417.0234375,6181.4990234375,-5320.271484375,-1123.746826171875,-90894.9375,79127.3515625,-40575.171875,-5.87548828125,-228.1259765625,-14.947044372558594,1598.9013671875,-1692.7216796875,-3454.0439453125,-1518.01611328125,1151.5126953125,-3486.331298828125,0.0,0.0,-6127.61328125,-10312.533203125,4517.17431640625,-5297.8720703125,10403.998046875,-4239.7333984375,0.0,0.0,100.022705078125,-229.4072265625,-239.732177734375,-790.5968017578125,398.02392578125,488.802978515625,1669.06591796875,6525.8798828125,4.486410617828369,-7.993891716003418,-3.835886001586914,-1.1209321022033691,1.0630983114242554,-3.3919968605041504,-2.508335590362549,2.5594253540039062,-17.31920051574707,-1.3073512315750122,17.400001525878906,0.6890062093734741,4.684518814086914,1.9778326749801636,8.27204418182373,-12.428217887878418,-1.5686568021774292,-3.3142964839935303,1.4478821754455566,-1.1990008354187012,0.5316463112831116,1.0933400392532349,16.72504997253418,3.608860731124878,11.543124198913574
0.07500000391155481,6,-1078.3203125,6423.7861328125,9708.453125,-3224.168212890625,6921.9326171875,3342.47509765625,9613.3701171875,-3810.275390625,-5794.69189453125,-78491.6328125,54932.765625,-14650.919921875,392.9534912109375,-855.5255126953125,347.6943054199219,11052.1455078125,-3002.1689453125,-6889.3095703125,-4243.3984375,-6361.6611328125,3600.690185546875,0.0,0.0,-1606.058349609375,-8927.0634765625,-2517.0390625,-8818.23828125,15112.8955078125,-11911.1787109375,0.0,0.0,-1165.3773193359375,-2762.780029296875,3340.6572265625,-659.3052978515625,-2601.30078125,1676.44970703125,6407.833984375,12173.548828125,3.4670205116271973,-6.220381736755371,-3.9444150924682617,-3.84370493888855,0.9967660903930664,-3.282698392868042,-2.3991212844848633,1.3911683559417725,-15.932683944702148,-1.3459241390228271,18.458019256591797,0.4033501446247101,4.431947708129883,1.9381202459335327,7.650926113128662,-8.909631729125977,-3.616683006286621,-3.3627419471740723,0.36620667576789856,1.4728227853775024,3.653444290161133,-0.05410328507423401,18.01889991760254,3.2335715293884277,10.324758529663086
0.08333333767950535,7,-624.3759765625,-2751.9443359375,2483.9248046875,237.34765625,1898.197021484375,-424.9462890625,9859.3525390625,-5708.07421875,-2110.0,-66021.03125,34372.9609375,-10111.78515625,-49.4671630859375,-146.51654052734375,100.8486328125,4963.603515625,-2542.9228515625,-1645.9599609375,1004.1552734375,154.7081298828125,-1244.056396484375,0.0,0.0,-1952.495361328125,-7122.5478515625,-2969.67578125,-11842.7265625,18681.021484375,-5161.81689453125,0.0,0.0,402.2984619140625,-380.70849609375,-97.7279052734375,-30.363235473632812,378.0908203125,207.15380859375,2310.59619140625,2072.81640625,1.30513334274292,-3.0340282917022705,-1.6506991386413574,-6.76214599609375,-0.3670440912246704,-4.94321346282959,0.5560111403465271,0.837815523147583,-13.777190208435059,-3.2366480827331543,21.024808883666992,-0.0978238433599472,1.6918818950653076,2.9800288677215576,5.018304824829102,-4.9108476638793945,-4.08913516998291,-2.836158037185669,-1.1024482250213623,1.7783846855163574,6.2328596115112305,-2.975581407546997,10.974794387817383,6.25106143951416,17.780384063720703
0.09166667144745588,8,-13894.0078125,9808.185546875,5007.05078125,-1717.2449951171875,4031.35107421875,5459.7646484375,8712.3173828125,4551.140625,-923.43896484375,-56865.453125,46467.953125,31797.6640625,325.6300048828125,-606.9585571289062,40.79792785644531,3569.87939453125,172.255859375,1468.6044921875,538.8326416015625,-2521.4677734375,6455.6005859375,0.0,0.0,1562.26220703125,-5849.3984375,-15639.8369140625,-18697.6875,21251.65625,-23673.73046875,0.0,0.0,-1010.915771484375,2830.595703125,3478.173828125,426.0525207519531,-2164.79931640625,820.433349609375,1720.0087890625,1422.376953125,0.985704779624939,-2.2421884536743164,-1.791926622390747,-6.058655738830566,-0.12180182337760925,-4.8085174560546875,0.494067907333374,0.5019031167030334,-12.378257751464844,-3.2330117225646973,20.03924560546875,-0.26476210355758667,1.6052724123001099,2.7560875415802,6.390014171600342,-6.052796363830566,-9.269225120544434,-3.377161979675293,-2.4244120121002197,6.418621063232422,10.838274002075195,-1.6169869899749756,19.62990379333496,5.343419075012207,17.875633239746094
0.10000000521540642,9,-4978.5341796875,-2823.194091796875,1437.7294921875,579.3245239257812,1471.034423828125,99.364501953125,8210.11328125,-2565.9521484375,887.900390625,-43184.7421875,24885.078125,21879.9609375,-52.60400390625,-86.45806884765625,150.2987060546875,3208.66943359375,-1318.51904296875,-913.3447265625,3585.458251953125,-1154.63232421875,-116.2958984375,0.0,0.0,1803.8516845703125,-2985.43505859375,-10406.896484375,-17437.482421875,25590.53125,-15929.068359375,0.0,0.0,-25.49462890625,-60.035400390625,13.9619140625,497.8665771484375,203.21978759765625,176.508056640625,2701.9580078125,-3273.712890625,-0.2810039222240448,-0.6802732944488525,1.234118938446045,-3.2833476066589355,-0.8998174071311951,-2.0896542072296143,3.227071523666382,0.4992501735687256,-7.635245323181152,-3.9638142585754395,17.663272857666016,-0.3358660042285919,-0.4240835905075073,3.0506954193115234,3.6574418544769287,-2.1543099880218506,-6.92333984375,-3.3239567279815674,-4.551144599914551,1.7146673202514648,9.324518203735352,-5.102392196655273,11.563302040100098,4.129317283630371,20.301525115966797
0.10833333898335695,10,-10360.0205078125,2038.3853759765625,3293.052734375,-1099.9093017578125,1299.47607421875,3415.67578125,6561.82958984375,9888.814453125,6030.88720703125,-27299.11328125,31606.427734375,24669.0703125,-91.0670166015625,-476.9646911621094,-85.98413848876953,1018.355224609375,4122.20068359375,4895.53271484375,2043.96484375,-2213.4580078125,6951.0546875,0.0,0.0,4247.10693359375,-335.4716796875,-14348.6884765625,-18953.986328125,23813.400390625,-23561.6796875,0.0,0.0,67.1766357421875,2224.658203125,1422.988037109375,486.175048828125,-1637.7950439453125,-380.695556640625,-749.19921875,-4182.232421875,-0.009816475212574005,-0.3981936275959015,1.101476788520813,-0.8959701657295227,-0.8437781929969788,-1.9494976997375488,2.986818313598633,0.5812757015228271,-7.122749328613281,-3.8541359901428223,18.787717819213867,-0.274357408285141,-0.31117355823516846,2.895902156829834,3.2823359966278076,-1.7757439613342285,-5.6318206787109375,-2.5992136001586914,-4.121020793914795,0.06217682361602783,8.717080116271973,-3.879178047180176,11.876070976257324,3.9537792205810547,18.262332916259766
0.11666667275130749,11,-6215.06298828125,-4307.3291015625,826.998046875,-426.8619384765625,1493.4332275390625,443.02783203125,4491.0849609375,233.005615234375,4661.962890625,-6172.32080078125,21149.689453125,-18461.623046875,-30.369140625,-116.39373779296875,120.1146469116211,1123.946044921875,-59.210357666015625,-1327.2720947265625,4834.5,-2894.351806640625,1425.8447265625,0.0,0.0,2888.45556640625,-4976.3642578125,-5640.48388671875,-13309.65625,22328.6015625,-11492.5654296875,0.0,0.0,-134.80780029296875,-42.27365493774414,103.16015625,629.7904052734375,-144.2755126953125,-36.698486328125,2110.777099609375,-4707.40234375,-0.321372926235199,-0.4598061442375183,2.64129638671875,3.5579044818878174,-0.6027795076370239,0.03140290081501007,3.812673568725586,1.5162373781204224,-1.3575549125671387,-2.90733003616333,15.778752326965332,-0.4305651783943176,-1.4842641353607178,2.366952419281006,-0.42262014746665955,0.08539430797100067,1.8595352172851562,-1.2973461151123047,0.06117162108421326,-7.002758502960205,3.5222253799438477,-2.4064717292785645,0.9233570098876953,1.3564205169677734,17.240894317626953
0.12500000651925802,12,-4197.2626953125,1994.36181640625,-67.1875,-505.00982666015625,3576.47216796875,767.11181640625,2184.070556640625,5016.25634765625,5998.0009765625,-7265.1904296875,30144.130859375,-22513.8203125,-94.6898193359375,56.73382568359375,-211.64463806152344,5572.9404296875,3800.345703125,480.03533935546875,6146.111328125,-4340.248046875,2484.7666015625,0.0,0.0,4075.64794921875,-6340.8095703125,-3170.85546875,-10452.001953125,17720.17578125,-9693.701171875,0.0,0.0,-748.8682861328125,-2025.925537109375,-1764.2265625,328.11383056640625,-864.3963623046875,-1067.1492919921875,1578.195556640625,-7291.50390625,-0.20365974307060242,-0.17767326533794403,2.8552136421203613,3.9091601371765137,-0.6485924124717712,0.03380816429853439,3.6389949321746826,1.0836608409881592,-0.0747746080160141,-2.3394856452941895,15.422479629516602,-0.40705329179763794,-1.4861525297164917,2.2005414962768555,-0.3197394013404846,-0.8643501400947571,2.5443129539489746,-1.3988600969314575,2.0258700847625732,-8.268205642700195,1.036580204963684,0.39607948064804077,-1.706616759300232,1.5403751134872437,15.458993911743164
0.13333334028720856,13,-5165.5087890625,-1515.5625,1878.10546875,-1306.631591796875,58.6962890625,-393.20361328125,999.83984375,-2315.37353515625,4516.91064453125,-4035.35888671875,24045.02734375,-26935.32421875,38.4923095703125,-14.447509765625,96.01126098632812,1644.892578125,-495.243896484375,-149.90277099609375,4927.896484375,-4726.0859375,606.5625,0.0,0.0,3264.382568359375,-8076.50634765625,-1838.0458984375,-8007.732421875,14516.75390625,-7918.9169921875,0.0,0.0,261.0313720703125,-242.65869140625,-41.993408203125,622.3604125976562,-38.441650390625,-69.781982421875,1486.4169921875,-4980.3701171875,0.299811452627182,1.7503058910369873,3.261270046234131,3.8029394149780273,-1.4290581941604614,-1.388442873954773,1.9752497673034668,1.6081655025482178,3.8904292583465576,-1.5113286972045898,13.109869956970215,-0.678128719329834,-2.0166335105895996,1.2082099914550781,-0.7751171588897705,0.27804794907569885,3.080740451812744,-0.7042795419692993,3.3201475143432617,-8.70771312713623,-1.1012516021728516,2.9389302730560303,-3.036923885345459,1.5312459468841553,12.372820854187012
0.1416666740551591,14,-9960.54296875,-1429.9130859375,-5589.64208984375,-1125.22021484375,-1870.245361328125,457.7509765625,780.2529296875,1141.77685546875,7377.88134765625,-7540.50146484375,24369.20703125,-31781.685546875,51.374267578125,-40.9034423828125,-293.0083312988281,-3093.170166015625,2620.182373046875,3721.16064453125,7395.623046875,-4773.3076171875,-926.9462890625,0.0,0.0,4910.70703125,-7641.1318359375,3538.6474609375,-4465.06591796875,12176.318359375,-6174.048828125,0.0,0.0,27.623779296875,-2571.579345703125,-1471.44384765625,978.2982177734375,-1251.57568359375,-1552.35693359375,-767.07861328125,-8900.4296875,0.21124431490898132,1.7012569904327393,2.8914003372192383,3.502187728881836,-1.2780400514602661,-1.2792657613754272,1.77151358127594,-0.015584379434585571,4.093249797821045,-1.0701234340667725,11.357061386108398,-0.5839107036590576,-1.8827674388885498,1.1410236358642578,-0.8800066709518433,0.6886864900588989,2.9523229598999023,-0.7086445689201355,2.959885358810425,-8.269545555114746,-3.3375513553619385,2.3969905376434326,-4.44535493850708,1.467150330543518,11.199670791625977
0.15000000782310963,15,-5391.4033203125,-1667.7939453125,-993.130859375,-881.61083984375,-1020.4469604492188,1079.133056640625,2241.970458984375,-1790.3828125,3477.4208984375,5486.416015625,23747.681640625,-35130.7265625,100.38092041015625,30.91912841796875,89.01806640625,3.0994873046875,1534.7548828125,-1737.283203125,5090.61572265625,-1924.35009765625,-729.7548828125,0.0,0.0,2249.192138671875,-8445.279296875,1580.28271484375,-3856.0986328125,12077.3212890625,-2766.34814453125,0.0,0.0,467.7518310546875,-120.614501953125,177.93890380859375,643.372314453125,-80.752685546875,-238.9482421875,1227.6053466796875,-6472.8046875,0.11696386337280273,1.1089234352111816,2.3531928062438965,4.804662704467773,-1.5695945024490356,-3.126666307449341,0.3121579885482788,-0.7022503614425659,5.396603584289551,1.11842679977417,8.134529113769531,-0.3336298167705536,-2.6714088916778564,-0.016485879197716713,-2.8734166622161865,0.7796207666397095,3.3445756435394287,1.4203259944915771,3.4291205406188965,-6.0688323974609375,-3.781344413757324,2.316589832305908,-6.832760334014893,-0.23197802901268005,8.340863227844238
0.15833334159106016,16,-4088.75146484375,-2820.0068359375,-3433.516845703125,43.379638671875,-1905.26708984375,747.84912109375,-681.7962646484375,-886.0498046875,4735.53662109375,3075.234375,11674.892578125,-57114.53125,-79.85345458984375,-185.49560546875,-102.09783935546875,1125.7672119140625,2750.48046875,-1472.91015625,2847.643798828125,-2178.50244140625,-2555.56640625,0.0,0.0,2961.466796875,-9337.927734375,8423.6318359375,1979.970703125,11649.388671875,2652.43017578125,0.0,0.0,647.8392333984375,-1859.013671875,-817.3641357421875,951.4074096679688,-2043.9619140625,-2007.8040771484375,-918.308837890625,-10307.7919921875,0.34003591537475586,0.6964012384414673,2.6089890003204346,4.775562763214111,-1.4588332176208496,-2.7942545413970947,0.4116709232330322,-0.13168884813785553,5.630831718444824,1.328421711921692,6.302463054656982,-0.27791276574134827,-2.5594451427459717,-0.06399732083082199,-2.77353835105896,2.2344419956207275,5.589619159698486,1.0685641765594482,2.8893418312072754,-6.263527870178223,-7.403710842132568,0.943834662437439,-9.154303550720215,0.019292954355478287,7.1920084953308105
0.1666666753590107,17,-3921.484375,-1122.72265625,-70.996826171875,-1274.9920654296875,-473.291259765625,467.99609375,-1662.068603515625,-1870.5087890625,2508.980224609375,7782.2041015625,8453.6572265625,-58352.953125,87.40231323242188,32.9029541015625,19.18682861328125,188.77749633789062,1128.142578125,-1480.38720703125,3886.1884765625,-1791.46435546875,-581.2939453125,0.0,0.0,865.99560546875,-8332.7353515625,5919.1181640625,1981.42919921875,12461.306640625,3052.74169921875,0.0,0.0,663.7454833984375,-242.16259765625,35.006866455078125,876.9965209960938,23.58642578125,-225.3680419921875,588.4722900390625,-7596.4609375,1.0587736368179321,-0.14114195108413696,2.5631825923919678,4.478768825531006,-1.4012365341186523,-3.85650372505188,-0.3025261461734772,0.5761469602584839,5.7639265060424805,2.3754773139953613,3.341738224029541,-0.27243444323539734,-4.021113872528076,-1.4879491329193115,-3.26684832572937,2.6136951446533203,5.401256084442139,2.629455327987671,1.9049038887023926,-3.793846368789673,-7.156637668609619,0.2899211347103119,-8.615618705749512,-1.180939793586731,4.412957668304443
0.17500000912696123,18,-5419.88720703125,-1692.037353515625,-338.8983459472656,555.7825927734375,-2640.177490234375,175.34033203125,-3035.23291015625,1368.54296875,1790.0185546875,10191.1552734375,1169.359375,-69320.6875,-0.004150390625,4.7152099609375,-80.51080322265625,2596.065673828125,3306.84228515625,-790.468505859375,746.420166015625,-3070.827392578125,-3074.772705078125,0.0,0.0,0.069580078125,-7210.63720703125,12735.841796875,4940.3125,12376.037109375,4854.07177734375,0.0,0.0,625.0925903320312,-1164.885009765625,-1124.1915283203125,1009.8955688476562,-1689.41552734375,-1831.722900390625,-2063.709228515625,-12882.4130859375,0.9317373037338257,-0.17165477573871613,2.5832135677337646,3.0193896293640137,-1.3138314485549927,-3.5444326400756836,-0.21620215475559235,0.5078972578048706,5.754398822784424,2.404629707336426,1.3428056240081787,-0.19955116510391235,-3.728043556213379,-1.429766297340393,-3.381497383117676,3.640888214111328,5.263669490814209,2.91467547416687,0.4687841236591339,-3.1834425926208496,-7.167407035827637,-0.9068673253059387,-8.49274730682373,-0.9243474006652832,3.3754234313964844
0.18333334289491177,19,-3605.541015625,-1470.6201171875,-279.12103271484375,-448.955322265625,-456.079345703125,559.279052734375,-2861.541259765625,-550.955078125,1842.438720703125,6511.251953125,5862.427734375,-62723.46875,78.2515869140625,47.77691650390625,0.14898681640625,611.899169921875,630.93115234375,-1041.759765625,2985.8583984375,-2172.570556640625,-286.170166015625,0.0,0.0,-1711.8037109375,-6037.2451171875,6964.6884765625,1566.52587890625,9787.5009765625,3047.279541015625,0.0,0.0,790.2482299804688,-228.0625,-23.6781005859375,1018.0908813476562,-18.16064453125,-250.296630859375,370.808349609375,-7477.92578125,1.437536597251892,-1.3441027402877808,2.170578718185425,2.780305862426758,-1.3950912952423096,-3.9992849826812744,-1.0820469856262207,0.5489014983177185,6.3841986656188965,2.1140193939208984,-2.088853359222412,-0.2701455056667328,-4.781560897827148,-2.58013653755188,-2.4487080574035645,2.6141374111175537,3.778672218322754,4.074870586395264,-0.5280293226242065,1.7226613759994507,-4.088887691497803,1.337855339050293,-6.20428466796875,-2.810157537460327,-1.3028651475906372
0.1916666766628623,20,-8005.658203125,-1690.12451171875,-2615.865966796875,-832.888671875,-1902.651123046875,-1485.72216796875,-2451.9482421875,6023.447265625,377.4697265625,8737.732421875,3272.9501953125,-65242.93359375,6.2285614013671875,405.11761474609375,-6.96331787109375,868.2039794921875,4978.7080078125,588.454833984375,717.654296875,-2131.95458984375,-3459.42724609375,0.0,0.0,-1460.64697265625,-1649.660888671875,9100.4130859375,2499.164794921875,7005.39453125,1454.441650390625,0.0,0.0,1403.51220703125,-403.30029296875,-1479.5478515625,441.093017578125,-1073.48828125,-2074.59619140625,-2405.6083984375,-9169.1611328125,1.3830815553665161,-1.2567347288131714,2.1765408515930176,1.1264022588729858,-1.2799586057662964,-3.6728262901306152,-0.9490293264389038,0.12654675543308258,6.426682949066162,2.2492263317108154,-4.120406150817871,-0.2640727460384369,-4.426385402679443,-2.3917698860168457,-1.8743263483047485,2.8491692543029785,2.5822880268096924,3.9138810634613037,-2.288062810897827,3.277125597000122,-2.5991971492767334,1.912087082862854,-4.170025825500488,-2.526146173477173,-2.6794188022613525
0.20000001043081284,21,-3769.732421875,-2274.600341796875,-1361.977294921875,506.44366455078125,-561.661376953125,805.2178955078125,-1060.488525390625,1694.4814453125,1301.914794921875,8402.228515625,13289.064453125,-56178.2265625,94.59422302246094,61.529083251953125,34.9176025390625,1047.38134765625,1128.41796875,-1442.19677734375,1953.107421875,-1838.71826171875,-5.4827880859375,0.0,0.0,-1369.14453125,-2666.29541015625,5038.34912109375,957.0723266601562,1871.7861328125,1081.036865234375,0.0,0.0,850.1268920898438,-50.68310546875,25.001220703125,1168.252197265625,-189.8935546875,-421.491455078125,44.19677734375,-3939.828125,0.5735852718353271,-1.8842164278030396,0.7942728996276855,1.8384336233139038,-0.796104907989502,-3.6519839763641357,-2.084402561187744,-0.44458526372909546,8.327163696289062,1.542837381362915,-6.914793968200684,-0.9102855324745178,-4.785647869110107,-3.52807879447937,-1.6357324123382568,1.0414791107177734,0.9145432710647583,3.5700132846832275,-1.354163646697998,6.29725456237793,-1.2167534828186035,5.9422101974487305,-3.498227596282959,-4.285955429077148,-6.720466613769531
0.20833334419876337,22,-4751.4326171875,350.888916015625,-3999.461181640625,-1287.3409423828125,-1432.902099609375,-1121.78125,-2775.588134765625,6219.7451171875,-889.802490234375,25278.470703125,8753.73828125,-66129.375,-20.431236267089844,312.76312255859375,-32.2470703125,3578.498046875,4831.2900390625,-1110.500244140625,-22.95947265625,-376.472412109375,-4588.6904296875,0.0,0.0,-317.154052734375,-822.67578125,4471.109375,2888.54833984375,-1441.7451171875,1003.273193359375,0.0,0.0,1724.397705078125,250.336669921875,-464.67041015625,373.45428466796875,437.23193359375,-1742.89794921875,-188.89013671875,-3514.0849609375,0.7479696869850159,-1.8956154584884644,1.1042380332946777,0.6694415211677551,-0.7158467769622803,-3.314788579940796,-1.8627783060073853,-0.052764520049095154,8.435556411743164,1.5189889669418335,-8.240959167480469,-0.8873547315597534,-4.488427639007568,-3.270249128341675,-1.6443207263946533,1.2366396188735962,1.135822057723999,3.4014370441436768,-1.65506911277771,6.169944763183594,-1.077630639076233,6.011960983276367,-3.2514052391052246,-3.8808281421661377,-7.4967942237854
0.2166666779667139,23,-3175.248046875,-1897.323486328125,-1007.62841796875,125.39449310302734,-859.86669921875,12.39434814453125,-746.1622314453125,1879.2734375,230.951904296875,29411.916015625,6456.5498046875,-62303.43359375,124.0869140625,79.699951171875,20.5758056640625,1965.164794921875,1213.6845703125,-1382.15185546875,235.521728515625,-1368.889404296875,266.6005859375,0.0,0.0,-314.340576171875,-574.7552490234375,3238.50390625,2852.974853515625,-2762.3642578125,2053.51220703125,0.0,0.0,782.09130859375,11.1796875,117.029296875,1169.416015625,-186.3154296875,-503.099609375,-312.984375,-1106.873046875,-0.06876984238624573,-2.0599517822265625,0.43658873438835144,1.8504177331924438,0.04352337494492531,-2.854982614517212,-2.1884241104125977,-0.976105272769928,10.176924705505371,0.778165340423584,-10.08312702178955,-1.5341105461120605,-3.6265170574188232,-3.998751640319824,-2.182089328765869,1.5421514511108398,0.4449229836463928,3.1847167015075684,-1.7735836505889893,6.648281097412109,-1.0413196086883545,6.604940891265869,-3.836544990539551,-3.4569525718688965,-8.8523588180542
0.22500001173466444,24,-2733.595703125,-1921.751953125,-5574.97314453125,-1693.704345703125,-1634.09326171875,-1088.19287109375,-3095.6064453125,5319.513671875,-2125.32568359375,48071.0703125,2873.193359375,-68561.1171875,-66.72108459472656,276.0808410644531,205.28826904296875,4154.2314453125,2714.9638671875,-3114.33154296875,734.251953125,-134.897216796875,-4281.11669921875,0.0,0.0,-185.14697265625,1076.05126953125,1399.44580078125,3994.458984375,-5531.404296875,2038.076904296875,0.0,0.0,911.8215942382812,1118.1717529296875,-1083.80859375,875.1006469726562,767.00341796875,-1521.4462890625,249.67578125,-2736.5537109375,-0.007281052879989147,-2.182471990585327,0.5914375185966492,1.4178156852722168,0.05489829182624817,-2.597784996032715,-1.9934484958648682,-0.7811927199363708,9.878944396972656,0.6951251029968262,-10.852638244628906,-1.4479210376739502,-3.401130437850952,-3.663945436477661,-2.53627610206604,1.4715580940246582,1.0008591413497925,3.198254108428955,-2.0148818492889404,6.501007080078125,-1.1340692043304443,6.259466648101807,-2.8691353797912598,-3.1997692584991455,-8.711119651794434
0.23333334550261497,25,-2215.12109375,-1651.567626953125,-854.96875,-263.7579345703125,-828.65478515625,-466.6690368652344,8.298828125,2064.591796875,-778.4310302734375,52213.16015625,6485.22216796875,-64501.33203125,101.39498138427734,57.15849304199219,4.364715576171875,2580.206787109375,546.986328125,-1304.7891845703125,-681.267822265625,-307.4991455078125,3.5380859375,0.0,0.0,115.43994140625,351.13134765625,2167.2333984375,3930.14013671875,-7513.6826171875,1734.3150634765625,0.0,0.0,748.294677734375,-19.5673828125,111.625244140625,1118.4808349609375,-138.479248046875,-585.07568359375,-381.771728515625,-33.8359375,-0.7887720465660095,-2.440948009490967,0.2501894235610962,2.6197564601898193,0.12969164550304413,-1.4727047681808472,-2.7999725341796875,-2.2665772438049316,10.927057266235352,-0.05820484459400177,-12.65391731262207,-1.5999270677566528,-2.400822401046753,-4.11030387878418,-3.018613815307617,0.79674232006073,0.2921319007873535,2.7451560497283936,-1.2994803190231323,5.32744836807251,-1.0415074825286865,7.376094818115234,-2.3902831077575684,-2.426619291305542,-10.193483352661133
0.2416666792705655,26,-1245.8271484375,-2396.331298828125,-5919.7802734375,-967.0191650390625,1706.0478515625,-1579.310546875,-1775.583251953125,1392.177734375,-3331.981201171875,67644.265625,5330.26953125,-58026.5625,-273.34124755859375,218.00088500976562,152.2461395263672,918.85888671875,2507.826171875,-3692.7470703125,491.6224365234375,-644.7923583984375,-4392.02685546875,0.0,0.0,-1551.7728271484375,2114.681884765625,1223.61767578125,4198.75634765625,-10827.970703125,3246.325927734375,0.0,0.0,399.08294677734375,1553.66845703125,-788.6083984375,912.4676513671875,1187.73974609375,-528.07763671875,1191.10986328125,-2249.2822265625,-0.7315751314163208,-2.5416667461395264,0.4702233374118805,2.4827396869659424,0.10621222853660583,-1.3313237428665161,-2.537656784057617,-2.2701215744018555,10.594738960266113,0.0076028406620025635,-13.691278457641602,-1.5215985774993896,-2.233335494995117,-3.765787363052368,-3.594823122024536,0.5922674536705017,0.5425331592559814,2.7091290950775146,-1.3819712400436401,5.190332889556885,-0.7537230253219604,7.250316143035889,-2.5611648559570312,-2.2829091548919678,-9.573829650878906
0.25000001303851604,27,-1935.341796875,-1395.099853515625,-800.7509765625,-240.8502197265625,-423.82470703125,-615.5933837890625,470.86767578125,732.6484375,-1358.972900390625,64671.51171875,6611.6953125,-49151.76171875,62.01800537109375,88.89462280273438,-44.95425796508789,2584.689208984375,397.7119140625,-1413.1417236328125,-809.6699829101562,427.37939453125,-548.064453125,0.0,0.0,-660.7091064453125,1640.8233642578125,146.96142578125,4746.42578125,-13038.2763671875,1197.201904296875,0.0,0.0,675.6553955078125,19.171842575073242,-19.989990234375,958.27392578125,-135.8306884765625,-538.742919921875,-281.281005859375,1987.3134765625,-1.0717579126358032,-1.1829642057418823,-0.04052899777889252,0.9726715683937073,-0.17214442789554596,0.013027925044298172,-2.9533936977386475,-3.205338478088379,10.144371032714844,-0.9765957593917847,-14.667704582214355,-1.4889583587646484,-0.9912111759185791,-3.4412779808044434,-2.8477895259857178,0.36762717366218567,-0.880091667175293,1.8221067190170288,-0.9332246780395508,5.622828960418701,-1.1712461709976196,8.450236320495605,-0.7277071475982666,-0.9043142795562744,-12.225934982299805
0.2583333468064666,28,-718.08642578125,-3606.474853515625,-5508.4443359375,-832.218994140625,1054.5174560546875,-1829.8779296875,618.1650390625,-4474.345703125,-1136.853271484375,72917.1484375,4980.171875,-45616.7109375,-199.450927734375,141.01992797851562,59.84517288208008,3469.083984375,239.458984375,-2357.1142578125,-1665.7357177734375,-1294.8984375,-5674.7822265625,0.0,0.0,-3174.833251953125,4681.140625,-319.45458984375,5243.7763671875,-14240.8125,2953.25732421875,0.0,0.0,423.22344970703125,207.96783447265625,-476.58056640625,814.0508422851562,1101.2950439453125,1039.7705078125,214.91888427734375,1484.8408203125,-0.9207110404968262,-1.2189364433288574,0.2000625729560852,0.8694882392883301,-0.19283948838710785,0.08031681180000305,-2.6948986053466797,-2.8312160968780518,9.388117790222168,-0.8679097294807434,-15.038139343261719,-1.4230245351791382,-0.8742783665657043,-3.1450722217559814,-3.5631906986236572,0.34153735637664795,0.5682950615882874,2.3210110664367676,-1.3394615650177002,5.071188926696777,-0.6038817167282104,7.230515956878662,-1.1601555347442627,-0.8716459274291992,-11.667774200439453
0.2666666805744171,29,-377.18310546875,-2279.9658203125,2.146484375,-287.201904296875,153.18316650390625,-1386.97900390625,940.765380859375,-1329.4150390625,-1152.93505859375,67499.3671875,9780.5146484375,-34031.39453125,31.2769775390625,81.06243896484375,-90.70758819580078,2280.67822265625,31.7138671875,-1265.20654296875,-975.163330078125,105.677734375,-1209.78125,0.0,0.0,-2710.548828125,4506.5029296875,-844.3154296875,3861.052490234375,-14851.681640625,-1994.1611328125,0.0,0.0,671.1732788085938,-93.83920288085938,-146.598388671875,616.6630249023438,-200.6234130859375,-492.4100341796875,-280.18023681640625,4062.4814453125,-1.1454092264175415,-0.6406720280647278,-0.018565021455287933,-0.7322925925254822,-0.41893890500068665,0.32318314909935,-2.7411136627197266,-2.712555408477783,6.9411420822143555,-0.7344768047332764,-14.265467643737793,-1.172520637512207,0.23955458402633667,-1.6483722925186157,-2.3830885887145996,-0.45332956314086914,-1.3493355512619019,1.789485216140747,-1.1259164810180664,5.076042652130127,0.5770356059074402,7.1388983726501465,2.9886741638183594,-0.41300198435783386,-12.830726623535156
0.27500001434236765,30,359.88330078125,-5396.44580078125,-676.5361328125,82.59765625,-2314.597412109375,-705.3790283203125,924.760986328125,-4113.54052734375,-1674.120361328125,65883.609375,4320.33740234375,-21131.73828125,84.29486083984375,66.81112670898438,105.77064514160156,-332.7779541015625,32.4306640625,-2935.540771484375,1159.6226806640625,-2238.605712890625,-4826.7421875,0.0,0.0,-5014.8955078125,9108.80859375,-2566.239990234375,3509.736083984375,-13903.228515625,-2655.5263671875,0.0,0.0,563.1677856445312,372.5844421386719,-469.699462890625,275.1114501953125,1715.7449951171875,940.5739135742188,677.5494384765625,4379.685546875,-1.1326017379760742,-0.5732466578483582,-0.04904275760054588,-0.05546458065509796,-0.39545100927352905,0.3131362497806549,-2.5306472778320312,-2.145998239517212,6.15517520904541,-0.8649166226387024,-14.244500160217285,-0.9992607831954956,0.2509908974170685,-1.5136228799819946,-2.148622989654541,0.3288337290287018,-2.2185215950012207,1.7225379943847656,-2.38280987739563,4.810072898864746,1.2690820693969727,5.730169296264648,4.14306640625,-0.35204899311065674,-12.395541191101074
0.2833333481103182,31,443.76025390625,-1869.5765380859375,-10.0830078125,15.19873046875,164.642578125,-1107.1298828125,386.6298828125,-479.93017578125,-474.12548828125,59456.6953125,14590.3974609375,-17741.748046875,-0.414337158203125,36.13067626953125,-63.87559509277344,1571.766357421875,115.8291015625,-894.13623046875,-669.2801513671875,455.802734375,-2029.833984375,0.0,0.0,-4052.6474609375,8632.1123046875,-2246.48583984375,3565.89892578125,-13985.369140625,-4529.8642578125,0.0,0.0,596.25341796875,-93.311279296875,-134.531982421875,173.56549072265625,-215.372314453125,-444.5822448730469,-467.04376220703125,6091.3720703125,-1.018799901008606,-1.8631094694137573,0.19088029861450195,1.7230103015899658,-0.431591659784317,0.666947603225708,-2.594738245010376,-1.6524829864501953,3.71856689453125,-1.4174551963806152,-12.964410781860352,-0.8498128652572632,1.7843314409255981,-0.2742948532104492,-0.9445412158966064,-1.3967676162719727,-2.5875513553619385,0.8291718363761902,-1.7708604335784912,4.150524139404297,1.1704860925674438,5.378183841705322,5.309605121612549,0.5780066251754761,-12.806038856506348
0.2916666818782687,32,6734.94677734375,-5852.240234375,-1644.7236328125,-2610.739501953125,3861.51806640625,2269.33056640625,-5278.8623046875,-2813.671142578125,-372.139892578125,79266.4453125,57135.640625,-39296.9609375,-361.1161193847656,561.9130859375,343.056884765625,8.859725952148438,-1138.8876953125,-1062.140380859375,3009.74365234375,1348.320556640625,-3997.158203125,0.0,0.0,-7959.349609375,2226.064697265625,4356.5283203125,1242.1044921875,-17157.642578125,-8245.4296875,0.0,0.0,-620.2408447265625,-11356.3193359375,31.0908203125,-16186.07421875,25205.5859375,-2838.982177734375,1667.089111328125,6420.6787109375,-0.30871671438217163,-5.463165283203125,-0.9219925403594971,13.341997146606445,1.043907642364502,7.531676769256592,-4.684161186218262,-0.36692649126052856,2.2859129905700684,-1.4642518758773804,3.8140320777893066,5.196613311767578,-17.78917694091797,0.4734240174293518,-0.201284259557724,-5.214498996734619,-0.8815993666648865,1.5514849424362183,1.585582971572876,-0.6603408455848694,0.8494418263435364,10.500768661499023,4.080924034118652,0.7674790620803833,-8.647965431213379
0.30000001564621925,33,3434.462158203125,-1341.9638671875,1292.1640625,-1716.86083984375,-409.7646484375,-888.3255004882812,-4307.6318359375,6980.14208984375,1377.108154296875,66173.78125,62510.46484375,-50396.3671875,61.16693115234375,19.15997314453125,-58.70001220703125,1739.249267578125,318.37255859375,-514.518798828125,-707.20654296875,781.874755859375,-2363.9453125,0.0,0.0,-4462.6142578125,-2676.97705078125,9633.216796875,5170.19970703125,-14026.275390625,1028.642333984375,0.0,0.0,-268.4267578125,15.13232421875,182.3505859375,-7353.1328125,8977.09375,-2238.355224609375,-743.606689453125,-304.4560546875,-0.8342744708061218,-2.700005531311035,0.8768711686134338,9.80637264251709,0.7181693911552429,-2.2960493564605713,-4.464301109313965,-0.9472788572311401,-3.120528221130371,-2.2053260803222656,11.927151679992676,-2.3196027278900146,-2.688446044921875,-0.10284453630447388,1.9410454034805298,-5.766896724700928,0.9519170522689819,-1.3733210563659668,5.643863677978516,-5.017985820770264,-2.3854920864105225,7.157934665679932,-3.6736361980438232,2.6426873207092285,-2.4884743690490723
0.3083333494141698,34,2585.55712890625,8632.205078125,-8584.4072265625,-3556.417724609375,568.746826171875,-4450.78466796875,-3191.063232421875,-303.4211730957031,-4924.12744140625,50959.80859375,68607.7421875,-68632.75,178.8612060546875,-1000.8778076171875,-312.09722900390625,10622.224609375,-4345.63134765625,-268.98583984375,-13084.1103515625,-4196.50830078125,539.9609375,0.0,0.0,-5083.2431640625,-10580.6435546875,18656.3515625,9268.8076171875,-13825.4140625,9389.0126953125,0.0,0.0,-4033.513671875,7256.521484375,1303.94189453125,-4207.263671875,12394.1474609375,-2527.38232421875,2783.802734375,-5466.9951171875,-0.9076929092407227,-2.046355962753296,0.9151135683059692,10.942590713500977,2.0815868377685547,-9.201748847961426,-3.6567494869232178,-1.4112660884857178,0.14546538889408112,-0.9156844615936279,7.745486736297607,-1.3549798727035522,-5.5634894371032715,-0.17877894639968872,0.5539249181747437,-8.816163063049316,4.227941513061523,-0.38128072023391724,10.402909278869629,-10.014986991882324,-3.3178348541259766,7.705077171325684,-9.660884857177734,3.203908681869507,2.609083652496338
0.3166666831821203,35,155.490478515625,-721.449462890625,-340.6875,-147.1982421875,-409.621826171875,-1354.8922119140625,-1640.6708984375,199.35003662109375,-3691.312744140625,51388.859375,56975.78125,-41764.09765625,-85.67584228515625,51.469940185546875,-84.24775695800781,950.1396484375,-1994.79345703125,-1813.2890625,-1140.00732421875,-0.6650390625,-1238.2900390625,0.0,0.0,-2342.392822265625,-6025.63671875,13760.556640625,9264.6201171875,-12542.1630859375,1887.311767578125,0.0,0.0,-2574.19140625,3181.857666015625,-676.357421875,-4849.5732421875,11431.74609375,-1889.2890625,-1850.9853515625,-6718.4296875,-2.717459201812744,-1.4159196615219116,-0.7447487115859985,6.941889762878418,0.8057647943496704,-5.2118048667907715,-1.7622781991958618,-2.161200523376465,-0.1654534786939621,-1.4216779470443726,6.850539684295654,-0.8366672396659851,-4.322177886962891,-0.7040930986404419,0.431347131729126,-6.304092884063721,-0.4302835166454315,-2.575815439224243,5.936778545379639,-5.17114782333374,-3.103832960128784,6.076421737670898,-2.848459243774414,6.646265029907227,3.395327568054199
0.32500001695007086,36,4624.5068359375,2068.10546875,-1124.009765625,-3645.20849609375,-2499.6728515625,-4499.52197265625,-2238.614990234375,-2391.855224609375,-6554.8232421875,30830.884765625,47796.47265625,-52726.15625,-142.61953735351562,-195.4754638671875,-10.666351318359375,-9316.55078125,-3231.502197265625,1698.9725341796875,12087.478515625,2688.47509765625,-220.0654296875,0.0,0.0,1336.308349609375,-5777.54248046875,15410.5234375,12496.4248046875,-10828.66796875,5826.015625,0.0,0.0,-3979.141357421875,3610.65625,-245.06842041015625,-3289.262939453125,15985.90234375,-2127.85986328125,-1008.7294921875,-9423.822265625,-2.2300190925598145,-1.0583857297897339,-0.5699402689933777,7.1929097175598145,1.2593536376953125,-4.5101447105407715,-0.7597059011459351,-1.234925389289856,0.5858480334281921,-0.5862752795219421,4.615780353546143,-1.0895202159881592,-5.109584331512451,-1.3410671949386597,1.2531406879425049,-4.358689308166504,1.8329174518585205,-3.135885000228882,5.1188483238220215,-5.586119174957275,-3.621433734893799,3.7291319370269775,-5.651209831237793,6.365198612213135,4.089306831359863
0.3333333507180214,37,2545.11669921875,2533.695068359375,905.552734375,-2652.8173828125,-1722.589111328125,-1825.38330078125,-2613.513671875,-483.6956787109375,-5523.580078125,35694.73046875,43057.40625,-36447.046875,-116.26068115234375,150.45562744140625,-100.2901611328125,390.706298828125,933.85986328125,441.0936279296875,-174.77392578125,25.75341796875,-866.6650390625,0.0,0.0,546.134033203125,-2256.823486328125,12677.4404296875,10787.83984375,-10126.8583984375,1271.5115966796875,0.0,0.0,-4334.2783203125,2919.31103515625,-1259.374267578125,-5832.94775390625,15512.26953125,-1830.1405029296875,-2296.57421875,-7476.240234375,-2.641343116760254,-1.3791379928588867,-1.9406814575195312,5.674785614013672,1.507162094116211,-3.508697986602783,0.12579631805419922,-0.9449623227119446,-0.4903718829154968,-1.1227277517318726,4.221530437469482,1.035814881324768,-4.304887771606445,-1.4678804874420166,0.37265652418136597,-3.2233612537384033,-1.0239965915679932,-2.2719573974609375,1.8351342678070068,-2.9132192134857178,-1.9843624830245972,2.8496384620666504,-1.4955230951309204,6.904323101043701,2.171860694885254
0.3416666844859719,38,576.62109375,458.63525390625,5171.71875,1421.6806640625,-3149.7958984375,-1378.954833984375,-2173.939208984375,1924.463623046875,-6661.14453125,37000.640625,37546.83984375,-28612.12109375,-234.7586669921875,528.4983520507812,206.32510375976562,1764.1610107421875,-2725.820068359375,-927.9966430664062,-715.026611328125,-703.855224609375,3022.84814453125,0.0,0.0,785.4888916015625,-1660.4105224609375,12466.8134765625,8926.88671875,-7240.509765625,-1058.1767578125,0.0,0.0,-3331.321533203125,4736.5478515625,142.8202362060547,-4503.30078125,16051.2470703125,-2239.12890625,-1849.74072265625,-5882.16455078125,-3.272932529449463,-1.4034532308578491,-1.9168258905410767,4.245062351226807,0.5507408380508423,-3.6920595169067383,0.048522770404815674,-1.213552474975586,-0.817426323890686,-1.3278387784957886,3.4623684883117676,-0.11434727907180786,-2.9011385440826416,-1.3879560232162476,-0.04601755738258362,-2.809321641921997,-1.8565576076507568,-2.4445557594299316,0.9511097073554993,-2.134244680404663,-1.5967566967010498,2.235793352127075,-0.749798059463501,6.252943515777588,1.643751621246338
0.35000001825392246,39,202.6728515625,1694.65673828125,431.3583984375,337.4990234375,-945.15869140625,-1454.81982421875,-2161.91357421875,2521.9111328125,-6475.779296875,34226.99609375,34216.11328125,-24291.14453125,-110.26718139648438,86.44416809082031,-84.86221313476562,-784.2576904296875,67.605224609375,43.25909423828125,-405.527587890625,-147.87744140625,-429.232421875,0.0,0.0,812.3414306640625,969.57763671875,10286.349609375,9473.1865234375,-6295.54931640625,-1155.4920654296875,0.0,0.0,-2622.353759765625,3175.021484375,-893.2604370117188,-4980.001953125,16303.833984375,-3453.38916015625,-1969.9052734375,-5250.22021484375,-2.4840548038482666,-2.478188991546631,-1.6969735622406006,3.2424025535583496,-0.07949769496917725,-2.1153249740600586,0.8745784759521484,-1.1536608934402466,-1.0764942169189453,-1.3514353036880493,2.564004898071289,0.30788886547088623,-2.853412389755249,-0.2627160847187042,0.3536395728588104,-2.045300006866455,-2.4577412605285645,-2.2672579288482666,-1.2712430953979492,-0.15117067098617554,-1.906357765197754,1.2870900630950928,-0.594801127910614,5.843041896820068,0.9520139694213867
0.358333352021873,40,-2355.2265625,-2705.723876953125,-30.408203125,2883.195556640625,-417.5791015625,-92.809814453125,-1657.6470947265625,2270.578125,-4992.14208984375,35414.328125,27416.265625,-17145.98828125,-188.82681274414062,483.19110107421875,127.39193725585938,-2683.23046875,-843.458984375,196.77450561523438,510.3525390625,114.255126953125,1608.3507080078125,0.0,0.0,535.757568359375,1917.374755859375,6784.44873046875,7790.83251953125,-2786.363525390625,-3266.275634765625,0.0,0.0,-1916.703369140625,4139.18896484375,421.4903564453125,-4209.4677734375,15744.8857421875,-3306.87255859375,-2389.797607421875,-2824.900146484375,-2.488393545150757,-2.285128593444824,-1.6586719751358032,2.3959546089172363,-0.7386630773544312,-1.8761833906173706,0.6900681257247925,-1.1341294050216675,-0.932043194770813,-1.7553106546401978,1.9085865020751953,0.09754468500614166,-1.6180028915405273,-0.23306141793727875,0.19083790481090546,-1.1735063791275024,-3.1265785694122314,-1.9418528079986572,-2.285815954208374,0.9430573582649231,-1.4328171014785767,0.7629864811897278,0.6394646167755127,5.233438968658447,-0.060835957527160645
0.36666668578982353,41,-463.497314453125,1156.3095703125,-83.03173828125,1467.203857421875,-377.277587890625,-653.740478515625,-2570.71533203125,1750.9217529296875,-5184.234375,32316.501953125,22489.533203125,-19749.64453125,-81.38790893554688,53.896026611328125,-64.86956787109375,-1114.0499267578125,283.517578125,443.9507751464844,-235.166015625,-353.45458984375,-191.0130615234375,0.0,0.0,742.4002685546875,2838.909423828125,7663.34912109375,7886.4296875,-1913.6055908203125,-1979.6119384765625,0.0,0.0,-2421.035888671875,3155.92626953125,-560.35205078125,-3872.370849609375,15861.8154296875,-3145.049560546875,-1554.272216796875,-3098.87646484375,-1.5526628494262695,-2.102530002593994,-1.1973096132278442,1.5305185317993164,-0.27187058329582214,-0.9372889399528503,1.4271351099014282,-0.5653090476989746,-0.5542762279510498,-1.5236730575561523,0.949676513671875,-0.2064313441514969,-1.5606685876846313,-0.335003137588501,0.643059492111206,-0.2436521053314209,-2.4760208129882812,-1.9662737846374512,-2.8742780685424805,0.18725916743278503,-1.3841845989227295,-0.03182893991470337,-0.45186758041381836,4.150191307067871,0.13710302114486694
0.37500001955777407,42,-2573.7197265625,1671.5738525390625,-1973.53076171875,2787.768310546875,-304.88916015625,839.8177490234375,-2520.746337890625,2321.71875,-3315.310546875,30437.7578125,15336.6171875,-13503.6259765625,-146.16952514648438,203.22006225585938,-83.4639892578125,-1197.542236328125,-78.36279296875,-635.607177734375,-3559.35888671875,-1283.803955078125,2272.1240234375,0.0,0.0,-305.71484375,3937.611328125,5434.5771484375,6630.90966796875,1301.977783203125,-2419.8095703125,0.0,0.0,-1841.9639892578125,3854.721435546875,-96.7540283203125,-3392.305908203125,16111.248046875,-2384.679931640625,-999.677978515625,-1644.513427734375,-1.216469168663025,-1.8107154369354248,-1.192694067955017,0.9369792938232422,-0.5247254967689514,-0.6304551362991333,1.2705926895141602,-0.4038883447647095,-0.27590012550354004,-1.7684463262557983,0.38117724657058716,-0.33123868703842163,-1.0799189805984497,-0.2353491187095642,0.6405963897705078,0.5715141892433167,-2.791881561279297,-1.5507656335830688,-3.635579824447632,0.948045551776886,-0.9694353342056274,-0.4209701716899872,0.36090144515037537,3.725207805633545,-0.7652873992919922
0.3833333533257246,43,-804.5953369140625,1313.4449462890625,-635.404296875,2048.3095703125,-556.41845703125,214.883544921875,-2807.67529296875,1161.79833984375,-3656.568115234375,27646.576171875,11423.9609375,-12981.6767578125,-60.490936279296875,60.7198486328125,-57.974273681640625,-1274.590087890625,147.2158203125,463.5631103515625,-489.27398681640625,-217.665771484375,-370.1636962890625,0.0,0.0,56.8856201171875,4773.970703125,5631.38427734375,6998.37255859375,1259.986083984375,-2693.793212890625,0.0,0.0,-2133.131103515625,2992.017822265625,-340.2625732421875,-3090.230224609375,16150.6015625,-2247.750244140625,-1254.400390625,-931.3836669921875,-0.7348657250404358,-1.5315972566604614,-0.7332568168640137,0.6530078649520874,-0.231032595038414,0.13412106037139893,1.3697441816329956,-0.23182082176208496,0.38368311524391174,-1.4408037662506104,-0.3798660635948181,-0.5931370258331299,-1.003983974456787,-0.324169397354126,0.9971601366996765,1.176994800567627,-2.66087007522583,-1.7373310327529907,-4.038479328155518,0.7292855381965637,-1.1807854175567627,-0.37660452723503113,0.5361414551734924,3.6355440616607666,-1.2953013181686401
0.39166668709367514,44,17.318817138671875,227.3001708984375,-1400.94775390625,1646.936767578125,394.88623046875,1170.7686767578125,-2864.669677734375,1450.27734375,-2064.768310546875,24303.34375,9441.3193359375,-6394.849609375,19.45013427734375,122.38494873046875,-64.44512939453125,-1925.010986328125,1928.39013671875,-469.466064453125,-315.8307800292969,-150.69091796875,956.972900390625,0.0,0.0,-658.6396484375,5715.65673828125,3433.282958984375,5963.69775390625,3463.74072265625,-2476.2744140625,0.0,0.0,-1709.150390625,3174.150146484375,-65.9500732421875,-3255.53564453125,16553.154296875,-1772.0169677734375,-1040.879150390625,521.79833984375,-0.16161230206489563,-1.451746940612793,-0.6550801396369934,0.3290652930736542,-0.4661029577255249,0.4646267890930176,1.2168697118759155,-0.012116456404328346,0.4954051971435547,-1.3402204513549805,-0.600149929523468,-0.16529244184494019,-0.6498565077781677,-0.22417891025543213,1.074156641960144,1.4408280849456787,-2.788149356842041,-1.1657248735427856,-4.4920501708984375,1.2261276245117188,-0.9788029193878174,-0.4684867262840271,0.8441559672355652,3.25648832321167,-1.868647813796997
0.40000002086162567,45,41.77998352050781,22.0364990234375,-772.259765625,688.6140747070312,-352.665283203125,675.00927734375,-3467.267333984375,751.1370849609375,-2317.518310546875,22183.18359375,7704.1943359375,-8760.2841796875,-26.429443359375,66.52468872070312,-46.513031005859375,-719.5301513671875,-2724.79931640625,469.6475830078125,-526.3096313476562,-167.13037109375,-200.666748046875,0.0,0.0,-511.74658203125,5678.98095703125,4508.59375,6309.5693359375,3380.660400390625,-1522.411865234375,0.0,0.0,-2006.5831298828125,3003.835205078125,-82.0447998046875,-3049.282958984375,16175.9345703125,-1701.782470703125,-1095.784912109375,103.6776123046875,0.36972248554229736,-0.9242146611213684,-0.3442132771015167,0.1455700397491455,-0.17211639881134033,0.5800614356994629,1.1381628513336182,0.30673858523368835,0.8401764035224915,-1.1126335859298706,-0.656794011592865,-0.3619161546230316,-0.25816208124160767,-0.2574087381362915,1.3034197092056274,1.630561351776123,-2.199050188064575,-1.2253422737121582,-4.116001605987549,0.24955497682094574,-1.1821887493133545,-0.39209258556365967,-0.033623844385147095,3.051551342010498,-1.3792974948883057
0.4083333546295762,46,681.9204711914062,-3658.83447265625,1090.3203125,414.1768798828125,1197.547119140625,101.23944091796875,-2501.298828125,1989.5263671875,-3227.939208984375,19945.982421875,6395.32421875,-9951.6513671875,-12.39068603515625,-49.587371826171875,-14.053436279296875,45.56396484375,-19.510498046875,-1489.1419677734375,-770.9520263671875,-141.03466796875,253.658935546875,0.0,0.0,-617.76416015625,6277.986328125,3243.340576171875,5952.673828125,5871.23486328125,-621.08203125,0.0,0.0,-1671.01171875,2470.33251953125,-322.21929931640625,-1657.2896728515625,15918.67578125,-2524.493896484375,-319.690185546875,1347.5093994140625,0.6419966220855713,-1.421504259109497,0.2600356340408325,-0.1922454535961151,-0.5134532451629639,1.1537600755691528,1.1615493297576904,-0.054054856300354004,0.6286717653274536,-0.36311182379722595,-0.6323041915893555,-1.0433244705200195,0.8811339139938354,0.6687655448913574,1.1627765893936157,1.7492667436599731,-1.2999305725097656,-1.0530422925949097,-4.4535675048828125,0.34455636143684387,-1.2341959476470947,-0.9372552633285522,-0.37081629037857056,2.774845600128174,-1.4052555561065674
0.41666668839752674,47,1069.5926513671875,-963.3453369140625,221.47705078125,-24.5133056640625,752.22412109375,274.9152526855469,-2592.68359375,1500.9566650390625,-2872.2900390625,19104.966796875,2177.63671875,-7537.0595703125,-16.843170166015625,-0.935546875,-44.628570556640625,-755.803466796875,-201.712890625,229.293212890625,-657.03076171875,-357.19140625,-211.6982421875,0.0,0.0,-833.4065551757812,7293.5224609375,2943.66650390625,6010.65185546875,6333.30615234375,-1254.9720458984375,0.0,0.0,-1451.6488037109375,2156.43115234375,-218.41314697265625,-2285.53125,15434.66796875,-2676.093017578125,-800.31005859375,1334.8858642578125,0.8404741883277893,-1.0594379901885986,0.11559014022350311,-0.4386819899082184,-0.6362512111663818,1.3316681385040283,1.001351237297058,-0.0030874349176883698,0.8513599634170532,-0.5380046367645264,-0.9231436252593994,-0.43215498328208923,1.2338929176330566,0.7653190493583679,1.184423804283142,2.312588930130005,-1.6187268495559692,-0.8289265632629395,-4.93298864364624,0.555206835269928,-1.180001974105835,-1.2521309852600098,0.14619506895542145,2.9415860176086426,-1.2998442649841309
0.4250000221654773,48,1461.3260498046875,836.32470703125,608.33056640625,-87.8411865234375,1980.73779296875,476.6251220703125,-1379.870849609375,1618.6729736328125,-2369.042236328125,17042.724609375,124.4287109375,-483.705078125,48.62113952636719,-161.80255126953125,40.179107666015625,336.7437744140625,-497.890869140625,-966.86572265625,-1169.68310546875,-73.16162109375,221.59765625,0.0,0.0,-1596.418701171875,7373.27099609375,1002.2174682617188,5370.30859375,7555.50830078125,-1081.429443359375,0.0,0.0,-1254.303955078125,2094.97998046875,-333.87762451171875,-1103.0423583984375,15268.1025390625,-3060.190673828125,-489.80615234375,1876.050537109375,0.7643690705299377,-0.7387933731079102,0.04606601223349571,-0.37853220105171204,-0.7434149384498596,1.5719796419143677,0.9745410084724426,-0.07399380207061768,0.9817832708358765,-0.654362678527832,-0.8286864161491394,-0.4118075370788574,1.9427309036254883,0.948819100856781,0.9394540190696716,2.5758626461029053,-1.6228306293487549,-0.5255825519561768,-4.9079508781433105,0.7611965537071228,-0.9383059144020081,-1.3933956623077393,0.20747001469135284,2.6973254680633545,-1.3558235168457031
0.4333333559334278,49,1115.8912353515625,-359.056396484375,227.1220703125,-376.64013671875,481.18194580078125,203.14227294921875,-1961.0543212890625,866.51123046875,-2356.43115234375,15591.21875,-3364.4267578125,-2534.48876953125,-34.74687194824219,10.536224365234375,-27.46246337890625,-799.3981323242188,-534.6417846679688,0.462890625,-581.3988037109375,-291.571533203125,-211.697021484375,0.0,0.0,-995.6343994140625,6976.25341796875,2310.031494140625,5426.8720703125,7797.857421875,-527.2869873046875,0.0,0.0,-1383.948486328125,1914.990234375,-221.68975830078125,-1068.3916015625,13953.8486328125,-2857.96337890625,-688.927001953125,1164.7464599609375,0.8642982244491577,0.12857623398303986,0.16158834099769592,-0.44010403752326965,-0.5716882348060608,1.6107509136199951,0.8203840255737305,0.2392345517873764,1.3047420978546143,-0.6197725534439087,-0.5253195762634277,-0.40062376856803894,2.9014604091644287,0.7270248532295227,1.0778099298477173,2.9332571029663086,-1.1933796405792236,-1.0159406661987305,-4.183878421783447,-0.36603137850761414,-0.9022919535636902,-1.484246015548706,-0.2839655876159668,2.646333932876587,-0.6701794862747192
0.44166668970137835,50,2351.58349609375,1362.4481201171875,889.9140625,-177.88482666015625,1024.857666015625,7.2560272216796875,-1195.9818115234375,1089.20703125,-1664.190185546875,14012.326171875,-1738.96484375,3894.759521484375,18.614776611328125,-53.757659912109375,-3.872467041015625,-1563.6175537109375,-405.830078125,33.397705078125,375.26519775390625,-416.52490234375,-124.073974609375,0.0,0.0,-1179.767822265625,6739.583984375,1247.35302734375,4645.63330078125,7926.8486328125,-255.13938903808594,0.0,0.0,-1128.8076171875,2013.457763671875,-416.8455810546875,442.12078857421875,13124.861328125,-3133.696044921875,-1110.13427734375,1194.365966796875,0.6910646557807922,0.28817984461784363,0.08989937603473663,-0.30777469277381897,-0.6563631296157837,1.7873800992965698,0.831143856048584,0.24446775019168854,1.259746789932251,-0.6021389961242676,-0.2722291350364685,-0.8013888597488403,3.7467832565307617,0.7459439039230347,0.8007780909538269,2.658217668533325,-1.1691179275512695,-0.7374603152275085,-3.6262881755828857,-0.33919647336006165,-0.5874446034431458,-1.2619255781173706,-0.2068796306848526,2.435087203979492,-0.4200250506401062
0.4500000234693289,51,1272.717529296875,-29.399269104003906,274.81103515625,-368.18267822265625,84.529541015625,204.23086547851562,-1798.4189453125,400.60888671875,-2004.2611083984375,14306.193359375,-1768.416015625,1106.6630859375,-38.57038879394531,23.468034744262695,-14.198699951171875,-725.8033447265625,-171.23468017578125,124.802001953125,-474.7975158691406,-323.4326171875,-57.9920654296875,0.0,0.0,-1108.3294677734375,5684.439453125,2366.216796875,4406.02294921875,7544.54345703125,-142.66677856445312,0.0,0.0,-1290.435302734375,1677.9814453125,-301.76025390625,276.9652404785156,11741.328125,-2189.3193359375,-673.9307861328125,224.383544921875,0.7357742786407471,0.7730896472930908,-0.047704074531793594,-0.2699611186981201,-0.4692819118499756,1.9320571422576904,0.6828538179397583,0.5428642630577087,1.5280977487564087,-0.3842220604419708,0.2376910150051117,-0.6153322458267212,4.615779876708984,-0.07753581553697586,0.6750956177711487,2.4542462825775146,-0.6539835929870605,-0.7858238220214844,-2.474407434463501,-1.2221182584762573,-0.3401966392993927,-0.8540871143341064,-0.28478458523750305,1.8945622444152832,0.404544860124588
0.4583333572372794,52,1393.73828125,-310.2388610839844,898.135498046875,349.0029296875,1006.74072265625,294.574951171875,-2194.6669921875,581.02294921875,-1465.17578125,13945.693359375,-2470.87109375,5924.830078125,-60.94097900390625,25.805410385131836,-74.7755126953125,-490.354736328125,-319.170654296875,-778.83837890625,-1377.8909912109375,283.30621337890625,524.008544921875,0.0,0.0,-1378.66357421875,5362.537109375,1817.35400390625,3445.43359375,7910.01953125,160.86390686035156,0.0,0.0,-931.3405151367188,1706.486572265625,-459.74072265625,1129.0545654296875,11486.689453125,-1262.1240234375,-819.535400390625,733.5071411132812,0.5185807347297668,0.7821105718612671,-0.16598272323608398,-0.2521940767765045,-0.5952236652374268,1.996036410331726,0.686573326587677,0.5096606612205505,1.3587870597839355,-0.6285192370414734,0.02109679765999317,-0.8007895350456238,4.845438003540039,-0.6892162561416626,0.4815214276313782,2.176250696182251,-0.7289199829101562,-0.6018810272216797,-2.1788535118103027,-1.0319401025772095,-0.050318796187639236,-0.8280124664306641,-0.32861652970314026,1.7258299589157104,0.36881738901138306
0.46666669100522995,53,850.8941650390625,-101.97669982910156,83.701416015625,231.8861083984375,76.533447265625,403.9783935546875,-2133.2890625,133.379150390625,-1636.8050537109375,14254.2744140625,-3695.8974609375,4329.8779296875,-25.677169799804688,11.574928283691406,-11.76275634765625,-751.98486328125,-348.4639892578125,68.685791015625,-457.4266357421875,-283.02264404296875,-113.819580078125,0.0,0.0,-1340.6712646484375,4806.01904296875,2311.73388671875,3482.04052734375,8011.54931640625,375.92681884765625,0.0,0.0,-766.0987548828125,1728.183349609375,-338.6622314453125,1475.39501953125,10074.767578125,-1226.881591796875,-607.6390991210938,105.57257080078125,0.5352960824966431,1.2264924049377441,-0.22530235350131989,-0.3420175611972809,-0.6844371557235718,1.8382999897003174,0.5459733605384827,0.4276985824108124,1.4917402267456055,-0.4801884591579437,0.0381280817091465,-1.0826213359832764,5.669596195220947,-0.6404129266738892,0.3778649568557739,2.2075469493865967,-0.4318373501300812,-0.6244591474533081,-1.5423380136489868,-1.351133108139038,-0.06807446479797363,-0.8485979437828064,-0.47856104373931885,1.421149492263794,0.8472092747688293
0.4750000247731805,54,1976.96044921875,-867.6171875,1209.80029296875,517.9570922851562,1423.6259765625,460.01959228515625,-2683.64697265625,-1578.5699462890625,-1299.02783203125,13061.5390625,-4269.43408203125,7994.25146484375,-88.83589172363281,-42.596466064453125,-29.036468505859375,-921.3978271484375,-767.651123046875,-42.259033203125,340.1663818359375,1091.9652099609375,-663.3629150390625,0.0,0.0,-1628.4716796875,3979.8515625,2496.7490234375,2682.14453125,8438.8095703125,507.3804931640625,0.0,0.0,-252.55743408203125,1873.12353515625,-281.768310546875,1556.82470703125,8705.126953125,-108.9996337890625,-532.0582885742188,246.5380859375,0.45789429545402527,1.2311902046203613,-0.22754546999931335,-0.2564716637134552,-0.8137834072113037,1.932873249053955,0.5066224336624146,0.26908397674560547,1.352647066116333,-0.49510225653648376,0.28746551275253296,-0.8876010179519653,6.966150283813477,-1.0961755514144897,0.24956335127353668,1.9662573337554932,-0.32842493057250977,-0.4547547996044159,-1.1767405271530151,-1.1666933298110962,-0.002804598305374384,-0.7838103175163269,-0.35207855701446533,1.2946189641952515,0.8551766872406006
0.483333358541131,55,1011.2662353515625,-235.28717041015625,484.71484375,83.587646484375,179.34375,28.978759765625,-2448.08984375,-1260.047119140625,-1540.1083984375,12160.1767578125,-5635.50830078125,6631.052734375,-20.932044982910156,11.753005981445312,-20.478042602539062,-800.1317138671875,-248.23193359375,117.041015625,-216.75701904296875,-184.52569580078125,142.6591796875,0.0,0.0,-1558.92431640625,3398.047607421875,2532.433837890625,3026.8359375,8935.701171875,641.8502197265625,0.0,0.0,-358.86767578125,2323.767578125,-5.774932861328125,919.2467651367188,6979.2216796875,-535.6969604492188,-573.1766357421875,-324.12109375,0.6543306112289429,1.8128710985183716,-0.0007585287094116211,-0.312767893075943,-0.6738967895507812,1.424468755722046,0.2539781928062439,0.10872774571180344,1.0669312477111816,-0.3336295783519745,0.7137069702148438,-0.33988767862319946,7.904236316680908,-0.6616050004959106,0.36204978823661804,2.0308287143707275,-0.10035773366689682,-0.5051171183586121,-0.5832782983779907,-1.1101670265197754,-0.2761117219924927,-1.1351500749588013,-0.4455189108848572,1.2277288436889648,1.2591831684112549
0.49166669230908155,56,2472.578857421875,-266.8734130859375,1715.05517578125,1095.6982421875,479.162353515625,372.984130859375,-3269.48291015625,-3834.16552734375,-903.853515625,9726.5625,-3809.833984375,10871.982421875,-127.15601348876953,-81.64796447753906,4.8239898681640625,-1109.5718994140625,-922.0322875976562,333.426513671875,747.1650390625,1130.08642578125,-1230.0025634765625,0.0,0.0,-1910.9322509765625,2063.677734375,3376.78662109375,1902.63134765625,8473.5908203125,949.4029541015625,0.0,0.0,369.6962890625,3381.82470703125,395.1400451660156,224.78350830078125,6832.291015625,-112.6783447265625,398.2017822265625,-935.7275390625,0.4401187002658844,1.845078468322754,-0.10885138064622879,-0.09285038709640503,-0.8186296820640564,1.3395884037017822,0.3748708665370941,-0.07031150162220001,0.7094001173973083,-0.4444359838962555,0.8500628471374512,-0.18633651733398438,7.9119486808776855,-0.5081090927124023,0.18609300255775452,1.538437843322754,-0.08065356314182281,-0.4467076361179352,0.13872218132019043,-1.1670750379562378,-0.14465929567813873,-1.0567651987075806,-0.28149574995040894,1.1370702981948853,1.3940051794052124
0.5000000260770321,57,566.278564453125,-93.3505859375,629.9451904296875,496.7412109375,142.338134765625,-147.9964599609375,-3189.18017578125,-2373.85009765625,-1501.69873046875,3721.248046875,-7998.4755859375,14327.4521484375,-26.70416259765625,22.547164916992188,-24.617294311523438,-967.9520874023438,-186.76708984375,209.064208984375,137.5687255859375,-17.0616455078125,388.77850341796875,0.0,0.0,-1585.96923828125,3511.10009765625,2112.8720703125,2758.3369140625,10033.1474609375,-257.16204833984375,0.0,0.0,406.08001708984375,3884.1826171875,478.2333984375,167.66595458984375,4593.6875,-1144.00390625,-573.354736328125,-587.3385620117188,0.7271493077278137,1.8837029933929443,0.15518292784690857,-0.9200117588043213,-0.7887784242630005,0.845455527305603,0.3040880262851715,-0.12341174483299255,-0.14547401666641235,-0.09621165692806244,1.4008424282073975,-0.12882769107818604,9.126494407653809,0.3836565315723419,1.134082555770874,2.092329740524292,-0.6724197864532471,-0.6847591996192932,-1.0346227884292603,-0.04133005440235138,-0.8247625231742859,-2.258635997772217,0.7162385582923889,1.8269835710525513,1.002820372581482
0.5083333598449826,58,1954.143310546875,-1893.6361083984375,1287.8017578125,1429.318603515625,4406.9599609375,604.6602783203125,-3862.28369140625,-9802.0546875,-72.22683715820312,-1323.021484375,-6335.19677734375,20781.791015625,-119.9853515625,-207.81019592285156,-74.0826644897461,-275.6964111328125,-1007.4942626953125,2048.94091796875,974.9938354492188,2073.3369140625,-2637.71142578125,0.0,0.0,-1971.96337890625,2837.498291015625,2055.678955078125,1213.6602783203125,8658.015625,-264.51434326171875,0.0,0.0,1106.477783203125,5914.54052734375,1087.768310546875,-98.94598388671875,2893.029296875,-136.46664428710938,1433.718017578125,-1291.963623046875,0.5348644256591797,1.8164063692092896,-0.004103928804397583,-1.100462794303894,-0.7214362621307373,0.6176937222480774,0.5155088901519775,-0.19810132682323456,-0.43936076760292053,-0.21593396365642548,1.2288734912872314,-0.41187024116516113,9.580094337463379,0.5000168681144714,1.1396969556808472,1.946378231048584,-0.9421316981315613,-0.5529470443725586,-1.1038302183151245,0.08703264594078064,-0.7562710046768188,-2.39640474319458,0.9927025437355042,1.6593493223190308,0.8659713268280029
0.5166666936129332,59,315.7041015625,-755.269287109375,1326.6412353515625,97.5546875,1534.4423828125,-505.4884338378906,-4553.060546875,-6921.259765625,-1868.673828125,-13404.77734375,-20981.724609375,26530.392578125,-20.441207885742188,-5.579132080078125,-31.304237365722656,-945.7117919921875,-325.4556884765625,194.58151245117188,618.344970703125,434.604736328125,588.41845703125,0.0,0.0,-568.8961181640625,5534.798828125,540.338623046875,2603.73486328125,12728.9794921875,-1616.08349609375,0.0,0.0,409.40826416015625,9623.7099609375,1858.0179443359375,268.8076171875,1223.1484375,369.0185241699219,-493.961669921875,-697.45361328125,1.2251533269882202,3.2295007705688477,0.5549173951148987,-3.5099353790283203,-0.14293994009494781,-2.421513080596924,-0.154466450214386,0.1764211505651474,-1.9978041648864746,0.7563566565513611,1.8732030391693115,-0.6917656064033508,10.164654731750488,0.05400007218122482,3.003845453262329,4.186262130737305,-1.8583978414535522,-1.6647040843963623,-3.204031229019165,1.3273183107376099,-1.8250316381454468,-5.59517765045166,1.9922659397125244,3.080974578857422,0.3243456184864044
0.5250000273808837,60,5443.79150390625,1320.64306640625,5358.1474609375,374.56396484375,2344.427734375,-703.919677734375,-1643.2734375,-10690.880859375,98.15179443359375,-21168.083984375,-20759.193359375,29001.8671875,124.42949676513672,-382.40228271484375,-155.8397216796875,437.7452392578125,-1218.80615234375,4780.29150390625,4490.87841796875,2792.20361328125,-2978.2841796875,0.0,0.0,761.9063720703125,4549.54052734375,-1720.75244140625,1630.20654296875,11265.185546875,-3003.597412109375,0.0,0.0,1054.6630859375,12389.7861328125,3895.419677734375,-259.3133544921875,-1084.1640625,1619.1671142578125,2132.087890625,-1483.2650146484375,1.0289745330810547,3.2876877784729004,0.21442387998104095,-4.252429008483887,-0.5382200479507446,-2.5422379970550537,-0.5376632809638977,-0.30778631567955017,-2.833251953125,0.34336018562316895,1.128883719444275,-0.3165942430496216,9.573211669921875,0.4563146233558655,3.2129764556884766,4.222611427307129,-2.5652456283569336,-1.5986768007278442,-3.8457939624786377,1.7697690725326538,-2.0398125648498535,-6.522400379180908,3.0175294876098633,2.767420530319214,-0.16023345291614532
0.5333333611488342,61,1085.7802734375,-950.9024658203125,2259.929931640625,-1018.952880859375,1762.47119140625,-839.6502075195312,-2820.037841796875,-7399.0888671875,-485.3515319824219,-25190.232421875,-19652.787109375,26913.1484375,9.873977661132812,0.5716552734375,-3.432262420654297,-570.031982421875,-18.288818359375,187.897216796875,1091.10888671875,1072.3701171875,1014.73876953125,0.0,0.0,841.9572143554688,4151.16064453125,442.59307861328125,1949.15283203125,12788.84765625,-1160.744140625,0.0,0.0,533.5771484375,12971.2138671875,3077.53515625,-343.7388916015625,568.876953125,-242.786865234375,-272.119140625,-1638.16650390625,1.6973646879196167,3.3385751247406006,0.19158512353897095,-5.42993688583374,-0.08229102939367294,-2.796989917755127,0.1845913827419281,0.3206224739551544,-4.425755500793457,0.5652333498001099,1.4057561159133911,-0.20165619254112244,7.49440860748291,1.9442224502563477,3.5448789596557617,3.617908239364624,-2.0898523330688477,-1.5361413955688477,-3.093263626098633,-0.14585721492767334,-2.108339548110962,-7.2244696617126465,1.1911523342132568,4.475257396697998,-0.018321067094802856
0.5416666949167848,62,-1502.22314453125,-36.37939453125,7742.31787109375,-830.2871704101562,-2180.667724609375,-250.6746826171875,5069.03466796875,-10040.001953125,2375.116455078125,-31281.23046875,-5536.3115234375,16640.294921875,178.96368408203125,133.18878173828125,86.89208984375,-1251.37646484375,1046.57470703125,9269.705078125,-3399.93017578125,5266.205078125,-2745.68505859375,0.0,0.0,1771.459228515625,-1341.854736328125,-1040.52099609375,3014.32373046875,9693.06640625,-3377.189208984375,0.0,0.0,1577.3651123046875,13547.775390625,3859.968017578125,26.75994873046875,-5076.1474609375,795.837890625,-1368.813720703125,-1834.6619873046875,0.9650274515151978,3.3726119995117188,-0.3974156081676483,-5.719338417053223,-0.13662846386432648,-2.1699233055114746,0.7021445631980896,-0.5346572995185852,-4.648673057556152,-0.3560211956501007,1.3381997346878052,-0.2773593068122864,7.613464832305908,2.0455589294433594,2.6426992416381836,2.032687187194824,-2.3942277431488037,-0.8300535678863525,-0.8313459753990173,-0.7526472806930542,-1.1753194332122803,-6.046932220458984,2.6396524906158447,3.952726125717163,-0.1272362768650055
0.5500000286847353,63,-2375.83544921875,1920.87744140625,799.892578125,152.19952392578125,-168.43896484375,452.4290771484375,4411.41015625,-7760.7919921875,1373.2047119140625,-25273.60546875,-10970.892578125,17373.337890625,-21.13611602783203,81.4140625,29.583454132080078,225.73565673828125,1192.8572998046875,851.4501953125,1239.8731689453125,2545.90478515625,1066.3369140625,0.0,0.0,1344.73095703125,511.21826171875,956.072998046875,1442.61962890625,12171.6513671875,-3079.8544921875,0.0,0.0,1111.51513671875,12193.1201171875,2101.756591796875,834.2865600585938,-1236.763427734375,431.73095703125,151.608154296875,-2137.575439453125,0.32786014676094055,2.0294737815856934,-0.7798877954483032,-5.289928913116455,0.22209376096725464,-0.8869143128395081,2.0929336547851562,-0.16071490943431854,-5.508955955505371,0.1566160023212433,0.17282958328723907,-0.9267679452896118,3.964353322982788,2.159386396408081,1.4574105739593506,2.7107608318328857,-2.4287924766540527,-0.4972843825817108,-2.236088752746582,-2.2460241317749023,0.20466844737529755,-7.56209659576416,2.202681064605713,2.4059691429138184,0.09560766816139221
0.5583333624526858,64,-6845.330078125,4652.0029296875,5501.23828125,-97.342041015625,-279.822265625,194.6212158203125,9279.3125,-8726.5302734375,5168.47265625,-44491.34375,-14319.19921875,9816.9619140625,-74.0931625366211,516.0780029296875,38.06036376953125,1302.739990234375,846.3787841796875,7310.8212890625,-9856.3662109375,4180.63720703125,2245.587890625,0.0,0.0,6236.1015625,2623.253662109375,-3940.796630859375,5135.2841796875,10056.7919921875,-6293.0810546875,0.0,0.0,4418.8212890625,10960.51171875,1622.39404296875,2225.203857421875,-6598.25537109375,146.74072265625,-2965.55078125,1654.8623046875,0.4918019771575928,1.4903384447097778,-0.861014187335968,-4.694362163543701,-1.008026123046875,1.129223108291626,2.615797519683838,0.22157615423202515,-5.285539150238037,-0.5980242490768433,-0.0991160124540329,-0.8743816018104553,3.7364346981048584,1.7573660612106323,3.2788796424865723,3.6775519847869873,-2.873575210571289,-1.171976089477539,-4.791207313537598,0.5322473645210266,-0.41497790813446045,-8.093727111816406,3.6174352169036865,1.8737387657165527,-0.5574753284454346
0.5666666962206364,65,-3913.784423828125,2155.760498046875,517.8056640625,718.844482421875,-59.505859375,-435.0863037109375,7717.3544921875,-9436.3671875,3048.559326171875,-22470.091796875,-17190.271484375,-286.7939453125,-30.620975494384766,76.12136840820312,-6.093347549438477,787.978515625,1233.6370849609375,1836.953125,-20.69140625,3808.8916015625,1206.1201171875,0.0,0.0,4471.763671875,1863.66943359375,-1998.8499755859375,1896.072998046875,11166.0791015625,-2932.323486328125,0.0,0.0,1695.08251953125,9767.447265625,833.2490234375,943.9996337890625,-1172.0714111328125,679.700927734375,756.8042602539062,-2058.0322265625,-0.006464306265115738,1.242722988128662,-0.4553137421607971,-3.730003595352173,1.3460544347763062,2.038886308670044,3.0404086112976074,1.0500013828277588,-4.495451927185059,0.544762134552002,-1.3820592164993286,0.2119203805923462,-0.9121557474136353,1.1735928058624268,-0.5809582471847534,3.802358865737915,-1.0574963092803955,0.2792079746723175,-3.7547905445098877,-1.0868475437164307,2.2456469535827637,-8.341472625732422,0.5101871490478516,-1.2719095945358276,2.481687068939209
0.5750000299885869,66,-2958.183837890625,-2361.0537109375,1746.8212890625,-88.648681640625,415.17236328125,-2200.62353515625,6823.18994140625,-6544.7265625,6413.87939453125,-38346.2265625,-8677.45703125,-7456.615234375,-23.177711486816406,453.8128967285156,141.90243530273438,458.3277587890625,1385.1572265625,2609.96875,5159.03759765625,570.05859375,2223.1708984375,0.0,0.0,8323.3505859375,1586.0179443359375,-629.007568359375,2964.86083984375,8008.58203125,-3202.857666015625,0.0,0.0,2590.08251953125,8284.2021484375,695.423095703125,700.3597412109375,-3450.8896484375,-2770.261474609375,-3927.30419921875,1901.394775390625,0.46595099568367004,0.6684126853942871,-0.6892414689064026,-2.6590969562530518,1.5513606071472168,2.8032541275024414,2.6134068965911865,2.0266127586364746,-4.603622913360596,0.017863698303699493,-1.1767817735671997,0.22033527493476868,-1.065921425819397,1.009352445602417,-0.16979776322841644,2.6279306411743164,-0.43154093623161316,0.3733695447444916,-2.5038254261016846,-0.7246884107589722,2.8355212211608887,-7.133735179901123,0.15700599551200867,-1.318103313446045,2.0313222408294678
0.5833333637565374,67,-643.3203125,-1880.034912109375,378.1474609375,-23.76348876953125,1069.7816162109375,-271.139404296875,4743.26953125,-6208.47607421875,5407.92919921875,-17068.447265625,3679.565673828125,-10926.5419921875,-25.810644149780273,-11.918731689453125,-25.193389892578125,1417.3323974609375,1315.522705078125,1548.365234375,542.568359375,1512.024169921875,738.599609375,0.0,0.0,3812.677734375,-2734.31005859375,386.9769287109375,-1730.72314453125,6897.02294921875,-876.704345703125,0.0,0.0,1794.58056640625,7420.6845703125,206.28271484375,537.852783203125,-632.7685546875,163.62890625,897.2216796875,-1389.20166015625,0.3787049651145935,0.26015737652778625,-1.6939342021942139,-1.4626156091690063,2.167052745819092,3.2929673194885254,2.767519474029541,3.0113604068756104,-4.4374003410339355,0.4916326105594635,-1.926571011543274,0.31531858444213867,-3.234283685684204,-1.4431512355804443,-3.5947606563568115,0.38284045457839966,0.16014733910560608,3.947902202606201,1.193525791168213,-1.6284265518188477,6.374799728393555,-5.6797003746032715,-1.933619499206543,-5.0896382331848145,4.500647068023682
0.591666697524488,68,878.3388671875,-8154.62109375,-3350.3857421875,-79.5567626953125,6306.17138671875,-2523.26611328125,1318.3916015625,-1630.59228515625,5068.93896484375,-11998.322265625,6139.7333984375,-7998.01025390625,-10.748202323913574,34.91558837890625,-57.221343994140625,5249.8427734375,148.2713623046875,-5136.7744140625,2411.19384765625,1250.618408203125,4274.357421875,0.0,0.0,3578.654541015625,-3497.162841796875,3770.927734375,-3084.840087890625,8293.7119140625,9.07861328125,0.0,0.0,713.392333984375,6509.7666015625,-224.521484375,229.098388671875,-108.24560546875,-2247.77978515625,-623.06982421875,-1044.358154296875,0.46675634384155273,0.24955016374588013,-1.7146090269088745,-1.421331524848938,2.4626338481903076,3.0358123779296875,2.489299774169922,2.8534088134765625,-4.411374568939209,0.5842509865760803,-2.50559663772583,0.6264893412590027,-3.3302536010742188,-0.8884037733078003,-3.59663987159729,0.1367560774087906,1.1100295782089233,3.4514644145965576,1.760970950126648,-1.4753035306930542,5.821002006530762,-5.628218650817871,-2.7038652896881104,-4.6781816482543945,4.198624134063721
0.6000000312924385,69,901.900634765625,-3299.06591796875,467.73046875,-273.1319580078125,2053.68896484375,-29.74365234375,1308.43798828125,-3980.68359375,4897.529296875,-13524.677734375,-2681.06982421875,369.234375,-10.723994255065918,-85.33187866210938,-29.15345001220703,910.373779296875,328.3939208984375,155.111328125,798.3055419921875,390.2294921875,318.21112060546875,0.0,0.0,2491.33154296875,-3449.47119140625,1386.6072998046875,-3604.447021484375,9004.466796875,-2822.056640625,0.0,0.0,1976.227783203125,7298.3935546875,283.063720703125,85.2174072265625,-134.626220703125,-292.345947265625,845.0986328125,-1168.22412109375,0.5084409117698669,2.542498826980591,-2.9444470405578613,-3.5187745094299316,1.323599934577942,2.1705291271209717,1.8424062728881836,2.652433395385742,-2.8012568950653076,0.5938502550125122,-3.8605527877807617,0.6799619793891907,-3.0500054359436035,-2.387341022491455,-3.0481133460998535,1.5939648151397705,-0.3482041358947754,4.069954872131348,1.4930999279022217,0.4301641881465912,5.737122058868408,-5.852349281311035,-0.40837299823760986,-5.470674514770508,3.9730873107910156
0.608333365060389,70,105.498779296875,541.638427734375,-786.7685546875,135.66433715820312,2594.78466796875,271.73486328125,800.601318359375,338.786865234375,2635.9892578125,-7567.90234375,-3339.19921875,7613.2587890625,127.68900299072266,-205.26528930664062,-55.225852966308594,-3343.503662109375,-459.8074951171875,-2485.138916015625,3652.288818359375,-16.187255859375,3097.065673828125,0.0,0.0,-863.895263671875,-1874.903076171875,1548.332275390625,-5235.544921875,11299.95703125,-3853.625,0.0,0.0,1739.8792724609375,9096.6181640625,230.7476806640625,-256.5926513671875,-29.119140625,437.25537109375,2223.62109375,-5371.5966796875,0.21856777369976044,2.8125991821289062,-2.7236900329589844,-3.5913796424865723,1.4990146160125732,1.7524054050445557,1.7285665273666382,1.71028733253479,-2.5721030235290527,1.1839977502822876,-3.6504266262054443,0.4788731336593628,-2.7985658645629883,-2.217405319213867,-3.443185806274414,2.2330901622772217,-0.26793140172958374,3.8761470317840576,1.0032919645309448,0.1440935730934143,4.996481418609619,-6.823488235473633,-0.09638528525829315,-4.922861099243164,4.243762493133545
0.6166666988283396,71,-292.51654052734375,-1576.82421875,118.76708984375,763.8856201171875,1239.23486328125,148.468505859375,2745.23095703125,-2479.35009765625,3142.10302734375,-11473.78515625,-1965.8681640625,6439.1904296875,-15.856491088867188,-36.983917236328125,13.575965881347656,201.30401611328125,220.246337890625,272.64111328125,1044.293701171875,-470.6279296875,240.213623046875,0.0,0.0,478.908203125,-2869.277099609375,559.8818359375,-3011.062255859375,8978.994140625,-4372.64697265625,0.0,0.0,2091.088623046875,8187.203125,246.1253662109375,163.26409912109375,-209.629638671875,-238.8343505859375,843.35107421875,-1344.9290771484375,-0.18092352151870728,3.3097894191741943,-2.441692590713501,-2.942415475845337,1.1440526247024536,2.3643925189971924,1.5514779090881348,0.5280410647392273,-0.8491948246955872,0.8125630617141724,-4.26782751083374,0.08411162346601486,-2.431751251220703,-1.5029678344726562,-2.5787341594696045,1.8275352716445923,-0.09468667209148407,2.5509965419769287,1.6792439222335815,0.8737061023712158,2.80417537689209,-4.451248645782471,0.19506937265396118,-3.421811580657959,0.6701772809028625
0.6250000325962901,72,-2179.58154296875,2826.8154296875,1920.59130859375,928.904541015625,1463.380859375,918.580322265625,3439.966552734375,-2964.06494140625,1237.4718017578125,-2052.58203125,-4355.7763671875,8101.8818359375,-0.4608612060546875,-193.8002471923828,-70.12946319580078,642.8053588867188,-1302.423095703125,-1750.8133544921875,-2800.728759765625,570.018310546875,2282.97412109375,0.0,0.0,-2804.4765625,-3765.239990234375,513.1393432617188,-3758.2939453125,10518.662109375,-4671.7421875,0.0,0.0,1682.49072265625,8493.080078125,-59.188232421875,-97.89234924316406,199.146484375,1549.9000244140625,1886.6639404296875,-4528.9580078125,-0.23475578427314758,3.26367449760437,-2.1426401138305664,-2.6129660606384277,1.2472639083862305,2.710494041442871,1.8445558547973633,0.26281702518463135,-0.5248792767524719,0.8773224353790283,-4.007432460784912,0.12780137360095978,-2.2503507137298584,-1.334351897239685,-2.643425226211548,1.8437317609786987,0.2737218141555786,2.515437602996826,1.603068470954895,0.8537976145744324,2.22776460647583,-4.261164665222168,0.15760694444179535,-3.2193186283111572,0.6459134817123413
0.6333333663642406,73,-1681.470458984375,69.75048828125,699.84814453125,978.2738037109375,511.3291015625,-131.8935546875,4138.431640625,-4135.9716796875,2285.230224609375,-11496.158203125,568.3271484375,3797.7080078125,-3.85614013671875,14.957745552062988,16.819730758666992,-25.17706298828125,-3.925048828125,272.7332763671875,898.366943359375,288.3984375,745.992431640625,0.0,0.0,-493.34228515625,-5241.240234375,420.31280517578125,-1370.7489013671875,7606.248046875,-5629.9189453125,0.0,0.0,1612.815673828125,8058.583984375,-85.713134765625,-37.64093017578125,-128.355224609375,-297.8160400390625,1062.5277099609375,-2053.2509765625,-0.2683790326118469,3.513702154159546,-1.418561339378357,-2.5831847190856934,1.2524582147598267,2.8600709438323975,1.7070037126541138,-0.13016347587108612,0.1453450322151184,0.24042117595672607,-4.16745662689209,0.064994215965271,-1.8066884279251099,0.2531374990940094,-0.9266672134399414,0.8884420990943909,0.919147789478302,0.5079929828643799,2.6693227291107178,0.8632264733314514,0.14237315952777863,-1.5733449459075928,0.902283787727356,-2.303593397140503,-1.3856110572814941
0.6416667001321912,74,-2576.93310546875,273.8909912109375,2577.96044921875,917.602783203125,-1370.17333984375,228.6494140625,5187.796875,-4819.13916015625,1165.5460205078125,-6479.7783203125,138.417236328125,4446.37060546875,-50.865989685058594,28.26886749267578,65.81832122802734,-1403.2059326171875,-494.76171875,565.6781005859375,1098.3037109375,-350.681640625,1894.0185546875,0.0,0.0,-2317.4423828125,-5816.509765625,529.2843017578125,-1355.6680908203125,8565.4140625,-6096.70849609375,0.0,0.0,1141.1033935546875,8255.9189453125,-67.0611572265625,-225.14730834960938,259.4212646484375,639.1618041992188,1132.786865234375,-3259.900390625,-0.22689689695835114,3.31723690032959,-1.3038979768753052,-2.3658504486083984,1.1039608716964722,3.0147364139556885,1.6775437593460083,-0.1608537882566452,0.036625929176807404,0.15557315945625305,-4.208406448364258,0.14665457606315613,-1.6625711917877197,0.24950462579727173,-0.734970211982727,0.45494407415390015,0.49250155687332153,0.6940146684646606,2.987931966781616,0.6047029495239258,0.30824780464172363,-1.0603950023651123,1.0058709383010864,-2.2204697132110596,-1.2192435264587402
0.6500000339001417,75,-1854.44580078125,-93.5767822265625,164.43896484375,921.28076171875,186.40625,41.8511962890625,5417.38134765625,-3731.67919921875,2331.549072265625,-9277.697265625,8446.1796875,4080.487548828125,-6.2118072509765625,21.074626922607422,11.308799743652344,1.0247802734375,80.90185546875,320.88043212890625,924.561767578125,36.768310546875,629.309814453125,0.0,0.0,-1587.0771484375,-6789.83154296875,1023.7714233398438,-1056.0172119140625,7287.3154296875,-5141.60009765625,0.0,0.0,1208.8853759765625,7453.71142578125,-351.74560546875,-198.70619201660156,-155.1673583984375,-321.87945556640625,1194.8040771484375,-1758.45361328125,-0.2265099585056305,2.2075254917144775,-1.1118468046188354,-1.518372893333435,1.0216480493545532,3.431323528289795,1.7595982551574707,-0.2794429659843445,-0.5599896311759949,-0.48471859097480774,-4.155808925628662,0.12106096744537354,-1.1964603662490845,0.9984031319618225,-0.23133645951747894,-0.9549919962882996,0.4973839223384857,0.1029152050614357,3.5661656856536865,0.16471177339553833,0.07341684401035309,0.07563075423240662,0.14439363777637482,-2.103398084640503,-2.341670036315918
0.6583333676680923,76,197.25550842285156,-220.9222412109375,798.0361328125,1139.147705078125,-537.3330078125,629.3035888671875,5005.78369140625,-3968.90185546875,1214.9903564453125,-2694.640625,4888.38720703125,5202.162109375,-124.91757202148438,-81.41472625732422,45.651649475097656,1492.9437255859375,-896.968994140625,-700.2568359375,-1129.011474609375,720.701171875,2281.47265625,0.0,0.0,-3563.0078125,-7700.1201171875,1530.9754638671875,-1669.275146484375,9339.5615234375,-4839.912109375,0.0,0.0,700.8116455078125,7256.865234375,38.9263916015625,-53.12159729003906,740.62353515625,609.392822265625,1164.1097412109375,-2236.581298828125,-0.05655159056186676,2.0846807956695557,-1.0497161149978638,-1.4753888845443726,1.007537841796875,3.4600002765655518,1.782487154006958,0.0601191371679306,-0.6476659774780273,-0.48620474338531494,-4.193244457244873,0.15177062153816223,-1.1132915019989014,0.9076433777809143,-0.3015214800834656,-0.899107038974762,0.30181586742401123,0.229396253824234,3.368253469467163,-0.04030180349946022,0.5414431691169739,-0.002225887030363083,-0.12709592282772064,-1.9502503871917725,-2.3417720794677734
0.6666667014360428,77,-1416.34228515625,201.435546875,467.63037109375,296.0787353515625,-152.742919921875,106.1756591796875,4252.2373046875,-3293.136474609375,2228.0634765625,-7329.2880859375,6687.69677734375,3693.23876953125,-2.2863540649414062,22.66370391845703,-2.1454086303710938,122.62492370605469,12.09375,345.67572021484375,959.771728515625,193.9619140625,917.396484375,0.0,0.0,-2509.01904296875,-7767.07763671875,1764.83984375,-1294.3013916015625,8975.328125,-4199.57958984375,0.0,0.0,791.517578125,6480.86279296875,-247.0733642578125,-293.3927307128906,-77.62094116210938,-225.9107666015625,1201.8111572265625,-1010.749267578125,0.3878881633281708,1.712670087814331,-0.7015447616577148,-1.5293020009994507,0.9261193871498108,3.8233227729797363,1.8731189966201782,0.4366229176521301,-0.9686720371246338,-1.0065326690673828,-4.066648960113525,0.34716999530792236,-0.3662974238395691,1.5052087306976318,0.46676626801490784,-1.1295877695083618,0.5168598890304565,-0.6108481287956238,3.1727335453033447,-0.20850951969623566,0.19956587255001068,0.299706369638443,-0.6508952379226685,-1.827257513999939,-3.1531107425689697
0.6750000352039933,78,-1583.1103515625,-2000.5406494140625,1315.76025390625,523.2032470703125,-793.330810546875,718.9993896484375,4403.97802734375,-2594.97216796875,1561.3184814453125,-3401.353759765625,6568.8388671875,7038.0498046875,-6.901985168457031,18.289596557617188,11.996208190917969,-1301.7283935546875,-10.8427734375,735.864990234375,2133.82666015625,213.171142578125,1950.0810546875,0.0,0.0,-3280.009521484375,-7890.97705078125,1598.910888671875,-1911.072998046875,10626.3544921875,-4612.447265625,0.0,0.0,205.0833740234375,6606.2275390625,-199.435302734375,-240.4932098388672,315.29803466796875,210.6024169921875,1533.642578125,-1005.17529296875,0.3181573450565338,1.5690529346466064,-0.7306605577468872,-1.4521733522415161,1.0634609460830688,3.69144344329834,1.8561244010925293,0.448186457157135,-0.9999605417251587,-0.948153555393219,-3.872162342071533,0.34300774335861206,-0.3271375000476837,1.3677823543548584,0.19790077209472656,-0.9875054955482483,0.1656794399023056,-0.5338025093078613,2.8420469760894775,-0.23326200246810913,0.6258708834648132,0.04034461826086044,-0.684248685836792,-1.6861796379089355,-3.046128988265991
0.6833333689719439,79,-1422.82470703125,-423.77557373046875,57.9091796875,411.07275390625,31.8453369140625,351.2032165527344,4225.24755859375,-2475.534423828125,2360.30078125,-4314.5400390625,7640.7353515625,6901.232421875,-4.707843780517578,3.6086578369140625,3.0163803100585938,57.49200439453125,-42.017333984375,264.22869873046875,1132.1790771484375,-47.959716796875,672.5546875,0.0,0.0,-2704.56787109375,-7625.4384765625,1702.16748046875,-1855.875244140625,10469.32421875,-3812.74609375,0.0,0.0,394.392822265625,5914.20703125,-453.5673828125,-324.712890625,-108.21063232421875,-166.826171875,1244.54150390625,-320.5107421875,0.3450814485549927,1.0045735836029053,-0.4844331741333008,-1.1003258228302002,0.901068925857544,3.9683611392974854,1.9029470682144165,0.4776768982410431,-0.9853456020355225,-1.3155626058578491,-3.9758102893829346,0.3992874026298523,0.03946642205119133,1.558626651763916,0.32655152678489685,-1.0895922183990479,0.17705300450325012,-0.9352875351905823,2.424605131149292,-0.2681407332420349,0.5143711566925049,0.17225010693073273,-1.2979670763015747,-1.3247183561325073,-3.365692615509033
0.6916667027398944,80,-889.7257080078125,-981.7664184570312,728.2421875,756.8842163085938,536.7852783203125,806.62548828125,3485.3193359375,-3135.83935546875,1887.61669921875,-5643.09912109375,9511.8408203125,11637.0869140625,-50.453956604003906,41.37611389160156,-46.411460876464844,1354.634765625,-723.366943359375,-395.76715087890625,670.973388671875,-302.0174560546875,1434.658203125,0.0,0.0,-3816.949951171875,-7908.4326171875,1403.077392578125,-2454.43212890625,10832.615234375,-5100.8212890625,0.0,0.0,-612.6864624023438,5692.8310546875,-1244.2305908203125,-239.30409240722656,185.26036071777344,432.85888671875,1721.9739990234375,869.919921875,0.36076220870018005,1.039965033531189,-0.45199427008628845,-1.260504126548767,1.3215177059173584,3.8910748958587646,2.427741765975952,0.7722120881080627,-0.9011173248291016,-1.2217235565185547,-3.629835605621338,0.36978989839553833,0.009140953421592712,1.40079927444458,0.8941084146499634,-1.1820645332336426,-0.20036880671977997,-0.3538055717945099,2.155017137527466,-0.5028939843177795,0.7210031747817993,0.850372850894928,-0.480562686920166,-1.1901878118515015,-3.959742546081543
0.7000000365078449,81,-1178.5853271484375,-202.6446533203125,443.4912109375,159.3182373046875,-131.766845703125,210.41026306152344,3086.884765625,-2780.08984375,2206.91015625,-9042.28125,7513.4423828125,9805.5166015625,4.0445709228515625,3.4874629974365234,-10.403853416442871,140.26925659179688,-31.070556640625,334.7170715332031,1010.5902099609375,-91.2476806640625,583.67431640625,0.0,0.0,-3300.65478515625,-7731.4140625,1830.674072265625,-1729.0888671875,11132.75390625,-4635.5087890625,0.0,0.0,-228.406982421875,5542.77685546875,-931.391845703125,-338.460693359375,2.6352386474609375,-93.319091796875,1313.09130859375,1291.104736328125,0.649690568447113,1.32377290725708,-0.11266890168190002,-1.7903192043304443,0.9835792779922485,3.712165594100952,1.9686604738235474,0.8898712396621704,-1.0352379083633423,-1.3235396146774292,-2.7221100330352783,0.43918338418006897,0.15665607154369354,1.7118571996688843,1.3848901987075806,-0.7623177766799927,0.11719886213541031,-0.7444356679916382,1.8555619716644287,-0.7906707525253296,0.0556785985827446,0.5379022359848022,-0.825883150100708,-0.767882764339447,-3.9971652030944824
0.7083333702757955,82,-3791.64013671875,-1871.616943359375,185.67724609375,534.6558837890625,-309.9771728515625,1036.00048828125,3393.2333984375,-3076.729248046875,2848.29443359375,-9051.76171875,11321.2900390625,13653.9228515625,71.38078308105469,109.74021911621094,-47.52352523803711,-1256.93798828125,-154.397705078125,956.8363037109375,1752.10498046875,-1115.03759765625,1086.7158203125,0.0,0.0,-3040.971435546875,-8063.98583984375,1394.3486328125,-2106.26611328125,11710.681640625,-4993.82177734375,0.0,0.0,-610.5029296875,5276.9482421875,-1036.9232177734375,-424.29046630859375,-141.81512451171875,-26.1220703125,1978.0692138671875,1781.751953125,0.47631481289863586,1.2907416820526123,-0.1841716468334198,-1.6996474266052246,0.9518035054206848,3.652005672454834,1.6583329439163208,0.6589246392250061,-0.9683218002319336,-1.2973331212997437,-2.03004789352417,0.41413748264312744,0.15911167860031128,1.5789313316345215,1.197748064994812,-0.9545561671257019,-0.12299520522356033,-0.5843984484672546,2.0673940181732178,-0.8272515535354614,0.15400303900241852,0.8133031129837036,-0.8502635955810547,-0.7809375524520874,-3.8273138999938965
0.716666704043746,83,-1593.767333984375,-663.936279296875,-253.3017578125,797.3348388671875,33.0980224609375,482.17388916015625,3751.5107421875,-2742.5966796875,2511.112548828125,-8542.68359375,11633.71484375,14339.388671875,1.2006425857543945,-4.727195739746094,1.4713249206542969,-8.9595947265625,-62.1552734375,217.51756286621094,961.9940795898438,-106.49603271484375,376.32373046875,0.0,0.0,-2931.778076171875,-7774.30615234375,1304.1279296875,-1984.1844482421875,11842.8525390625,-4812.76318359375,0.0,0.0,-209.00579833984375,5135.8212890625,-738.1219482421875,-311.48199462890625,-51.54009246826172,-122.68310546875,1553.10205078125,1444.599609375,0.29660212993621826,1.0080797672271729,0.12301918864250183,-1.5282082557678223,0.6166569590568542,3.489502191543579,1.2635594606399536,0.38809433579444885,-1.0764613151550293,-1.0210697650909424,-1.471225380897522,0.3055850565433502,0.07381557673215866,1.528373122215271,1.0325368642807007,-0.9371763467788696,-0.20849357545375824,-0.6284230351448059,1.691388487815857,-0.6644693613052368,0.0171649232506752,0.658266544342041,-0.9239088296890259,-0.3850688636302948,-3.2601895332336426
0.7250000378116965,84,-967.8421630859375,-1045.098388671875,-31.37158203125,567.6993408203125,1107.20068359375,1405.2052001953125,3062.6650390625,-3700.320556640625,3359.466796875,-9994.615234375,13000.4423828125,17260.322265625,9.432157516479492,9.247459411621094,-63.782344818115234,915.432373046875,-30.660400390625,-112.3183822631836,924.4514770507812,-835.2245483398438,1308.34814453125,0.0,0.0,-2130.586669921875,-7959.0087890625,982.1187744140625,-2282.8525390625,11950.43359375,-4865.603515625,0.0,0.0,-130.86651611328125,4050.6953125,-1168.399658203125,-443.4114990234375,11.55609130859375,-103.359619140625,2247.634033203125,1883.569091796875,0.33919185400009155,1.0540839433670044,0.24772411584854126,-1.4616267681121826,0.4241087734699249,3.648381233215332,1.0213674306869507,0.4768732786178589,-0.8368422985076904,-0.9425250291824341,-1.0129523277282715,0.27830058336257935,0.024391332641243935,1.412270426750183,1.0805939435958862,-0.9139809012413025,-0.14647924900054932,-0.648551344871521,1.7063074111938477,-0.490283727645874,-0.044901713728904724,0.9790143370628357,-0.896844744682312,-0.414541095495224,-3.0659825801849365
0.7333333715796471,85,-921.8890380859375,-577.244873046875,135.56005859375,219.89794921875,-111.70654296875,103.394287109375,3017.98876953125,-3884.178466796875,2419.2138671875,-11090.55859375,9575.533203125,18110.623046875,12.381099700927734,-11.584121704101562,-6.626617431640625,99.99697875976562,-15.96142578125,255.61131286621094,956.733154296875,-192.285400390625,245.97802734375,0.0,0.0,-2096.995361328125,-7615.3291015625,439.89752197265625,-2072.80810546875,12327.234375,-5640.28515625,0.0,0.0,-221.19805908203125,4267.837890625,-693.5939331054688,-278.5074462890625,92.53970336914062,-155.209716796875,1795.3935546875,1200.25927734375,0.4973382353782654,1.6382181644439697,0.9170176982879639,-1.9685947895050049,0.518207848072052,3.1969127655029297,0.555254340171814,0.4458686411380768,-0.675911545753479,-0.3772839605808258,-0.21817682683467865,0.13618092238903046,-0.040769752115011215,1.3437162637710571,1.1845715045928955,-0.2806691527366638,-0.2653422951698303,-0.6274117827415466,1.2981480360031128,0.0029041916131973267,-0.22989368438720703,0.5960423350334167,-0.19162574410438538,-0.01758137345314026,-2.2671284675598145
0.7416667053475976,86,-3847.782470703125,5.2548828125,436.40673828125,-393.58673095703125,-121.653076171875,1584.6695556640625,3496.54931640625,-3565.601806640625,3610.2333984375,-11816.697265625,14544.1259765625,22135.431640625,184.4245147705078,101.01078033447266,-87.56603240966797,-1637.1104736328125,610.5020751953125,897.0020751953125,2382.31494140625,-59.56175994873047,1504.80908203125,0.0,0.0,-978.385498046875,-7162.96923828125,-321.71258544921875,-1933.7769775390625,11615.037109375,-6373.8017578125,0.0,0.0,-555.6763305664062,2914.394775390625,-1842.724609375,-450.11126708984375,431.7982177734375,-376.0908203125,2571.721923828125,917.955322265625,0.3275327682495117,1.581620693206787,0.8069665431976318,-1.775129795074463,0.6209583282470703,3.298793315887451,0.393851101398468,0.16516274213790894,-0.49433770775794983,-0.38833409547805786,0.14256305992603302,0.12520645558834076,-0.04659455642104149,1.2566689252853394,1.1887034177780151,-0.47775349020957947,-0.5120551586151123,-0.6461957693099976,1.4006150960922241,0.2824298143386841,-0.27086740732192993,1.0230176448822021,0.25228142738342285,-0.12876373529434204,-2.102113723754883
0.7500000391155481,87,-1424.5576171875,-536.0462646484375,-448.27490234375,277.05572509765625,-314.1416015625,307.300048828125,4122.87451171875,-4591.26904296875,2687.932373046875,-8960.8828125,13861.4384765625,23047.927734375,20.34478759765625,-2.036346435546875,16.485321044921875,-28.9942626953125,11.1318359375,4.090087890625,1098.4788818359375,-198.50872802734375,50.28564453125,0.0,0.0,-1157.56689453125,-6995.09375,-993.8330688476562,-1950.73388671875,11245.9375,-6850.6240234375,0.0,0.0,-699.2884521484375,3112.745361328125,-1212.3316650390625,-265.1307678222656,81.50680541992188,-261.372314453125,2038.87158203125,986.4644775390625,-0.05671653896570206,1.5727235078811646,1.4274742603302002,-1.3053470849990845,0.7329394817352295,2.886054515838623,-0.15930047631263733,-0.182952880859375,0.10861852020025253,0.14373701810836792,-0.01409379206597805,-0.024340331554412842,0.23898665606975555,1.0643291473388672,0.63908451795578,-0.31708431243896484,-0.602965772151947,-0.4320580065250397,1.1481482982635498,0.8248757123947144,-0.22349229454994202,1.2341392040252686,0.6351444721221924,0.30813345313072205,-1.9825108051300049
0.7583333728834987,88,-1343.2578125,-544.378662109375,575.906005859375,-310.9731750488281,812.667236328125,1265.10888671875,3577.21875,-5043.63623046875,3579.37646484375,-7384.73876953125,16736.83203125,23646.41796875,95.05597686767578,51.2227783203125,-125.94963073730469,1958.343994140625,311.96826171875,-789.2651977539062,543.2887573242188,22.014690399169922,1148.15380859375,0.0,0.0,161.41567993164062,-6675.88037109375,-1971.6990966796875,-1798.6396484375,10609.5888671875,-6936.91015625,0.0,0.0,-1025.3560791015625,1137.574462890625,-2314.615234375,-317.5251770019531,1104.2540283203125,-287.577880859375,2514.988525390625,529.028564453125,-0.06016932800412178,1.4480561017990112,1.3835572004318237,-0.9641790390014648,0.6278137564659119,2.9700608253479004,-0.5711294412612915,-0.1619390994310379,0.303679496049881,0.1589595377445221,0.048337966203689575,-0.025027170777320862,0.18180720508098602,1.0007532835006714,0.6986902952194214,-0.2953926920890808,-0.5111942291259766,-0.5149730443954468,1.058592438697815,0.9935835003852844,-0.3653639256954193,1.3960448503494263,0.6951819658279419,0.2487937957048416,-1.9036797285079956
0.7666667066514492,89,-1088.9619140625,-670.0625,42.14111328125,-332.4511413574219,-364.90234375,-184.1416015625,3669.49072265625,-5989.572265625,2410.57666015625,-5565.3564453125,13059.91796875,22253.537109375,38.831329345703125,-13.1478271484375,8.695236206054688,134.04769897460938,39.6082763671875,165.2710723876953,1010.8262939453125,-315.28369140625,95.5595703125,0.0,0.0,82.88739013671875,-6614.85888671875,-2038.87646484375,-1451.369873046875,10906.2548828125,-6677.67626953125,0.0,0.0,-957.1802368164062,1462.22314453125,-1249.132568359375,-310.3139343261719,241.23486328125,-326.73504638671875,2151.604736328125,436.5306396484375,-0.0416044220328331,1.9856579303741455,2.039630889892578,-1.1534998416900635,0.5676426291465759,2.4807238578796387,-1.3909388780593872,-0.18609154224395752,0.7980369925498962,0.7694340348243713,0.10905943810939789,-0.01575932651758194,0.8631619811058044,0.9549492001533508,0.3509000539779663,0.33969733119010925,-0.24629142880439758,-0.3952735960483551,0.917035698890686,0.9807971715927124,-0.6134805679321289,1.029484510421753,0.4447879493236542,0.52597576379776,-1.6630346775054932
0.7750000404193997,90,-6099.1064453125,-1445.5640869140625,185.07080078125,-1166.430908203125,-79.963134765625,1440.790771484375,4367.7763671875,-5399.494140625,3451.386474609375,-291.490966796875,17901.80859375,20992.615234375,315.09088134765625,62.382598876953125,-37.659881591796875,-2774.360595703125,1215.9266357421875,1398.1343994140625,2571.269287109375,-748.3665771484375,1114.69091796875,0.0,0.0,1043.2777099609375,-6054.24072265625,-2453.828125,-872.7877197265625,10337.458984375,-6961.294921875,0.0,0.0,-969.1768798828125,-329.9697265625,-3332.07568359375,-249.38536071777344,1164.510986328125,-623.4584350585938,3052.2216796875,-586.359375,-0.20370951294898987,1.8063561916351318,1.7569376230239868,-0.7753859758377075,0.3922733962535858,2.301044464111328,-1.682677149772644,-0.5121228694915771,0.7900004386901855,0.6956791877746582,0.12703225016593933,-0.015013045631349087,0.8170449733734131,0.9043603539466858,0.15508097410202026,0.1813712865114212,-0.22640132904052734,-0.33579733967781067,1.121729850769043,1.0243831872940063,-0.7504021525382996,0.9565302729606628,0.3624943494796753,0.40019500255584717,-1.5474791526794434
0.7833333741873503,91,-1998.984375,-1323.2037353515625,-1142.04345703125,225.230224609375,-135.216796875,534.998291015625,5696.9658203125,-6218.037109375,2632.330078125,3697.880859375,17605.484375,22593.87890625,32.289215087890625,-16.435806274414062,48.52532958984375,-184.1162109375,25.775405883789062,-272.78192138671875,1211.542724609375,-144.87368774414062,-94.20947265625,0.0,0.0,943.1256713867188,-5828.3046875,-3470.24072265625,-770.2744140625,10292.072265625,-6793.45458984375,0.0,0.0,-752.0757446289062,148.3671875,-27.720703125,-351.6745910644531,141.0975341796875,-459.52734375,2333.86962890625,401.849853515625,-0.9343248605728149,1.707853078842163,2.1076817512512207,-0.21243536472320557,0.22017306089401245,1.750593900680542,-4.235736846923828,-1.156702995300293,1.1869291067123413,1.1155108213424683,-0.5911232233047485,0.08201137185096741,1.5728695392608643,0.6973959803581238,-0.5073707103729248,0.22710242867469788,-0.4497223496437073,-0.19778752326965332,0.8388398885726929,1.7861398458480835,-0.7718878984451294,0.8993488550186157,0.22913435101509094,0.9424465298652649,-2.217912435531616
0.7916667079553008,92,-452.8046875,-3488.30322265625,-589.0615234375,-978.2874755859375,1467.656005859375,1833.076904296875,4662.7607421875,-5473.234375,2529.583251953125,8816.4365234375,18722.93359375,19117.251953125,60.9571533203125,40.64739990234375,-42.4505615234375,2994.1982421875,356.4845886230469,-1057.6103515625,668.37939453125,-164.19537353515625,1254.0908203125,0.0,0.0,1023.815185546875,-5935.89306640625,-3513.50341796875,-658.7310791015625,9608.080078125,-6762.966796875,0.0,0.0,-682.1864624023438,-1770.9661865234375,-2844.64111328125,-301.23077392578125,1051.6580810546875,-1134.03759765625,3601.033447265625,-156.98779296875,-0.8041046857833862,1.607936143875122,2.105069160461426,0.2745945155620575,0.24231968820095062,1.706077218055725,-3.8878562450408936,-0.8350486159324646,1.2598716020584106,1.1419553756713867,-0.7511807680130005,0.0656379759311676,1.412537932395935,0.6511738896369934,-0.48708799481391907,0.37943750619888306,-0.17393988370895386,-0.26614272594451904,0.7446309328079224,1.7711365222930908,-0.7395330667495728,0.8149234056472778,0.10059723258018494,0.8879274725914001,-2.0943660736083984
0.8000000417232513,93,-786.65673828125,-1591.156982421875,-526.882080078125,-841.5098876953125,78.486572265625,-78.93017578125,4672.51708984375,-7117.58984375,2076.829345703125,8124.44140625,13962.2333984375,19149.291015625,43.479339599609375,-37.97322082519531,29.404571533203125,52.25531005859375,61.664154052734375,51.31775665283203,1123.111572265625,-357.80413818359375,-26.16943359375,0.0,0.0,1487.3779296875,-5621.46533203125,-4334.87890625,-166.8658447265625,9296.98828125,-6764.60107421875,0.0,0.0,-570.4905395507812,-116.31501770019531,-101.62353515625,-332.21734619140625,288.765869140625,-502.8792419433594,2396.95458984375,951.9169921875,-0.8125540614128113,2.2528560161590576,2.95401930809021,0.20682840049266815,0.1694899946451187,0.23661163449287415,-5.783040523529053,-0.7419446706771851,2.0644612312316895,1.3048226833343506,-1.385247826576233,0.0993284285068512,1.9130074977874756,0.093500517308712,-0.35315951704978943,1.1331384181976318,-0.17400741577148438,-0.5828552842140198,0.425786554813385,2.300678014755249,-1.074131965637207,0.9950948357582092,0.11212867498397827,1.7919915914535522,-2.8063559532165527
0.8083333754912019,94,-9115.8916015625,272.82763671875,-2239.05419921875,-1205.8907470703125,-1781.0025634765625,741.1455078125,5825.0322265625,-7628.28125,2487.67529296875,19604.21484375,23033.44921875,13696.8564453125,151.67230224609375,212.8545379638672,70.18663024902344,-4547.60302734375,838.0313720703125,2967.78076171875,3686.389404296875,-1407.6451416015625,-436.212890625,0.0,0.0,1523.36767578125,-5660.2724609375,-4510.5859375,513.7059326171875,7667.80810546875,-7128.06103515625,0.0,0.0,-415.62152099609375,-83.58863067626953,-3336.83642578125,-368.28424072265625,77.076171875,-1787.5126953125,3411.01123046875,1630.14697265625,-0.9645799398422241,2.1452524662017822,2.666625499725342,0.8918973207473755,0.2069520503282547,0.16520880162715912,-5.330039024353027,-1.0481244325637817,2.056760787963867,1.2853409051895142,-1.5275014638900757,0.09004209190607071,1.7941207885742188,0.11841994524002075,-0.6476359963417053,0.8778758645057678,-0.34089046716690063,-0.44297122955322266,0.6590492725372314,2.1499180793762207,-0.9509278535842896,1.020389199256897,0.19455944001674652,1.6275221109390259,-2.6969492435455322
0.8166667092591524,95,-2548.80078125,-1376.594482421875,-2367.79541015625,226.416259765625,-452.4613037109375,814.5849609375,7603.306640625,-7087.08203125,2110.9970703125,23303.20703125,23588.798828125,14254.8837890625,31.0391845703125,8.702423095703125,54.43235778808594,-509.76953125,258.18927001953125,-414.642578125,1308.291748046875,150.5887451171875,-481.9248046875,0.0,0.0,1564.642333984375,-5021.7158203125,-5142.52734375,875.7197265625,8733.666015625,-5842.3125,0.0,0.0,-838.5479736328125,141.2316131591797,-303.685546875,-241.68299865722656,14.4903564453125,-709.2326049804688,2349.89892578125,1509.022705078125,-1.6411561965942383,1.2663503885269165,2.4280946254730225,2.571413278579712,0.5690445303916931,-0.03037336841225624,-7.3460845947265625,-1.868559718132019,1.6146254539489746,1.444002628326416,-1.8147424459457397,-0.013054557144641876,1.6979286670684814,-0.7621734738349915,-1.1928554773330688,0.7116457223892212,-0.37649092078208923,-0.40554624795913696,0.08900455385446548,2.5028436183929443,-1.2034720182418823,0.07220378518104553,-0.8003736734390259,2.345062732696533,-2.3959593772888184
0.825000043027103,96,3439.57958984375,-1151.4908447265625,-3617.0888671875,764.7122802734375,951.32421875,-189.39111328125,5265.1494140625,-7150.041015625,236.775634765625,25502.447265625,21968.40625,1591.759521484375,-290.1332702636719,0.6370849609375,103.7093505859375,4436.9697265625,376.5694580078125,-2381.183837890625,-1002.7198486328125,-844.947021484375,1635.7861328125,0.0,0.0,586.496826171875,-6891.1943359375,-4472.30517578125,543.21533203125,6813.6533203125,-4495.0361328125,0.0,0.0,-702.79931640625,-123.19239807128906,-2428.31689453125,-167.9234619140625,26.1326904296875,-2141.5341796875,1692.6435546875,2619.471435546875,-1.235796332359314,1.085707426071167,2.5188686847686768,3.024261236190796,0.6116683483123779,0.07486360520124435,-6.80494499206543,-1.197174310684204,1.530840516090393,1.479396104812622,-1.8191651105880737,-0.012395341880619526,1.5307936668395996,-0.6975882649421692,-1.1496987342834473,0.7885691523551941,0.5358778238296509,-0.38058343529701233,0.28438863158226013,1.9573994874954224,-1.2576489448547363,0.05583595857024193,-1.1138824224472046,2.2518231868743896,-2.2505860328674316
0.8333333767950535,97,-422.8583984375,-798.3783569335938,-446.0697326660156,-1082.5869140625,-187.06005859375,-584.68505859375,4871.9853515625,-6190.26220703125,1612.236572265625,20514.611328125,18657.017578125,466.779296875,35.72736740112305,-3.195556640625,-10.359817504882812,50.1905517578125,332.6026611328125,15.6058349609375,1280.489013671875,-758.81005859375,-100.80810546875,0.0,0.0,968.2115478515625,-7149.59033203125,-3053.92919921875,1231.218017578125,7654.470703125,-4226.697265625,0.0,0.0,-897.7950439453125,-175.33676147460938,-365.5546875,-1129.865234375,9574.896484375,-2125.51513671875,2127.552734375,481.53680419921875,-0.14129586517810822,1.6145416498184204,2.5210609436035156,1.8268258571624756,0.7765789031982422,0.10489656031131744,-7.917441368103027,-0.8782504200935364,0.8745372295379639,0.6304624080657959,2.6058359146118164,0.7742702960968018,-6.386129856109619,-0.6164534687995911,-0.25358590483665466,1.2376898527145386,0.6459081768989563,-0.6556613445281982,0.48558664321899414,0.6407357454299927,-1.7589858770370483,-0.5988455414772034,-1.2066302299499512,1.7329542636871338,-0.3060137629508972
0.841666710563004,98,-2159.89892578125,3621.640625,-3539.219970703125,-1602.28564453125,-4838.1865234375,-1680.578369140625,3927.680908203125,821.04248046875,-542.7178344726562,24381.662109375,29048.23046875,2092.67724609375,-51.24828338623047,-359.3034362792969,125.82093811035156,-3363.66015625,75.619384765625,595.7342529296875,3378.286865234375,-1023.1768798828125,461.89697265625,0.0,0.0,499.7593994140625,-7320.18505859375,-2069.26025390625,1325.4285888671875,4609.80908203125,-6805.26220703125,0.0,0.0,-2.33807373046875,-781.152587890625,-1541.6953125,-251.13446044921875,9826.73828125,-4741.47412109375,1728.540771484375,-1172.0377197265625,-0.17916914820671082,1.4397648572921753,2.204759359359741,1.1220566034317017,0.7300480604171753,0.085409015417099,-7.336496353149414,-0.9056328535079956,0.7245107293128967,0.7440340518951416,3.2219502925872803,-0.8831495046615601,-5.970821857452393,0.39107730984687805,-0.07703328132629395,0.3990449905395508,0.10926134139299393,-0.6119028329849243,0.8886440992355347,0.4987182915210724,-1.2930575609207153,0.20034649968147278,0.106496661901474,1.5246639251708984,0.19830086827278137
0.8500000443309546,99,-1271.78955078125,-143.649169921875,-1433.4268798828125,-381.9105224609375,-685.890625,469.9849853515625,5492.966796875,-2065.93896484375,56.04608154296875,35110.5078125,37299.07421875,-1005.8837890625,9.930602073669434,6.584169387817383,7.916586875915527,-59.529052734375,17.3416748046875,-243.322998046875,1518.6837158203125,-209.4578857421875,-406.4052734375,0.0,0.0,-1405.2757568359375,-7733.123046875,-1593.83203125,1082.1181640625,2534.35205078125,-3441.742431640625,0.0,0.0,-843.5509033203125,-165.53445434570312,-386.55859375,-415.90875244140625,10956.984375,-4835.7353515625,1943.521484375,1643.6234130859375,-0.827085018157959,-0.9259700179100037,0.8945216536521912,4.323973655700684,1.3956302404403687,-0.4147569239139557,-7.676309585571289,-1.665465235710144,2.2671425342559814,0.4165125787258148,-0.08465439081192017,-0.6956380605697632,-6.444075584411621,0.44410356879234314,-1.847651720046997,-1.0012394189834595,0.6373046636581421,1.0348535776138306,1.1590924263000488,0.05402150750160217,-1.0315213203430176,1.9269908666610718,-2.662674903869629,1.2283068895339966,-2.140024185180664
0.8583333780989051,100,4280.27294921875,-93.083984375,-4123.732421875,69.110107421875,359.33251953125,-1273.9609375,5803.11279296875,-594.87646484375,-460.16314697265625,26914.689453125,26154.37109375,-1609.7529296875,-87.51750183105469,-347.7967529296875,292.2232666015625,4794.94384765625,1919.0244140625,-1703.970703125,-2188.847412109375,-797.238525390625,514.5517578125,0.0,0.0,-1980.2767333984375,-6542.240234375,-185.6840057373047,2679.528564453125,757.6697998046875,-1533.659423828125,0.0,0.0,-813.962646484375,-2849.5146484375,1000.96630859375,3987.4794921875,9697.4853515625,-5780.8603515625,-227.4490966796875,1797.394287109375,-0.8231105208396912,-1.172196388244629,1.2367968559265137,3.7086286544799805,1.3246643543243408,-0.396322637796402,-7.0846848487854,-1.7025718688964844,1.9591166973114014,0.22645381093025208,0.015865027904510498,-3.7860653400421143,-3.79170560836792,0.8890917301177979,-1.9643316268920898,-0.15424314141273499,1.128137230873108,0.9033777713775635,-0.43454939126968384,0.0011874884366989136,-1.6387295722961426,1.7246785163879395,-2.914482593536377,1.4469525814056396,-2.2933273315429688
0.8666667118668556,101,-83.69302368164062,-454.27978515625,-66.349609375,-797.6444702148438,275.3690185546875,-290.30987548828125,5754.396484375,1045.9910888671875,-392.0758361816406,21106.62109375,32176.26953125,1095.310791015625,-23.43780517578125,-28.200714111328125,-6.76300048828125,127.490478515625,83.06640625,-20.356201171875,1066.988525390625,-1390.1767578125,118.7158203125,0.0,0.0,-1850.944580078125,-7668.6494140625,185.07330322265625,2454.0576171875,324.7373046875,-3535.919921875,0.0,0.0,-770.8451538085938,-303.86669921875,-196.56787109375,-23.30206298828125,7194.541015625,-4725.55029296875,1514.860107421875,713.4850463867188,-0.3178299069404602,-1.0380698442459106,0.6056880950927734,2.102773427963257,1.2430410385131836,-2.414001941680908,-5.549149990081787,-1.549342393875122,0.9389896392822266,0.2181735336780548,1.5520933866500854,-0.22191397845745087,-1.3624521493911743,-0.02654089778661728,-0.8557118773460388,-1.1638600826263428,0.5897461175918579,0.7069737315177917,0.5274652242660522,-0.3159085810184479,-1.3652838468551636,1.9836264848709106,-1.0392297506332397,-0.0676458403468132,-1.2131917476654053
0.8750000456348062,102,-5249.40234375,-969.15283203125,-2351.3603515625,394.81640625,-1738.453369140625,-969.72265625,7492.42236328125,-30.8701171875,-326.0111083984375,15567.021484375,32894.49609375,55.7398681640625,47.130088806152344,-185.427490234375,-1.347320556640625,-5214.5947265625,1997.35205078125,233.33218383789062,4220.54931640625,-85.844482421875,-3629.142578125,0.0,0.0,-2511.15478515625,-5861.94287109375,89.38774108886719,3509.17041015625,-3346.82373046875,-4229.3330078125,0.0,0.0,-768.1258544921875,-497.21728515625,2809.66552734375,50.0408821105957,8099.44189453125,-4867.33935546875,479.2333984375,571.6680297851562,-0.6863676309585571,-0.843184232711792,0.34773850440979004,0.8562730550765991,1.0626567602157593,-2.3318893909454346,-5.125130653381348,-1.5910007953643799,2.125839948654175,0.5409683585166931,0.1710193157196045,-0.026591122150421143,-1.5477629899978638,0.024746928364038467,-0.9775664806365967,-1.1087260246276855,0.3180142641067505,0.5781934857368469,0.3615834712982178,0.04032430052757263,-1.408468246459961,2.848973274230957,-0.05279448628425598,-0.07432817667722702,-1.1629446744918823
0.8833333794027567,103,-1441.415283203125,42.1915283203125,-1158.1484375,796.5570678710938,-401.480712890625,745.0973510742188,7688.2001953125,-413.990234375,-557.28759765625,16597.0859375,38763.15625,4168.64892578125,-43.7016487121582,13.239288330078125,16.845809936523438,-449.37255859375,-192.34912109375,-605.96533203125,691.6795654296875,417.8084716796875,-361.1728515625,0.0,0.0,-3257.145751953125,-6099.8896484375,-559.0933227539062,2809.39794921875,-5357.89990234375,-6299.14501953125,0.0,0.0,-482.42474365234375,22.402587890625,-117.75927734375,258.88079833984375,8178.2958984375,-3738.298828125,1301.8126220703125,2261.37939453125,-0.8463852405548096,-1.48452627658844,-0.575432538986206,0.4198792576789856,0.780459463596344,-2.560711622238159,-2.3629822731018066,-1.5397275686264038,2.205050230026245,0.6933594942092896,-0.7132848501205444,-0.2310035675764084,-1.4673243761062622,-0.8978491425514221,-1.047247290611267,-1.9690544605255127,-0.3500330448150635,1.1496756076812744,0.5032532215118408,0.5524951219558716,-0.6993328332901001,4.2751030921936035,1.6592988967895508,-0.7280651330947876,-2.443791389465332
0.8916667131707072,104,4986.00390625,-1375.117919921875,220.69091796875,1377.90087890625,-135.054931640625,904.3255615234375,6539.86474609375,916.8125,-1865.6707763671875,9934.73046875,30206.470703125,6229.00537109375,-147.7689666748047,17.11822509765625,-22.387710571289062,4889.23583984375,1626.70458984375,-2556.93798828125,-2887.611083984375,-858.3291015625,164.5819091796875,0.0,0.0,-2666.989990234375,-6176.5263671875,-1915.20361328125,2881.317138671875,-6332.34423828125,-6813.53564453125,0.0,0.0,-569.8610229492188,-362.27490234375,1773.0367431640625,-1127.384033203125,8480.109375,-2969.0400390625,422.03973388671875,2627.46826171875,-0.5999822020530701,-1.5600749254226685,-0.19224433600902557,-0.14509722590446472,0.6849429607391357,-2.3265862464904785,-2.192704200744629,-1.0140907764434814,2.465013265609741,0.9269930124282837,-1.1258028745651245,-0.0029955245554447174,-1.0930161476135254,-0.9455407857894897,-0.517861545085907,-1.0844827890396118,-0.36843302845954895,0.68296879529953,-0.7782962918281555,1.0186735391616821,-0.7850302457809448,3.737042188644409,1.4809062480926514,-0.5256088972091675,-2.5341849327087402
0.9000000469386578,105,124.0479736328125,-572.99267578125,148.1904296875,-376.6745300292969,386.504638671875,-35.4478759765625,5395.74072265625,-22.63134765625,-536.6666259765625,8215.404296875,22028.861328125,2768.6064453125,-27.4617919921875,-11.295989990234375,-5.259063720703125,55.656982421875,-111.09619140625,-508.434326171875,563.0230712890625,-2808.005615234375,52.959716796875,0.0,0.0,-2482.261962890625,-4444.291015625,-812.4530639648438,3138.83203125,-5017.7197265625,-5665.40673828125,0.0,0.0,-328.86688232421875,-94.202392578125,-24.516357421875,-1544.6658935546875,8250.45703125,-3601.34375,1001.0839233398438,2394.33984375,0.3702263832092285,-1.727378249168396,0.32329869270324707,-0.6754143834114075,0.4636994004249573,-2.3598618507385254,-0.5678172707557678,-0.3108142912387848,2.79083251953125,0.1347738355398178,-1.6448146104812622,0.33473730087280273,-0.7855316400527954,-0.3575463891029358,-0.20634306967258453,0.3047240078449249,0.20335321128368378,0.4579943120479584,-2.1316936016082764,0.038972169160842896,-0.9176173806190491,2.409402847290039,0.44206511974334717,-0.9449715614318848,-2.1703810691833496
0.9083333807066083,106,-3818.564453125,-2041.57568359375,-1882.330078125,-921.6495361328125,-3455.57373046875,132.92788696289062,5340.154296875,333.208984375,-39.256771087646484,11836.19921875,23632.525390625,-2757.18701171875,38.152137756347656,0.7249755859375,-146.88980102539062,-3684.198486328125,669.060546875,45.841064453125,3213.380615234375,-661.2525634765625,-3703.84228515625,0.0,0.0,-3165.392578125,-3767.250244140625,-14.72216796875,2787.227783203125,-6025.4873046875,-4160.98681640625,0.0,0.0,-386.0152587890625,-300.52734375,1212.9808349609375,-1604.0313720703125,7880.37939453125,-3125.855712890625,453.8238220214844,1267.236083984375,0.3471639156341553,-1.5916615724563599,0.11799711734056473,0.993709921836853,0.5153625011444092,-2.110523223876953,-0.44009867310523987,-0.20687800645828247,3.127239942550659,-0.023293469101190567,-1.9917709827423096,-0.12366235256195068,-0.4500941336154938,-0.6436028480529785,-0.7791996002197266,0.19233745336532593,0.8361223936080933,0.7661780714988708,-1.283194661140442,-0.9454250335693359,-0.7741519212722778,2.437201976776123,-1.6656749248504639,-0.7711494565010071,-1.1525770425796509
0.9166667144745588,107,-388.3988037109375,93.8543701171875,-1005.82275390625,374.7369079589844,-494.76904296875,704.3705444335938,5751.55126953125,831.81005859375,-452.3619689941406,17725.412109375,30414.2265625,-9098.810546875,-4.275606155395508,10.178466796875,12.949679374694824,-262.65936279296875,-226.3388671875,-551.3502807617188,430.76861572265625,498.2691650390625,-299.1873779296875,0.0,0.0,-3709.279052734375,-4186.62451171875,464.8861083984375,2576.578125,-6731.12353515625,-922.24365234375,0.0,0.0,-406.46697998046875,-78.412841796875,-53.64886474609375,-1226.7906494140625,7769.1962890625,-2789.56591796875,605.927001953125,1263.594970703125,-0.39044496417045593,-3.0558111667633057,-0.17910665273666382,1.6736359596252441,0.5102370977401733,-2.1174137592315674,0.6165299415588379,-0.3864547610282898,2.6428439617156982,0.23643852770328522,-2.5327353477478027,-0.44633910059928894,-0.30617767572402954,-0.8633161187171936,-1.6844853162765503,-0.9235585927963257,1.8209630250930786,1.1309890747070312,-0.8406619429588318,-1.276706576347351,-0.6001229882240295,2.873624324798584,-4.134571075439453,-0.8350721597671509,-1.080122947692871
0.9250000482425094,108,5190.9931640625,967.6690673828125,-1649.767578125,1176.9407958984375,1382.7802734375,-176.77490234375,4257.48486328125,764.20068359375,-1752.2587890625,13524.4375,20424.65234375,-16425.595703125,-54.84355163574219,76.564208984375,96.79824829101562,6321.38916015625,859.47509765625,-3128.62744140625,-4070.753173828125,-1639.4739990234375,269.9202880859375,0.0,0.0,-4443.99951171875,-3909.35498046875,2318.240478515625,2471.166015625,-7438.10546875,-293.46142578125,0.0,0.0,-996.1532592773438,-876.001220703125,215.25177001953125,-2106.386474609375,8296.1875,-2840.209228515625,1912.5908203125,1805.8187255859375,-0.39629843831062317,-3.007162570953369,0.1572076678276062,1.4411110877990723,0.48955443501472473,-1.9169409275054932,0.5953326225280762,-0.07985159009695053,2.7584736347198486,0.3741329312324524,-2.69620418548584,0.03592148423194885,-0.1609579473733902,-0.7861555814743042,-1.6445238590240479,-0.20889006555080414,2.681142568588257,0.7165676355361938,-1.5639654397964478,-0.9834074974060059,-0.901658833026886,2.416055917739868,-4.056064128875732,-0.672622799873352,-1.1855908632278442
0.9333333820104599,109,429.5302734375,-453.40740966796875,621.14013671875,-234.88070678710938,384.22509765625,-353.58062744140625,3655.674560546875,-107.23046875,-480.34429931640625,3992.60009765625,14176.4599609375,-7093.82421875,-14.031665802001953,-17.319839477539062,-9.673851013183594,216.04345703125,-111.94580078125,-790.083740234375,608.487060546875,-1212.690673828125,22.8765869140625,0.0,0.0,-3879.863525390625,-2240.527099609375,-334.22607421875,2777.27978515625,-6837.8828125,-5030.0625,0.0,0.0,-429.5820617675781,-122.53662109375,-48.12359619140625,-2876.524169921875,8272.8798828125,-2628.903564453125,511.53173828125,2776.99951171875,0.36791062355041504,-2.252462387084961,0.24491727352142334,0.31541886925697327,0.019674384966492653,-2.373975992202759,0.7666380405426025,0.2469976544380188,3.004814624786377,-0.33836039900779724,-2.6123969554901123,0.6652958989143372,-0.12028004229068756,-0.8910945653915405,0.019783906638622284,0.8092581629753113,0.9408330917358398,0.17710836231708527,-2.8132147789001465,1.2221958637237549,-1.0899956226348877,1.7352042198181152,0.0839366763830185,0.5082026124000549,-1.8849881887435913
0.9416667157784104,110,-5968.8671875,-913.9241943359375,-306.10107421875,-177.219970703125,-3863.248291015625,-876.2827758789062,3628.464111328125,1042.099609375,555.578857421875,8027.76513671875,18323.783203125,-6885.9921875,45.33407211303711,107.23683166503906,-126.29667663574219,-9036.908203125,1530.31396484375,498.8719482421875,7376.4560546875,57.634521484375,-5109.09619140625,0.0,0.0,-3182.194091796875,827.236572265625,-2543.69873046875,2456.767578125,-7426.08251953125,-6708.056640625,0.0,0.0,102.2951431274414,479.75146484375,723.607421875,-3435.29248046875,8114.501953125,-2557.95751953125,-402.50897216796875,3021.03857421875,0.04436522722244263,-2.0061821937561035,0.2678215801715851,0.09490260481834412,-0.0067224688827991486,-2.2505836486816406,0.7308836579322815,0.19769585132598877,3.079145669937134,-0.324222594499588,-2.731231451034546,0.19856800138950348,0.14536185562610626,-0.9287812113761902,-0.07180725038051605,0.9271504878997803,0.37181490659713745,0.09168828278779984,-2.9515199661254883,1.6388633251190186,-0.9480273723602295,1.5041922330856323,0.19977612793445587,0.4307941496372223,-1.7495243549346924
0.950000049546361,111,-261.364501953125,1195.3804931640625,-638.43994140625,1176.352294921875,-861.10107421875,157.74185180664062,4136.1708984375,1207.29150390625,-35.02360534667969,15561.62890625,26084.94921875,-13709.564453125,-1.4784536361694336,37.382591247558594,7.619989395141602,-371.1640625,-64.82861328125,-344.667724609375,381.19677734375,1706.875244140625,-793.50439453125,0.0,0.0,-3912.29345703125,-341.89208984375,-1665.52099609375,2356.6611328125,-8240.650390625,-2213.9150390625,0.0,0.0,-300.90045166015625,25.4111328125,-39.399658203125,-2188.2294921875,8138.93603515625,-1762.4302978515625,373.2325439453125,2445.13232421875,-0.689716637134552,-3.448627233505249,-0.2853611707687378,1.9618741273880005,0.33569037914276123,-1.6996947526931763,1.2865206003189087,-0.0636717677116394,2.7870113849639893,0.044238850474357605,-3.1775197982788086,-0.8483164310455322,0.1233963891863823,-1.5041005611419678,-1.2884535789489746,-0.3728935122489929,1.4748836755752563,0.6670233011245728,-1.7783364057540894,0.7854627370834351,-0.8462474942207336,2.077219009399414,-3.3983724117279053,-0.22654852271080017,-1.1589949131011963
0.9583333833143115,112,7033.673828125,1083.914794921875,-1690.0537109375,1224.1085205078125,3636.212158203125,26.11292266845703,2617.75634765625,-481.01025390625,-1248.10693359375,10199.748046875,17361.7109375,-17296.400390625,-87.68997955322266,25.708040237426758,110.77259826660156,12319.85546875,1085.88623046875,-4584.10205078125,-10112.291015625,-2168.161376953125,1916.763427734375,0.0,0.0,-5986.2041015625,-1604.468505859375,-81.0966796875,1401.0380859375,-8830.3740234375,-852.060546875,0.0,0.0,-1099.629638671875,-913.747314453125,-158.9901123046875,-2599.689453125,8430.470703125,-861.8594970703125,817.3117065429688,2868.720947265625,-0.4842448830604553,-3.5724453926086426,0.0032605230808258057,2.3150410652160645,0.2922412157058716,-1.512239933013916,1.1738954782485962,0.17613822221755981,2.7175192832946777,0.12454945594072342,-2.8057847023010254,-0.26169294118881226,-0.006229721009731293,-1.4182376861572266,-1.2373225688934326,-0.2357616424560547,2.0546395778656006,0.4015008509159088,-1.8315582275390625,0.4682789444923401,-0.8204319477081299,1.8829423189163208,-3.869675874710083,-0.12600329518318176,-0.6429004073143005
0.966666717082262,113,462.294677734375,-1869.258056640625,661.0263671875,-119.7066650390625,996.38818359375,-273.4169006347656,2242.5712890625,56.442626953125,1380.55029296875,-257.48046875,9169.1455078125,-11860.5400390625,-10.713874816894531,-56.33403778076172,-14.320579528808594,479.32275390625,-502.40478515625,-1666.174072265625,685.69970703125,-2035.552001953125,-187.753662109375,0.0,0.0,-4617.95703125,-667.60595703125,-1284.28271484375,2273.430908203125,-7083.77587890625,-4069.8564453125,0.0,0.0,-314.6146545410156,-69.650390625,-24.5106201171875,-3247.376708984375,6975.4873046875,-479.99267578125,408.0469970703125,2600.030517578125,0.2380657196044922,-1.9017575979232788,0.1685105264186859,-0.2247135043144226,-0.3383067548274994,-2.078227996826172,0.9808748364448547,0.33805739879608154,2.169184923171997,-1.3127992153167725,-1.2291659116744995,0.2568807601928711,1.2126177549362183,-1.6318151950836182,0.5370203852653503,1.0858173370361328,1.004509687423706,-0.7594770193099976,-2.454786777496338,1.4158124923706055,-1.4811803102493286,0.3027181327342987,-0.9926309585571289,0.2086300551891327,-0.3957604765892029
0.9750000508502126,114,-6813.5048828125,-2312.38916015625,-1534.2158203125,-1189.95361328125,-5139.3076171875,-1192.419189453125,3130.927001953125,-165.388671875,4434.13525390625,3789.130859375,19597.453125,-11284.2109375,135.2725372314453,-15.73945426940918,-249.97500610351562,-14470.703125,-492.81494140625,1575.4200439453125,13417.9912109375,1592.453857421875,-7677.53857421875,0.0,0.0,-2620.9013671875,2022.349365234375,-4723.240234375,2600.6103515625,-7123.4326171875,-5182.63232421875,0.0,0.0,601.8642578125,887.44580078125,1360.56298828125,-3143.168212890625,7136.30078125,-44.1397705078125,-1838.0166015625,3220.99072265625,-0.0752987414598465,-1.4205104112625122,0.23288848996162415,-1.1195489168167114,-0.3403509259223938,-1.956438660621643,0.9121600985527039,0.3139728903770447,2.193553924560547,-1.2924970388412476,-1.194757342338562,-0.5888338685035706,1.0746517181396484,-1.5281437635421753,0.6337437629699707,0.8370469808578491,0.5457744598388672,-0.8122736215591431,-2.176176071166992,1.98594069480896,-1.0441275835037231,0.7187091112136841,-0.6121026873588562,0.08890655636787415,-0.4929301142692566
0.9833333846181631,115,637.71044921875,2275.864013671875,-348.39404296875,1074.4976806640625,-1410.03662109375,-507.04962158203125,3421.46826171875,511.732666015625,1188.1552734375,16369.5029296875,35090.515625,-22150.91796875,15.58658218383789,65.81591033935547,7.3958282470703125,-504.33349609375,428.4541015625,502.0760498046875,199.416015625,2178.7177734375,-1168.072265625,0.0,0.0,-3636.64306640625,-291.67840576171875,-2109.615234375,1599.829833984375,-9370.2646484375,440.5712890625,0.0,0.0,-239.40228271484375,2.2696533203125,7.732421875,-2248.379638671875,7738.23095703125,468.7293701171875,264.068115234375,1131.714599609375,-1.2826924324035645,-3.278761148452759,-0.13054893910884857,1.1361899375915527,0.37715017795562744,-1.0793570280075073,1.9248305559158325,0.1699313223361969,1.7085882425308228,0.5799474716186523,-1.4922107458114624,-1.299972414970398,0.4881403148174286,-1.7891995906829834,-1.4392791986465454,-1.7172937393188477,2.272035837173462,0.06955927610397339,-0.106199711561203,-0.28845730423927307,-0.22916536033153534,2.564473867416382,-5.025187015533447,-1.602126955986023,1.2471344470977783
0.9916667183861136,116,9201.599609375,4172.70263671875,-567.193359375,2067.317138671875,3519.353271484375,-307.9173583984375,2210.136474609375,1228.075927734375,-1200.28662109375,10332.20703125,23801.9765625,-23273.65234375,-158.84886169433594,3.372323989868164,217.70558166503906,18104.703125,-104.60302734375,-4813.1484375,-16844.45703125,-3695.381591796875,5053.640625,0.0,0.0,-5935.8310546875,-2079.295654296875,2056.83056640625,1201.9097900390625,-10212.75,979.8525390625,0.0,0.0,-1581.53466796875,-1557.9918212890625,-1068.1795654296875,-1188.67822265625,8056.89404296875,1436.917236328125,2518.564697265625,1627.3135986328125,-1.0887682437896729,-3.52763032913208,-0.1389158070087433,1.6247038841247559,0.38354989886283875,-0.9564577341079712,1.768365740776062,0.31581926345825195,1.2081577777862549,0.5393256545066833,-0.43796831369400024,-0.8884824514389038,0.4075756072998047,-1.8171666860580444,-1.3167150020599365,-1.7778496742248535,2.42867112159729,-0.03676411509513855,-0.07612884044647217,-0.8790959119796753,-0.5259664058685303,2.2749147415161133,-4.463731288909912,-1.3857393264770508,1.7143707275390625
1.0000000521540642,117,204.0625,-2405.50048828125,482.9521484375,561.824462890625,1203.848388671875,183.61666870117188,1926.552734375,1407.852783203125,2731.675048828125,-2294.71923828125,11977.72265625,-8945.1923828125,-6.1418304443359375,-80.55001831054688,-8.898460388183594,774.82421875,-1436.82568359375,-2519.0712890625,302.478515625,-2521.1171875,-620.7572021484375,0.0,0.0,-4555.26025390625,342.38623046875,-1930.6097412109375,1533.12109375,-7987.70654296875,-5014.20361328125,0.0,0.0,-329.66644287109375,-10.270751953125,-69.65966796875,-2935.736083984375,6816.25732421875,1340.408447265625,389.7391357421875,2479.271728515625,-0.24765846133232117,-2.0597386360168457,-0.3796132802963257,-0.10269689559936523,-0.6320632696151733,-2.1369519233703613,0.8339599370956421,0.3979911208152771,0.9601939916610718,-1.636817455291748,0.8544183969497681,0.5579420328140259,1.4229388236999512,-1.6167324781417847,0.7959480881690979,0.23269778490066528,-0.07675354927778244,-1.1522867679595947,-2.0288681983947754,2.438322067260742,-0.7488611936569214,0.2633134722709656,0.6682931780815125,0.42090028524398804,0.8538552522659302
1.0083333859220147,118,-8929.087890625,-5180.49609375,-1547.3046875,-1782.495849609375,-4795.84033203125,-1066.0897216796875,2758.306884765625,208.30859375,6619.720703125,4446.59814453125,25332.765625,-6447.330078125,181.96514892578125,24.727855682373047,-289.33941650390625,-20667.740234375,-2135.171875,4166.10888671875,21720.6953125,2670.000732421875,-9920.08984375,0.0,0.0,-1185.897216796875,2363.89501953125,-6667.69921875,2357.770751953125,-7489.71923828125,-5608.5419921875,0.0,0.0,751.4215698242188,1740.0670166015625,1362.8896484375,-2414.76611328125,7690.39892578125,1222.218994140625,-3408.214599609375,2733.44677734375,-0.3696398437023163,-1.4787228107452393,-0.14155802130699158,-0.8089340329170227,-0.6406921148300171,-1.9860563278198242,0.7723863124847412,0.46663108468055725,1.444777250289917,-1.455667495727539,0.36502140760421753,-0.46144741773605347,1.002363920211792,-1.4095008373260498,0.9181296229362488,0.19297662377357483,-0.37595126032829285,-0.8473453521728516,-1.8369513750076294,2.693559169769287,-0.459920197725296,0.9049364328384399,0.9188256859779358,0.3286976218223572,0.459491103887558
1.0166667196899652,119,1472.8193359375,2548.6650390625,-163.92724609375,417.820556640625,-1466.3779296875,-1260.2093505859375,3121.46240234375,95.782470703125,1133.003662109375,24447.447265625,42106.390625,-26934.783203125,22.2872314453125,75.59449768066406,-2.88824462890625,-497.44921875,1099.0277099609375,1844.400634765625,885.9912109375,2408.54296875,-1605.89453125,0.0,0.0,-2483.070068359375,-1020.3193969726562,-1005.90869140625,1279.35986328125,-10219.6953125,1700.595703125,0.0,0.0,-149.15162658691406,-38.698028564453125,24.0142822265625,-1009.4969482421875,8053.4833984375,1221.9130859375,121.461181640625,-154.35546875,-1.4993891716003418,-3.0912225246429443,-0.018388524651527405,0.6833510994911194,0.146651029586792,-0.3898380398750305,1.7868999242782593,0.2918327748775482,1.4494906663894653,1.6267038583755493,-0.5732475519180298,-1.5881850719451904,0.6110329627990723,-1.244604468345642,-2.3602092266082764,-2.507478713989258,2.957611083984375,0.252243310213089,1.0757378339767456,-2.104027509689331,0.37097352743148804,3.133255958557129,-4.982399940490723,-2.5195775032043457,2.7918601036071777
1.0250000534579158,120,9095.642578125,6744.35693359375,2271.67626953125,2684.93994140625,4878.8671875,-1719.713134765625,1559.263916015625,3159.882080078125,-2760.67919921875,16010.9248046875,23696.09765625,-26257.712890625,12.113265991210938,-154.96270751953125,294.914306640625,22606.083984375,-2355.02685546875,-6243.17626953125,-23980.31640625,-3917.706298828125,6987.48046875,0.0,0.0,-4577.8271484375,-2417.29736328125,4814.587890625,1638.6639404296875,-10323.107421875,1778.732666015625,0.0,0.0,-1245.6456298828125,-2058.02294921875,-1229.089111328125,-674.7716064453125,7337.13623046875,1789.2259521484375,4360.56640625,-478.88671875,-1.3678144216537476,-3.3650639057159424,-0.3732372522354126,1.2216438055038452,0.21841669082641602,-0.36485591530799866,1.6546176671981812,0.2502414286136627,0.6791397333145142,1.1835200786590576,0.9793688654899597,-0.33884748816490173,0.7357358932495117,-1.1730411052703857,-1.9859027862548828,-2.4483988285064697,2.807734489440918,-0.48178166151046753,1.1379317045211792,-2.3785176277160645,0.11156933009624481,2.5848660469055176,-3.833388328552246,-2.2505903244018555,3.0038468837738037
1.0333333872258663,121,-709.13427734375,-2894.870849609375,371.4658203125,1909.344970703125,1535.06396484375,176.665283203125,1353.4935302734375,1654.7666015625,2387.531494140625,-1088.867431640625,5991.001953125,3937.81640625,-14.123054504394531,-104.96389770507812,17.070343017578125,338.3486328125,-2525.71337890625,-2839.46875,-547.2548828125,-2308.9873046875,-1022.3387451171875,0.0,0.0,-4264.1875,1929.00634765625,-1929.09814453125,1495.0277099609375,-8804.02734375,-8742.00390625,0.0,0.0,-286.3111572265625,9.675537109375,-117.9400634765625,-1634.02197265625,6603.37890625,758.4234008789062,391.606201171875,3807.38427734375,-0.9248547554016113,-1.3687371015548706,-1.3396364450454712,-0.13788791000843048,-0.5554425716400146,-2.012680768966675,0.6347546577453613,0.2906079590320587,1.3752895593643188,-1.6885042190551758,1.5556819438934326,0.4305538535118103,1.3172416687011719,-0.2882312834262848,0.8966962099075317,0.553695797920227,-2.3146588802337646,-0.6616719961166382,-2.472733974456787,3.277208089828491,0.24575234949588776,1.104402780532837,4.963510513305664,1.0986326932907104,-0.7440311908721924
1.0416667209938169,122,-6363.240234375,-4559.517578125,-2417.83837890625,-2262.6728515625,-5178.26025390625,-693.8055419921875,2786.3916015625,-2484.9794921875,6284.2060546875,3275.72412109375,20125.4921875,10447.80859375,21.769371032714844,224.435302734375,-201.48873901367188,-22515.263671875,-1047.84912109375,6624.4375,28401.70703125,2921.203125,-11395.2587890625,0.0,0.0,-617.6107177734375,4624.52294921875,-8642.88671875,1701.19921875,-6829.3212890625,-8566.30078125,0.0,0.0,282.837890625,2645.983154296875,2010.7789306640625,-95.6513671875,7733.69140625,134.54901123046875,-4663.666015625,4157.71044921875,-0.5867030024528503,-0.6994659304618835,-0.9885175824165344,-0.41150331497192383,-0.5616815090179443,-1.8566135168075562,0.5646462440490723,0.499920129776001,2.0854179859161377,-1.2780036926269531,0.6536440849304199,-0.6107668876647949,1.1849302053451538,-0.5134257078170776,1.15641188621521,1.0522785186767578,-2.72480845451355,-0.37814825773239136,-2.8971645832061768,3.5359482765197754,0.2868324816226959,0.9763936996459961,4.824335098266602,1.0128859281539917,-0.8141461610794067
1.0500000547617674,123,2371.6533203125,2699.91455078125,-154.076171875,-1287.615966796875,-1753.0380859375,-1331.31787109375,2357.908203125,-366.6932373046875,882.37890625,22674.4296875,42598.05859375,-19253.96875,27.233783721923828,99.58448791503906,-7.5067138671875,-51.9033203125,1531.40283203125,2239.060791015625,2124.8251953125,1999.3922119140625,-1623.1181640625,0.0,0.0,-1223.064697265625,-783.5516357421875,-85.38525390625,895.5444946289062,-9495.4140625,702.309814453125,0.0,0.0,-176.43243408203125,-87.64688110351562,54.201904296875,514.0391235351562,7841.86669921875,546.5750122070312,-103.150390625,-986.94873046875,-1.036320447921753,-2.427340030670166,-0.5872796773910522,0.9774580597877502,-0.13001255691051483,0.49541473388671875,2.0980286598205566,0.7578615546226501,0.8084915280342102,1.7153754234313965,1.754892110824585,-1.0754131078720093,0.99043208360672,-0.758172869682312,-2.0180156230926514,-2.644298791885376,2.263718843460083,0.08957093954086304,1.7252538204193115,-3.6760144233703613,0.8673485517501831,3.127854108810425,-3.031816005706787,-2.713080883026123,3.445175886154175
1.058333388529718,124,2897.329833984375,3291.952880859375,3860.053466796875,2478.239990234375,4095.315673828125,-1285.1060791015625,790.6061401367188,4880.7314453125,-3164.558837890625,24118.904296875,25673.837890625,-16494.58984375,124.25486755371094,-321.1499328613281,238.9685516357422,20130.42578125,-2795.795166015625,-7311.298828125,-26383.1875,-4071.394775390625,8549.5810546875,0.0,0.0,-4320.95703125,-3947.33251953125,6589.13330078125,1325.482421875,-9031.6552734375,1218.64697265625,0.0,0.0,-207.37591552734375,-2448.802734375,-1348.770751953125,720.7764892578125,5464.5810546875,2357.267333984375,3406.8251953125,-2635.922119140625,-1.5407993793487549,-2.8629026412963867,-0.8731334209442139,1.5015485286712646,-0.0590190589427948,0.3984683156013489,1.9755301475524902,0.4314134418964386,-0.1793961226940155,1.239884376525879,3.067230224609375,-0.19234392046928406,1.2328487634658813,-1.173897385597229,-2.0552899837493896,-3.3780465126037598,2.5827534198760986,-0.3842335641384125,2.7408554553985596,-4.218783855438232,0.861975908279419,3.15366792678833,-2.8013107776641846,-2.472595453262329,3.526965856552124
1.0666667222976685,125,-1964.2861328125,-3238.417236328125,-580.4164428710938,3439.592041015625,1457.2216796875,281.8193359375,1968.8994140625,2203.936767578125,1731.42333984375,9465.296875,8108.5810546875,13446.6162109375,-26.167617797851562,-113.56816864013672,41.434425354003906,-772.7470703125,-2659.3720703125,-1989.916015625,-743.734375,-1382.466796875,-1296.4364013671875,0.0,0.0,-3423.9453125,581.1260375976562,-420.2427978515625,1543.332763671875,-8710.0517578125,-10279.888671875,0.0,0.0,-246.61854553222656,99.4815673828125,-112.17181396484375,246.36761474609375,4615.974609375,416.82373046875,265.64361572265625,3255.08935546875,-2.023571729660034,-1.269998550415039,-1.5905077457427979,0.4714507460594177,-0.01451544277369976,-1.6944756507873535,0.8218111395835876,-0.2823834717273712,1.23750901222229,-1.4731355905532837,1.8962507247924805,0.1917029321193695,1.8631874322891235,0.42923587560653687,0.4170226752758026,-0.33405715227127075,-2.459825277328491,-1.0400865077972412,-1.0966198444366455,1.8144800662994385,0.6524922847747803,2.6422626972198486,6.755733013153076,0.22937433421611786,-1.5406917333602905
1.075000056065619,126,467.53106689453125,-593.895263671875,-3358.889404296875,-1541.0386962890625,-4901.53076171875,-1190.871337890625,2561.7333984375,-2087.744873046875,4604.10888671875,10645.994140625,19023.587890625,14532.0615234375,-94.58914947509766,388.8572998046875,-165.57440185546875,-17479.1640625,-315.758056640625,6538.55859375,26559.328125,2703.454345703125,-11603.37890625,0.0,0.0,-776.98828125,2726.51025390625,-5946.0126953125,1360.3558349609375,-7266.25634765625,-7881.5595703125,0.0,0.0,-464.63922119140625,2851.193359375,2119.144287109375,1398.16455078125,6342.6748046875,-151.84039306640625,-2898.3203125,4323.4443359375,-1.0865365266799927,-0.5234584212303162,-1.1974891424179077,-0.35805267095565796,-0.047103919088840485,-1.5023486614227295,0.6857627034187317,0.40926557779312134,1.996381402015686,-1.1822377443313599,0.9674465656280518,-0.38814878463745117,1.2267937660217285,-0.25855979323387146,0.7294036149978638,0.5969638824462891,-2.4761605262756348,-0.5423934459686279,-1.6652096509933472,1.895423173904419,1.0671906471252441,2.7082884311676025,5.3891987800598145,0.25455397367477417,-1.4263099431991577
1.0833333898335695,127,2536.087890625,3235.326171875,342.8388671875,-1995.756591796875,-1942.03955078125,-1384.9022216796875,1277.8896484375,-594.51025390625,946.0938720703125,20830.982421875,30822.408203125,-8745.3359375,28.79709243774414,117.54290771484375,-13.161384582519531,131.9609375,1516.5411376953125,1373.845703125,2143.6630859375,1250.3699951171875,-638.185546875,0.0,0.0,-615.5023803710938,-141.67437744140625,167.769287109375,246.280029296875,-7645.37841796875,759.943115234375,0.0,0.0,-225.3494110107422,-108.1636962890625,81.08203125,1798.55029296875,6932.10595703125,1102.4342041015625,-179.644775390625,-204.32470703125,-0.7498561143875122,-2.033323049545288,-1.0236480236053467,0.9220638871192932,-0.2138906717300415,1.001024842262268,2.2777512073516846,1.1065136194229126,1.0598504543304443,0.8508169651031494,1.7039680480957031,-0.7061417698860168,0.6523194313049316,-1.1948268413543701,-0.9278138875961304,-1.3238508701324463,1.4517509937286377,-0.7033618688583374,0.7796885371208191,-3.190073251724243,1.8560892343521118,2.818408727645874,-2.096193313598633,-1.9337260723114014,2.3657891750335693
1.09166672360152,128,-3226.83447265625,744.994384765625,2297.85791015625,1990.35107421875,994.083984375,-1155.764404296875,-22.0621337890625,2834.381591796875,-2166.17236328125,23945.99609375,17324.63671875,2487.818359375,23.45366668701172,-254.45346069335938,102.70863342285156,10759.681640625,-1474.45068359375,-7471.90380859375,-21577.81640625,-3080.836181640625,8223.380859375,0.0,0.0,-2773.697265625,-1200.334716796875,3913.250244140625,1383.122314453125,-5831.8388671875,-1067.4307861328125,0.0,0.0,225.1488037109375,-1864.3018798828125,-1201.885009765625,2548.54345703125,3906.76806640625,2752.9208984375,1882.7081298828125,-1268.601318359375,-1.640283465385437,-2.5426688194274902,-1.2329846620559692,1.8201829195022583,-0.1566981077194214,0.8449568748474121,2.1659610271453857,0.7458916902542114,0.23085226118564606,0.6379961967468262,2.804856777191162,-0.588630199432373,0.9805546998977661,-1.4456076622009277,-0.9912518858909607,-1.883251428604126,0.7577157616615295,-1.0875704288482666,0.8611648678779602,-2.848001718521118,1.3912327289581299,2.521848201751709,0.05506706237792969,-1.83392333984375,2.158287763595581
1.1000000573694706,129,-2747.14404296875,-1590.19970703125,-1251.2745361328125,4544.81591796875,601.06982421875,236.1171875,2053.35205078125,1696.90234375,1369.5224609375,20359.7734375,10599.6484375,24753.125,-23.097274780273438,-66.03927612304688,33.015380859375,-1689.9482421875,-1649.5240478515625,-637.91796875,-384.2275390625,-288.818359375,-1453.4169921875,0.0,0.0,-2476.129638671875,1683.5423583984375,-406.1409912109375,1726.340087890625,-6326.3740234375,-10844.31640625,0.0,0.0,-211.6414337158203,227.67718505859375,-130.890380859375,2068.634521484375,3278.322021484375,1663.2608642578125,125.87991333007812,2998.44580078125,-2.9667720794677734,-2.165027618408203,-1.8014143705368042,1.7333451509475708,0.2124563753604889,-0.9132574200630188,1.1271029710769653,-0.45947784185409546,0.8120283484458923,-1.281599998474121,1.6537604331970215,-0.16285043954849243,1.4328455924987793,-0.5044215321540833,-0.3855147659778595,-0.7001566886901855,-2.9001808166503906,-1.2160203456878662,-1.4949134588241577,0.9175359010696411,1.0408936738967896,2.7537107467651367,8.034528732299805,-0.29314476251602173,-1.489612340927124
1.1083333911374211,130,6135.5625,3414.81005859375,-2917.9345703125,1195.075927734375,-1189.257568359375,98.814208984375,1521.879638671875,-440.185546875,1679.8638916015625,18102.7265625,18392.9765625,19486.4609375,28.21099090576172,444.704833984375,-142.56295776367188,-10597.607421875,2959.076171875,3481.38232421875,19744.5703125,1732.506591796875,-7803.35546875,0.0,0.0,-316.962158203125,3395.560546875,-4625.30224609375,1554.4581298828125,-5139.2890625,-9125.759765625,0.0,0.0,-730.001708984375,2215.29833984375,764.6021728515625,2936.154296875,6065.18994140625,2520.256103515625,-1027.40869140625,3192.489990234375,-1.7043018341064453,-1.6027926206588745,-1.3368231058120728,1.159961223602295,0.15881097316741943,-0.7235757112503052,0.9459530711174011,0.5500988364219666,1.5883111953735352,-0.8639770150184631,0.6456906199455261,-0.408639132976532,0.2503259479999542,-1.275526523590088,0.514029860496521,-0.050440654158592224,-2.329390525817871,-1.110636830329895,-1.8705391883850098,0.9856871366500854,0.9139032363891602,2.5878090858459473,6.965056419372559,-0.1837736964225769,-0.8031423091888428
1.1166667249053717,131,2688.6806640625,2357.579833984375,457.93994140625,-1898.505126953125,-1820.833740234375,-784.6929931640625,-963.814453125,-1265.3446044921875,254.57965087890625,17586.2890625,21640.4609375,-1076.8388671875,30.915328979492188,106.76101684570312,-8.02392578125,65.83251953125,1258.50146484375,765.69775390625,1325.498046875,524.182861328125,440.7490234375,0.0,0.0,65.7154541015625,777.0894165039062,-228.197998046875,1537.4332275390625,-4959.638671875,-1300.6768798828125,0.0,0.0,-146.11123657226562,-92.593505859375,78.6842041015625,2902.88671875,7058.02001953125,2301.639404296875,-260.1556396484375,-898.837158203125,0.09876428544521332,-1.1034293174743652,-0.7853606939315796,1.1148818731307983,-0.3092547357082367,1.1952931880950928,1.4303338527679443,1.8633289337158203,1.9135332107543945,-0.05485019087791443,1.1267313957214355,-0.362859845161438,-0.5504776835441589,-0.9384419918060303,0.5950624942779541,-0.5040966272354126,1.1828505992889404,-1.4197356700897217,0.36521583795547485,-2.648423194885254,0.8155062198638916,2.1770403385162354,-0.031009305268526077,-0.762175977230072,2.6202008724212646
1.1250000586733222,132,-3605.5185546875,-7088.890625,-278.066650390625,1075.3634033203125,-1043.87255859375,372.5419921875,-2575.38427734375,281.05322265625,-765.1441040039062,23340.361328125,16130.5849609375,2805.49951171875,-178.86227416992188,-148.96595764160156,178.0874481201172,5738.0556640625,-630.7347412109375,-4492.51904296875,-15363.904296875,-1174.16552734375,5660.6435546875,0.0,0.0,-1152.491943359375,193.16082763671875,2496.9580078125,1588.467041015625,-1549.458740234375,-1940.845458984375,0.0,0.0,310.8500671386719,-1622.6121826171875,-1689.105224609375,2654.8310546875,4308.63623046875,1514.003662109375,1056.5960693359375,-1011.9603271484375,-0.6995521187782288,-1.5972280502319336,-0.9088059663772583,1.4301047325134277,-0.25754085183143616,1.0473943948745728,1.393625259399414,1.1892287731170654,1.0688780546188354,-0.3097520172595978,2.1141560077667236,0.1596555858850479,-0.3432033360004425,0.27920883893966675,0.08017037808895111,-1.4468584060668945,0.7912213802337646,-1.3532428741455078,0.8457445502281189,-2.6057212352752686,0.904268205165863,2.170893669128418,0.4695664346218109,-0.776328980922699,2.3436248302459717
1.1333333924412727,133,-1967.0556640625,-1472.1695556640625,-1185.302734375,3543.083984375,476.28662109375,858.5084228515625,-369.2933044433594,1047.0982666015625,1369.812744140625,21704.263671875,19429.068359375,16883.5703125,-14.710220336914062,-56.15583801269531,14.193477630615234,-1130.3837890625,-1140.218017578125,-260.904296875,-244.8623046875,18.1416015625,-1393.2501220703125,0.0,0.0,-934.445556640625,1773.207275390625,-454.3666687011719,2063.126953125,-2327.4423828125,-8043.7333984375,0.0,0.0,-60.652549743652344,184.24966430664062,-115.73699188232422,1122.2174072265625,4670.2978515625,1023.7177124023438,-7.308135986328125,1510.1334228515625,-2.0206687450408936,-2.2986369132995605,-1.0270006656646729,1.2068524360656738,0.057491324841976166,-0.4941210448741913,0.015098236501216888,-0.11498349159955978,0.5961575508117676,-1.4061607122421265,1.1297637224197388,1.3974984884262085,-0.6047452688217163,0.594129204750061,0.2981145977973938,-1.904114007949829,-1.5174657106399536,-1.4112019538879395,-0.43146759271621704,0.04510456323623657,0.4767796993255615,2.674753189086914,5.4324445724487305,0.12461409717798233,0.08786314725875854
1.1416667262092233,134,5595.7138671875,5856.04345703125,-486.9072265625,1511.13720703125,3146.064453125,1187.10986328125,-1106.42529296875,-1275.531005859375,1308.4595947265625,19384.8203125,23254.16796875,7524.6640625,-153.84825134277344,285.24658203125,-78.77786254882812,-7847.69921875,975.88623046875,2714.793212890625,13040.30078125,2328.63525390625,-4205.013671875,0.0,0.0,449.733154296875,3104.177978515625,-2034.45458984375,1734.75439453125,-460.383056640625,-6560.5830078125,0.0,0.0,47.73196792602539,1044.0345458984375,-304.653076171875,731.0123901367188,6048.611328125,1341.43701171875,20.73675537109375,3224.20166015625,-1.0162057876586914,-1.789625883102417,-0.6551712155342102,0.6072158813476562,0.005966957658529282,-0.3574053645133972,-0.06478561460971832,0.4462648928165436,1.1655718088150024,-0.8940529823303223,0.5390159487724304,0.7959309816360474,-0.7366385459899902,-0.1379304826259613,0.6131595373153687,-0.8570227026939392,-0.703892707824707,-1.317237377166748,-1.1751219034194946,0.1564875841140747,0.49924105405807495,2.3033061027526855,3.843414306640625,0.232082337141037,0.4091885983943939
1.1500000599771738,135,2333.696533203125,1154.836669921875,967.009521484375,-1647.993896484375,-954.679931640625,-930.5325317382812,-2669.71728515625,-3050.28125,-526.3985595703125,16902.6796875,14809.08203125,-1395.115234375,6.2953338623046875,74.97796630859375,-52.82495880126953,-280.31640625,935.1239013671875,827.651123046875,647.974609375,166.2899169921875,806.340087890625,0.0,0.0,494.95263671875,2893.873046875,-439.3582763671875,2162.636962890625,151.1873779296875,-1493.3743896484375,0.0,0.0,104.91072082519531,-137.7763671875,91.37203979492188,1509.2596435546875,4976.78564453125,777.839111328125,-337.67254638671875,131.798095703125,0.7834192514419556,0.583855390548706,0.4907413721084595,-1.3234307765960693,-0.041577182710170746,0.6247726082801819,-0.37505221366882324,1.2582488059997559,1.9938654899597168,0.1413905918598175,1.8806471824645996,0.12343920767307281,0.23009651899337769,0.3725566864013672,1.0015125274658203,0.6428275108337402,0.7737700939178467,-1.3206051588058472,-0.9637854695320129,-1.157058835029602,0.07815384864807129,1.5362118482589722,-0.6227436661720276,0.5269505977630615,2.927084445953369
1.1583333937451243,136,-3666.079345703125,-10395.5224609375,2492.05419921875,889.9749755859375,927.541015625,-311.0400695800781,-3434.466796875,-2613.310302734375,-1754.7447509765625,19051.291015625,10425.0263671875,2483.103515625,-67.61892700195312,-181.05747985839844,136.84292602539062,4129.69677734375,-1391.0836181640625,-4220.171875,-11449.2216796875,-252.14227294921875,4798.51416015625,0.0,0.0,21.5745849609375,2688.5966796875,624.86669921875,2908.80859375,2789.9482421875,-2275.580322265625,0.0,0.0,166.44061279296875,-977.8138427734375,-453.3697204589844,324.7279052734375,3233.388671875,-339.7366943359375,1459.6973876953125,-521.5556640625,0.20243822038173676,-0.1018521785736084,0.4101558327674866,-1.5092512369155884,-0.023982007056474686,0.5852885842323303,-0.28491702675819397,0.33288705348968506,0.8161972761154175,0.1163061261177063,3.15310001373291,0.6951033473014832,0.8324193358421326,1.5175613164901733,0.6741844415664673,-0.03410118818283081,0.30515149235725403,-1.306472659111023,-0.8588216304779053,-1.3455098867416382,-0.39583736658096313,0.732347309589386,0.20384177565574646,0.4826022684574127,2.5858118534088135
1.1666667275130749,137,-1350.051025390625,-2532.564208984375,101.3865966796875,2376.19482421875,1241.57470703125,368.14520263671875,-1759.982177734375,-812.679931640625,56.4844970703125,16380.908203125,9570.83984375,17458.09765625,-13.08013916015625,-77.32505798339844,-16.605331420898438,-1347.874755859375,-1357.413818359375,-19.7548828125,-414.8662109375,69.4681396484375,-1061.9345703125,0.0,0.0,-89.0400390625,5084.0068359375,-1223.17431640625,3505.0322265625,3273.592529296875,-8224.619140625,0.0,0.0,67.50806427001953,39.59954833984375,-73.4063720703125,215.97296142578125,2385.5341796875,-727.316650390625,-98.51953125,1924.83935546875,-0.620775580406189,-0.25881466269493103,0.04500433802604675,-2.951545000076294,0.051238469779491425,-0.28479453921318054,-0.5710203647613525,-0.6094646453857422,-0.20303156971931458,-0.8485056161880493,2.7117276191711426,0.741692841053009,1.452026605606079,1.6696786880493164,1.0300618410110474,0.07583388686180115,-2.1433844566345215,-1.1167616844177246,-2.6751513481140137,0.2881253957748413,-0.8399643301963806,0.3225061595439911,5.062907695770264,1.6845483779907227,0.3806396424770355
1.1750000612810254,138,5187.2060546875,5263.30908203125,-1345.8443603515625,1222.6754150390625,3722.17724609375,972.5446166992188,-2801.10791015625,-3386.33544921875,178.42095947265625,9106.0068359375,8833.478515625,14637.912109375,-95.27464294433594,-106.28076171875,-73.9002914428711,-1151.7607421875,-2159.814697265625,2991.195556640625,6649.73193359375,1441.7652587890625,-2712.529541015625,0.0,0.0,493.8720703125,5972.76953125,-3060.60986328125,2770.646484375,3469.14794921875,-7575.1064453125,0.0,0.0,-2098.030517578125,3849.1025390625,275.9564514160156,306.2330322265625,3581.003662109375,-670.6448974609375,732.5008544921875,3293.115234375,0.10967250168323517,0.19439102709293365,0.08175473660230637,-2.8245365619659424,1.6849831342697144,-2.4841270446777344,-0.4938148856163025,-0.24672245979309082,0.19253472983837128,-0.6005229353904724,2.374263286590576,0.3851262629032135,1.6069118976593018,1.0051120519638062,1.4612255096435547,1.1127992868423462,-2.038687229156494,-0.9142919182777405,-3.2644779682159424,0.37746524810791016,-1.042797327041626,0.06481185555458069,4.462301731109619,1.6450883150100708,0.7297853231430054
1.183333395048976,139,2100.169189453125,-218.15362548828125,952.46044921875,-1516.750244140625,613.823486328125,-111.99493408203125,-4217.11962890625,-3687.156494140625,-1000.046142578125,8970.087890625,7660.47607421875,3603.0166015625,2.322235107421875,18.003305435180664,-47.99243927001953,-817.4971313476562,-205.1141357421875,151.830322265625,63.206787109375,65.61631774902344,286.982421875,0.0,0.0,128.78680419921875,3456.52880859375,-214.67236328125,2933.05810546875,3760.004150390625,-1102.185546875,0.0,0.0,-3395.175048828125,5556.38134765625,1114.7889404296875,206.01251220703125,1572.44873046875,-919.64306640625,-308.90966796875,-456.360595703125,1.5990972518920898,1.8494242429733276,0.6080121397972107,-0.8942248225212097,2.595386266708374,-3.6672961711883545,-1.1612482070922852,0.5260696411132812,0.29923516511917114,0.06253670901060104,3.854064702987671,0.4633430540561676,3.147575855255127,1.1660457849502563,1.3634742498397827,1.190531611442566,-0.08557408303022385,-0.5989384651184082,-0.9168404936790466,-2.007389783859253,-1.1184277534484863,-0.18332478404045105,-1.2551769018173218,2.3625473976135254,3.733835458755493
1.1916667288169265,140,2453.85693359375,-649.178466796875,1547.81298828125,1532.6175537109375,1846.802734375,-1057.3165283203125,-5081.5693359375,-5885.6748046875,-675.7178955078125,8599.787109375,9883.45703125,-2953.64306640625,-145.25936889648438,-11.43616008758545,-84.77469635009766,739.0347290039062,-2177.33203125,-2162.712646484375,-2046.22607421875,-502.514404296875,1737.2646484375,0.0,0.0,-466.4265441894531,1223.3197021484375,918.48095703125,1477.5562744140625,3817.847412109375,634.4423217773438,0.0,0.0,-3739.08447265625,7794.9541015625,1627.36328125,-87.84228515625,1993.2236328125,-58.221282958984375,1324.68505859375,-412.33544921875,0.8015469312667847,1.7783700227737427,0.8197776675224304,1.4606128931045532,1.7145569324493408,-4.22017240524292,-0.6550005078315735,-0.2457195222377777,-0.276080846786499,-0.19241075217723846,3.9602785110473633,0.45794087648391724,3.781205654144287,0.4111454486846924,0.27638542652130127,0.020100347697734833,0.0896620973944664,-0.19282928109169006,1.3183125257492065,-2.6506526470184326,-0.9007470011711121,-0.4141607880592346,-1.1879539489746094,2.160780668258667,3.6792893409729004
1.200000062584877,141,471.99609375,-586.3306884765625,682.8331298828125,1391.440673828125,1098.814697265625,-91.33102416992188,-4524.3134765625,-3404.197998046875,-872.6686401367188,4152.22119140625,4700.6806640625,5361.39208984375,-3.976806640625,-11.954601287841797,-40.870296478271484,-1480.0159912109375,-1383.038330078125,-6.5048828125,-127.91378784179688,-49.81414794921875,-84.9989013671875,0.0,0.0,-432.1954040527344,2420.62451171875,170.347900390625,2989.177001953125,5425.46337890625,-1494.6468505859375,0.0,0.0,-1683.6123046875,8997.0771484375,1283.17724609375,156.16412353515625,208.9267578125,458.11407470703125,-253.832763671875,-645.202880859375,0.8140560388565063,2.0351650714874268,0.2209431529045105,0.25208142399787903,-0.09910091757774353,-4.814801216125488,-0.3052249550819397,-0.5531295537948608,-1.6174811124801636,-0.0732119083404541,4.953319072723389,0.21998876333236694,4.941332817077637,-0.067452572286129,0.9670162200927734,0.8484909534454346,-1.2918741703033447,-0.24219587445259094,0.27071523666381836,-1.8313037157058716,-2.0786147117614746,-1.6771973371505737,0.6778182983398438,3.2531306743621826,3.5513405799865723
1.2083333963528275,142,6397.2919921875,-247.96939086914062,1249.5947265625,3811.579345703125,2263.7802734375,983.03125,-4821.72607421875,-6531.1025390625,464.7217102050781,-1167.484619140625,2537.14794921875,3186.3046875,19.5731201171875,-81.65939331054688,-211.3863525390625,-3563.590576171875,-477.38671875,2021.3958740234375,5975.353515625,2408.026123046875,-3270.49755859375,0.0,0.0,-962.1394653320312,1435.5673828125,-1219.237060546875,617.553466796875,5800.49658203125,-1862.6697998046875,0.0,0.0,-1386.5390625,12038.513671875,2704.521728515625,-709.126953125,3735.72607421875,834.103759765625,1641.9921875,-660.279052734375,0.7657178640365601,2.0593578815460205,0.16164351999759674,-0.20565572381019592,-0.3575095236301422,-4.583130359649658,-0.13985107839107513,-1.0664336681365967,-1.817154884338379,-0.23497086763381958,4.133060455322266,0.2153947800397873,4.502554416656494,0.1479324996471405,0.6749615669250488,0.9511127471923828,-1.4997400045394897,0.1004878431558609,0.35857775807380676,-1.7213990688323975,-2.4066708087921143,-2.049551010131836,1.2952944040298462,2.958660125732422,3.1259188652038574
1.216666730120778,143,1237.1318359375,158.47560119628906,1289.73291015625,934.833251953125,1055.04638671875,-74.5550537109375,-6009.4482421875,-4969.26123046875,-791.7230834960938,-13834.310546875,-8444.6611328125,5627.57568359375,14.71905517578125,13.982231140136719,-34.538230895996094,-1027.9200439453125,-56.927001953125,235.6893310546875,697.2666015625,243.4603271484375,1054.828369140625,0.0,0.0,107.4256591796875,4150.099609375,-1136.91650390625,3903.195556640625,7961.2197265625,-254.77621459960938,0.0,0.0,-695.0992431640625,12672.134765625,2779.384521484375,111.10305786132812,571.2158203125,444.93072509765625,-139.7734375,-1249.470947265625,2.264371633529663,2.5623557567596436,0.6715598702430725,-1.658949613571167,-0.9096126556396484,-4.696448802947998,-0.1420389860868454,-0.3739602267742157,-2.5246918201446533,0.4387895464897156,5.331135272979736,-0.46024227142333984,6.722426891326904,0.3896782398223877,2.6857078075408936,2.7009479999542236,-1.8448371887207031,-0.8463748693466187,-1.9099397659301758,-1.6317837238311768,-4.953246116638184,-3.654541015625,-0.09800875186920166,4.161497592926025,3.358551025390625
1.2250000638887286,144,2877.94921875,-2244.871337890625,4857.76220703125,2079.734619140625,2070.95263671875,642.3584594726562,-2244.54248046875,-12198.279296875,711.3805541992188,-16606.84765625,-11777.783203125,11293.9423828125,115.895263671875,-511.36083984375,76.35334777832031,804.2159423828125,-1067.5228271484375,3206.2021484375,-776.090576171875,4584.6083984375,-2213.002685546875,0.0,0.0,-1447.7899169921875,3692.35546875,-3962.191162109375,2019.56787109375,7702.8701171875,-2340.11767578125,0.0,0.0,-825.4122924804688,10008.666015625,4745.6103515625,-451.46881103515625,933.93896484375,2071.017578125,3446.031982421875,-4552.86376953125,2.026245594024658,1.3259609937667847,0.483402818441391,0.54750657081604,-0.4420725107192993,-0.9116163849830627,0.433155357837677,-1.4528985023498535,-2.2158570289611816,-0.1494935303926468,4.0487895011901855,-0.43720516562461853,6.403683185577393,0.5023146867752075,2.7520337104797363,2.745239019393921,-3.10642147064209,-0.2301417738199234,-3.0933589935302734,-0.5134976506233215,-4.684697151184082,-3.9886715412139893,1.4488996267318726,3.5586066246032715,2.3935022354125977
1.2333333976566792,145,-438.11328125,-657.9943237304688,2080.52978515625,387.6611328125,2553.838134765625,664.1189575195312,-2448.156494140625,-8047.66162109375,-267.96337890625,-33136.60546875,-15094.38671875,10616.50390625,-9.273178100585938,-17.0589599609375,-5.475347518920898,-981.8814697265625,-441.487060546875,109.5516357421875,1348.1151123046875,909.07177734375,1083.9970703125,0.0,0.0,587.5938720703125,7005.2646484375,-4119.49560546875,4142.00146484375,9838.9033203125,-524.988525390625,0.0,0.0,-865.725830078125,10107.26171875,4458.37109375,196.60888671875,313.30224609375,224.548095703125,279.77734375,-2196.550537109375,2.778480052947998,0.9730495810508728,0.36105799674987793,-0.632182240486145,-0.36424341797828674,-0.9167273044586182,0.651420533657074,-1.2648048400878906,-4.294280529022217,0.3609326481819153,4.3006110191345215,-0.9319467544555664,6.399657726287842,1.9459699392318726,5.181085109710693,3.0150508880615234,-2.803199529647827,-1.8870720863342285,-5.459287166595459,-0.31571486592292786,-6.041321277618408,-5.344734191894531,-0.15130415558815002,5.811435699462891,0.310674786567688
1.2416667314246297,146,-5161.40625,583.0763549804688,8298.1025390625,-2107.941162109375,-4772.908203125,635.9779663085938,4018.439208984375,-15469.1416015625,2662.452880859375,-49647.57421875,-13387.208984375,15778.017578125,183.52682495117188,-68.66265869140625,49.59196090698242,-3590.02197265625,2696.419921875,7936.015625,2187.9404296875,3552.63671875,-2398.72216796875,0.0,0.0,852.4339599609375,7037.48828125,-9634.5908203125,7056.89111328125,8899.3203125,-3015.9033203125,0.0,0.0,-1792.61376953125,10446.0556640625,6371.8125,209.50244140625,-4233.2333984375,534.50439453125,-1660.03515625,-3038.695068359375,2.5381436347961426,1.3411521911621094,-0.27685707807540894,-0.6293016076087952,0.5611536502838135,-0.5075278878211975,1.0678569078445435,-1.237988829612732,-4.211531162261963,-0.4063149094581604,4.088630199432373,-0.9131859540939331,6.414669036865234,2.574672222137451,6.36854362487793,4.176062107086182,-4.097857475280762,-1.075799584388733,-6.872225761413574,0.41364920139312744,-5.824340343475342,-6.31498384475708,1.5980987548828125,5.1935601234436035,-0.001747220754623413
1.2500000651925802,147,-2230.81494140625,2375.255615234375,1348.2412109375,-559.420654296875,-518.550537109375,511.12689208984375,2678.660888671875,-9904.4375,552.89404296875,-40234.640625,-542.6884765625,4170.57080078125,-37.775596618652344,104.4786376953125,15.432740211486816,264.8026123046875,1604.6199951171875,476.5498046875,1894.7821044921875,1664.279296875,1222.24072265625,0.0,0.0,1008.679443359375,4434.8330078125,-4028.80712890625,4146.70703125,10318.5810546875,-316.28802490234375,0.0,0.0,-1743.671875,9091.3505859375,2357.56640625,815.525390625,-2041.908447265625,-353.32470703125,429.05126953125,-4682.61767578125,1.496747374534607,-1.049046277999878,-0.23286953568458557,0.9660962820053101,0.4977682828903198,0.6473370790481567,4.265737533569336,-0.395746648311615,-6.88471794128418,0.7272930145263672,4.496212959289551,-1.3666104078292847,4.200492858886719,3.076748847961426,4.332884788513184,1.6846063137054443,-1.9567705392837524,-1.2224295139312744,-4.058091163635254,-4.136438369750977,-2.991250991821289,-6.841920375823975,-0.6825724840164185,3.0930380821228027,1.3278003931045532
1.2583333989605308,148,-10633.939453125,3612.663330078125,5636.8349609375,-1998.297607421875,-383.907958984375,-543.1177978515625,8042.8193359375,-11218.587890625,3761.709228515625,-39958.6171875,3273.53857421875,-10712.341796875,-101.60429382324219,884.2788696289062,-4.212750434875488,2860.116455078125,1028.613037109375,8573.09765625,-12906.3720703125,1657.58984375,4314.4541015625,0.0,0.0,5006.05322265625,25.5643310546875,-4230.72802734375,6207.7705078125,8307.041015625,3559.54736328125,0.0,0.0,648.4285278320312,8323.09765625,957.78369140625,2216.2275390625,-8904.810546875,-196.04052734375,-4568.23046875,-2879.11572265625,1.5669604539871216,-1.3631863594055176,-0.6112513542175293,1.28374183177948,-0.48137518763542175,1.4502061605453491,4.470884799957275,0.5637817978858948,-6.87144660949707,0.26009654998779297,4.178365707397461,-1.3123315572738647,4.286975860595703,2.2957189083099365,3.581432342529297,0.8841902017593384,0.12441277503967285,-1.6952714920043945,-1.7752149105072021,-3.797877788543701,-1.9218103885650635,-6.3409624099731445,-4.581785202026367,2.680541753768921,2.7273216247558594
1.2666667327284813,149,-5184.6474609375,2935.224609375,49.5126953125,302.2123718261719,-573.2109375,63.5439453125,7053.71533203125,-10645.330078125,1369.271728515625,-5073.6689453125,16442.23046875,-32539.279296875,-35.62718200683594,111.4769287109375,-23.523780822753906,695.6201782226562,1344.5338134765625,1311.59765625,397.82421875,2821.52001953125,497.7509765625,0.0,0.0,3615.638427734375,-5298.865234375,-1318.75732421875,2282.431396484375,8302.26171875,10639.427734375,0.0,0.0,-170.02931213378906,8508.822265625,-345.91259765625,1388.9345703125,-2830.533935546875,1027.9755859375,703.6851806640625,-8104.97802734375,0.17695115506649017,-1.1647861003875732,-0.8977227210998535,0.6510375738143921,0.27734556794166565,1.1736339330673218,5.1655049324035645,1.0747395753860474,-6.671393871307373,1.4999617338180542,2.9291393756866455,-0.5737056732177734,-0.9204837083816528,1.098829984664917,-2.391387939453125,-1.366745948791504,3.7001116275787354,-0.6423173546791077,2.786559820175171,-5.813212871551514,1.3251793384552002,-5.7025227546691895,-10.009257316589355,-1.7731387615203857,6.739200592041016
1.2750000664964318,150,90.54736328125,4.30517578125,683.345703125,-866.6571044921875,5243.26171875,-2287.72900390625,7419.52734375,-4957.77734375,3588.495361328125,-21404.375,11357.068359375,-33421.3046875,-163.7049102783203,489.5386962890625,-16.434345245361328,4782.9921875,-585.751708984375,2261.90234375,2434.29931640625,-305.09814453125,3936.49609375,0.0,0.0,8017.57958984375,-5514.3359375,7511.400390625,4437.95751953125,8741.7451171875,10068.1328125,0.0,0.0,2510.576171875,5989.7001953125,-1725.8349609375,3184.58935546875,-4455.1142578125,-1923.650390625,-1456.645751953125,-4257.8115234375,0.7792843580245972,-1.5661672353744507,-1.1068460941314697,0.8691705465316772,-0.4316394329071045,1.639069676399231,3.8399412631988525,2.0997366905212402,-6.960990905761719,0.8001108765602112,3.063908338546753,-0.573144257068634,-1.1656990051269531,0.7376060485839844,-1.7556793689727783,-1.4064303636550903,4.960573673248291,-1.6795933246612549,2.8676650524139404,-5.130798816680908,1.5811330080032349,-5.144862651824951,-7.96591329574585,-1.712203025817871,5.656908988952637
1.2833334002643824,151,93.88916015625,-2355.4189453125,1094.05859375,-1916.442138671875,1395.354736328125,236.17138671875,4674.10693359375,-7196.55078125,4247.84814453125,-24760.0390625,12322.0234375,-2309.6435546875,9.196868896484375,-27.3399658203125,-68.6494140625,1460.141845703125,619.0538330078125,948.3994140625,168.07958984375,1183.0787353515625,176.8596954345703,0.0,0.0,2103.377197265625,-6242.73583984375,2019.356689453125,-451.67529296875,6683.7978515625,-1161.83349609375,0.0,0.0,1257.36328125,7487.49755859375,-7.37744140625,1064.5494384765625,-1955.480224609375,718.1266479492188,727.353271484375,-4255.5009765625,1.2524641752243042,0.6264223456382751,-2.422614812850952,-0.48518502712249756,0.6421462893486023,0.3157328963279724,2.125865936279297,3.422851800918579,-5.236808776855469,0.3127993643283844,2.081303358078003,1.184661626815796,-3.0954301357269287,-1.4254343509674072,-1.0155962705612183,-1.440385341644287,-0.48120516538619995,3.1968390941619873,3.1880545616149902,-0.4314287602901459,5.404220104217529,-3.1253185272216797,1.6276391744613647,-3.3186800479888916,5.179246425628662
1.291666734032333,152,6090.9130859375,-11528.0146484375,-2376.12451171875,-2594.86328125,3524.269287109375,1178.950927734375,1604.83984375,-325.2998046875,4802.14208984375,-36581.78125,16432.171875,10960.3125,60.24445343017578,-64.84185791015625,-22.481586456298828,-515.1494140625,1361.628662109375,-2266.5791015625,11299.525390625,1642.63134765625,20.326784133911133,0.0,0.0,3268.3876953125,-6113.8125,4077.235107421875,-1912.2353515625,5341.28125,-3609.265380859375,0.0,0.0,1824.661865234375,7134.19775390625,-12.3927001953125,54.23779296875,-567.511962890625,-2105.71044921875,-540.263427734375,-1722.65625,0.8634988069534302,0.8981552720069885,-2.546982765197754,-1.1829372644424438,0.6797295808792114,-0.24167463183403015,1.724898338317871,2.834836721420288,-5.177035331726074,0.26430317759513855,1.1705057621002197,1.2081259489059448,-3.3638012409210205,-1.0098481178283691,-0.7019270658493042,-1.6775521039962769,-1.356183648109436,2.9518349170684814,3.393122434616089,-0.43730294704437256,5.55063533782959,-2.9280035495758057,3.0062754154205322,-3.042098045349121,4.129741668701172
1.3000000678002834,153,2513.276123046875,-3928.80322265625,252.6474609375,-3163.2314453125,1714.16162109375,1245.4873046875,1690.29833984375,-2921.74365234375,4765.0205078125,-29183.921875,11174.796875,9650.578125,19.867774963378906,-92.1490478515625,-30.651456832885742,1322.9708251953125,441.87127685546875,285.947265625,638.92236328125,-857.975341796875,224.03228759765625,0.0,0.0,1583.59423828125,-6844.66259765625,2362.053466796875,-2730.429443359375,5445.5205078125,-2951.092041015625,0.0,0.0,1519.993408203125,7785.20458984375,96.6883544921875,416.539306640625,-901.73193359375,-54.699462890625,810.817138671875,-2344.431640625,1.0579540729522705,1.8300745487213135,-2.416679859161377,-2.2433536052703857,0.9065802097320557,-0.7447378039360046,1.4818766117095947,2.551278591156006,-3.3425018787384033,0.23202787339687347,-0.4065728187561035,0.8505701422691345,-2.873774766921997,-2.549861431121826,-1.8299628496170044,-0.6597141027450562,-1.0122203826904297,4.101047039031982,3.6614437103271484,0.8588082790374756,5.789674758911133,-2.8434879779815674,2.0458173751831055,-3.8742499351501465,4.292812347412109
1.308333401568234,154,-2331.158203125,2261.397705078125,-2120.81005859375,-2289.26171875,1605.105224609375,1634.148681640625,1807.8271484375,-2119.20556640625,3302.294921875,-23289.158203125,8746.43359375,14087.197265625,71.55763244628906,-164.70877075195312,4.372531890869141,157.77581787109375,-1760.621826171875,-1963.67236328125,-5148.0712890625,770.46484375,1494.70556640625,0.0,0.0,100.06396484375,-5142.5029296875,297.830810546875,-4140.82177734375,5175.521484375,-4068.6318359375,0.0,0.0,1452.9005126953125,8933.1630859375,-459.75830078125,-250.3690185546875,-1031.559326171875,840.2322998046875,2226.1708984375,-5123.8955078125,0.37629374861717224,2.0512375831604004,-2.0169267654418945,-2.5597875118255615,1.2670048475265503,-0.8274751901626587,1.7026335000991821,1.5102673768997192,-2.5564286708831787,0.9109403491020203,-1.2200771570205688,1.147108554840088,-3.296102523803711,-2.0575764179229736,-2.1187543869018555,0.43811333179473877,-1.2471091747283936,3.792074680328369,2.089487075805664,1.3293585777282715,4.831096649169922,-3.6638662815093994,2.514739513397217,-3.488262176513672,3.8582637310028076
1.3166667353361845,155,-1354.53076171875,87.1923828125,586.637451171875,-737.2901000976562,987.359619140625,-206.7542724609375,4242.455078125,-4343.78125,2190.958984375,-23612.0,4292.69677734375,12040.04296875,-12.712971687316895,3.195709228515625,-14.74869155883789,171.32550048828125,253.341064453125,165.01904296875,513.85595703125,384.19384765625,454.25146484375,0.0,0.0,1911.570556640625,-4095.15673828125,81.7158203125,-1885.3841552734375,4895.1083984375,-4844.73095703125,0.0,0.0,1518.555419921875,8493.9970703125,-940.1033935546875,256.92095947265625,-324.09423828125,-237.5611572265625,721.7940673828125,-2386.568115234375,-0.5260213613510132,2.206371545791626,-0.8395375609397888,-2.1605212688446045,1.1313599348068237,-0.39378583431243896,1.9423577785491943,0.0805443525314331,-1.1493043899536133,1.4512231349945068,-2.211268186569214,0.6494251489639282,-3.61397647857666,-1.0270535945892334,-1.9323254823684692,1.1140844821929932,-0.830208420753479,2.089505672454834,1.0398826599121094,1.3746713399887085,2.675642728805542,-3.199050188064575,2.8898746967315674,-2.0047974586486816,1.3547488451004028
1.325000069104135,156,-3498.50732421875,5824.8994140625,1342.0517578125,-86.28179931640625,1582.802490234375,-173.9552001953125,5231.8896484375,-4028.12744140625,1181.9443359375,-26328.69140625,7040.47265625,9971.912109375,-108.89684295654297,-180.09512329101562,11.282543182373047,-1783.9893798828125,-1742.807861328125,779.490234375,1499.0322265625,520.23486328125,380.098876953125,0.0,0.0,908.71044921875,-3006.396484375,-1627.042724609375,-2809.546875,4730.82373046875,-6776.82275390625,0.0,0.0,1930.79443359375,9357.17578125,-1490.0853271484375,-374.42974853515625,-490.492431640625,992.4654541015625,1690.8360595703125,-5648.2421875,-0.5732247829437256,2.0965888500213623,-0.6720477342605591,-2.044266700744629,0.9586226344108582,-0.11303181946277618,1.8172616958618164,0.08052588999271393,-1.0735570192337036,1.2437191009521484,-2.428766965866089,0.5933406949043274,-3.345449686050415,-0.959442675113678,-1.8352980613708496,1.4460828304290771,-0.5642303228378296,1.8851516246795654,0.4967978596687317,1.6738394498825073,2.355886936187744,-3.674238443374634,2.818504571914673,-1.9043691158294678,1.4354846477508545
1.3333334028720856,157,-1840.046630859375,63.465576171875,809.625732421875,19.62017822265625,952.618896484375,-957.203369140625,5392.29541015625,-4695.771484375,2157.673828125,-30047.37890625,8774.951171875,7548.8408203125,-16.058883666992188,16.3026123046875,-17.166290283203125,99.141845703125,184.784912109375,359.22509765625,691.3624877929688,124.8251953125,427.9426574707031,0.0,0.0,2254.1796875,-3736.053466796875,-1271.2061767578125,-1548.4979248046875,3560.85205078125,-5558.328125,0.0,0.0,2086.8125,9013.58203125,-1491.150146484375,425.6937255859375,-255.05078125,-92.025634765625,864.99169921875,-3087.70556640625,-0.5882293581962585,2.255706310272217,-0.20009584724903107,-1.6124300956726074,0.7866881489753723,0.19010482728481293,1.6585063934326172,0.008946917951107025,-0.6473421454429626,0.6096957921981812,-2.6425063610076904,-0.10413253307342529,-3.2663118839263916,-0.01634771004319191,-1.0903806686401367,1.0362489223480225,-0.15362131595611572,0.6958988904953003,1.032305359840393,1.250856876373291,1.182177186012268,-2.4764482975006104,1.5717003345489502,-1.0939372777938843,-0.7306634783744812
1.341666736640036,158,-2498.07666015625,-659.8084716796875,2657.450439453125,-67.18035888671875,1638.237548828125,-845.1831665039062,5810.6875,-4396.423828125,1526.112548828125,-27500.71875,9695.17578125,7780.8994140625,-34.42150115966797,-122.32395935058594,19.843284606933594,1131.99951171875,102.290771484375,-14.99267578125,-1546.4351806640625,639.7021484375,1320.9541015625,0.0,0.0,1354.052001953125,-4110.36669921875,-958.9760131835938,-2269.179443359375,4060.92578125,-6963.68017578125,0.0,0.0,2229.37060546875,9290.76953125,-1455.41064453125,783.6708984375,21.661865234375,467.79052734375,865.864013671875,-4284.806640625,-0.37760812044143677,2.135371208190918,-0.38279372453689575,-1.5021240711212158,0.8276421427726746,0.38498806953430176,1.3604748249053955,0.3835747539997101,-0.819209098815918,0.40630289912223816,-2.804445505142212,-0.13468436896800995,-3.0872278213500977,-0.024124784395098686,-0.7528259754180908,0.954457700252533,-0.4207100570201874,0.7268105149269104,0.9465274214744568,1.1187607049942017,1.5028831958770752,-2.360166072845459,1.6372942924499512,-1.0478981733322144,-0.7117774486541748
1.3500000704079866,159,-1826.5899658203125,-403.7265625,686.65185546875,-248.259765625,966.48876953125,-708.470947265625,5507.873046875,-4569.8232421875,2523.77490234375,-30455.23046875,9817.861328125,7622.736328125,-11.977378845214844,6.291408538818359,-10.591217041015625,176.55197143554688,237.6650390625,256.968994140625,602.60546875,398.489501953125,507.628173828125,0.0,0.0,1800.8782958984375,-4371.9423828125,-1129.1259765625,-1904.60546875,3674.14892578125,-6282.13330078125,0.0,0.0,1987.693115234375,9166.142578125,-1621.1973876953125,539.2345581054688,-23.003662109375,-18.730743408203125,990.6934204101562,-3067.5576171875,-0.2599780261516571,2.33559513092041,-0.43767958879470825,-1.875238299369812,0.9917926788330078,0.4659007787704468,1.3702243566513062,0.5182587504386902,-0.6643692255020142,-0.1801326423883438,-3.0428171157836914,0.07871338725090027,-2.805032253265381,0.3739427328109741,-0.21752890944480896,0.8573474884033203,-0.38252943754196167,0.35083723068237305,1.0816141366958618,1.1675183773040771,1.1061211824417114,-1.8787617683410645,0.9299424290657043,-1.0653892755508423,-1.6335726976394653
1.3583334041759372,160,-1735.1798095703125,-1330.696044921875,920.78369140625,-545.8284912109375,1562.01904296875,-371.95233154296875,5731.8056640625,-4538.87548828125,2269.776611328125,-27454.466796875,9618.203125,9269.853515625,34.445556640625,-46.27708053588867,41.65727233886719,-1021.978271484375,296.8115234375,596.0078125,1496.5599365234375,156.7763671875,1496.3140869140625,0.0,0.0,1193.983642578125,-3744.6171875,-1412.216552734375,-2600.830078125,4338.748046875,-7608.11181640625,0.0,0.0,1821.3369140625,9686.275390625,-1246.383544921875,413.09625244140625,57.95751953125,218.95144653320312,1018.4603881835938,-3906.38330078125,-0.1510385274887085,2.2963390350341797,-0.5612787008285522,-1.8918644189834595,1.027423620223999,0.5977184772491455,1.0867398977279663,0.6509602069854736,-0.7060859799385071,-0.29322582483291626,-3.360508441925049,0.246600940823555,-2.6286802291870117,0.4336016774177551,-0.1589258462190628,0.9305515885353088,-0.590228259563446,0.5051042437553406,0.9372574687004089,1.0655955076217651,1.3706731796264648,-1.9899343252182007,1.0658318996429443,-1.0300718545913696,-1.652103066444397
1.3666667379438877,161,-1296.665771484375,-760.3313598632812,287.9443359375,-620.6127319335938,932.24853515625,-155.37353515625,5690.8427734375,-4607.802734375,2864.078125,-29049.111328125,9949.642578125,8981.3330078125,-9.679180145263672,-1.1450119018554688,0.8865280151367188,206.3172607421875,134.778076171875,239.44775390625,639.0672607421875,103.034423828125,347.7642822265625,0.0,0.0,1468.71630859375,-4098.83154296875,-1497.218017578125,-2338.03759765625,4107.0087890625,-7263.38671875,0.0,0.0,1810.06591796875,9639.2470703125,-1181.7615966796875,263.35479736328125,94.200927734375,-155.05828857421875,1161.3402099609375,-2579.2822265625,-0.11257138848304749,2.4562442302703857,-0.6417437195777893,-2.2342796325683594,0.9820749163627625,0.5991013646125793,0.9257568717002869,0.6087229251861572,-0.6211029887199402,-0.605652391910553,-3.8209996223449707,0.3544979393482208,-2.4466965198516846,0.703522801399231,0.10887801647186279,0.8085387349128723,-0.5077680945396423,0.28137826919555664,1.13926362991333,1.0571551322937012,1.0575916767120361,-1.6721725463867188,0.6800753474235535,-1.065719485282898,-2.5959112644195557
1.3750000717118382,162,-5.34783935546875,-412.40142822265625,132.95361328125,-772.3992919921875,1223.841796875,73.629638671875,5767.56640625,-4249.0947265625,2154.939208984375,-23811.68359375,8866.64453125,11022.4013671875,33.747901916503906,-65.10639190673828,22.546302795410156,613.11767578125,-365.1279296875,-421.876953125,518.478515625,1075.44580078125,1578.608642578125,0.0,0.0,665.6998291015625,-4055.794921875,-2073.1328125,-3280.0771484375,5060.705078125,-8460.458984375,0.0,0.0,1466.05712890625,10118.94140625,-303.8292541503906,-15.25665283203125,255.58203125,81.09527587890625,1266.761962890625,-3032.648681640625,-0.101881243288517,2.427807569503784,-0.6472080945968628,-2.1735427379608154,0.974999189376831,0.88797926902771,0.6215189695358276,0.585821270942688,-0.5246154069900513,-0.6091668605804443,-4.366878986358643,0.49891871213912964,-2.2228968143463135,0.7292963266372681,0.005709793418645859,1.053046464920044,-0.6477325558662415,0.39813756942749023,0.7990508675575256,1.1509983539581299,1.1837728023529053,-1.9528921842575073,0.8515006303787231,-1.0423274040222168,-2.7135589122772217
1.3833334054797888,163,-896.8460083007812,-230.91448974609375,372.208984375,-928.0300903320312,588.9775390625,93.4140625,5707.97705078125,-4922.267578125,2968.0390625,-24703.427734375,7445.45703125,9207.9619140625,-2.869601249694824,7.763763427734375,8.766921997070312,292.942626953125,97.5673828125,223.731201171875,727.6190795898438,13.15966796875,388.7548828125,0.0,0.0,1172.0985107421875,-4143.443359375,-1841.57861328125,-2771.033935546875,4976.201171875,-7683.53173828125,0.0,0.0,1503.9405517578125,9747.896484375,-633.68505859375,-4.7647705078125,99.57080078125,-268.86102294921875,1340.2138671875,-1838.916015625,-0.026633374392986298,2.581350326538086,-0.6192282438278198,-2.3521833419799805,0.901210606098175,1.1289398670196533,0.826513946056366,0.5465050935745239,-0.1250017136335373,-1.018282175064087,-4.867672443389893,0.46345382928848267,-1.913928508758545,0.9565480947494507,0.13578391075134277,1.2054460048675537,-0.32075953483581543,-0.009438641369342804,0.7977585196495056,0.8821067214012146,0.674282431602478,-1.7477306127548218,0.1322217881679535,-1.0177489519119263,-3.466531276702881
1.3916667392477393,164,-178.69058227539062,603.1085205078125,238.537109375,-525.7630615234375,59.927734375,331.91400146484375,6419.5478515625,-5624.74951171875,2289.66796875,-18118.111328125,7813.19775390625,11145.12109375,7.691270351409912,0.272247314453125,20.51024627685547,-535.6348876953125,-662.563232421875,342.247802734375,1413.809326171875,420.69921875,651.913818359375,0.0,0.0,-77.6709213256836,-3906.734130859375,-2522.3671875,-3288.19384765625,6330.42236328125,-8596.3623046875,0.0,0.0,1000.2623291015625,10430.3212890625,-100.49627685546875,-630.7752685546875,-16.9793701171875,-155.4757080078125,1410.8587646484375,-1676.960693359375,-0.17974144220352173,2.4208481311798096,-0.6032907366752625,-2.1422901153564453,0.977529764175415,1.2957805395126343,0.7153719067573547,0.3136279881000519,-0.02944868430495262,-0.9773287773132324,-5.3446736335754395,0.7904266119003296,-1.4497766494750977,0.9789984822273254,-0.2058897316455841,1.165101408958435,-0.4480772316455841,0.1695893406867981,0.7163903117179871,0.9829835891723633,0.837591826915741,-1.8536708354949951,0.13557036221027374,-1.029811978340149,-3.5576231479644775
1.4000000730156898,165,-1066.4920654296875,115.7474365234375,406.62939453125,-603.62744140625,384.791015625,336.2432861328125,6421.70556640625,-5167.4619140625,2968.37255859375,-19217.80078125,11574.21875,8205.91015625,-3.095017433166504,15.602561950683594,11.392288208007812,287.233642578125,8.365234375,217.14306640625,710.98876953125,-103.25048828125,304.264892578125,0.0,0.0,534.0404052734375,-4760.333984375,-2045.6751708984375,-2813.744873046875,5730.49609375,-7332.5107421875,0.0,0.0,1240.642578125,9995.6953125,-252.59576416015625,-245.58526611328125,-56.5140380859375,-348.7957763671875,1538.76025390625,-996.49951171875,-0.1399463415145874,2.048490047454834,-0.5649879574775696,-1.7495006322860718,0.7406928539276123,1.5596814155578613,0.7710534334182739,0.25473329424858093,-0.2886984050273895,-1.2772072553634644,-5.179117679595947,0.42660465836524963,-1.3011265993118286,1.0554311275482178,-0.02418561652302742,0.44386184215545654,0.05192180722951889,-0.31063663959503174,1.370128870010376,0.5315735340118408,0.3632340133190155,-1.2142125368118286,-0.916703462600708,-1.0552947521209717,-3.8265013694763184
1.4083334067836404,166,-1106.32177734375,-729.5595703125,965.712890625,76.45013427734375,-671.510986328125,204.12109375,6882.61865234375,-5595.994140625,2127.30126953125,-13807.9033203125,13523.671875,9254.5078125,14.63876724243164,-52.284423828125,47.67888641357422,381.80078125,-275.602294921875,-790.0189208984375,-570.7962646484375,105.8798828125,1024.437744140625,0.0,0.0,-884.5276489257812,-5484.5615234375,-2069.177001953125,-3246.111572265625,6870.39013671875,-7908.40478515625,0.0,0.0,710.5239868164062,10552.6279296875,145.2135009765625,-349.4273376464844,416.28607177734375,-2.6260986328125,1608.882568359375,-1015.81005859375,-0.22318188846111298,1.8921350240707397,-0.5182126760482788,-1.548807144165039,0.7704752087593079,1.6321978569030762,0.7280946373939514,0.19889838993549347,-0.288237988948822,-1.1706188917160034,-5.303652763366699,0.4097267985343933,-1.1960725784301758,1.0003029108047485,-0.1364040970802307,0.08892017602920532,-0.08505750447511673,-0.19366002082824707,1.6439958810806274,0.45377984642982483,0.5891003608703613,-0.7915839552879333,-0.8202854990959167,-1.0506749153137207,-3.618744134902954
1.416666740551591,167,-1424.643798828125,188.77987670898438,495.208251953125,0.003082275390625,329.965576171875,26.3470458984375,6760.98876953125,-4914.73583984375,2971.8525390625,-15541.8779296875,18201.755859375,7210.22705078125,-7.294048309326172,18.901138305664062,14.381370544433594,260.2318115234375,-50.91796875,186.427490234375,666.6876220703125,8.70361328125,481.82080078125,0.0,0.0,-238.76422119140625,-6057.50244140625,-1773.4803466796875,-2853.602294921875,6250.373046875,-6342.30615234375,0.0,0.0,1313.06005859375,9795.197265625,-596.5997314453125,-300.6979675292969,-64.5894775390625,-379.4024658203125,1701.681884765625,-423.0478515625,-0.17621196806430817,1.2007430791854858,-0.3854893147945404,-1.2006417512893677,0.277660995721817,2.137080192565918,1.2661195993423462,0.20977447926998138,-0.6414912343025208,-1.5405813455581665,-5.291421413421631,0.3498632311820984,-0.7134901285171509,1.2224175930023193,0.14276519417762756,-0.6984893679618835,0.2511434257030487,-0.6728323101997375,2.0123305320739746,0.2016879916191101,0.19053864479064941,-0.2118719071149826,-2.047394275665283,-1.0481479167938232,-3.8178858757019043
1.4250000743195415,168,-1032.667724609375,-130.21865844726562,1164.30419921875,598.0050659179688,241.1922607421875,71.482666015625,7027.0380859375,-5270.88525390625,2286.44091796875,-13452.86328125,19404.44140625,10043.72265625,10.014772415161133,-16.813430786132812,29.465858459472656,254.481689453125,-396.891845703125,-95.67333984375,311.5025634765625,-306.719970703125,885.233642578125,0.0,0.0,-1427.268798828125,-6875.07177734375,-1453.34423828125,-3223.84765625,7665.45654296875,-6439.892578125,0.0,0.0,1042.260009765625,10597.54296875,-337.45867919921875,-303.9350891113281,249.67098999023438,-163.337890625,2289.154296875,23.49560546875,-0.1742035299539566,1.1307059526443481,-0.3889388144016266,-1.0571930408477783,0.36737552285194397,2.062767505645752,1.1369566917419434,0.27951690554618835,-0.6025362014770508,-1.475306749343872,-5.17453670501709,0.3444570302963257,-0.6619639992713928,1.1239659786224365,-0.055517978966236115,-0.7780839204788208,0.12538668513298035,-0.5150164365768433,2.0830094814300537,0.1120520755648613,0.47186121344566345,-0.12414442747831345,-2.271162509918213,-1.006111979484558,-3.642277956008911
1.433333408087492,169,-1440.5487060546875,14.221343994140625,534.966552734375,237.90899658203125,347.4508056640625,125.1815185546875,6616.50390625,-4882.67138671875,3173.75341796875,-16444.94140625,19544.57421875,10472.22265625,-8.005027770996094,13.223434448242188,15.447914123535156,263.21728515625,-79.634521484375,179.24945068359375,634.3245849609375,4.58837890625,463.14892578125,0.0,0.0,-834.6533203125,-6719.94384765625,-1702.3272705078125,-3122.958984375,7554.220703125,-5911.61962890625,0.0,0.0,1300.1612548828125,10117.2587890625,-371.65411376953125,-334.3037109375,-31.1278076171875,-351.26409912109375,1844.46630859375,156.80517578125,0.026450058445334435,0.9814732074737549,-0.39326006174087524,-0.9570232033729553,0.18015146255493164,2.307882308959961,1.0671888589859009,0.43398529291152954,-0.781377911567688,-1.8470666408538818,-4.720235824584961,0.3558350205421448,-0.38251394033432007,1.1848158836364746,0.43333694338798523,-0.7552298903465271,0.0481795072555542,-0.9320773482322693,1.818673014640808,0.32940033078193665,0.2979500889778137,-0.021665077656507492,-2.540639877319336,-0.5724499225616455,-3.463144063949585
1.4416667418554425,170,-1135.02392578125,-503.71929931640625,515.673583984375,563.4500122070312,594.257568359375,558.1013793945312,6825.49658203125,-5228.53759765625,3257.9921875,-16772.955078125,21988.94140625,14457.322265625,16.510900497436523,68.27667236328125,10.706680297851562,-75.92010498046875,-131.9765625,-483.0598449707031,1100.9031982421875,-633.29296875,747.306884765625,0.0,0.0,-1316.961181640625,-7352.8896484375,-1857.6875,-3500.13720703125,8630.2724609375,-6319.095703125,0.0,0.0,1018.4322509765625,10102.919921875,-422.65667724609375,-382.68194580078125,222.96360778808594,-255.88714599609375,2373.15673828125,886.742919921875,0.02119690179824829,0.951419472694397,-0.348705530166626,-0.8308970928192139,0.2777000665664673,2.393026828765869,1.0232583284378052,0.4502759873867035,-0.7411745190620422,-1.7393733263015747,-4.319212913513184,0.3380589485168457,-0.36065274477005005,1.0892671346664429,0.32378989458084106,-0.8014401197433472,-0.08305146545171738,-0.8473048806190491,1.8131908178329468,0.3237508237361908,0.4893741309642792,0.08887425065040588,-2.4778082370758057,-0.5640965104103088,-3.2877354621887207
1.450000075623393,171,-1367.888916015625,-70.03131103515625,438.857666015625,258.71356201171875,319.127197265625,280.2901306152344,6425.51513671875,-4891.72509765625,3391.130859375,-19677.3359375,21112.1328125,15627.8974609375,-8.666439056396484,7.936073303222656,14.337638854980469,262.88299560546875,-191.341796875,119.07937622070312,585.8505859375,-33.06787109375,289.481689453125,0.0,0.0,-1137.2978515625,-7100.9306640625,-1762.295166015625,-3502.352783203125,8567.646484375,-6653.14697265625,0.0,0.0,902.8701171875,9757.533203125,-633.7913818359375,-337.9171447753906,-2.0875701904296875,-329.39691162109375,1991.83984375,759.221435546875,0.1773749142885208,1.0228710174560547,-0.1766488254070282,-0.8526787757873535,0.4121355414390564,2.5047645568847656,1.1205857992172241,0.5911138653755188,-0.8813287019729614,-1.682537317276001,-3.5873982906341553,0.2893512547016144,-0.1504034399986267,1.0606950521469116,0.7838796377182007,-0.6110685467720032,-0.2660163938999176,-0.8996636867523193,1.4861568212509155,0.24282488226890564,0.3971821367740631,0.14555993676185608,-2.0032734870910645,-0.21477894484996796,-2.9369254112243652
1.4583334093913436,172,-1627.169921875,-546.408203125,-226.11328125,308.0495910644531,528.708740234375,914.6568603515625,6334.00732421875,-5972.48779296875,4166.54833984375,-20353.7109375,24522.140625,17768.63671875,10.545345306396484,64.32538604736328,-40.39987564086914,469.54876708984375,-332.9659423828125,-860.0553588867188,1080.493896484375,-528.0919189453125,1139.870849609375,0.0,0.0,-1634.1473388671875,-7731.9609375,-1900.1514892578125,-3655.916748046875,9042.16796875,-6666.2705078125,0.0,0.0,210.66448974609375,9491.3984375,-961.3178100585938,-403.96893310546875,234.278076171875,-270.9840087890625,2211.4873046875,2223.93359375,0.169880673289299,1.0090428590774536,-0.16862176358699799,-0.7210122346878052,0.7074148058891296,2.5538065433502197,1.0521095991134644,0.5728902220726013,-0.7956106662750244,-1.5888315439224243,-3.0072407722473145,0.26815885305404663,-0.16697289049625397,0.9741551876068115,0.8558885455131531,-0.8678720593452454,-0.13614562153816223,-0.4865983724594116,1.7579717636108398,-0.00594736635684967,0.2087591290473938,0.6093793511390686,-2.1198489665985107,-0.24556201696395874,-3.090803384780884
1.4666667431592941,173,-1052.478271484375,-83.5426025390625,355.5423583984375,161.05313110351562,172.583984375,484.9128112792969,6350.552734375,-5300.0166015625,3570.592529296875,-20020.81640625,24321.296875,14779.861328125,-2.3055191040039062,1.1440505981445312,10.638587951660156,358.9144287109375,-251.917236328125,119.77679443359375,646.416015625,-85.633544921875,144.53173828125,0.0,0.0,-1484.53564453125,-8158.978515625,-1405.08447265625,-3059.390380859375,9441.07421875,-5501.3623046875,0.0,0.0,471.6051025390625,9388.890625,-439.19873046875,-340.15362548828125,56.02116012573242,-345.05645751953125,2150.543701171875,1195.2034912109375,0.23177240788936615,1.1230696439743042,0.06855549663305283,-0.7734397649765015,0.48969295620918274,2.45105242729187,0.5282164812088013,0.4882740378379822,-1.108820915222168,-1.1512070894241333,-1.7544611692428589,0.20832306146621704,-0.009220493026077747,0.9568721055984497,0.7397699952125549,-0.7721131443977356,0.38064780831336975,-0.5670135617256165,1.9906748533248901,-0.39166852831840515,-0.37083005905151367,0.24143338203430176,-2.9099955558776855,-0.178823322057724,-2.012065887451172
1.4750000769272447,174,-1802.56494140625,-75.7508544921875,49.60107421875,432.41937255859375,929.08251953125,1047.138671875,5917.5419921875,-6749.7548828125,4347.3271484375,-20398.181640625,26102.94140625,15112.8447265625,-2.6177597045898438,0.1361865997314453,-53.90631103515625,805.3231201171875,-883.7738037109375,-834.155517578125,772.9608154296875,-574.5554809570312,1224.280517578125,0.0,0.0,-1517.445068359375,-9130.87109375,-883.96728515625,-2824.623046875,9811.8642578125,-4430.9609375,0.0,0.0,183.91659545898438,8736.46484375,-887.666748046875,-444.07916259765625,223.08670043945312,-317.08319091796875,2916.614013671875,1850.87060546875,0.12033537030220032,1.0736907720565796,0.1664152890443802,-0.4744013249874115,0.3990092873573303,2.642179012298584,0.4661404490470886,0.3173225224018097,-1.0036479234695435,-1.0854098796844482,-1.0274181365966797,0.19381961226463318,-0.024195682257413864,0.8978911638259888,0.520907461643219,-1.042370319366455,0.653300404548645,-0.540432333946228,2.4435880184173584,-0.4872055947780609,-0.6389026045799255,0.5905595421791077,-3.438032865524292,-0.2376081645488739,-1.626160740852356
1.4833334106951952,175,-1020.3524169921875,-218.774169921875,545.841796875,369.85003662109375,275.563232421875,269.26824951171875,6308.47802734375,-6079.51416015625,3387.06591796875,-21874.455078125,24269.23828125,16208.1181640625,1.361846923828125,-6.039455413818359,3.6884078979492188,468.2879333496094,-249.60791015625,184.626708984375,747.6329345703125,-124.89302062988281,99.6376953125,0.0,0.0,-1340.4918212890625,-8879.84375,-1539.8369140625,-2464.08837890625,10540.6171875,-5033.05712890625,0.0,0.0,411.76605224609375,8794.775390625,-187.80807495117188,-326.854736328125,160.44485473632812,-371.92755126953125,2379.8212890625,996.3486328125,0.1428321748971939,1.3441150188446045,0.5606863498687744,-0.6831831336021423,0.2284713089466095,2.4042980670928955,-0.15163564682006836,0.06283698976039886,-1.297194004058838,-0.48175880312919617,0.39403319358825684,0.09411711245775223,0.030127521604299545,0.8713766932487488,0.7269214987754822,-0.6596377491950989,0.4363434314727783,-0.6315133571624756,2.060633897781372,0.10031644999980927,-0.9611554741859436,-0.061103034764528275,-2.673914909362793,0.21103589236736298,-0.8060343861579895
1.4916667444631457,176,-2546.23583984375,-531.11572265625,891.1951904296875,507.052490234375,712.991943359375,1335.70458984375,6087.267578125,-6457.5576171875,4331.2412109375,-23710.994140625,25423.244140625,18930.025390625,61.720176696777344,-8.537139892578125,-60.75910186767578,132.82131958007812,47.407470703125,238.514404296875,1506.91943359375,-449.681396484375,1237.862060546875,0.0,0.0,-1080.896728515625,-9407.6669921875,-603.6177978515625,-2063.2958984375,10898.0888671875,-4633.6943359375,0.0,0.0,126.55850219726562,8218.96484375,-544.9400634765625,-586.088623046875,410.8853759765625,-378.46173095703125,2915.75537109375,1179.399169921875,0.06125142425298691,1.3175077438354492,0.4664382338523865,-0.36446213722229004,0.19377556443214417,2.6225996017456055,-0.22954675555229187,-0.15724597871303558,-1.272325038909912,-0.5198183655738831,1.3664627075195312,0.08890131860971451,0.03772081807255745,0.8134558200836182,0.6973894834518433,-0.941932737827301,0.29793405532836914,-0.6016589403152466,2.3858039379119873,0.0010254792869091034,-1.0170749425888062,0.282755970954895,-2.5039236545562744,0.12121734023094177,-0.526341438293457
1.5000000782310963,177,-1228.7562255859375,-461.2430419921875,198.2420654296875,489.836669921875,187.471923828125,495.781005859375,6474.12939453125,-6271.1103515625,3506.40380859375,-24592.919921875,25943.810546875,21482.083984375,6.4256439208984375,-8.486278533935547,11.952857971191406,345.6925964355469,-256.2381591796875,96.7113037109375,862.5999755859375,-139.6547393798828,-24.453125,0.0,0.0,-1224.663818359375,-9498.1982421875,-1543.151611328125,-2094.84423828125,10559.0908203125,-6068.859375,0.0,0.0,352.63372802734375,8071.923828125,81.64410400390625,-322.398193359375,169.40338134765625,-405.4794006347656,2592.248291015625,619.3900756835938,0.06666890531778336,1.504442811012268,0.8718844652175903,-0.35760176181793213,0.03630915284156799,2.55654239654541,-0.7295376658439636,-0.35793423652648926,-1.2752693891525269,-0.01831692084670067,2.279275417327881,-0.12213896960020065,0.23142248392105103,0.7721818089485168,0.7983898520469666,-0.9501799941062927,-0.11905383318662643,-0.41387611627578735,2.2797691822052,0.7751564383506775,-0.9550390243530273,0.5326421856880188,-1.1292483806610107,0.3705631494522095,-0.022002898156642914
1.5083334119990468,178,-2657.11279296875,-318.4117431640625,716.72998046875,273.46514892578125,210.6396484375,1504.62158203125,6303.63623046875,-6303.31298828125,4377.7802734375,-24580.357421875,26539.39453125,22202.896484375,69.46513366699219,14.166937828063965,-49.523040771484375,147.79168701171875,139.28857421875,355.12982177734375,1582.6260986328125,69.76016998291016,1434.1162109375,0.0,0.0,-613.3794555664062,-9900.421875,-879.7164306640625,-1499.8304443359375,10621.056640625,-6075.03857421875,0.0,0.0,192.65631103515625,7396.2685546875,-307.610107421875,-507.073486328125,675.2340087890625,-350.9844055175781,2813.810546875,484.4196472167969,0.04929425194859505,1.4635887145996094,0.8478712439537048,-0.04435828700661659,0.00889166072010994,2.8610939979553223,-0.7339487075805664,-0.46802857518196106,-1.0916006565093994,-0.037103716284036636,2.7633049488067627,-0.11536545306444168,0.19764921069145203,0.7320066690444946,0.6950865983963013,-1.12614905834198,0.14983275532722473,-0.435403972864151,2.6336750984191895,0.5620062351226807,-1.1500139236450195,0.7858996391296387,-0.7323334813117981,0.29247811436653137,0.2891766428947449
1.5166667457669973,179,-1319.648193359375,-451.43927001953125,32.827880859375,378.2008972167969,-62.810546875,394.205810546875,6590.24755859375,-6769.48046875,3580.24267578125,-23232.1328125,26564.16796875,22581.6953125,13.878585815429688,-1.1111135482788086,15.849967956542969,241.30673217773438,-184.10504150390625,28.9111328125,986.80712890625,-191.40200805664062,-94.7255859375,0.0,0.0,-844.621337890625,-10000.6904296875,-1413.519775390625,-1542.2559814453125,10372.90625,-7048.6806640625,0.0,0.0,307.1871643066406,7064.5859375,89.7440185546875,-337.6098327636719,210.364990234375,-456.7367858886719,2681.26513671875,1.4285888671875,-0.008116480894386768,1.5058794021606445,1.3718231916427612,0.16327008605003357,-0.041560061275959015,2.92891263961792,-1.0049725770950317,-0.57828688621521,-0.7480276823043823,0.41635507345199585,2.890958786010742,-0.2330225557088852,0.5581863522529602,0.7611107230186462,0.4321027398109436,-1.033116102218628,0.09690861403942108,-0.18349602818489075,2.506176233291626,0.9640249013900757,-1.0334852933883667,0.9225146770477295,0.1353406310081482,0.3768521547317505,0.668541431427002
1.5250000795349479,180,-2945.257568359375,16.43096923828125,535.0693359375,5.454538345336914,387.15087890625,1317.40283203125,6286.16259765625,-6138.83544921875,4380.10595703125,-21769.634765625,26304.064453125,24264.478515625,97.56349182128906,21.750160217285156,-48.77447509765625,22.7366943359375,298.66986083984375,3.25421142578125,1933.3759765625,17.510093688964844,1376.96484375,0.0,0.0,-38.26280212402344,-9879.30078125,-959.3861083984375,-831.8802490234375,10130.337890625,-6723.02099609375,0.0,0.0,134.38739013671875,6002.0244140625,-734.2940673828125,-452.53802490234375,934.349609375,-411.0622253417969,2783.333740234375,-263.25189208984375,0.0019225026480853558,1.4226701259613037,1.3121845722198486,0.39054086804389954,0.02214743383228779,3.185842990875244,-0.9333356022834778,-0.6158825755119324,-0.5963457822799683,0.4148901402950287,2.93959903717041,-0.22254550457000732,0.49949362874031067,0.7196515202522278,0.39018797874450684,-1.0799583196640015,0.16327963769435883,-0.19568316638469696,2.561601161956787,0.7671058773994446,-1.1037631034851074,1.0441442728042603,0.1736910045146942,0.3455148935317993,0.8359873294830322
1.5333334133028984,181,-1487.3349609375,-525.9984130859375,-111.048583984375,132.91720581054688,-223.81396484375,257.387451171875,6559.99609375,-7121.04736328125,3529.85693359375,-19383.390625,24524.693359375,25135.025390625,20.311233520507812,3.533036231994629,20.662689208984375,174.2515869140625,-150.35220336914062,-51.4696044921875,1107.718505859375,-222.43731689453125,-183.263671875,0.0,0.0,-408.8441162109375,-9755.5048828125,-1457.724853515625,-1066.88720703125,10143.0888671875,-7449.18212890625,0.0,0.0,101.93317413330078,5739.2333984375,-278.21142578125,-361.1165771484375,240.02099609375,-496.24688720703125,2656.865966796875,-278.9964599609375,-0.061930205672979355,1.6513950824737549,1.7736351490020752,0.37155595421791077,0.09162576496601105,3.1682190895080566,-1.2347522974014282,-0.6939197778701782,-0.009943054988980293,0.8623968362808228,2.4285449981689453,-0.26640909910202026,1.0203933715820312,0.733181357383728,-0.018605690449476242,-0.6904568672180176,0.026016216725111008,0.15122288465499878,2.241309881210327,1.1206140518188477,-0.8157451748847961,0.9352835416793823,0.7643816471099854,0.42376503348350525,0.7913722991943359
1.541666747070849,182,-3951.13232421875,-1175.6805419921875,390.62158203125,-630.2540893554688,333.112060546875,1024.048828125,6301.75,-7036.38232421875,4443.869140625,-15344.34375,24880.08203125,25116.94921875,79.02035522460938,20.131502151489258,-73.87290954589844,149.49462890625,382.898681640625,-81.130859375,1804.623779296875,393.1349792480469,881.1279296875,0.0,0.0,76.48576354980469,-9219.857421875,-1605.400390625,-595.1544799804688,10068.3515625,-6957.9521484375,0.0,0.0,-378.5244140625,3993.738525390625,-1652.9530029296875,-238.67062377929688,1422.6968994140625,-620.2132568359375,2983.429443359375,-501.94293212890625,-0.03703666478395462,1.540386438369751,1.6666074991226196,0.4820811450481415,0.16971029341220856,3.343987464904785,-1.139736533164978,-0.6556601524353027,0.059120770543813705,0.8523091673851013,2.251289129257202,-0.2521284520626068,0.932245135307312,0.6881526708602905,-0.043873075395822525,-0.5570276975631714,0.07938478887081146,0.12809357047080994,2.035947322845459,1.0070881843566895,-0.8020626306533813,0.7616625428199768,0.6951146721839905,0.41260600090026855,0.7414678931236267
1.5500000808387995,183,-1553.6123046875,-1013.2959594726562,-396.9345703125,-183.16323852539062,-197.90966796875,55.26904296875,6651.8876953125,-7570.08935546875,3405.583251953125,-13720.9365234375,23035.283203125,25452.51171875,26.28662109375,2.5580062866210938,21.508056640625,102.3824462890625,-133.30459594726562,-103.76312255859375,1108.1678466796875,-832.6848754882812,-217.48095703125,0.0,0.0,120.44468688964844,-9011.068359375,-2057.153564453125,-577.4838256835938,10229.3193359375,-7469.26123046875,0.0,0.0,-249.43202209472656,4127.49072265625,-1137.665771484375,-409.04644775390625,285.79638671875,-523.7030029296875,2627.708984375,-201.48779296875,-0.26794981956481934,1.7211841344833374,2.050196409225464,0.2889392375946045,0.09274079650640488,2.9847123622894287,-1.4769426584243774,-0.7550721764564514,0.3554078936576843,1.36597740650177,1.866296648979187,-0.07889088243246078,1.7732205390930176,0.55500727891922,-0.2983984649181366,-0.19758868217468262,0.02696443535387516,0.1139073595404625,1.6904103755950928,1.307674527168274,-0.7332010865211487,0.554572343826294,1.0831514596939087,0.6679334044456482,0.44971221685409546
1.55833341460675,184,-3792.150390625,-3233.79296875,-288.580078125,-870.0953369140625,186.467529296875,1235.302490234375,6259.255859375,-7018.3876953125,4286.0009765625,-10040.2451171875,22424.125,24354.587890625,117.00439453125,-12.080207824707031,-45.15296936035156,-542.4352416992188,584.422119140625,585.2891235351562,1838.0137939453125,67.92010498046875,-32.8271484375,0.0,0.0,339.16400146484375,-8302.484375,-1979.9400634765625,-396.5849609375,10509.7080078125,-7365.40625,0.0,0.0,-342.1716003417969,2426.55029296875,-2298.040283203125,-339.45941162109375,872.51806640625,-836.621337890625,2719.8046875,-624.058837890625,-0.08454613387584686,1.6097296476364136,1.7266690731048584,0.35842517018318176,0.009765749797224998,3.0970048904418945,-1.6586543321609497,-0.737584114074707,0.16505490243434906,1.2220817804336548,1.6853407621383667,-0.06626058369874954,1.6842904090881348,0.5205875635147095,-0.14765216410160065,-0.008666977286338806,-0.19006580114364624,0.1332157552242279,1.346400260925293,1.1992014646530151,-0.6012583374977112,0.10120004415512085,1.2978646755218506,0.6548188328742981,0.39597880840301514
1.5666667483747005,185,-1555.39990234375,-1592.8604736328125,-1033.559814453125,-558.5557250976562,-126.911865234375,141.1748046875,6513.56201171875,-7391.4833984375,3283.859130859375,-8881.396484375,22343.716796875,23396.060546875,27.601364135742188,-15.08395767211914,28.218246459960938,-80.487060546875,-99.623291015625,-253.71234130859375,997.437255859375,-98.59161376953125,-332.478515625,0.0,0.0,316.0462646484375,-8402.6220703125,-2628.73974609375,-185.6131591796875,10218.2822265625,-7663.66650390625,0.0,0.0,-385.1835021972656,2383.894775390625,-1464.305908203125,-408.4869689941406,256.796142578125,-550.7611083984375,2646.6328125,313.91790771484375,-0.24172617495059967,1.6699174642562866,2.1742982864379883,0.17662487924098969,0.08232739567756653,2.9073057174682617,-2.2189881801605225,-0.771111011505127,0.37233391404151917,1.6908997297286987,1.0643417835235596,0.011073851026594639,2.0451223850250244,0.24855339527130127,-0.3243420422077179,0.020011842250823975,-0.00820479542016983,0.1740044802427292,1.3067209720611572,1.6421879529953003,-0.6982517838478088,0.3200838565826416,1.461294174194336,0.6620953679084778,-0.3924653232097626
1.575000082142651,186,-1801.630859375,-2038.388916015625,-347.137939453125,-933.4840087890625,-528.07763671875,622.49560546875,5083.2294921875,-6450.10546875,3414.22265625,-692.45068359375,21280.802734375,19172.21875,115.44918823242188,81.01342010498047,-94.75741577148438,1348.565673828125,277.6090087890625,-148.28099060058594,-11.1978759765625,-524.34521484375,136.8671875,0.0,0.0,670.4448852539062,-8106.4306640625,-2962.596435546875,-275.3099365234375,9912.6552734375,-7875.16259765625,0.0,0.0,-207.2040252685547,1024.064697265625,-3080.453125,-266.0666198730469,282.727294921875,-1208.9891357421875,3067.237548828125,-83.44732666015625,-0.23037832975387573,1.629750370979309,2.063448190689087,0.22744856774806976,-0.05555024743080139,2.9475250244140625,-2.3008968830108643,-0.6270053386688232,0.4827430248260498,1.6533571481704712,0.742651641368866,0.0074525331147015095,1.8674896955490112,0.23182818293571472,-0.35812482237815857,0.18530042469501495,0.02353367768228054,0.17732445895671844,1.1449893712997437,1.6189557313919067,-0.5654956102371216,0.26531553268432617,1.612364649772644,0.6271026730537415,-0.5153588652610779
1.5833334159106016,187,-1204.3271484375,-1541.5013427734375,-957.771484375,-537.9688110351562,-251.3759765625,-10.904052734375,5420.1884765625,-7268.62109375,2555.724609375,963.404541015625,19723.34375,17824.5625,41.240447998046875,-17.801300048828125,25.786346435546875,-44.117889404296875,58.15716552734375,-64.02413940429688,888.2117919921875,-382.6383361816406,-134.9326171875,0.0,0.0,713.1697998046875,-7738.35498046875,-3184.019775390625,57.920166015625,9900.1748046875,-7531.05224609375,0.0,0.0,-706.0150146484375,411.286865234375,-476.7822265625,-310.89007568359375,283.4346923828125,-544.0823364257812,2550.783203125,665.7606811523438,-0.4252546429634094,1.3626646995544434,2.2316179275512695,0.7883507609367371,0.3923760652542114,3.2288267612457275,-4.237222671508789,-0.7114689350128174,0.9023600816726685,1.9992834329605103,-0.07825945317745209,0.054468750953674316,1.7177098989486694,-0.3206571936607361,-0.6089778542518616,0.4244716763496399,0.2343597114086151,0.16064299643039703,0.7442907094955444,1.6773293018341064,-0.7664960026741028,0.2581978738307953,1.2337244749069214,0.9934377670288086,-1.0847618579864502
1.5916667496785522,188,-4592.5576171875,-430.176025390625,-1630.1181640625,-646.8212280273438,-1336.451904296875,316.7197265625,4397.771484375,-6168.98095703125,2728.28369140625,12300.5,22217.705078125,13116.875,105.96290588378906,111.57125854492188,21.532135009765625,-1542.7191162109375,973.8375854492188,602.4378051757812,1653.5634765625,-709.6212768554688,-417.888916015625,0.0,0.0,1087.68701171875,-7603.345703125,-3729.66650390625,8.48211669921875,8950.2802734375,-7958.2490234375,0.0,0.0,-679.3958129882812,-752.853759765625,-2735.00537109375,-320.529296875,428.7757568359375,-1796.921142578125,3358.73681640625,670.9099731445312,-0.462435781955719,1.286191701889038,2.0232393741607666,0.8531498908996582,0.40339961647987366,3.038532257080078,-3.96909761428833,-0.8098768591880798,0.9309072494506836,1.9164297580718994,-0.41452494263648987,0.04766350984573364,1.5930920839309692,-0.2831134498119354,-0.6734165549278259,0.4675910174846649,0.07101638615131378,0.18433260917663574,0.5400288701057434,1.6976076364517212,-0.6467419266700745,0.2309773862361908,1.6012495756149292,0.9329922795295715,-1.3164921998977661
1.6000000834465027,189,-1760.24853515625,-1200.1148681640625,-1558.3544921875,-68.327392578125,-493.6568603515625,346.614501953125,5649.48095703125,-6728.728515625,1940.606201171875,14612.9873046875,19567.86328125,13473.9150390625,35.879730224609375,-0.028076171875,32.606292724609375,-252.74041748046875,53.007568359375,-337.56549072265625,856.9342041015625,-84.72288513183594,-321.061279296875,0.0,0.0,1087.2547607421875,-6591.09130859375,-3989.5673828125,503.9483642578125,9608.7548828125,-7659.04248046875,0.0,0.0,-711.1839599609375,50.594482421875,-171.57763671875,-229.1131591796875,158.980712890625,-596.130126953125,2422.552734375,1497.5804443359375,-0.7301860451698303,0.735088586807251,1.851845622062683,1.8152655363082886,0.4356878697872162,2.1512768268585205,-5.715668678283691,-1.3605670928955078,1.1793971061706543,2.231727123260498,-1.4048631191253662,-0.023588543757796288,1.6808316707611084,-1.2269237041473389,-1.003839373588562,0.8605430126190186,0.013439327478408813,0.19363346695899963,-0.34078431129455566,1.7763597965240479,-0.9819720983505249,-0.3171750009059906,1.2764252424240112,1.6114479303359985,-1.899436116218567
1.6083334172144532,190,-553.3994140625,-1012.9444580078125,-1318.69873046875,-33.23748779296875,140.38299560546875,-45.2421875,4908.41162109375,-6299.7451171875,450.531982421875,20770.40625,18850.89453125,3730.454833984375,-63.94999694824219,55.53729248046875,126.81205749511719,-41.08978271484375,-281.917724609375,-1005.8417358398438,-179.8773193359375,-1323.0614013671875,919.49560546875,0.0,0.0,25.932052612304688,-7026.20068359375,-4474.703125,570.3548583984375,7572.5830078125,-7451.4599609375,0.0,0.0,-376.92327880859375,-702.17138671875,-2195.93408203125,-119.71412658691406,89.2081298828125,-1359.92333984375,2227.59521484375,1917.1063232421875,-0.5821302533149719,0.5940146446228027,1.8446907997131348,1.9231531620025635,0.44278866052627563,2.0201492309570312,-5.281997203826904,-1.1760084629058838,1.2715791463851929,2.172240972518921,-1.6983424425125122,-0.027336934581398964,1.5384492874145508,-1.1151947975158691,-0.9468094110488892,0.9372476935386658,0.21463948488235474,0.2042527198791504,-0.5102329254150391,1.685561180114746,-1.0370336771011353,-0.15952491760253906,1.3976057767868042,1.5432143211364746,-2.150631904602051
1.6166667509824038,191,-1533.64599609375,-1388.2548828125,-939.69873046875,-369.2955322265625,27.4759521484375,-186.575439453125,5287.896484375,-6007.2275390625,899.6748046875,19005.734375,16813.6171875,2887.8173828125,20.492324829101562,-14.816619873046875,9.481536865234375,-113.13153076171875,-16.47119140625,-261.7205505371094,1156.0479736328125,-603.8209228515625,-139.5986328125,0.0,0.0,582.9090576171875,-6866.92919921875,-3549.8193359375,1355.328369140625,8028.82958984375,-6711.1865234375,0.0,0.0,-704.8172607421875,-45.7657470703125,-243.4365234375,1966.124267578125,5964.93017578125,-3950.7490234375,2254.560546875,1911.9569091796875,-0.3546309471130371,0.6053097248077393,1.7730216979980469,1.530800223350525,0.7149866819381714,1.3306841850280762,-6.429815292358398,-1.243116855621338,1.0024060010910034,1.800769567489624,0.08191174268722534,-1.7763580083847046,-3.4752988815307617,1.1617910861968994,-0.5940050482749939,1.1824719905853271,0.3119882345199585,-0.2603882849216461,-0.6082438230514526,0.8034135699272156,-1.5817283391952515,-0.5097762942314148,0.7407318353652954,1.3992717266082764,-1.9670953750610352
1.6250000847503543,192,276.0390625,907.9518432617188,-4766.4736328125,-965.595703125,-1269.2457275390625,-1075.305419921875,4664.533203125,-2774.78076171875,-1264.6103515625,16802.7578125,19114.28515625,1341.146240234375,-103.634765625,-244.07379150390625,123.32750701904297,1468.145751953125,-618.0949096679688,-425.584228515625,1677.043212890625,-1315.2412109375,347.258056640625,0.0,0.0,27.035614013671875,-7280.4951171875,-3097.88916015625,1567.1824951171875,5440.72705078125,-7451.07666015625,0.0,0.0,102.57220458984375,-887.8934326171875,-944.5654296875,-88.23873901367188,8188.13330078125,-6191.1962890625,1105.5562744140625,646.4418334960938,-0.22171005606651306,0.583200216293335,1.6148377656936646,0.8997553586959839,0.6640558242797852,1.253161907196045,-5.951761245727539,-0.9951949119567871,0.686251699924469,1.5638409852981567,3.4522147178649902,0.4320826530456543,-5.168056011199951,1.850800633430481,-0.09076595306396484,0.5358915328979492,-0.13702142238616943,-0.45968982577323914,-0.25853532552719116,0.6225677728652954,-1.2252310514450073,0.37215250730514526,1.804663062095642,1.2589107751846313,-1.1034398078918457
1.6333334185183048,193,-477.55615234375,-663.71728515625,-1148.40869140625,-1117.05615234375,-464.576171875,204.8428955078125,5020.11328125,-4376.48486328125,722.405029296875,18178.322265625,25294.037109375,1592.711181640625,16.426223754882812,-2.1507797241210938,8.285887718200684,173.15008544921875,5.02655029296875,54.353302001953125,1229.304931640625,-632.2047119140625,-297.768798828125,0.0,0.0,-616.8253173828125,-8365.8681640625,-2197.19287109375,1327.783203125,3370.683837890625,-6546.7900390625,0.0,0.0,-619.1240234375,-148.73663330078125,-206.7412109375,1715.114990234375,7925.5048828125,-3798.425048828125,2169.27685546875,1254.824462890625,-0.12121164798736572,0.09950897842645645,0.801380455493927,1.0522029399871826,1.2327816486358643,0.5606245994567871,-6.064713954925537,-1.0821077823638916,1.5162330865859985,0.41638585925102234,1.4672071933746338,-1.1096398830413818,-4.46773099899292,-0.22394753992557526,-0.3057498633861542,-0.5330948233604431,-0.15630300343036652,0.11049747467041016,0.6510977149009705,-0.1598360538482666,-0.8977020382881165,2.0746822357177734,0.9320682287216187,0.30625420808792114,-1.5165884494781494
1.6416667522862554,194,-188.746337890625,715.4781494140625,-3972.72900390625,-1581.761962890625,-2631.533935546875,-1149.678955078125,5169.3828125,-2864.771484375,-975.8985595703125,22885.5390625,24944.4140625,-5932.84423828125,-4.049289703369141,-314.400634765625,160.2663116455078,152.1689453125,320.4207763671875,-430.1648254394531,-1333.43408203125,-915.8531494140625,-157.05615234375,0.0,0.0,-1336.463134765625,-8880.42578125,27.7353515625,2671.421630859375,1618.911865234375,-3215.339111328125,0.0,0.0,-1252.035400390625,-2793.374267578125,-767.59375,1265.4462890625,9053.484375,-4118.73828125,879.67431640625,-586.5176391601562,-0.25952082872390747,-0.04617953300476074,0.9754698872566223,2.6802780628204346,1.492807149887085,0.8212722539901733,-4.975059509277344,-1.2710747718811035,1.713239312171936,0.7764788269996643,1.0560181140899658,-0.3681629002094269,-5.016721725463867,-0.23375895619392395,-1.1076890230178833,-0.47065532207489014,1.1585367918014526,0.4139750599861145,1.2416231632232666,-1.1961112022399902,-1.7089002132415771,1.952282428741455,-1.7028095722198486,0.41861963272094727,-0.6899526119232178
1.650000086054206,195,-721.288330078125,-359.0631103515625,-805.9580078125,-417.2591552734375,-512.83056640625,178.40576171875,6329.33740234375,-3301.848388671875,-459.8731689453125,27165.171875,31739.1171875,-6910.2578125,-10.774154663085938,7.447601318359375,10.489974975585938,86.510986328125,-41.8043212890625,27.39947509765625,971.4190673828125,-1163.4757080078125,172.70947265625,0.0,0.0,-1884.365966796875,-9157.0380859375,422.8060302734375,2563.32470703125,621.71142578125,-1838.08349609375,0.0,0.0,-1342.666748046875,-1092.659912109375,-1015.2041015625,823.696044921875,9627.66796875,-4264.3046875,1703.353759765625,-17.2528076171875,-0.8843329548835754,-1.196345329284668,0.19936589896678925,3.056993007659912,1.5024526119232178,-0.5894284844398499,-4.353946208953857,-1.7847234010696411,1.8308701515197754,0.4919971823692322,-0.3714887201786041,-0.02209404855966568,-5.085528373718262,-0.08721544593572617,-1.7219456434249878,-1.5628613233566284,1.2401978969573975,0.8297603130340576,1.3729091882705688,-1.4233464002609253,-1.5308030843734741,2.656074047088623,-2.673328161239624,-0.28051507472991943,-1.103269100189209
1.6583334198221564,196,423.91943359375,837.6124267578125,-1571.173828125,-439.0592041015625,-1164.4051513671875,-897.5543212890625,6159.4228515625,-898.101806640625,-1450.5565185546875,23678.9296875,26380.49609375,-8791.3525390625,-76.55386352539062,-174.29061889648438,155.90379333496094,1009.746337890625,1630.013427734375,-651.7205200195312,339.8336181640625,-1454.3280029296875,-178.27197265625,0.0,0.0,-1088.574462890625,-8290.69921875,2886.5390625,4653.771484375,42.543701171875,-545.425048828125,0.0,0.0,-1427.5455322265625,-3281.165771484375,231.33056640625,-105.9339599609375,10248.1435546875,-4833.97998046875,1791.2523193359375,-739.6483154296875,-0.9573745131492615,-1.076289415359497,0.3526616394519806,2.427830457687378,1.3533014059066772,-0.4681399464607239,-4.016434669494629,-1.6836515665054321,1.9028618335723877,0.6355692744255066,-1.0006208419799805,-0.10291475057601929,-4.795610427856445,-0.17323458194732666,-1.793947458267212,-0.7371654510498047,1.5098161697387695,0.5283747315406799,0.524588942527771,-1.5016745328903198,-1.755835771560669,1.7632596492767334,-3.3667447566986084,-0.05050985887646675,-0.9799927473068237
1.666666753590107,197,-393.2491455078125,484.50048828125,-257.3466796875,-327.2554931640625,-437.01953125,-57.19392395019531,6374.1767578125,-813.464111328125,-215.56558227539062,25767.611328125,24810.23828125,-865.2561645507812,-26.500396728515625,16.149139404296875,2.3047332763671875,49.693603515625,9.606689453125,-85.474365234375,791.3310546875,-1180.6474609375,171.8212890625,0.0,0.0,-1939.099853515625,-6869.7744140625,1215.136474609375,3199.76513671875,-180.5423583984375,-2931.458984375,0.0,0.0,-1035.435546875,-913.861572265625,-579.519287109375,4027.5322265625,8444.30078125,-4912.33349609375,1171.6549072265625,377.01904296875,-0.9510929584503174,-1.3868550062179565,-0.11209286749362946,1.9732801914215088,0.9718989729881287,-2.3295438289642334,-3.032942771911621,-1.654317855834961,1.6846888065338135,-0.05889397859573364,-1.2247512340545654,-3.649724006652832,-2.83490252494812,-0.07703325152397156,-1.9945217370986938,-0.4174547791481018,0.10714487731456757,1.165879249572754,-0.7126022577285767,-0.06283578276634216,-0.4600766599178314,1.792363166809082,-1.1747040748596191,0.46238651871681213,-1.793711543083191
1.6750000873580575,198,-59.677001953125,-293.5380859375,-2773.4873046875,611.5662841796875,621.2760009765625,-657.23388671875,7494.31787109375,3146.207275390625,-898.1380615234375,14417.84765625,28961.4609375,-1957.93408203125,29.78770637512207,-49.889892578125,75.78279113769531,-754.8468017578125,1184.0941162109375,194.1275634765625,1109.7249755859375,-1182.83447265625,-1587.972412109375,0.0,0.0,-1639.06884765625,-6634.92529296875,2102.309814453125,3793.3203125,-1529.8209228515625,-2428.373046875,0.0,0.0,-1215.9609375,-1168.447265625,1268.309326171875,191.69517517089844,6936.1796875,-4545.47216796875,759.7006225585938,-1041.87939453125,-1.0434130430221558,-1.5050196647644043,-0.11054950952529907,1.5299046039581299,0.7434491515159607,-2.4596545696258545,-2.96289324760437,-1.614759087562561,0.7183170318603516,0.4608882665634155,-0.03554338216781616,0.07183066010475159,-0.4552255868911743,-0.659953773021698,-1.1069715023040771,-1.071615219116211,-0.0166194848716259,0.41638046503067017,-0.3360189199447632,-0.1578148901462555,-0.7489774823188782,1.2556968927383423,-1.3141024112701416,0.3721339702606201,-0.4741748869419098
1.683333421126008,199,-812.85546875,-358.6630859375,-820.34716796875,127.0712890625,-0.6456298828125,713.6986083984375,6842.2255859375,913.37744140625,-953.497314453125,12559.783203125,30390.990234375,2257.1875,-40.317588806152344,-16.0986328125,17.5916748046875,-227.85601806640625,-169.03759765625,-242.15713500976562,694.1217041015625,-545.7708740234375,46.8282470703125,0.0,0.0,-2049.720458984375,-6981.80810546875,1279.48046875,3299.037353515625,-3523.26171875,-6032.07275390625,0.0,0.0,-688.697509765625,-334.82861328125,-184.354736328125,271.4488220214844,7234.21484375,-3989.547119140625,1218.860107421875,-81.963623046875,-0.7096319198608398,-1.0429248809814453,-0.8296852707862854,0.5945404767990112,0.2956283390522003,-2.9350295066833496,-1.5541918277740479,-1.1147576570510864,1.9122371673583984,0.5032452940940857,-1.0319799184799194,-0.012408427894115448,-0.6683152914047241,-1.0591418743133545,-0.7084356546401978,-1.2147184610366821,-0.6813796162605286,0.7159332036972046,-0.05491042137145996,0.5127419233322144,-0.26309630274772644,2.793402671813965,1.7387700080871582,-0.02132110297679901,-1.2207279205322266
1.6916667548939586,200,-1044.437255859375,-1700.9906005859375,246.8515625,373.34979248046875,-1828.451416015625,361.1065673828125,6416.2705078125,2560.80908203125,-1527.917236328125,13196.77734375,25938.892578125,1452.591552734375,-140.3452911376953,98.090087890625,-95.09098815917969,-406.4500732421875,1589.433349609375,152.75074768066406,981.9825439453125,-1093.190673828125,-1547.605224609375,0.0,0.0,-1811.2301025390625,-5569.279296875,-19.781982421875,3088.4580078125,-4963.30078125,-6899.9111328125,0.0,0.0,-507.983642578125,329.966796875,1255.32470703125,-946.45751953125,7543.30615234375,-3882.00146484375,508.89666748046875,1244.6754150390625,-0.6749802827835083,-0.9958387017250061,-0.4846304655075073,0.2195339947938919,0.24041277170181274,-2.7633354663848877,-1.4225122928619385,-0.7496928572654724,2.519523859024048,0.5740334391593933,-1.8261640071868896,0.08938532322645187,-0.7199693322181702,-0.8789517879486084,-0.6976836919784546,-0.33268997073173523,-0.5353600978851318,0.549271821975708,-1.044323205947876,0.911034345626831,-0.2346385419368744,2.6375186443328857,1.4362961053848267,0.10980745404958725,-1.8296149969100952
1.700000088661909,201,-572.6129150390625,-75.18687438964844,-618.2333984375,298.84271240234375,31.853271484375,414.6786193847656,6248.17333984375,1798.701171875,-1098.5772705078125,15674.5673828125,24449.302734375,-2725.260498046875,-25.246028900146484,-8.234283447265625,1.014739990234375,-304.616455078125,-59.989501953125,-410.97393798828125,590.5548095703125,-156.4141845703125,-108.25787353515625,0.0,0.0,-2155.567138671875,-4686.7099609375,453.4400634765625,3242.993896484375,-4752.4208984375,-4662.54833984375,0.0,0.0,-323.3690185546875,0.897216796875,-44.700653076171875,-895.11376953125,7030.58056640625,-4174.8662109375,895.7822265625,1579.246826171875,-0.5886315107345581,-1.9142347574234009,-0.4692836105823517,0.5174146294593811,0.094145767390728,-2.2811293601989746,-0.2618703544139862,-0.5750834345817566,2.7636373043060303,0.316206157207489,-2.6710238456726074,0.032276906073093414,-0.2148139774799347,-0.5864187479019165,-1.0466132164001465,-0.07860128581523895,0.18295250833034515,0.7814087867736816,-1.6845837831497192,0.4505447745323181,-0.34067970514297485,2.301642894744873,-0.46936631202697754,-0.2096964418888092,-1.9897464513778687
1.7083334224298596,202,610.2935791015625,-327.11700439453125,-1056.49755859375,956.5447387695312,-275.881591796875,-3.5694580078125,5592.6884765625,1689.1357421875,-1573.76220703125,13561.208984375,20754.4609375,-1734.8092041015625,-83.16915893554688,102.61202239990234,-21.5902099609375,1542.40576171875,474.1123046875,-536.229248046875,-432.13201904296875,-1134.1099853515625,-1699.909912109375,0.0,0.0,-2510.42724609375,-3931.556884765625,-486.712158203125,2862.98095703125,-6123.97314453125,-5555.0546875,0.0,0.0,-137.13436889648438,387.634765625,752.9277954101562,-1526.83935546875,6806.12548828125,-4532.70263671875,750.1082763671875,2527.06884765625,-0.557357668876648,-1.8597662448883057,-0.27411267161369324,0.3198157250881195,0.06982006877660751,-2.165376901626587,-0.23772655427455902,-0.2822039723396301,3.2864344120025635,0.3838259279727936,-3.181987762451172,0.015356712974607944,0.21588319540023804,-0.3908572793006897,-0.9476446509361267,0.3762720227241516,0.22889092564582825,0.6487371921539307,-2.277108907699585,0.8634638786315918,-0.30430594086647034,2.4352433681488037,-0.33627399802207947,-0.13196508586406708,-2.297095775604248
1.7166667561978102,203,-274.0050354003906,-382.10577392578125,-264.44873046875,213.65646362304688,219.41748046875,66.89190673828125,4981.58642578125,511.41162109375,-1102.1541748046875,12661.2880859375,16919.681640625,-3380.285888671875,-19.24726104736328,-10.903816223144531,-10.388717651367188,-217.9835205078125,72.888671875,-325.8799743652344,556.390380859375,-328.5205078125,-79.970947265625,0.0,0.0,-2529.83740234375,-3104.270751953125,-469.5070495605469,2978.55419921875,-6114.38427734375,-5206.88134765625,0.0,0.0,-228.97914123535156,-23.269775390625,-43.94525146484375,-1503.889404296875,6666.681640625,-4517.0419921875,732.8245239257812,2896.356201171875,-0.1222071498632431,-1.984531283378601,-0.2872854173183441,0.2957567572593689,0.15364350378513336,-1.6638720035552979,0.4255377948284149,0.0923171117901802,3.6804373264312744,0.11128696799278259,-3.6304726600646973,-0.008691806346178055,0.3302094340324402,-0.35907548666000366,-0.7331241965293884,0.9597095847129822,0.46814849972724915,0.5941231846809387,-2.7836267948150635,0.7670731544494629,-0.378740131855011,2.2674031257629395,-0.5799821615219116,-0.10615693032741547,-2.438525438308716
1.7250000899657607,204,-1126.927734375,40.800994873046875,-311.828125,474.32525634765625,-1716.831787109375,-656.6782836914062,4439.09814453125,265.52734375,-302.19073486328125,12510.2646484375,15774.5732421875,-3042.7197265625,-10.677528381347656,114.51073455810547,-15.602203369140625,-2066.5400390625,514.05322265625,-793.0203857421875,1925.88232421875,-594.7685546875,-3070.67333984375,0.0,0.0,-2908.1708984375,-1366.906982421875,-1772.018310546875,2267.75732421875,-7408.86962890625,-5586.89599609375,0.0,0.0,3.64385986328125,279.620361328125,654.8063354492188,-1797.15087890625,6925.41796875,-4109.48681640625,791.8138427734375,3416.072265625,-0.15344256162643433,-1.859707236289978,-0.15448802709579468,0.04631579667329788,0.12951311469078064,-1.550196886062622,0.3896689713001251,0.24687537550926208,3.92852520942688,-0.2131551206111908,-3.901832342147827,-0.1832130402326584,0.4367380738258362,-0.749147891998291,-0.7602271437644958,1.3104932308197021,0.3743468225002289,0.5270012617111206,-3.1953999996185303,1.147188663482666,-0.1753992736339569,2.2141306400299072,-0.9043319821357727,-0.06728367507457733,-2.5532782077789307
1.7333334237337112,205,-353.2537841796875,236.42001342773438,-295.28369140625,577.4740600585938,-127.54833984375,13.27191162109375,4356.76416015625,90.6806640625,-264.00531005859375,14087.296875,17604.9921875,-6029.958984375,-15.11224365234375,8.559427261352539,-9.171218872070312,-239.4248504638672,-61.229248046875,-390.8215026855469,367.89013671875,478.931884765625,-354.7490234375,0.0,0.0,-3163.36474609375,-1340.493408203125,-1551.0498046875,2390.17138671875,-7601.203125,-4404.41748046875,0.0,0.0,-171.85902404785156,-26.794677734375,-39.67694091796875,-2315.4814453125,6915.93212890625,-3371.25244140625,588.490234375,3665.89794921875,-0.20779718458652496,-2.57132625579834,-0.4950926899909973,1.0296496152877808,0.271073579788208,-1.1783756017684937,0.918985903263092,0.29230332374572754,3.734149694442749,-0.2230806052684784,-3.943739175796509,0.2720351219177246,0.4132705330848694,-1.3054226636886597,-0.9749569892883301,0.9045636057853699,0.8333923816680908,0.6780312061309814,-2.9701404571533203,0.8562861680984497,-0.2857224941253662,2.2271649837493896,-1.7760804891586304,0.09930752217769623,-2.5740370750427246
1.7416667575016618,206,2918.74951171875,-401.1033630371094,498.164794921875,622.2457275390625,-620.755859375,-572.7742309570312,2888.8134765625,-515.5322265625,-419.92645263671875,14174.970703125,14173.4033203125,-8828.296875,-11.283493041992188,49.93486785888672,4.5023040771484375,2631.05810546875,233.374267578125,-2946.2275390625,-2146.45361328125,-725.24462890625,-1039.260986328125,0.0,0.0,-4042.638671875,-1195.1796875,-1714.6533203125,1979.108642578125,-7799.63232421875,-4032.608642578125,0.0,0.0,-388.84576416015625,-616.8323974609375,381.19140625,-2964.83837890625,7128.751953125,-2461.8271484375,953.036376953125,3680.084228515625,-0.15697325766086578,-2.527472734451294,-0.3211609125137329,1.1199809312820435,0.2437029480934143,-1.0641602277755737,0.838980495929718,0.4277809262275696,3.6734392642974854,-0.23627212643623352,-3.715808868408203,0.28069061040878296,0.4133426547050476,-1.4313181638717651,-1.049118995666504,1.1968590021133423,1.2055610418319702,0.5660507082939148,-3.2383546829223633,0.8875482678413391,-0.3880757689476013,1.7671514749526978,-2.2854554653167725,0.1348450928926468,-2.3594281673431396
1.7500000912696123,207,89.011474609375,-294.21539306640625,445.181640625,194.95156860351562,297.96923828125,-423.21466064453125,2777.39453125,17.7919921875,-501.3028564453125,11246.546875,13924.697265625,-9299.06640625,-11.25167465209961,-13.323566436767578,-15.870819091796875,-29.43896484375,-97.72705078125,-409.993896484375,384.139892578125,-312.960693359375,-166.12744140625,0.0,0.0,-3530.47802734375,-696.254150390625,-1635.721923828125,2554.62109375,-7550.4296875,-4001.904052734375,0.0,0.0,-179.7576904296875,-87.383056640625,-7.4747314453125,-2477.997314453125,6488.30517578125,-3510.92626953125,493.5369873046875,3490.66796875,0.059435658156871796,-2.835576057434082,-0.37600791454315186,1.2943929433822632,0.06974253803491592,-1.4052560329437256,1.0882725715637207,0.4533931016921997,3.0909149646759033,-0.17399246990680695,-2.951019287109375,-0.13012653589248657,0.9160723090171814,-0.4447830319404602,-0.5167904496192932,1.1234440803527832,1.174363136291504,0.0789286345243454,-3.3817999362945557,0.7389129996299744,-0.8591830730438232,1.4594138860702515,-2.112739086151123,0.48969289660453796,-2.034930944442749
1.7583334250375628,208,-1525.212890625,636.7262573242188,-1057.785400390625,100.41879272460938,-1262.6591796875,-930.1903686523438,2936.9560546875,-1137.08349609375,543.6422729492188,11975.7421875,14905.94921875,-10482.8173828125,18.843650817871094,-7.7472686767578125,-99.92581176757812,-1940.225341796875,-30.664306640625,-1174.94189453125,2630.557373046875,-482.201171875,-2839.6494140625,0.0,0.0,-3808.581787109375,386.48046875,-2190.27001953125,2345.1943359375,-7520.14990234375,-4144.31640625,0.0,0.0,-70.15054321289062,-106.3546142578125,644.596435546875,-2425.767333984375,6190.2333984375,-2999.342041015625,-21.63421630859375,3692.865478515625,-0.09083355218172073,-2.586724042892456,-0.31628334522247314,0.9818291068077087,0.06577079743146896,-1.313859462738037,1.0134621858596802,0.35899707674980164,3.052584171295166,-0.3303460478782654,-2.7936575412750244,-0.21492961049079895,1.0268007516860962,-0.6452471017837524,-0.6113036870956421,1.1360249519348145,1.0701266527175903,-0.0018729306757450104,-3.291273832321167,0.8348318338394165,-0.8119789361953735,1.316305160522461,-1.9391533136367798,0.44217371940612793,-1.761794924736023
1.7666667588055134,209,-79.7886962890625,515.47509765625,127.6025390625,614.6697387695312,-263.58935546875,-272.846435546875,3083.31298828125,-208.5625,414.60797119140625,12471.7236328125,20238.345703125,-12441.92578125,-0.22109413146972656,12.173713684082031,-7.086786270141602,-150.93096923828125,-189.64013671875,-301.277587890625,328.6766357421875,543.259521484375,-458.37060546875,0.0,0.0,-3728.939208984375,-471.037109375,-1750.05029296875,2202.169921875,-7892.0361328125,-2663.606201171875,0.0,0.0,-183.6935577392578,-41.12841796875,-16.8519287109375,-2109.917724609375,5868.6728515625,-2182.9560546875,407.81060791015625,2659.860595703125,-0.3740216791629791,-2.9219677448272705,-0.633594274520874,1.2655493021011353,0.16405560076236725,-1.2575279474258423,1.466735601425171,0.26574790477752686,2.314199447631836,-0.22691437602043152,-1.9406906366348267,-0.48154959082603455,1.224851131439209,-1.253232717514038,-0.645496666431427,0.1765465885400772,1.3104275465011597,-0.09964756667613983,-2.3274378776550293,0.400486022233963,-0.6734378337860107,1.5424165725708008,-2.970613956451416,0.060997799038887024,-0.7880865931510925
1.775000092573464,210,1361.799072265625,-672.9400024414062,-151.9501953125,455.067138671875,58.162109375,-365.783203125,2339.015869140625,-1570.509521484375,732.5845947265625,11282.830078125,17984.513671875,-13626.228515625,7.177845001220703,-24.704376220703125,-36.801979064941406,1838.477294921875,-310.626953125,-1760.263671875,-2096.83154296875,-676.380126953125,-666.58251953125,0.0,0.0,-4076.9765625,-702.199462890625,-1403.1434326171875,1853.63623046875,-7977.75244140625,-2334.302001953125,0.0,0.0,-498.6065673828125,-776.794189453125,299.1033935546875,-1804.99609375,5688.34619140625,-1162.4962158203125,99.7618179321289,2540.21337890625,-0.37417852878570557,-2.831939935684204,-0.49308711290359497,1.1009341478347778,0.14690256118774414,-1.147519826889038,1.3473857641220093,0.3289225101470947,2.0721921920776367,-0.18461596965789795,-1.4684237241744995,-0.5966262817382812,1.2498431205749512,-1.4059925079345703,-0.5324336290359497,0.05138926953077316,1.270455241203308,-0.297078400850296,-2.1721713542938232,0.3386019766330719,-0.5553731918334961,1.5000414848327637,-2.738682508468628,0.07876627892255783,-0.39612486958503723
1.7833334263414145,211,81.635498046875,-449.23248291015625,400.438232421875,492.9671630859375,266.8701171875,-445.60675048828125,2355.20361328125,-299.013671875,1171.258056640625,8389.5107421875,19719.96875,-12214.017578125,1.2316627502441406,-16.629528045654297,-8.763814926147461,-102.6806640625,-273.183837890625,-355.0078125,418.403564453125,-46.1904296875,-336.6416015625,0.0,0.0,-3587.410400390625,-720.6640625,-1569.998291015625,2016.779052734375,-7575.71142578125,-2847.6416015625,0.0,0.0,-215.46502685546875,-54.5626220703125,-15.8701171875,-2126.35498046875,5328.427734375,-770.0628662109375,376.4423828125,1964.829833984375,-0.39052116870880127,-2.7277915477752686,-0.40598800778388977,0.386028528213501,-0.07670596241950989,-1.637312889099121,1.497084379196167,0.2893408536911011,1.2130635976791382,-0.41113075613975525,-0.3944075405597687,-0.3221516013145447,1.4688167572021484,-1.6150915622711182,-0.02542465180158615,-0.24578790366649628,0.9374144673347473,-0.6991499066352844,-1.971205472946167,0.45943206548690796,-0.6790340542793274,1.071569800376892,-2.0913262367248535,-0.15468651056289673,0.08818851411342621
1.791666760109365,212,-478.61126708984375,-167.7762451171875,-342.13720703125,-37.00531005859375,-871.16650390625,-539.0833129882812,2372.158935546875,-869.9642333984375,2405.61865234375,8634.486328125,19871.009765625,-10020.494140625,27.797046661376953,-32.27781677246094,-85.318603515625,-2053.046875,-681.741455078125,394.953857421875,2381.12744140625,-93.088134765625,-1997.4345703125,0.0,0.0,-2752.956787109375,-80.001220703125,-2151.09130859375,2132.568115234375,-7229.8681640625,-3354.84130859375,0.0,0.0,-154.6826629638672,-163.6756591796875,498.72265625,-2108.91796875,5314.24560546875,35.318359375,-731.7244873046875,2231.63037109375,-0.4486827552318573,-2.414642572402954,-0.3810861110687256,-0.1397993564605713,-0.07005935907363892,-1.523329257965088,1.3796541690826416,0.2853257954120636,1.1248873472213745,-0.44072476029396057,-0.11030836403369904,-0.36968567967414856,1.3043030500411987,-1.6134599447250366,0.19286924600601196,-0.15639843046665192,0.558415412902832,-0.8636699318885803,-1.9231230020523071,0.6657519340515137,-0.5697670578956604,0.9751188158988953,-1.3106986284255981,-0.15641136467456818,0.09236986935138702
1.8000000938773155,213,206.0455322265625,272.85638427734375,137.033935546875,514.2281494140625,-189.98583984375,-300.32440185546875,2384.616455078125,-150.62115478515625,1858.7254638671875,11130.2958984375,24422.552734375,-11496.611328125,13.156180381774902,1.8718266487121582,-1.2063522338867188,-109.88900756835938,-144.39453125,-136.976318359375,374.0384216308594,440.034423828125,-425.7470703125,0.0,0.0,-2909.2734375,-810.6734619140625,-1495.2415771484375,1733.041015625,-7706.29345703125,-2629.21533203125,0.0,0.0,-224.28858947753906,-32.0484619140625,-4.7835693359375,-1869.69873046875,5209.3583984375,500.6693115234375,321.23956298828125,1431.103515625,-0.725483775138855,-2.588285207748413,-0.4701067805290222,-0.18071438372135162,0.006369642447680235,-1.5063129663467407,1.677201271057129,0.260911762714386,0.649980366230011,-0.11128059774637222,0.4675482213497162,-0.5666929483413696,1.3017412424087524,-1.8584833145141602,-0.22093930840492249,-0.8816040754318237,0.7552148699760437,-0.6946801543235779,-1.1675838232040405,0.0968092754483223,-0.23198668658733368,1.3022891283035278,-1.7788209915161133,-0.9916061758995056,0.7269059419631958
1.808333427645266,214,1389.4400634765625,491.76611328125,-34.0595703125,432.79315185546875,519.954833984375,-195.537353515625,2125.4775390625,324.80291748046875,1954.3675537109375,10540.9677734375,22135.08984375,-8852.0205078125,43.521026611328125,-7.65142822265625,-66.09397888183594,1786.318115234375,-661.7542114257812,-492.4296875,-1856.43212890625,-685.02099609375,479.994140625,0.0,0.0,-2363.714599609375,-843.2451171875,-959.3892211914062,1656.34130859375,-7658.083984375,-2779.1806640625,0.0,0.0,-426.13909912109375,-492.605712890625,-99.8966064453125,-1377.027099609375,5208.4951171875,1409.369873046875,-235.607177734375,1494.11328125,-0.7442970871925354,-2.425757646560669,-0.4206942319869995,-0.43838968873023987,0.016653597354888916,-1.393639326095581,1.5493462085723877,0.28370940685272217,0.5551968812942505,-0.08350861072540283,0.7714111804962158,-0.48627427220344543,1.2104183435440063,-1.7792593240737915,-0.04989965260028839,-0.7950371503829956,0.5223948359489441,-0.7991577386856079,-1.2102118730545044,0.1351335197687149,-0.2363872230052948,1.2323753833770752,-1.0964967012405396,-0.9012056589126587,0.7086958885192871
1.8166667614132166,215,119.585205078125,-294.98138427734375,219.68408203125,475.96435546875,109.740966796875,-212.92822265625,2112.321044921875,47.93115234375,2307.6259765625,10560.9951171875,21329.01953125,-7339.6494140625,19.07063102722168,-16.837759017944336,2.999725341796875,-76.464111328125,-270.0159912109375,-195.334716796875,425.542236328125,44.85009765625,-369.85009765625,0.0,0.0,-2473.78857421875,-735.4708251953125,-1189.8604736328125,1493.58935546875,-7684.29931640625,-3983.232177734375,0.0,0.0,-232.10890197753906,-25.73828125,-16.5645751953125,-1791.2618408203125,5273.9228515625,1222.38330078125,304.36865234375,1496.8638916015625,-0.7296481728553772,-2.018749237060547,-0.36873045563697815,-0.9574353098869324,-0.12566408514976501,-1.659606695175171,1.3624144792556763,0.263134241104126,0.653943657875061,-0.27100256085395813,0.9496487379074097,-0.13983559608459473,1.078904390335083,-1.4827889204025269,-0.05105780065059662,-0.6019541621208191,0.23600398004055023,-0.6643816232681274,-1.2029354572296143,0.32540127635002136,-0.09699378907680511,1.15094792842865,-0.033585917204618454,-1.2653461694717407,0.6434468626976013
1.8250000951811671,216,-930.0132446289062,158.3449249267578,-1355.086181640625,-436.779052734375,-680.425537109375,-109.6578369140625,2194.49609375,459.368896484375,3326.876708984375,12456.1943359375,21276.00390625,-5602.271484375,59.332786560058594,-7.720295429229736,-83.57046508789062,-1990.7393798828125,-525.4583740234375,1351.228271484375,3140.09326171875,546.3515625,-1665.1298828125,0.0,0.0,-1412.948486328125,268.5416259765625,-1767.56005859375,1431.982666015625,-6869.3447265625,-4107.8466796875,0.0,0.0,-167.65707397460938,133.7757568359375,211.1448974609375,-1287.8988037109375,5313.478515625,1441.501220703125,-1344.5166015625,1618.1513671875,-0.7253597378730774,-1.7789347171783447,-0.319683313369751,-1.307538628578186,-0.11943270266056061,-1.538914680480957,1.2605292797088623,0.2708591818809509,0.7211069464683533,-0.2398575395345688,0.9831210374832153,-0.3727073669433594,1.0021320581436157,-1.3100531101226807,0.12715111672878265,-0.3893026113510132,-0.06649325788021088,-0.7876120209693909,-1.3681546449661255,0.5420361757278442,-0.059499096125364304,1.0647449493408203,0.43748992681503296,-1.1695683002471924,0.5089614391326904
1.8333334289491177,217,357.6568908691406,359.53021240234375,-31.79345703125,221.663818359375,-301.55029296875,-250.6844482421875,2308.23828125,102.08349609375,2353.2802734375,16381.501953125,26890.91015625,-8924.9990234375,28.29236602783203,5.544075965881348,8.2020263671875,-21.744827270507812,-11.35760498046875,-8.71246337890625,367.9605712890625,414.1865234375,-301.04296875,0.0,0.0,-1852.3619384765625,-1162.986328125,-653.9539184570312,1190.2613525390625,-7904.953125,-2983.630859375,0.0,0.0,-212.62313842773438,-8.7086181640625,-9.533447265625,-1314.6224365234375,5444.93603515625,1491.1580810546875,218.2392578125,852.703369140625,-1.0292962789535522,-1.836553692817688,-0.20205943286418915,-1.228567361831665,-0.061357494443655014,-1.3006389141082764,1.3400601148605347,0.20149460434913635,0.8631910681724548,0.3071182370185852,0.867712140083313,-0.34073394536972046,0.8287860155105591,-1.2329792976379395,-0.5076119303703308,-1.260285496711731,0.48362284898757935,-0.3863425552845001,-0.10080662369728088,-0.3923945426940918,0.12351831793785095,1.823258638381958,-0.5005747079849243,-2.3311736583709717,1.0914349555969238
1.8416667627170682,218,435.5725402832031,1154.820068359375,-624.94287109375,331.1075439453125,-331.78076171875,-715.3677368164062,2082.107666015625,1482.1014404296875,1387.170166015625,18636.3671875,22122.3125,-8549.267578125,83.96495056152344,-49.761573791503906,12.116378784179688,2231.802978515625,-113.43917846679688,-613.7957763671875,-1862.0869140625,-768.22998046875,329.3828125,0.0,0.0,-1535.0767822265625,-829.086669921875,98.87673950195312,1175.2161865234375,-7179.240234375,-2811.6181640625,0.0,0.0,-340.9506530761719,-256.764404296875,-161.7672119140625,-995.10791015625,5571.42041015625,1734.934814453125,-177.876220703125,676.3472900390625,-1.0327410697937012,-1.759203314781189,-0.12568092346191406,-1.468464732170105,-0.052343178540468216,-1.2029825448989868,1.2431741952896118,0.1434963345527649,0.7461432218551636,0.4585512578487396,1.097044587135315,-0.03687826544046402,0.6918853521347046,-1.1346286535263062,-0.417987585067749,-1.0490819215774536,0.40393999218940735,-0.5476314425468445,-0.26635998487472534,-0.3113804757595062,0.036085616797208786,1.5594407320022583,-0.05547410994768143,-2.132297992706299,1.064475178718567
1.8500000964850187,219,127.4132080078125,-124.0477294921875,-140.5888671875,522.6434326171875,-70.47509765625,-87.85577392578125,2158.60107421875,742.74951171875,2154.7607421875,18176.275390625,24225.2109375,-6638.9580078125,22.30046844482422,-9.234050750732422,17.576629638671875,-48.1209716796875,-237.85292053222656,-148.0748291015625,331.9755859375,178.849853515625,-357.04052734375,0.0,0.0,-1693.1309814453125,-1279.2276611328125,-234.36903381347656,1134.7509765625,-7986.453125,-4065.998291015625,0.0,0.0,-500.6707458496094,224.006591796875,-145.07958984375,-1001.6411743164062,5726.45703125,1388.21240234375,191.514404296875,798.44140625,-1.0672551393508911,-1.76786470413208,-0.4351833462715149,-1.087563395500183,0.09883539378643036,-1.4984291791915894,1.1350271701812744,0.09536221623420715,1.0881258249282837,0.009048078209161758,0.7486160397529602,-0.05145593732595444,0.5339523553848267,-0.7769343256950378,-0.31201454997062683,-1.3134658336639404,0.07082824409008026,-0.3765982985496521,0.1269061416387558,-0.009358851239085197,0.06393065303564072,2.094991683959961,0.9585983753204346,-2.2620980739593506,0.8833210468292236
1.8583334302529693,220,-624.952392578125,745.427978515625,-1557.194580078125,-333.4327392578125,-930.400390625,-561.952880859375,2377.29052734375,1049.72998046875,1799.05908203125,22039.134765625,23395.544921875,-8225.759765625,57.49866485595703,14.346099853515625,-2.2878265380859375,-3014.62158203125,384.111572265625,200.63409423828125,4097.59228515625,246.591064453125,-1114.9013671875,0.0,0.0,-990.7069091796875,-409.4124755859375,-746.3621215820312,1305.2637939453125,-7431.49609375,-2933.423583984375,0.0,0.0,-267.8697509765625,364.760986328125,100.6553955078125,-503.57647705078125,6155.931640625,1314.8287353515625,-635.285400390625,749.8837890625,-0.9452353119850159,-1.6018730401992798,-0.32986879348754883,-1.1024067401885986,-0.06098219007253647,-1.2841078042984009,0.9853396415710449,0.1775141805410385,1.1944836378097534,0.06813138723373413,0.8380537629127502,-0.28297528624534607,0.45682603120803833,-0.7071118950843811,-0.4722902774810791,-1.0896522998809814,0.3451690673828125,-0.37101250886917114,0.16639946401119232,-0.06979794800281525,0.1793389618396759,2.2514567375183105,0.4634700417518616,-2.0632362365722656,0.9372067451477051
1.8666667640209198,221,432.33380126953125,518.96533203125,-143.998046875,114.78564453125,-405.426513671875,-331.32342529296875,2515.49951171875,676.624267578125,1764.428955078125,24974.712890625,27455.74609375,-11210.3662109375,20.646713256835938,14.429611206054688,16.463729858398438,-31.5692138671875,66.523193359375,49.468505859375,366.9334716796875,357.6298828125,-168.778564453125,0.0,0.0,-1147.3731689453125,-1584.8682861328125,251.16571044921875,819.4963989257812,-8352.0947265625,-2214.20703125,0.0,0.0,-173.0551300048828,10.8355712890625,-28.5223388671875,-544.3666381835938,6481.04541015625,1332.677978515625,80.6806640625,157.5826416015625,-1.1192677021026611,-1.7527555227279663,-0.4065353274345398,-0.6167799830436707,-0.13887611031532288,-0.8794904947280884,1.0064388513565063,0.10219123959541321,1.3113703727722168,0.08585753291845322,0.6884002089500427,-0.22075515985488892,0.16443735361099243,-0.6610979437828064,-0.9042099714279175,-1.6534169912338257,0.8161020278930664,-0.22482237219810486,1.1100143194198608,-0.8660044074058533,0.5465325713157654,2.825054407119751,-0.17480599880218506,-2.4728009700775146,1.3497990369796753
1.8750000977888703,222,488.3303527832031,883.9444580078125,-546.51611328125,220.21337890625,-429.06884765625,-1010.897216796875,2527.541015625,1600.2421875,318.7041931152344,27381.365234375,22189.34765625,-9545.439453125,41.821746826171875,-13.041584014892578,67.93629455566406,2994.8564453125,192.8983154296875,-2935.643798828125,-2916.076904296875,-1010.428466796875,1225.016357421875,0.0,0.0,-1126.9366455078125,-1731.906982421875,954.2579956054688,1196.8568115234375,-7445.671875,-1192.7125244140625,0.0,0.0,-239.3468780517578,-206.3253173828125,-234.5638427734375,349.5625915527344,6349.54541015625,1843.5087890625,811.8145751953125,278.3170166015625,-1.0803439617156982,-1.7251644134521484,-0.32634830474853516,-0.7217605113983154,-0.2103036791086197,-0.7291595339775085,0.9076775312423706,0.19622790813446045,1.231123685836792,0.07986244559288025,0.8271191120147705,-0.3268277645111084,0.20293068885803223,-0.7165676951408386,-0.8049111366271973,-1.51277756690979,0.9336328506469727,-0.4769394099712372,1.0382579565048218,-0.7961874604225159,0.6853869557380676,2.6512625217437744,-0.43479713797569275,-2.253444194793701,1.409850835800171
1.8833334315568209,223,112.36439514160156,-61.3349609375,-216.9267578125,590.4527587890625,-97.871337890625,-190.3333740234375,2578.81884765625,1046.58154296875,1893.8267822265625,24487.0625,19771.24609375,-3926.56103515625,8.792068481445312,-6.218013763427734,21.085838317871094,-184.0721435546875,-352.9793701171875,-198.41455078125,179.300048828125,123.156982421875,-396.885009765625,0.0,0.0,-757.7830810546875,-697.3721923828125,-100.91944122314453,756.1409912109375,-7494.43310546875,-3770.287109375,0.0,0.0,-139.80572509765625,34.2088623046875,-61.32879638671875,350.4854431152344,6605.255859375,1776.8836669921875,99.2109375,866.7482299804688,-1.2153960466384888,-1.7735596895217896,-0.7180549502372742,-0.3883541226387024,-0.2662283778190613,-0.8659989833831787,0.6996715664863586,0.15474152565002441,1.437335729598999,-0.7627849578857422,0.5178278684616089,-0.3242006003856659,-0.004210427403450012,-0.6030410528182983,-0.27683311700820923,-1.0114272832870483,-0.0451156310737133,-0.732219934463501,0.13458098471164703,0.1388808935880661,0.9928374290466309,2.4945828914642334,1.661553144454956,-1.504823923110962,0.8215630650520325
1.8916667653247714,224,219.5847930908203,278.910400390625,-1724.8330078125,-380.351318359375,-343.923583984375,-1077.505615234375,3045.411865234375,1209.861083984375,1544.685791015625,25135.87890625,18268.267578125,-186.38284301757812,59.761962890625,32.43765640258789,17.42218017578125,-3128.775146484375,1144.9549560546875,-735.051025390625,4753.57470703125,716.467041015625,-1851.4228515625,0.0,0.0,206.5294189453125,986.3668212890625,-1797.45947265625,1621.9814453125,-6084.263671875,-3225.012939453125,0.0,0.0,-63.695465087890625,400.06854248046875,314.2703857421875,1597.7783203125,7099.55517578125,2613.42578125,-210.1383056640625,1484.78173828125,-1.0797048807144165,-1.6412477493286133,-0.5422132015228271,-0.402305543422699,-0.26297059655189514,-0.7795383930206299,0.6415126323699951,0.3856622576713562,1.5687812566757202,-0.5601094961166382,0.405425488948822,-0.7747296094894409,-0.053833216428756714,-1.1408429145812988,-0.3268614113330841,-0.5912129878997803,-0.06360962986946106,-0.7514108419418335,-0.41688865423202515,0.3829382658004761,0.7759448885917664,2.1812455654144287,1.6122384071350098,-1.3838659524917603,0.5950331687927246
1.900000099092722,225,813.270751953125,412.8050537109375,57.580078125,1.87548828125,-291.778076171875,-693.7835693359375,2769.9580078125,638.1259765625,1307.510986328125,29134.30078125,18681.697265625,-2103.268310546875,7.85028076171875,13.342354774475098,16.169235229492188,-94.5550537109375,58.6627197265625,-13.7373046875,350.021728515625,241.4033203125,38.47119140625,0.0,0.0,40.35919189453125,679.670166015625,-491.39990234375,1108.95751953125,-6573.2568359375,-3426.03857421875,0.0,0.0,-125.39337158203125,-6.79974365234375,-34.42779541015625,1341.711181640625,7376.18701171875,2752.556884765625,44.89599609375,1116.04541015625,-1.2122581005096436,-1.529718041419983,-0.6816850304603577,0.13978299498558044,-0.18431614339351654,-0.3883141577243805,0.8743572235107422,0.5154910087585449,1.7658140659332275,-0.37917038798332214,0.35442620515823364,-0.5092450380325317,-0.2633134126663208,-1.1434009075164795,-0.9469859600067139,-0.5952808856964111,0.259937584400177,-0.577023983001709,-0.13586823642253876,-0.6972340941429138,1.126029372215271,2.402130126953125,1.6063528060913086,-1.474334478378296,0.8543261885643005
1.9083334328606725,226,-612.676513671875,-1731.60302734375,-569.0849609375,404.71875,401.475341796875,-652.72998046875,2048.712158203125,1430.673583984375,266.3503723144531,30257.1953125,13246.29296875,1474.4755859375,14.707229614257812,-124.0739974975586,59.63199996948242,2652.550537109375,-14.18408203125,-3475.271240234375,-4298.7734375,-621.04150390625,1445.341552734375,0.0,0.0,-923.9312744140625,1005.591064453125,-30.27734375,1178.1102294921875,-5024.83837890625,-2458.3837890625,0.0,0.0,35.589691162109375,-401.78692626953125,-437.89251708984375,1704.36279296875,7057.82666015625,3272.2314453125,442.6796875,690.3583984375,-1.2273417711257935,-1.5328965187072754,-0.605269193649292,0.6122944355010986,-0.1688220351934433,-0.35768717527389526,0.8137090802192688,0.6327213048934937,1.6558051109313965,-0.4242514967918396,0.6292432546615601,-0.2554546594619751,-0.3203779458999634,-0.9072264432907104,-0.9602895379066467,-0.46881577372550964,0.19695797562599182,-0.6493637561798096,-0.27284151315689087,-0.5981622934341431,1.2483022212982178,2.2530953884124756,1.0567963123321533,-1.342142939567566,0.9146583080291748
1.916666766628623,227,82.6370849609375,-576.5802612304688,-222.60302734375,991.3084716796875,259.517822265625,-436.00537109375,2265.989990234375,815.27685546875,1534.2919921875,29201.021484375,12956.3583984375,4413.0546875,-5.7072601318359375,-23.29051971435547,22.164852142333984,-360.9427490234375,-546.0467529296875,-330.1513671875,80.237548828125,126.544677734375,-457.9669189453125,0.0,0.0,-248.7655029296875,1041.6473388671875,-741.9314575195312,1145.2725830078125,-5389.58203125,-4103.48681640625,0.0,0.0,-79.36592864990234,40.8670654296875,-55.81463623046875,1689.323974609375,7057.74365234375,2860.92919921875,85.6812744140625,1456.813232421875,-1.465810775756836,-1.3328419923782349,-0.6387249231338501,0.8665315508842468,-0.05944937467575073,-0.6864998936653137,0.44265711307525635,0.46846461296081543,1.8667570352554321,-1.0635372400283813,0.1879623830318451,-0.23377613723278046,-0.27997252345085144,-0.5123720169067383,-0.7265714406967163,-0.39558157324790955,-0.28466886281967163,-1.1488006114959717,-0.2494785487651825,0.05070872977375984,1.1884851455688477,2.3838696479797363,2.290022373199463,-0.951310932636261,0.22686034440994263
1.9250001003965735,228,2566.903564453125,1725.6529541015625,-1691.734375,916.3543701171875,356.4305419921875,-774.2482299804688,1253.874267578125,312.3974609375,1767.117919921875,26977.7421875,14980.5986328125,3394.62060546875,-35.98014831542969,26.656875610351562,-6.900676727294922,-2511.232421875,678.5738525390625,-195.42041015625,4133.71923828125,-136.628173828125,-2029.5677490234375,0.0,0.0,-144.6727294921875,1542.251953125,-744.4832153320312,972.8809814453125,-4561.2646484375,-3619.53369140625,0.0,0.0,-93.88822174072266,242.451171875,-314.27569580078125,2657.51904296875,7293.6953125,3136.4501953125,144.39410400390625,1548.0865478515625,-1.187808871269226,-1.0844696760177612,-0.5324892997741699,0.9907669425010681,-0.06918402761220932,-0.60991370677948,0.3858862817287445,0.8538089990615845,2.001638412475586,-0.9991170763969421,0.107632577419281,-0.3666655421257019,-0.4121935963630676,-0.5556589365005493,-0.4654815196990967,-0.30341750383377075,0.04390936344861984,-0.9317824840545654,-0.16548989713191986,-0.14177550375461578,1.2618311643600464,2.413485288619995,1.7794898748397827,-0.841082751750946,0.2506754398345947
1.933333434164524,229,1305.2193603515625,324.1282958984375,7.4521484375,207.9530029296875,-467.4276123046875,-348.469970703125,251.134033203125,-81.43359375,1707.6982421875,24833.068359375,16012.623046875,2124.4189453125,5.826751708984375,18.803428649902344,9.131271362304688,-43.83587646484375,28.88427734375,-79.51220703125,313.28857421875,144.465087890625,31.6708984375,0.0,0.0,-320.9276123046875,965.4999389648438,-165.0107421875,841.8812255859375,-5114.82373046875,-3206.9521484375,0.0,0.0,-8.367446899414062,-18.1407470703125,9.176673889160156,2464.39794921875,7482.03125,2945.119873046875,-33.7010498046875,1182.366943359375,-0.723426103591919,-0.5485351085662842,-0.7034218311309814,0.9930495619773865,-0.13151736557483673,-0.34975606203079224,0.09791143238544464,1.330237627029419,2.0555567741394043,-0.8941100835800171,0.612881064414978,-0.1899562031030655,-0.5146282911300659,-0.34120655059814453,-0.07467706501483917,-0.43689945340156555,0.25351983308792114,-0.7313422560691833,0.31614890694618225,-0.6006581783294678,1.2576578855514526,2.659799814224243,1.269597053527832,-0.6257204413414001,0.537596583366394
1.9416667679324746,230,1131.6300048828125,-1986.9737548828125,-168.3154296875,1199.4273681640625,-497.73052978515625,-288.994384765625,-1249.52197265625,58.05224609375,1292.568603515625,24505.119140625,16316.876953125,4288.046875,-118.07861328125,-3.6001968383789062,76.88998413085938,2234.255859375,-979.9713134765625,-1631.04833984375,-4397.0771484375,-9.115478515625,750.70068359375,0.0,0.0,-729.4228515625,600.9360961914062,551.3163452148438,884.3104248046875,-3371.54931640625,-3528.52978515625,0.0,0.0,-136.73480224609375,-111.9615478515625,-704.172607421875,3140.729736328125,6163.66943359375,2574.057373046875,990.2197265625,883.7841796875,-0.7646671533584595,-0.5875377655029297,-0.6521904468536377,1.1416232585906982,-0.11968380957841873,-0.3240167498588562,0.10355885326862335,1.1819441318511963,1.8484498262405396,-0.8143311738967896,0.9044309854507446,0.035211414098739624,-0.4029199481010437,0.07082882523536682,-0.05131320655345917,-0.8603451251983643,0.06069328635931015,-0.6092920303344727,0.5693762898445129,-0.7044358253479004,1.200603723526001,2.7794628143310547,1.5102219581604004,-0.5705690979957581,0.7441636323928833
1.9500001017004251,231,460.03857421875,-449.0574645996094,-286.73388671875,1399.7889404296875,-125.5960693359375,262.0780029296875,-751.85888671875,0.588623046875,1395.6602783203125,21557.095703125,17477.08984375,9109.095703125,-6.796911239624023,-10.060161590576172,3.311643600463867,-306.5511474609375,-657.038818359375,-339.796875,56.08837890625,248.431640625,-594.755859375,0.0,0.0,-562.8287963867188,1321.28564453125,-122.45631408691406,1364.6929931640625,-3857.224365234375,-6070.47021484375,0.0,0.0,46.39256286621094,42.865570068359375,-47.046661376953125,1891.1240234375,6426.4921875,1848.330078125,-16.392852783203125,1377.538330078125,-0.8369232416152954,-0.741507887840271,-0.8743771910667419,1.0957928895950317,-0.26223212480545044,-0.42528656125068665,-0.43072640895843506,0.8122745156288147,1.7386341094970703,-0.7988471984863281,0.9913685321807861,1.0517772436141968,-0.5676150321960449,0.6417665481567383,0.41912606358528137,-1.0000178813934326,-0.7176299095153809,-0.6889866590499878,-0.02585429698228836,-0.0823841392993927,0.7205581665039062,2.97128963470459,3.468560218811035,0.27956104278564453,0.28915220499038696
1.9583334354683757,232,2848.50048828125,2846.286865234375,1675.639404296875,911.1502075195312,1175.6558837890625,723.1715698242188,-1973.433837890625,-2112.134765625,1489.10693359375,20988.9765625,22812.45703125,5831.19091796875,-166.21359252929688,263.0287170410156,43.79835510253906,-4440.49462890625,-531.8367919921875,1804.448974609375,6700.125,834.43994140625,-2507.7490234375,0.0,0.0,-93.95843505859375,1526.4793701171875,-389.4884033203125,1207.8447265625,-2499.652099609375,-6350.61083984375,0.0,0.0,448.88055419921875,210.59030151367188,-396.1915588378906,660.855712890625,6431.77880859375,1187.2982177734375,361.4500732421875,2446.606689453125,-0.49921363592147827,-0.5911542773246765,-0.6831796169281006,0.910470187664032,-0.25487205386161804,-0.36544516682624817,-0.4080185890197754,0.7745347023010254,1.8470189571380615,-0.6103484034538269,0.7738115787506104,1.1529004573822021,-0.40401342511177063,0.6073872447013855,0.5664461851119995,-0.8603498935699463,-0.4251680076122284,-0.6514040231704712,-0.012319670058786869,-0.06487672030925751,0.5263094902038574,2.8008055686950684,3.086738109588623,0.28646302223205566,0.5419262647628784
1.9666667692363262,233,1665.1817626953125,648.2314453125,590.859619140625,-485.96142578125,-585.2892456054688,-471.0936279296875,-2161.415771484375,-2179.99755859375,288.4288330078125,18233.962890625,20790.87890625,3483.333251953125,-6.323150634765625,42.154296875,-36.510154724121094,-185.962158203125,687.51220703125,295.318115234375,517.403564453125,116.85693359375,464.2373046875,0.0,0.0,41.708740234375,1575.0498046875,-42.287200927734375,1867.9815673828125,-2513.326171875,-5009.4033203125,0.0,0.0,137.14002990722656,-78.6479263305664,54.43951416015625,1181.656494140625,5527.71728515625,241.6995849609375,-154.077880859375,676.65966796875,0.2931618392467499,0.41327938437461853,-0.008316189050674438,-0.26259487867355347,0.009771507233381271,-0.10281786322593689,-0.7372243404388428,0.8128243684768677,1.712209701538086,0.07192093133926392,2.2175703048706055,0.6710308790206909,0.38205015659332275,1.3347153663635254,0.9835397601127625,-0.44928038120269775,-0.02861057221889496,-0.7289589643478394,-0.06293743848800659,-0.33859002590179443,-0.06533805280923843,2.559647560119629,1.7547458410263062,0.6868908405303955,1.9523283243179321
1.9750001030042768,234,-864.2029418945312,-3849.758056640625,1114.16748046875,798.9754638671875,59.81640625,877.172607421875,-3407.648681640625,-2019.1861572265625,-444.588134765625,19733.826171875,20157.677734375,7231.6640625,-197.09934997558594,34.557159423828125,98.22381591796875,3377.77734375,-2259.451171875,-1810.459716796875,-7028.701171875,390.391845703125,2485.69482421875,0.0,0.0,-493.56793212890625,985.8409423828125,88.91302490234375,2289.269287109375,-510.6380615234375,-6787.3125,0.0,0.0,152.91275024414062,-246.91024780273438,-253.51898193359375,130.03790283203125,3974.4775390625,-312.537353515625,1283.518310546875,1180.618896484375,0.02181711420416832,0.3188524544239044,-0.20451392233371735,-0.4782198965549469,0.026745205745100975,-0.13324595987796783,-0.6615052223205566,0.4366278648376465,1.098862886428833,-0.07080713659524918,2.737600326538086,0.8716750144958496,0.9760587215423584,1.4662752151489258,1.0570813417434692,-0.7187079191207886,-0.6981443166732788,-0.6518776416778564,0.042325209826231,-0.3159704804420471,-0.2952915132045746,2.209882974624634,3.081730842590332,0.6107627153396606,1.7880051136016846
1.9833334367722273,235,-184.11419677734375,-643.3228759765625,-140.5225830078125,1244.80078125,224.81942749023438,340.28533935546875,-2037.681396484375,-1226.698974609375,369.10772705078125,18426.98046875,16115.3212890625,12823.0283203125,-22.72845458984375,-14.272781372070312,-34.96806335449219,-982.8524169921875,-806.468994140625,-181.8984375,-55.65185546875,321.88531494140625,-708.6537475585938,0.0,0.0,-43.7783203125,2875.738525390625,-472.26239013671875,3069.8662109375,512.19580078125,-8911.6806640625,0.0,0.0,-28.020431518554688,263.3633117675781,-17.70758056640625,123.6087646484375,3218.8818359375,-901.379638671875,-91.8238525390625,1587.6556396484375,-0.22790127992630005,0.2013683319091797,0.10931138694286346,-1.280679702758789,0.1689605414867401,-0.5490689277648926,-0.8014834523200989,-0.3471474051475525,0.5810021162033081,-0.5030027627944946,2.705630302429199,0.8467099666595459,1.5253589153289795,1.7913869619369507,1.1623715162277222,-0.028192635625600815,-1.554352045059204,-0.9574753642082214,-1.454982042312622,0.19227969646453857,-0.8976629376411438,1.2227118015289307,4.586937427520752,1.6616321802139282,1.3075172901153564
1.9916667705401778,236,3745.2431640625,4966.56640625,14.2283935546875,958.9346923828125,1371.9471435546875,1020.8847045898438,-2242.112548828125,-3585.52197265625,162.63137817382812,15987.994140625,19539.947265625,7718.78125,-16.61083984375,85.259765625,-61.515167236328125,-4801.6123046875,110.98773193359375,2169.680908203125,7362.796875,716.3905029296875,-1642.0889892578125,0.0,0.0,291.4473876953125,3175.642578125,-2172.0546875,2207.873291015625,352.1531982421875,-6888.33642578125,0.0,0.0,-1858.934326171875,4064.39599609375,749.2030639648438,430.75970458984375,4133.79052734375,-1079.753662109375,459.2430419921875,2506.65576171875,0.17305320501327515,0.2811747193336487,0.10092438757419586,-0.3104966878890991,1.220494031906128,-2.3861923217773438,-0.8492960333824158,-0.2517777979373932,0.6685113310813904,-0.3610256314277649,2.48797607421875,0.4666665196418762,1.8929027318954468,1.2373881340026855,1.0228313207626343,0.21255390346050262,-1.117419958114624,-0.5850289463996887,-1.1739400625228882,-0.11703803390264511,-0.8044690489768982,1.0160969495773315,3.187624454498291,1.60942542552948,1.6046504974365234
2.0000001043081284,237,1679.998779296875,967.9443359375,625.3795166015625,-1047.9224853515625,-243.2060546875,-249.5177001953125,-3175.3642578125,-2968.64453125,-657.5084838867188,15776.1640625,19987.6796875,-2068.785400390625,-14.19696044921875,58.60694885253906,-49.98677062988281,-534.69677734375,812.7772216796875,355.6693115234375,347.696533203125,-72.56576538085938,661.5723876953125,0.0,0.0,218.94815063476562,1275.688232421875,385.654296875,2334.44775390625,1090.4005126953125,-1134.569580078125,0.0,0.0,-2399.24169921875,5077.40771484375,436.6009826660156,510.9184875488281,2743.49072265625,-1059.617431640625,-332.318115234375,-721.929443359375,1.2605047225952148,1.1290767192840576,0.7435948848724365,0.8383379578590393,1.5596815347671509,-3.019031286239624,-0.5451049208641052,0.26459288597106934,0.2544535994529724,0.09661500155925751,3.9991726875305176,0.40106338262557983,2.907222032546997,1.1340053081512451,0.9784682393074036,0.12281233072280884,0.5629819631576538,-0.5284989476203918,0.49160560965538025,-2.201132297515869,-0.8556920289993286,0.3179655075073242,-1.8189899921417236,2.128788709640503,4.117933750152588
2.008333438076079,238,757.607177734375,-2769.23486328125,649.2652587890625,2617.5888671875,1388.1820068359375,-459.97625732421875,-4740.787109375,-4717.28759765625,-1016.622802734375,14548.3193359375,18946.638671875,-7662.1865234375,-166.994384765625,-35.45634460449219,-33.85144805908203,2244.2158203125,-1706.5841064453125,-3039.32666015625,-6115.90625,363.99383544921875,3648.28515625,0.0,0.0,-364.7798156738281,-1244.75927734375,1637.5386962890625,1369.3489990234375,2682.951904296875,454.5179443359375,0.0,0.0,-2794.291748046875,6268.1591796875,1066.646728515625,-173.650390625,2730.23095703125,-1262.5428466796875,1303.7578125,-833.822021484375,0.6840946078300476,0.8802844285964966,0.7602686285972595,2.5309839248657227,1.0732793807983398,-3.1531922817230225,-0.5364009737968445,-0.16773581504821777,-0.336822509765625,-0.13785800337791443,4.3487868309021,0.6271842122077942,3.635233163833618,1.1552743911743164,0.37240028381347656,-0.6240834593772888,0.4843953847885132,-0.2921515107154846,1.8475196361541748,-2.593541145324707,-0.6682278513908386,-0.06245390698313713,-1.853017807006836,1.9565733671188354,4.04097318649292
2.0166667718440294,239,-232.605712890625,-422.3946533203125,147.47137451171875,2574.87841796875,711.34814453125,-134.79669189453125,-4022.074462890625,-2486.3359375,-459.5240478515625,10261.810546875,13753.8095703125,2086.2587890625,-20.782196044921875,-11.167854309082031,-38.603607177734375,-1393.41943359375,-836.4093017578125,21.11083984375,-280.99658203125,-3.3166046142578125,-419.95703125,0.0,0.0,-206.33367919921875,767.2140502929688,686.4508056640625,2476.32080078125,4154.19970703125,-1875.4775390625,0.0,0.0,-1622.8458251953125,7414.6767578125,646.5316162109375,174.991455078125,744.25,-190.91677856445312,-270.80419921875,-675.911865234375,0.655240535736084,1.1720274686813354,0.5189899206161499,1.1247713565826416,0.04962846636772156,-3.8287153244018555,-0.13638253509998322,-0.564547061920166,-1.5276508331298828,-0.42321449518203735,4.944796562194824,0.29885998368263245,4.983142852783203,0.1592043787240982,1.0230951309204102,0.2530236840248108,-1.1486300230026245,-0.4243508279323578,0.10973446071147919,-1.6018877029418945,-1.5170117616653442,-1.2362539768218994,0.2283826470375061,3.061922311782837,3.5750529766082764
2.02500010561198,240,6539.3818359375,41.60832214355469,1331.1768798828125,4196.8798828125,2295.075927734375,435.57257080078125,-5168.4052734375,-6481.849609375,634.7246704101562,1799.59912109375,12646.779296875,-1735.63330078125,-63.93218994140625,60.30278778076172,-101.72779846191406,-5927.1494140625,1100.6160888671875,2501.860595703125,8754.0478515625,2452.233154296875,-3636.984375,0.0,0.0,-388.3377685546875,605.3189086914062,-874.1351318359375,303.857177734375,4747.6640625,-843.658447265625,0.0,0.0,-1500.4625244140625,10614.08984375,1908.8212890625,-587.362548828125,3837.109375,-159.5906524658203,1455.864501953125,99.500244140625,0.9044625759124756,1.274173378944397,0.48873114585876465,0.5644502639770508,0.014792295172810555,-3.7069523334503174,-0.06179782748222351,-0.6814361810684204,-1.6190518140792847,-0.47062456607818604,4.274616718292236,0.288617879152298,4.7257609367370605,0.09847584366798401,0.9216451048851013,0.5176817774772644,-1.1281903982162476,-0.12230394780635834,0.06874123960733414,-1.568352222442627,-1.6777465343475342,-1.6268738508224487,-0.012757815420627594,2.8298890590667725,3.3226161003112793
2.0333334393799305,241,1657.2255859375,-299.2747497558594,1257.1982421875,874.712890625,2548.992431640625,-766.3353881835938,-6759.7998046875,-5609.42236328125,-943.5989990234375,-3672.9375,8528.11328125,-6436.02880859375,-4.34649658203125,1.57489013671875,-54.268310546875,-633.316650390625,1105.9969482421875,511.3707275390625,742.7841796875,99.936279296875,1377.5257568359375,0.0,0.0,-432.9512939453125,890.505859375,592.77392578125,2002.2449951171875,5805.07861328125,3835.474609375,0.0,0.0,-669.5266723632812,8310.1015625,2148.497314453125,138.846923828125,183.689453125,1112.1236572265625,-230.537109375,-2085.656982421875,2.6474380493164062,1.0608384609222412,1.037426471710205,1.0094032287597656,-0.6684015989303589,-1.4690728187561035,-0.2193518579006195,0.20535945892333984,-1.9513044357299805,0.39399397373199463,5.429526329040527,-0.32202374935150146,7.352730751037598,-1.0190277099609375,1.724249243736267,1.1528635025024414,-0.30182313919067383,-0.13045810163021088,-0.12831281125545502,-2.6622843742370605,-2.949819564819336,-2.3321151733398438,-3.8666763305664062,3.968799352645874,4.847100734710693
2.041666773147881,242,2301.482421875,-3153.371826171875,3241.141845703125,3188.76513671875,754.549072265625,-706.836181640625,-5515.73583984375,-9481.685546875,-565.6013793945312,-6371.90771484375,546.71923828125,1203.4541015625,-9.7322998046875,-398.1331787109375,-81.75096893310547,3145.57080078125,-1296.4871826171875,-201.103271484375,-6243.404296875,2477.6328125,1198.418212890625,0.0,0.0,-2750.157958984375,-922.6517944335938,990.68896484375,578.996337890625,5778.751953125,2832.87158203125,0.0,0.0,-917.1529541015625,9510.3623046875,3008.265380859375,-334.314697265625,1773.7978515625,2561.586181640625,3057.57080078125,-6132.76220703125,2.242496967315674,1.6030378341674805,0.40316450595855713,0.38366901874542236,-0.49904653429985046,-1.479298710823059,0.29181668162345886,-0.541343629360199,-2.4137463569641113,0.23425878584384918,5.738246917724609,-0.3150840103626251,6.529110908508301,-0.4002269506454468,1.2402633428573608,0.9368418455123901,-0.9467419385910034,0.22078412771224976,0.03122544288635254,-2.7765183448791504,-3.2757692337036133,-2.9079082012176514,-2.2826240062713623,3.6582987308502197,4.271522045135498
2.0500001069158316,243,-814.1748046875,-924.4024658203125,1363.2637939453125,2811.05224609375,1537.8143310546875,228.61483764648438,-4558.38134765625,-5385.55322265625,-705.9140014648438,-25989.91796875,-7151.3759765625,17942.365234375,-13.362060546875,-18.856109619140625,-27.266258239746094,-1255.493408203125,-582.579345703125,167.4962158203125,761.79931640625,444.388916015625,426.2178955078125,0.0,0.0,-940.24169921875,4286.95263671875,-1566.1488037109375,4024.446533203125,8194.3095703125,-2237.3642578125,0.0,0.0,-896.726318359375,9328.4306640625,2308.206298828125,98.03948974609375,477.24267578125,413.7098388671875,-50.94580078125,-1931.3826904296875,2.2584619522094727,1.056166410446167,-0.18475914001464844,-0.7783999443054199,-0.45120421051979065,-1.2204797267913818,0.8678625226020813,-1.0601170063018799,-4.445523262023926,0.2770146429538727,5.616288185119629,-0.6379593014717102,7.058307647705078,1.3544409275054932,4.315123558044434,2.0887060165405273,-3.665788173675537,-1.296756386756897,-4.182384014129639,-0.4288216829299927,-5.815676212310791,-4.61245584487915,2.0856847763061523,5.851396560668945,0.5106607675552368
2.058333440683782,244,2068.302734375,1602.632080078125,8161.3779296875,-113.2919921875,-2332.713623046875,439.31103515625,1226.8331298828125,-13396.4453125,823.9403076171875,-38878.8984375,-11472.29296875,20374.783203125,216.52468872070312,-232.02792358398438,-21.15999984741211,-4767.32275390625,2564.4716796875,7978.65283203125,9508.6181640625,2845.01123046875,-5043.703125,0.0,0.0,-125.240234375,5787.9951171875,-8050.18505859375,4387.04345703125,8512.9091796875,-1483.022705078125,0.0,0.0,-1108.958251953125,10762.3564453125,5411.267578125,-379.69110107421875,-1455.81494140625,1301.8558349609375,1490.38134765625,-3299.42626953125,2.487677574157715,1.180692434310913,-0.4377909302711487,-1.0164300203323364,-0.11847646534442902,-0.6872268915176392,0.808598518371582,-1.532058596611023,-4.244551181793213,-0.17040841281414032,3.3034274578094482,-0.6432235240936279,6.569804668426514,1.3549562692642212,5.253985404968262,3.5515317916870117,-4.365598678588867,-1.214322566986084,-6.173491477966309,1.017022728919983,-5.35684061050415,-6.279754638671875,1.4395809173583984,5.221756935119629,0.2586848735809326
2.0666667744517326,245,-674.9462890625,-694.9373168945312,3659.109375,-1292.40380859375,24.1104736328125,690.6884765625,-614.2008666992188,-8697.2529296875,-286.0091552734375,-50057.57421875,-20675.271484375,17466.265625,-16.251968383789062,64.8760986328125,-8.491843223571777,91.614501953125,1177.1710205078125,503.3408203125,1846.54931640625,828.30078125,1343.1796875,0.0,0.0,1015.916015625,9369.78125,-5123.345703125,4937.17822265625,12682.890625,984.1009521484375,0.0,0.0,-3016.62060546875,10174.5029296875,3471.70947265625,241.55615234375,224.98388671875,99.251220703125,237.4326171875,-2935.699951171875,2.9171860218048096,-0.15963897109031677,-0.6177326440811157,-0.5545161366462708,1.4672356843948364,-0.12809184193611145,2.3451156616210938,-0.4275866448879242,-6.4460673332214355,0.38996970653533936,3.4632818698883057,-1.104103684425354,4.704384803771973,2.215733528137207,6.660543441772461,4.771548271179199,-3.6484479904174805,-2.1276156902313232,-8.551288604736328,-1.4180030822753906,-5.414434432983398,-9.144813537597656,-0.7234616875648499,5.810197353363037,-0.06832300126552582
2.075000108219683,246,-12472.5166015625,-1987.103515625,8489.9853515625,-3430.67529296875,-3254.675537109375,204.303955078125,7904.857421875,-9836.32421875,4178.85400390625,-53490.63671875,-7951.7060546875,13950.0625,96.5872802734375,728.2545166015625,-19.494564056396484,3464.21826171875,3308.28955078125,7857.05029296875,-14012.951171875,3424.91552734375,4575.0791015625,0.0,0.0,2758.50732421875,5424.1435546875,-9334.9658203125,7659.29052734375,9843.5244140625,-1377.88330078125,0.0,0.0,-214.41836547851562,9055.26171875,2074.40966796875,738.081787109375,-8626.267578125,336.15087890625,-5040.81591796875,-2287.92578125,2.3132052421569824,-0.6848509907722473,-1.0434740781784058,0.4180685877799988,-0.3846878707408905,0.9364019632339478,3.806870222091675,-0.4500718116760254,-6.562821865081787,-0.5002608299255371,4.886574745178223,-1.037044882774353,5.551037788391113,2.5588178634643555,6.543783187866211,3.093914270401001,-3.736011505126953,-1.005520224571228,-6.545486927032471,-1.533275842666626,-4.2275495529174805,-7.69352388381958,0.44896912574768066,5.095437526702881,0.49091580510139465
2.0833334419876337,247,-5404.5283203125,2526.76025390625,172.3515625,364.209716796875,-674.8544921875,-104.5904541015625,7679.54248046875,-9067.78515625,1245.5338134765625,-21183.21875,7453.048828125,-10433.625,-39.17714309692383,93.83760070800781,-10.019067764282227,891.4807739257812,1346.96142578125,673.943359375,950.369140625,2168.93603515625,570.88134765625,0.0,0.0,2455.521240234375,-799.3226928710938,-3082.8291015625,3561.1064453125,9134.3525390625,2968.3759765625,0.0,0.0,-962.7147216796875,7672.00146484375,-954.0546875,1313.478759765625,-3353.076904296875,522.058349609375,662.7306518554688,-5930.6728515625,0.05923915654420853,-2.0142180919647217,-0.8043850660324097,1.8159162998199463,0.3273678421974182,1.971803903579712,5.927088260650635,-0.2651093006134033,-6.447232246398926,1.102039098739624,2.817532777786255,-1.4694507122039795,0.9164953231811523,2.162177085876465,0.7489875555038452,0.26619964838027954,0.5402965545654297,-0.8842617273330688,-0.7794159650802612,-6.4306840896606445,-0.546550452709198,-6.3654632568359375,-3.087514638900757,0.09823314845561981,3.42045521736145
2.0916667757555842,248,-3784.64404296875,5567.8232421875,-75.79296875,-1682.638671875,4949.4423828125,-1094.22412109375,8064.0224609375,-9592.1337890625,3247.0546875,-21232.2109375,11971.173828125,-32578.212890625,-223.67611694335938,561.10546875,27.931167602539062,3870.903564453125,-1211.658447265625,5472.541015625,-1874.8544921875,-1788.17724609375,2235.41455078125,0.0,0.0,7058.564453125,-3779.02685546875,3481.502685546875,4486.91015625,7048.1064453125,8889.4833984375,0.0,0.0,2020.001220703125,7194.775390625,-2413.925048828125,4277.7978515625,-7135.8828125,-1417.466552734375,-2193.955078125,-3256.767333984375,0.8887770175933838,-2.1539695262908936,-1.1566717624664307,1.3003530502319336,-0.6112152934074402,2.0328176021575928,5.263064861297607,1.432131052017212,-6.465701103210449,0.6222180128097534,2.9503276348114014,-1.5575531721115112,0.7211450338363647,1.1307564973831177,-0.8284568786621094,-1.382566213607788,4.613157272338867,-1.905958652496338,1.9404785633087158,-6.408782005310059,0.7659043073654175,-4.719736576080322,-7.275843620300293,0.032555967569351196,4.739142894744873
2.1000001095235348,249,-1917.21875,-1061.21435546875,1569.8134765625,-1973.58740234375,955.7499389648438,155.71923828125,5672.943359375,-10168.3828125,2777.2490234375,-16643.16796875,5987.00390625,-19101.412109375,-10.77587890625,24.65386962890625,-66.29363250732422,1392.442138671875,563.13916015625,1131.42578125,-10.7001953125,1617.2354736328125,-89.18515014648438,0.0,0.0,3888.646240234375,-3876.32080078125,-120.0107421875,970.5146484375,7952.791015625,3303.437255859375,0.0,0.0,613.0604858398438,8795.5849609375,-363.754638671875,1153.617431640625,-2116.139892578125,764.4472045898438,689.035888671875,-5651.97607421875,0.9457483887672424,0.13999807834625244,-1.754643440246582,-0.39390572905540466,0.6096306443214417,0.6092129945755005,3.1598644256591797,2.621260643005371,-5.699373722076416,0.7897405028343201,2.6761739253997803,1.064941167831421,-3.3693039417266846,-0.7121396660804749,-1.454688549041748,-0.2454029768705368,2.072580099105835,0.6356412768363953,1.8196426630020142,-3.038393020629883,3.481262683868408,-5.1451263427734375,-2.265322685241699,-2.279569625854492,6.2752366065979
2.1083334432914853,250,5761.72265625,-11312.474609375,-233.4443359375,-3264.48779296875,4459.341796875,-524.136474609375,4443.1689453125,-1509.298828125,4168.68115234375,-34918.71875,10615.5185546875,-9366.28515625,-133.53285217285156,136.62738037109375,-46.42613220214844,2376.767578125,919.8165893554688,-1650.0087890625,10586.541015625,1277.423095703125,781.5906982421875,0.0,0.0,6146.9375,-4077.2685546875,5589.787109375,1539.701416015625,7907.97412109375,1767.769287109375,0.0,0.0,1795.8170166015625,6553.78076171875,-931.9954833984375,472.0447998046875,-948.468505859375,-2347.5556640625,-1129.25537109375,-2028.881591796875,0.8449284434318542,0.08491209149360657,-1.8860937356948853,-0.6910350322723389,0.348882257938385,0.27019116282463074,2.1813602447509766,2.466952323913574,-6.04650354385376,0.4647493362426758,2.0768964290618896,0.9611271619796753,-3.4331321716308594,-0.5957510471343994,-0.8960070610046387,-0.8650052547454834,1.5517054796218872,0.42625728249549866,2.537907123565674,-2.764967918395996,3.496001958847046,-4.850790023803711,-1.0005288124084473,-2.1672775745391846,5.170186519622803
2.116666777059436,251,2616.11328125,-4968.7978515625,997.9970703125,-3935.83984375,2118.86669921875,574.88818359375,3216.5556640625,-4149.0078125,5069.1337890625,-32911.0078125,9279.5888671875,9695.4228515625,32.007965087890625,-97.06793212890625,-67.374755859375,1792.62158203125,155.3270263671875,300.7783203125,206.3056640625,-392.35009765625,132.3050079345703,0.0,0.0,1664.48876953125,-4346.419921875,1331.77294921875,-1750.26611328125,6420.4384765625,-3249.033935546875,0.0,0.0,1025.5355224609375,7306.60009765625,-935.4635009765625,763.7249755859375,-1455.140869140625,329.91357421875,839.395263671875,-2002.33447265625,1.104515552520752,1.368615984916687,-2.3822782039642334,-1.8278363943099976,0.9964858889579773,-0.3395768702030182,1.9998722076416016,2.929032325744629,-4.127252578735352,-0.11051221191883087,0.43957772850990295,0.6750681400299072,-2.7872538566589355,-2.6733238697052,-1.106969952583313,-0.5580950975418091,-1.6644378900527954,4.022643089294434,2.5007433891296387,0.7440574765205383,5.901191711425781,-3.316614866256714,2.9618756771087646,-3.5638668537139893,4.713529586791992
2.1250001108273864,252,158.71044921875,-2591.93212890625,-1458.318359375,-2987.38525390625,2925.1318359375,1767.234375,2336.634033203125,-2724.78466796875,4948.345703125,-28217.6328125,7253.703125,11096.0087890625,147.91001892089844,-178.56494140625,1.8050956726074219,-125.413818359375,-777.5111083984375,-1703.32763671875,-2179.3056640625,442.618408203125,193.04542541503906,0.0,0.0,1492.51025390625,-3932.44580078125,-26.7164306640625,-3097.20068359375,6427.97509765625,-2995.19091796875,0.0,0.0,970.201171875,8173.2666015625,-1606.4281005859375,79.694091796875,-899.331787109375,-161.8310546875,826.433349609375,-2871.527587890625,0.31849396228790283,1.7141565084457397,-2.2456610202789307,-2.3300061225891113,1.428284764289856,-0.7885335087776184,2.3585071563720703,1.8797768354415894,-3.3885676860809326,0.3292995095252991,-0.5683892965316772,1.1007602214813232,-3.454784631729126,-1.9051320552825928,-1.8685379028320312,0.1923438012599945,-1.1892778873443604,3.4967989921569824,2.11171293258667,1.2138360738754272,5.254161357879639,-3.92567777633667,2.3002116680145264,-3.27402663230896,4.112987995147705
2.133333444595337,253,-504.9482421875,-1169.3564453125,496.9580078125,-1896.51806640625,1396.6884765625,173.0806884765625,4173.720703125,-4773.3544921875,3277.66064453125,-24858.4296875,3808.93212890625,9086.9130859375,-3.5909652709960938,-29.383544921875,-28.195926666259766,621.7212524414062,210.2528076171875,168.5654296875,283.8609619140625,236.52783203125,150.97747802734375,0.0,0.0,2277.2412109375,-3973.10302734375,-192.169189453125,-1712.64892578125,6380.93115234375,-3161.942626953125,0.0,0.0,954.0677490234375,8477.2314453125,-1591.583740234375,25.1151123046875,-167.91357421875,-406.3409423828125,877.8955078125,-1753.507080078125,-0.33830884099006653,2.4008266925811768,-1.1913028955459595,-2.7727456092834473,1.3499033451080322,-0.9676399230957031,2.140071153640747,0.729742169380188,-2.0091209411621094,1.210913062095642,-1.6955115795135498,1.0706136226654053,-3.794497489929199,-1.5427958965301514,-2.286778688430786,0.7383310198783875,-0.7832109928131104,2.6356937885284424,1.9313468933105469,1.2055245637893677,3.7448008060455322,-3.638692855834961,2.1576974391937256,-3.0542232990264893,2.8901607990264893
2.1416667783632874,254,-2521.125,6274.1298828125,551.99951171875,-609.2015991210938,1221.71142578125,90.6070556640625,5073.96875,-4494.32275390625,1963.2333984375,-29253.41796875,5307.5576171875,12364.533203125,-70.86634826660156,-231.9022216796875,2.49951171875,-1093.0145263671875,-1990.6767578125,-130.72314453125,477.77142333984375,1532.7239990234375,242.97836303710938,0.0,0.0,944.284423828125,-2832.7392578125,-1299.7281494140625,-2914.646728515625,6409.6015625,-5095.92626953125,0.0,0.0,1605.845703125,9600.681640625,-2149.68359375,-742.0746459960938,-244.29150390625,1009.77734375,1924.2796630859375,-5668.5947265625,-0.5719029903411865,2.3860650062561035,-0.8691874742507935,-2.738262176513672,1.084238886833191,-0.7163675427436829,1.8438787460327148,0.4615592360496521,-1.8494669198989868,1.339016318321228,-2.025239944458008,0.9433737993240356,-3.4745843410491943,-1.4821815490722656,-2.115950345993042,1.3159923553466797,-1.147985816001892,2.4154579639434814,0.8993477821350098,1.5043983459472656,3.3211750984191895,-4.294325828552246,2.358257293701172,-2.802607536315918,2.92482852935791
2.150000112131238,255,-1715.103515625,277.2485656738281,910.7138671875,-528.2733764648438,849.889892578125,-1082.3438720703125,5446.0146484375,-5146.56298828125,2509.01416015625,-32847.07421875,6689.04248046875,7775.80615234375,-15.20941162109375,19.745376586914062,-22.37310791015625,241.12396240234375,324.426025390625,339.94140625,585.7809448242188,150.95556640625,337.33282470703125,0.0,0.0,2314.873046875,-3314.855712890625,-1491.0489501953125,-1519.20556640625,5364.9794921875,-4647.62255859375,0.0,0.0,1907.989013671875,9088.943359375,-2301.47705078125,323.35882568359375,-258.7607421875,-148.03530883789062,936.0953369140625,-2701.253173828125,-0.5782727003097534,2.3801474571228027,-0.166753351688385,-2.124992609024048,0.7801337242126465,-0.22731590270996094,1.8254647254943848,0.2405272126197815,-1.3698939085006714,0.9252378344535828,-2.263875961303711,0.0026927366852760315,-3.1837105751037598,-0.43913161754608154,-1.3769960403442383,0.9645073413848877,-0.33314642310142517,1.174838900566101,1.2024840116500854,1.5233469009399414,1.9649322032928467,-3.1552627086639404,1.7385646104812622,-1.7902494668960571,0.3153676688671112
2.1583334458991885,256,-3111.83154296875,1404.861328125,2531.47900390625,36.96014404296875,967.01904296875,-1074.689697265625,6463.3037109375,-3964.53564453125,1853.27099609375,-31336.6796875,10103.3154296875,7002.3935546875,-18.21843719482422,-165.48191833496094,-8.287742614746094,110.27294921875,-237.83740234375,676.99365234375,-852.1827392578125,1192.1845703125,992.1090698242188,0.0,0.0,1489.709228515625,-4065.41845703125,-1601.1722412109375,-2090.072265625,5432.1796875,-6576.1865234375,0.0,0.0,2402.94091796875,9535.623046875,-2522.421630859375,446.572265625,-105.88134765625,839.3614501953125,1234.3935546875,-5234.65185546875,-0.5136545896530151,2.1974220275878906,-0.30915895104408264,-1.8528517484664917,0.7410804033279419,-0.007475227117538452,1.5248618125915527,0.4392979145050049,-1.513319730758667,0.6850242614746094,-2.4444940090179443,0.0005243429914116859,-2.973937749862671,-0.38497400283813477,-1.2074863910675049,0.7956141233444214,-0.3811809718608856,1.1028045415878296,1.2027884721755981,1.408674955368042,2.1250433921813965,-3.0889768600463867,1.8048129081726074,-1.7064244747161865,0.37548109889030457
2.166666779667139,257,-2186.661865234375,-152.068115234375,761.2978515625,14.00250244140625,838.855712890625,-1248.927734375,6167.00830078125,-4529.677734375,2920.11865234375,-33527.57421875,12645.5068359375,5797.6337890625,-13.067527770996094,12.114767074584961,-11.157058715820312,259.40899658203125,262.800537109375,309.79443359375,635.7779541015625,348.63818359375,419.1468811035156,0.0,0.0,2143.440673828125,-4756.5830078125,-1239.6380615234375,-1700.4080810546875,4275.10888671875,-5504.0517578125,0.0,0.0,2085.609375,9038.873046875,-2834.93115234375,696.0354614257812,-124.550537109375,96.40036010742188,1074.228759765625,-3272.29443359375,-0.4661732316017151,2.094256639480591,-0.19811606407165527,-1.526890754699707,0.9771797060966492,0.4062674045562744,1.6387903690338135,0.5717423558235168,-1.091920018196106,0.038046032190322876,-2.760845899581909,-0.20072895288467407,-2.7223923206329346,0.2430591583251953,-0.7639948129653931,0.30364537239074707,-0.17528259754180908,0.5358408093452454,1.6749664545059204,0.9983941912651062,1.667869210243225,-1.9199392795562744,0.7462270259857178,-1.4441332817077637,-1.2264240980148315
2.1750001134350896,258,-2838.755859375,-1148.7965087890625,1347.17041015625,-47.08856201171875,2090.330078125,-1130.07177734375,6235.4267578125,-4531.61474609375,2390.81298828125,-29243.7109375,12875.595703125,6847.11181640625,45.98784255981445,-68.89372253417969,28.672042846679688,164.6185302734375,52.2021484375,238.58740234375,-121.352294921875,668.847900390625,1909.85595703125,0.0,0.0,1291.621826171875,-4948.037109375,-962.154052734375,-2504.373779296875,4557.0302734375,-6581.71728515625,0.0,0.0,1964.4793701171875,9308.921875,-2485.8095703125,889.1399536132812,37.80224609375,386.14483642578125,1015.0288696289062,-4523.0751953125,-0.26751774549484253,2.025826930999756,-0.3495621681213379,-1.4651366472244263,1.0438873767852783,0.5550013780593872,1.282307744026184,0.8999659419059753,-1.1064108610153198,-0.06572560966014862,-3.0417356491088867,0.00682806596159935,-2.6005868911743164,0.33914533257484436,-0.6336676478385925,0.29390057921409607,-0.2916729152202606,0.6310667395591736,1.6376733779907227,0.7418770790100098,1.9909274578094482,-1.8577191829681396,0.7443698644638062,-1.3444947004318237,-1.1276341676712036
2.18333344720304,259,-1858.107421875,-621.4361572265625,559.51904296875,-242.38580322265625,902.03466796875,-876.645263671875,5945.86376953125,-4791.8076171875,3114.38330078125,-32041.234375,11329.619140625,6644.47119140625,-10.183643341064453,4.4095916748046875,-2.4848480224609375,288.37255859375,216.744384765625,275.016845703125,642.224853515625,297.688720703125,414.78173828125,0.0,0.0,1719.9542236328125,-5105.80078125,-1174.56494140625,-2157.49365234375,4491.3740234375,-6430.30712890625,0.0,0.0,1993.45361328125,9420.580078125,-2428.1650390625,405.8555603027344,107.38330078125,-44.0126953125,1188.538818359375,-3175.658203125,-0.14899353682994843,2.5133614540100098,-0.4679058790206909,-2.231247901916504,0.9651616811752319,0.4284473955631256,1.1081311702728271,0.9792055487632751,-0.8885045051574707,-0.47370415925979614,-3.5088093280792236,0.4050155580043793,-2.446519374847412,0.6647436022758484,-0.12802867591381073,0.532127320766449,-0.2478030025959015,0.26981934905052185,1.621178388595581,0.8616530895233154,1.5607359409332275,-1.6952719688415527,0.5267448425292969,-1.376824140548706,-2.1221718788146973
2.1916667809709907,260,-753.7120361328125,-1318.262451171875,-141.70751953125,-477.63006591796875,1864.97705078125,-600.9749145507812,5792.962890625,-3806.34765625,2232.3720703125,-28307.4921875,10531.896484375,9097.3740234375,74.19049072265625,-73.44635772705078,47.888427734375,-159.59112548828125,19.581298828125,27.429931640625,1761.53759765625,1320.630859375,1493.1103515625,0.0,0.0,714.7872924804688,-4848.96142578125,-1487.3074951171875,-3154.98095703125,5508.7431640625,-7808.8212890625,0.0,0.0,1708.03173828125,10179.6650390625,-1539.79931640625,58.2161865234375,105.14697265625,146.1446533203125,1420.7738037109375,-3791.4990234375,-0.04163581505417824,2.493886709213257,-0.5828445553779602,-2.3439886569976807,1.0029222965240479,0.5491122603416443,0.7513302564620972,1.0147840976715088,-0.912346601486206,-0.526149570941925,-4.076055526733398,0.5940359234809875,-2.2207329273223877,0.7248902320861816,-0.0831688940525055,0.8104837536811829,-0.4674533009529114,0.4457337260246277,1.2338981628417969,0.9105033278465271,1.7021822929382324,-2.0705389976501465,0.7829380035400391,-1.3247145414352417,-2.234135150909424
2.200000114738941,261,-1010.505859375,-621.227783203125,340.123046875,-732.2445678710938,716.53662109375,-312.2926025390625,5790.671875,-4646.0517578125,3319.578369140625,-30442.6015625,7650.62890625,8742.62109375,-3.8540897369384766,1.76513671875,11.5008544921875,356.83892822265625,98.652099609375,251.08154296875,746.8701782226562,20.8603515625,345.8330078125,0.0,0.0,1162.494384765625,-4749.62939453125,-1693.6279296875,-2628.10888671875,5521.68017578125,-7484.04638671875,0.0,0.0,1971.157958984375,9865.080078125,-1541.244384765625,96.24090576171875,137.421630859375,-191.72894287109375,1405.482177734375,-2274.3955078125,0.08479462563991547,2.9227094650268555,-0.7036473751068115,-2.8228745460510254,0.7371224164962769,0.7722532749176025,0.6801680326461792,0.9119470715522766,-0.39408576488494873,-1.0947847366333008,-4.844964027404785,0.5260475277900696,-2.0657620429992676,0.9423405528068542,0.25919198989868164,1.2288897037506104,-0.38628825545310974,0.08547521382570267,1.0380665063858032,1.0136215686798096,1.143568754196167,-1.9494969844818115,0.42215821146965027,-1.20545494556427,-3.2853972911834717
2.2083334485068917,262,306.8705749511719,69.67282104492188,-410.6806640625,-727.1515502929688,29.3369140625,21.4730224609375,6339.62158203125,-5007.794921875,2495.01708984375,-23850.486328125,7567.6533203125,11640.1484375,16.60650062561035,-49.77461242675781,28.967056274414062,-400.138427734375,-764.342529296875,284.358154296875,1201.803955078125,810.88623046875,784.23583984375,0.0,0.0,-84.9700927734375,-4453.3955078125,-2574.19677734375,-3476.490478515625,6814.6796875,-8847.857421875,0.0,0.0,1555.1256103515625,10656.89453125,-647.0411987304688,-645.628173828125,-111.7581787109375,-75.8404541015625,1624.5069580078125,-2054.95556640625,-0.010692659765481949,2.805194139480591,-0.7236648201942444,-2.7247283458709717,0.8712010383605957,0.9987416863441467,0.4574214816093445,0.6774688959121704,-0.25511282682418823,-1.0293645858764648,-5.514922618865967,0.8763353824615479,-1.625177025794983,1.022626280784607,-0.052552223205566406,1.3672820329666138,-0.5756842494010925,0.2685115337371826,0.7491708993911743,1.18386971950531,1.3041507005691528,-2.1946187019348145,0.6303585767745972,-1.2033745050430298,-3.468057155609131
2.2166667822748423,263,-898.0322265625,18.2349853515625,360.4013671875,-757.6229858398438,401.660400390625,93.746337890625,6503.2578125,-4873.2451171875,3244.46240234375,-24027.591796875,9812.6953125,8314.83203125,-0.7274627685546875,12.689346313476562,18.067031860351562,386.0540771484375,-8.80712890625,263.498291015625,724.4367065429688,-68.32568359375,319.592529296875,0.0,0.0,496.81591796875,-4982.689453125,-2121.439697265625,-2873.29345703125,6571.5166015625,-7501.11962890625,0.0,0.0,1527.415771484375,10146.619140625,-833.05712890625,-255.78466796875,-58.937255859375,-341.736083984375,1634.5625,-1065.47705078125,-0.013149552047252655,2.3777964115142822,-0.7143883109092712,-2.2396833896636963,0.8556663990020752,1.345468521118164,0.5591375231742859,0.4981575310230255,-0.3200787305831909,-1.3691720962524414,-5.625504493713379,0.5009015202522278,-1.5371475219726562,1.1539126634597778,-0.04101061820983887,0.8783090710639954,-0.006467737257480621,-0.188716858625412,1.1338335275650024,0.7367614507675171,0.6972526907920837,-1.8214225769042969,-0.5395392179489136,-1.1205767393112183,-4.000364303588867
2.225000116042793,264,-267.43475341796875,-44.431312561035156,267.575439453125,-177.15960693359375,-928.704833984375,45.400390625,7164.27685546875,-5385.12890625,2289.3330078125,-17239.724609375,13838.6845703125,9762.7060546875,6.582813262939453,-22.7066650390625,61.24665069580078,568.4000244140625,-518.030517578125,-896.498291015625,-428.1258544921875,-109.67626953125,1370.04443359375,0.0,0.0,-1065.1016845703125,-6120.1865234375,-2149.50244140625,-3494.397705078125,7038.6640625,-7960.50341796875,0.0,0.0,840.0792236328125,10672.03515625,-311.37579345703125,-403.7378845214844,422.90673828125,15.786865234375,1905.9071044921875,-1086.7216796875,-0.16450461745262146,2.1944961547851562,-0.6685539484024048,-1.8803268671035767,0.914311945438385,1.4588924646377563,0.4898841083049774,0.31428173184394836,-0.19160087406635284,-1.2912763357162476,-5.909883499145508,0.48664820194244385,-1.4168483018875122,1.0988770723342896,-0.22882041335105896,0.22650933265686035,-0.1611100733280182,-0.05914099141955376,1.8224449157714844,0.5751610398292542,0.8712621927261353,-0.9325108528137207,-0.6639378070831299,-1.153321385383606,-3.677783250808716
2.2333334498107433,265,-1179.431884765625,370.143798828125,453.89990234375,-212.62237548828125,212.4814453125,184.3343505859375,7194.48193359375,-4928.74951171875,3304.38818359375,-18782.236328125,19691.228515625,7615.8583984375,-4.091480255126953,20.768218994140625,19.617523193359375,370.42230224609375,-74.95703125,236.9884033203125,691.60498046875,-0.31982421875,457.46923828125,0.0,0.0,-406.65289306640625,-6968.54541015625,-1705.09912109375,-3025.099853515625,6069.63525390625,-6170.58203125,0.0,0.0,1267.4468994140625,9872.779296875,-576.1693115234375,-327.9526672363281,-62.459228515625,-393.33984375,1850.522216796875,-521.25390625,-0.14911282062530518,1.398881196975708,-0.6926413774490356,-1.0610393285751343,0.5385515689849854,2.005946636199951,0.6565130949020386,0.22809240221977234,-0.4337330758571625,-1.7446104288101196,-5.978858947753906,0.39861220121383667,-0.9131017923355103,1.3395169973373413,0.024444617331027985,-0.7695902585983276,0.19850942492485046,-0.5555003881454468,2.400362730026245,0.18898266553878784,0.39022189378738403,-0.05562780052423477,-2.096388101577759,-1.023250699043274,-3.8513498306274414
2.241666783578694,266,-990.234619140625,414.66265869140625,719.475341796875,551.3482055664062,-130.527099609375,153.10821533203125,7498.7216796875,-5407.03662109375,2768.602294921875,-15457.2138671875,20789.02734375,10893.8349609375,13.643108367919922,-23.445175170898438,41.20368957519531,483.90191650390625,-638.3916015625,-471.32525634765625,194.3668212890625,-365.937744140625,1087.818603515625,0.0,0.0,-1872.8458251953125,-7869.208984375,-1604.7606201171875,-3566.607666015625,7478.48876953125,-6207.8681640625,0.0,0.0,832.791015625,10456.373046875,-523.9599609375,-398.24383544921875,480.2344665527344,-57.2572021484375,2356.97509765625,-34.40234375,-0.22667226195335388,1.271705985069275,-0.5107471346855164,-0.9444898366928101,0.4960594177246094,2.0439236164093018,0.8937240242958069,0.23538921773433685,-0.36567750573158264,-1.6541447639465332,-5.894477367401123,0.3954673111438751,-0.8473657965660095,1.237236499786377,-0.1556999683380127,-0.8557800650596619,0.03813627362251282,-0.4385527968406677,2.322789192199707,0.2187795490026474,0.6170505881309509,0.10632076859474182,-2.2424397468566895,-0.9956203103065491,-3.6916723251342773
2.2500001173466444,267,-1364.12646484375,240.88490295410156,604.075927734375,247.6586456298828,250.1939697265625,51.18988037109375,7071.0595703125,-4914.1083984375,3452.131591796875,-18201.388671875,21444.1796875,9751.3583984375,-7.561332702636719,16.750808715820312,19.03357696533203,373.68463134765625,-107.335205078125,233.63088989257812,679.1796875,-0.86962890625,474.319091796875,0.0,0.0,-1070.8951416015625,-7794.27392578125,-1586.5994873046875,-3223.539794921875,7365.95068359375,-5341.83740234375,0.0,0.0,1297.940673828125,9946.92578125,-683.9992065429688,-387.2530822753906,-35.205535888671875,-367.364990234375,1985.72216796875,33.87548828125,-0.05243005231022835,0.9601958394050598,-0.4194476902484894,-0.6429524421691895,0.13330847024917603,2.31371808052063,0.946332573890686,0.4018993079662323,-0.6223269104957581,-1.9011660814285278,-5.358802795410156,0.3717063069343567,-0.3644751012325287,1.3872987031936646,0.2993997037410736,-0.9156238436698914,0.22479824721813202,-1.0308754444122314,2.109081506729126,0.21362389624118805,0.23275358974933624,0.19436874985694885,-2.793905019760132,-0.6220284104347229,-3.455752372741699
2.258333451114595,268,-1366.364990234375,-515.0914916992188,637.326904296875,802.5770263671875,344.72607421875,544.4690551757812,7183.3603515625,-5376.85498046875,3491.0517578125,-18395.8125,23921.224609375,13605.740234375,26.01848602294922,38.88505554199219,-2.5347900390625,-131.40679931640625,-182.86181640625,-344.40594482421875,1331.4443359375,-528.4876708984375,522.26904296875,0.0,0.0,-1753.294189453125,-8617.802734375,-1380.71875,-3539.096435546875,8631.732421875,-5529.00341796875,0.0,0.0,1003.4806518554688,10091.716796875,-557.8298950195312,-387.3321533203125,313.557373046875,-279.7926025390625,2456.34326171875,810.297607421875,-0.06205972284078598,0.8993116021156311,-0.38295817375183105,-0.4583253264427185,0.22338874638080597,2.3312036991119385,0.8418027758598328,0.43053174018859863,-0.6011360287666321,-1.7757102251052856,-4.876388072967529,0.35513871908187866,-0.3457058370113373,1.2761396169662476,0.15362310409545898,-0.9632208347320557,0.10450199991464615,-0.9325087666511536,2.106160879135132,0.13843460381031036,0.42988383769989014,0.28619468212127686,-2.8364901542663574,-0.5965121984481812,-3.2576310634613037
2.2666667848825455,269,-1364.7978515625,41.744140625,491.16259765625,397.7145080566406,235.3240966796875,290.1922607421875,6600.62890625,-4739.9091796875,3619.033447265625,-22632.1953125,23852.51171875,14729.3984375,-7.2249298095703125,9.801040649414062,19.131591796875,328.204345703125,-220.6083984375,161.4456787109375,608.6314086914062,-36.99365234375,276.698486328125,0.0,0.0,-1856.22607421875,-8364.099609375,-1232.4761962890625,-3477.266357421875,8399.8779296875,-5916.3505859375,0.0,0.0,762.9149780273438,9817.611328125,-889.942138671875,-384.4620666503906,-3.47344970703125,-308.0179443359375,2102.7744140625,868.01513671875,0.15765726566314697,0.8867380023002625,-0.21992743015289307,-0.5370522737503052,0.46313875913619995,2.3861260414123535,1.0506577491760254,0.6733537912368774,-0.9161924123764038,-1.715458631515503,-3.9817497730255127,0.3409865200519562,-0.06267283111810684,1.195715069770813,0.8463475108146667,-0.8946671485900879,-0.07539014518260956,-0.7494568824768066,1.7620717287063599,0.023961171507835388,0.28197360038757324,0.46516335010528564,-2.3086555004119873,-0.2678760588169098,-3.060795307159424
2.275000118650496,270,-1051.35546875,-351.7977600097656,-282.44482421875,606.2196655273438,427.857666015625,892.5733642578125,6283.9755859375,-6137.1318359375,4417.109375,-22399.29296875,26855.181640625,15748.173828125,2.5188522338867188,39.589500427246094,-22.238887786865234,627.5142211914062,-608.014404296875,-1198.7425537109375,868.3043212890625,-543.7149658203125,1092.077392578125,0.0,0.0,-2325.559326171875,-9165.677734375,-1046.25537109375,-3534.77685546875,9132.1025390625,-5485.16015625,0.0,0.0,283.654296875,9576.2470703125,-841.0413208007812,-495.86444091796875,285.4620666503906,-324.359619140625,2302.610107421875,2283.0595703125,0.15512189269065857,0.8807128667831421,-0.21126680076122284,-0.38878706097602844,0.50958651304245,2.3996734619140625,0.6991915106773376,0.6226283311843872,-0.8306891322135925,-1.6065551042556763,-3.290790557861328,0.31365859508514404,-0.08470902591943741,1.1045160293579102,0.7348152995109558,-1.0432835817337036,0.13321465253829956,-0.47469907999038696,2.0156362056732178,-0.271042138338089,0.07310958951711655,0.6747768521308899,-2.742825508117676,-0.2661421597003937,-3.058150053024292
2.2833334524184465,271,-905.1031494140625,121.70989990234375,543.9514770507812,354.5679931640625,83.510986328125,338.3921203613281,6277.1708984375,-5116.4560546875,3598.80126953125,-22063.52734375,25167.134765625,13055.978515625,-1.7058563232421875,4.22003173828125,13.373706817626953,479.5992431640625,-291.272216796875,172.6683349609375,637.9234619140625,-92.3243408203125,166.578369140625,0.0,0.0,-2185.0,-9194.1904296875,-732.1263427734375,-3022.59375,10364.060546875,-4292.5546875,0.0,0.0,620.0181884765625,9434.1103515625,-480.1741027832031,-365.3604736328125,66.6480941772461,-312.9239501953125,2194.021484375,1279.901611328125,0.2738938629627228,0.9973200559616089,0.09413571655750275,-0.5951150059700012,0.2512942850589752,2.344059944152832,0.3402598202228546,0.5468918085098267,-1.3316254615783691,-1.0481473207473755,-1.6474668979644775,0.19795896112918854,0.10001558810472488,1.0082072019577026,0.6236250400543213,-0.6903544068336487,0.5786020159721375,-0.5518389940261841,1.9012892246246338,-0.4896131753921509,-0.44469884037971497,-0.3903600573539734,-3.505980968475342,-0.1594085991382599,-2.008859395980835
2.291666786186397,272,-1887.8470458984375,-174.80908203125,160.46795654296875,751.7574462890625,677.4617919921875,1254.070556640625,5682.1279296875,-6254.0888671875,4361.78564453125,-22970.82421875,26473.46484375,13499.2724609375,16.184402465820312,-24.08483123779297,-57.92925262451172,965.1377563476562,-734.3369140625,-780.625732421875,849.5855712890625,-576.4655151367188,1333.117919921875,0.0,0.0,-2495.85791015625,-10066.390625,179.99798583984375,-2886.544189453125,11086.017578125,-3440.255859375,0.0,0.0,220.94998168945312,9046.00390625,-624.1946411132812,-506.607177734375,193.630615234375,-326.420654296875,3164.360595703125,2001.59423828125,0.1587730199098587,0.9458323121070862,0.03065183013677597,-0.24237258732318878,0.25789159536361694,2.4317803382873535,0.09570420533418655,0.35310158133506775,-1.2953224182128906,-1.026336669921875,-0.45488041639328003,0.18173523247241974,0.0906386598944664,0.9389453530311584,0.4526318609714508,-0.9251981377601624,0.7315102815628052,-0.5066524744033813,2.2843637466430664,-0.6277825236320496,-0.6098246574401855,-0.09349033236503601,-3.751844644546509,-0.21464894711971283,-1.6902146339416504
2.3000001199543476,273,-967.2748413085938,-157.2509765625,498.03717041015625,675.3106689453125,152.008056640625,379.06781005859375,6035.79931640625,-5421.240234375,3472.387451171875,-25980.193359375,26134.3359375,16032.0986328125,2.2368011474609375,-5.586433410644531,12.650506973266602,537.6072998046875,-300.034423828125,215.388671875,751.231201171875,-120.02639770507812,118.39599609375,0.0,0.0,-2233.04248046875,-9887.2119140625,-752.96875,-2603.88720703125,11075.7275390625,-4776.765625,0.0,0.0,650.232421875,8923.525390625,-62.470458984375,-332.6431884765625,124.69154357910156,-308.54119873046875,2423.600341796875,1097.613037109375,0.18695135414600372,1.1584616899490356,0.4873097836971283,-0.40280455350875854,-0.0647941529750824,2.3636715412139893,-0.37506234645843506,0.11879312992095947,-1.6541789770126343,-0.4625263512134552,1.244708776473999,0.037091635167598724,0.14158715307712555,0.8507779240608215,0.9148034453392029,-0.8000845909118652,0.2776258587837219,-0.6694320440292358,1.9786388874053955,0.19171848893165588,-0.8666462302207947,-0.07822652161121368,-2.3657381534576416,0.3955467641353607,-0.8184000253677368
2.308333453722298,274,-3180.314453125,-579.0214233398438,781.5764770507812,605.1137084960938,521.545654296875,1569.90478515625,5786.8916015625,-5869.69921875,4301.63623046875,-27732.08984375,27489.388671875,18359.423828125,53.12334442138672,-9.430526733398438,-58.31329345703125,-187.84619140625,212.37158203125,667.2447509765625,1722.1005859375,-261.87518310546875,1077.343994140625,0.0,0.0,-1623.4375,-10411.34765625,70.76224517822266,-2020.1126708984375,10881.958984375,-4736.236328125,0.0,0.0,516.108642578125,8485.87890625,-157.25408935546875,-544.3916015625,204.01914978027344,-409.89593505859375,3116.610107421875,1246.3128662109375,0.12698274850845337,1.133660912513733,0.4270826578140259,-0.05704936757683754,-0.11753089725971222,2.5882341861724854,-0.5271602272987366,-0.08212295174598694,-1.5415302515029907,-0.4676675498485565,2.20558762550354,0.031202923506498337,0.12762396037578583,0.8024043440818787,0.9454978108406067,-1.1385531425476074,0.19154945015907288,-0.6976137757301331,2.4056084156036377,0.068914033472538,-1.034178614616394,0.5163406133651733,-2.041337490081787,0.2907347083091736,-0.4249238669872284
2.3166667874902487,275,-1201.2081298828125,-423.97216796875,107.665771484375,791.78369140625,103.515625,597.1597900390625,6390.13037109375,-5821.880859375,3565.349609375,-27494.29296875,27884.71484375,19969.498046875,7.040283203125,-4.960975646972656,18.43427276611328,316.47515869140625,-280.7203369140625,71.3529052734375,843.496826171875,-127.83961486816406,-43.7451171875,0.0,0.0,-1767.50732421875,-10416.68359375,-872.6771850585938,-2007.0098876953125,10737.5126953125,-6486.6142578125,0.0,0.0,645.2866821289062,8403.681640625,383.54620361328125,-303.6354064941406,149.0746612548828,-369.09735107421875,2629.89404296875,428.7794189453125,0.019539479166269302,1.2778116464614868,0.9093627333641052,-0.0804012343287468,-0.17355291545391083,2.4772777557373047,-0.9322904944419861,-0.40350061655044556,-1.4453792572021484,-0.012797920033335686,2.948312759399414,-0.15846611559391022,0.16388268768787384,0.7073963284492493,0.8480854034423828,-1.1069730520248413,-0.05812565237283707,-0.5048023462295532,2.227208375930786,0.8463070392608643,-0.9956977963447571,0.5894249081611633,-0.43235719203948975,0.6571202874183655,0.2800453305244446
2.325000121258199,276,-2063.5478515625,-112.80291748046875,627.8917236328125,355.1600341796875,381.279541015625,1520.7281494140625,6034.1708984375,-5980.099609375,4349.8837890625,-27558.744140625,28240.837890625,21597.46484375,68.36405944824219,31.788555145263672,-44.69319152832031,407.5177001953125,98.0670166015625,63.562744140625,1604.563232421875,9.753814697265625,1535.9697265625,0.0,0.0,-679.355224609375,-10530.708984375,-391.40289306640625,-1425.782470703125,10426.63671875,-6538.3115234375,0.0,0.0,602.4110107421875,7708.806640625,31.338134765625,-484.15673828125,616.88623046875,-384.1750183105469,2784.642822265625,290.0169677734375,0.050996337085962296,1.2521510124206543,0.9225717186927795,0.20091263949871063,-0.21288645267486572,2.8096868991851807,-0.9405151605606079,-0.4620733857154846,-1.205073595046997,-0.015052691102027893,3.3537051677703857,-0.15068957209587097,0.1233365386724472,0.6723361015319824,0.853201150894165,-1.22934889793396,0.06843017786741257,-0.543086051940918,2.4654388427734375,0.702212393283844,-1.18235182762146,0.930518627166748,-0.1704418659210205,0.5693822503089905,0.5562916398048401
2.3333334550261497,277,-1091.52001953125,-334.96435546875,119.052490234375,398.7546691894531,-141.232177734375,425.857177734375,6367.849609375,-6579.72314453125,3534.06103515625,-25785.130859375,27590.427734375,22690.869140625,15.8822021484375,1.9619064331054688,18.2449951171875,283.88677978515625,-192.3953857421875,40.4075927734375,988.1517333984375,-210.85829162597656,-118.37255859375,0.0,0.0,-1056.81005859375,-10580.54296875,-917.2796020507812,-1573.077392578125,10286.494140625,-7401.37646484375,0.0,0.0,481.3743896484375,7359.0224609375,454.5699462890625,-310.1587219238281,225.99725341796875,-434.90289306640625,2681.75244140625,-406.03228759765625,0.02666308358311653,1.4450541734695435,1.4313489198684692,0.23042897880077362,-0.05606265366077423,2.9004666805267334,-1.213865876197815,-0.5989676713943481,-0.7807357311248779,0.448264479637146,3.3909385204315186,-0.271223783493042,0.4306298792362213,0.662837028503418,0.5123072266578674,-1.0170685052871704,-0.09687304496765137,-0.1682559847831726,2.303807258605957,1.0873862504959106,-0.9701319932937622,0.9661064743995667,0.5668132901191711,0.6092439889907837,1.088622808456421
2.3416667887941003,278,-2690.56787109375,-48.9228515625,943.937744140625,-117.0542984008789,357.3037109375,1356.892333984375,6095.08984375,-6496.5068359375,4224.7763671875,-23672.009765625,27146.552734375,25244.72265625,89.51553344726562,10.714027404785156,-37.55157470703125,-91.16156005859375,-12.39404296875,8.70159912109375,1671.315673828125,114.81991577148438,1518.73095703125,0.0,0.0,-159.0417022705078,-10193.1591796875,-784.9876708984375,-916.0457763671875,9971.1650390625,-7288.89111328125,0.0,0.0,267.9685974121094,6490.826171875,-279.609375,-441.07049560546875,914.91650390625,-409.55224609375,2701.560302734375,-542.3595581054688,0.029308278113603592,1.3527857065200806,1.360749363899231,0.41611629724502563,0.006225965917110443,3.134100914001465,-1.0691545009613037,-0.6801850199699402,-0.6223351955413818,0.43908917903900146,3.3017067909240723,-0.2567112445831299,0.386249303817749,0.6302559971809387,0.5080557465553284,-1.0479706525802612,-0.09603772312402725,-0.20265455543994904,2.284686803817749,0.9824354648590088,-1.0632132291793823,1.0708744525909424,0.626039981842041,0.5509920716285706,1.1879260540008545
2.350000122562051,279,-1242.837646484375,-2558.728515625,-928.12548828125,135.9859619140625,-406.77685546875,431.44873046875,6676.888671875,-7340.318359375,3471.240478515625,-20450.15625,24814.693359375,26260.697265625,27.721435546875,6.684322357177734,23.823684692382812,209.75823974609375,-247.66748046875,-41.73809814453125,1005.5853271484375,-1076.7274169921875,-160.443359375,0.0,0.0,-594.4248046875,-10085.421875,-1208.3929443359375,-1147.390869140625,10356.98828125,-7835.0634765625,0.0,0.0,103.7857666015625,6397.609375,136.3153076171875,-335.41461181640625,211.4976806640625,-467.393798828125,2627.50048828125,-859.609130859375,-0.10474349558353424,1.6760390996932983,1.7384417057037354,0.37833791971206665,0.18278104066848755,2.9783759117126465,-1.3331389427185059,-0.9265275597572327,-0.1068653091788292,0.8334676027297974,2.968766689300537,-0.3107254207134247,0.927044689655304,0.6280364394187927,-0.04803290590643883,-0.5668750405311584,-0.24888202548027039,0.201650470495224,1.9958616495132446,1.2630248069763184,-0.7730361819267273,0.6506440043449402,1.0521447658538818,0.5699976682662964,1.3643107414245605
2.3583334563300014,280,-4002.40380859375,-3279.825927734375,-206.47802734375,-787.3697509765625,207.685791015625,1579.88134765625,6488.021484375,-6136.0146484375,4678.48876953125,-17015.462890625,25873.24609375,26238.173828125,113.56694030761719,7.3498687744140625,-46.056640625,-115.57525634765625,423.45916748046875,150.5174560546875,1643.1129150390625,3.7977294921875,1161.5556640625,0.0,0.0,-73.6841812133789,-9199.498046875,-1526.55859375,-464.1256103515625,10544.8828125,-7235.27880859375,0.0,0.0,-550.279541015625,4831.16162109375,-819.12744140625,-267.6100158691406,1247.589111328125,-554.5609130859375,2627.47021484375,-519.2352905273438,0.04581596329808235,1.3737201690673828,1.4918832778930664,0.3698740005493164,0.3775305151939392,3.198031425476074,-1.2407666444778442,-0.894227147102356,-0.34757548570632935,0.7812138199806213,2.645521402359009,-0.2854588031768799,0.8493351340293884,0.6092044115066528,0.15973801910877228,-0.59989994764328,-0.21223857998847961,0.11113428324460983,1.7357068061828613,1.1627784967422485,-0.8755610585212708,0.4141259491443634,0.9700280427932739,0.5038295388221741,0.9920348525047302
2.366666790097952,281,-1365.15380859375,-1421.775146484375,-781.771728515625,-236.756591796875,39.32861328125,586.382080078125,6681.73095703125,-6904.20947265625,3552.38916015625,-14114.763671875,24806.78515625,24577.783203125,19.27362060546875,-12.565906524658203,30.58697509765625,75.2584228515625,-224.62771606445312,-135.92221069335938,1236.8427734375,-311.21051025390625,-139.0146484375,0.0,0.0,-145.05682373046875,-9152.986328125,-1832.759521484375,-412.3062744140625,10483.568359375,-7281.82763671875,0.0,0.0,-559.953125,4701.63330078125,-583.340576171875,-388.0680236816406,222.338623046875,-515.0819702148438,2647.1015625,-85.121826171875,-0.24831445515155792,1.3743857145309448,1.9057776927947998,0.19852545857429504,0.40350767970085144,3.0616018772125244,-1.347595453262329,-0.8889433145523071,0.11508792638778687,1.3582359552383423,1.8573707342147827,-0.1509355753660202,1.6060512065887451,0.528662919998169,-0.3198450207710266,-0.3625279664993286,0.08653022348880768,0.19224509596824646,1.5460748672485352,1.337058424949646,-0.8307579159736633,0.42576736211776733,0.9661165475845337,0.44849836826324463,0.5623506903648376
2.3750001238659024,282,-2581.27001953125,296.410888671875,-234.2105712890625,-725.963623046875,862.470947265625,1372.112548828125,5914.6142578125,-6563.18017578125,4136.654296875,-11582.3720703125,24865.26171875,21964.79296875,73.36964416503906,16.297550201416016,-55.913330078125,846.313720703125,7.020103454589844,203.3604278564453,1210.5059814453125,-176.99041748046875,906.9033203125,0.0,0.0,60.99140930175781,-8687.4501953125,-2070.222412109375,-494.1353759765625,10200.5751953125,-7044.419921875,0.0,0.0,-915.0180053710938,3120.180908203125,-2012.70947265625,-332.8822021484375,863.2628173828125,-932.8417358398438,2985.339111328125,-488.538818359375,-0.19976365566253662,1.3935143947601318,1.85012948513031,0.1736062467098236,0.2903151214122772,3.1793222427368164,-1.4030722379684448,-0.6912499666213989,0.27852296829223633,1.3361046314239502,1.628334879875183,-0.14650243520736694,1.4512512683868408,0.49066612124443054,-0.25918155908584595,-0.10841088742017746,0.08290603011846542,0.1403001993894577,1.2905305624008179,1.3572591543197632,-0.7177966833114624,0.37404757738113403,1.1862176656723022,0.43822765350341797,0.45905348658561707
2.383333457633853,283,-1300.0927734375,-902.3158569335938,-601.8031005859375,-591.7999267578125,-281.65185546875,70.4638671875,6045.76806640625,-7626.9677734375,3170.070556640625,-10994.041015625,22207.90234375,22073.05078125,32.11802673339844,0.534005880355835,26.193389892578125,70.92772674560547,-11.8869047164917,-25.755401611328125,1167.30859375,-367.7645263671875,-83.23291015625,0.0,0.0,213.48629760742188,-8721.9814453125,-2432.1494140625,-300.4512939453125,10026.486328125,-7637.92822265625,0.0,0.0,-569.4578247070312,3116.35205078125,-1084.3154296875,-351.43853759765625,316.074951171875,-519.3041381835938,2625.81103515625,-60.08121871948242,-0.24841204285621643,1.9120811223983765,2.395672559738159,-0.09780912101268768,0.023293517529964447,2.9434409141540527,-2.054494619369507,-0.6590449810028076,0.8401702046394348,1.7673510313034058,1.3315047025680542,-0.10638780891895294,1.7772216796875,0.12003665417432785,-0.3329952657222748,0.34643736481666565,0.05965893343091011,0.03572612255811691,1.1929833889007568,1.5510205030441284,-0.7847519516944885,0.4653473496437073,1.5950344800949097,0.6967370510101318,0.09047579765319824
2.3916667914018035,284,-4497.52685546875,-2000.371826171875,-133.9921875,-1098.44091796875,-1038.189453125,754.9208984375,5190.33154296875,-6442.79833984375,3671.501708984375,-1719.0408935546875,23354.21484375,18648.11328125,172.9256134033203,41.234596252441406,-100.61886596679688,-642.5676879882812,826.6265258789062,1309.842529296875,1507.857177734375,-602.176025390625,-276.431640625,0.0,0.0,664.1697998046875,-8253.94140625,-2832.83447265625,-119.2398681640625,9312.28515625,-7984.99462890625,0.0,0.0,-199.31576538085938,1724.764404296875,-2876.935791015625,-120.6905517578125,630.353271484375,-1265.0711669921875,3300.85009765625,-579.3374633789062,-0.24262790381908417,1.7890859842300415,2.211508274078369,0.034033212810754776,-0.23311614990234375,2.9720499515533447,-2.0939857959747314,-0.6517229080200195,0.7868898510932922,1.6717900037765503,1.1191614866256714,-0.09337712079286575,1.6510555744171143,0.117670938372612,-0.32751065492630005,0.2808001637458801,-0.07127881050109863,0.062340397387742996,1.1086572408676147,1.571879506111145,-0.6381160020828247,0.44624194502830505,1.7293586730957031,0.61870938539505,-0.07030295580625534
2.400000125169754,285,-1535.91845703125,-1372.1793212890625,-1296.0599365234375,-413.08428955078125,-262.013916015625,226.99755859375,5916.33642578125,-7019.48974609375,2760.216796875,490.861328125,22909.15234375,18028.58984375,37.4368896484375,-9.6744384765625,37.393157958984375,-225.20855712890625,93.26007080078125,-180.254150390625,1061.6671142578125,-214.90673828125,-203.478515625,0.0,0.0,621.0458984375,-7724.85107421875,-3382.7353515625,179.7950439453125,9279.724609375,-7741.1044921875,0.0,0.0,-629.79150390625,1002.12890625,-624.49365234375,-298.943115234375,248.7255859375,-542.744873046875,2606.31787109375,587.1898803710938,-0.5850446820259094,1.2425448894500732,2.317291498184204,0.8674901723861694,0.1667909026145935,3.3425421714782715,-3.769049644470215,-0.9339724779129028,1.0582243204116821,2.0562028884887695,0.10030809789896011,0.06783544272184372,1.8241974115371704,-0.47348570823669434,-0.6652787923812866,0.3333645164966583,0.039763934910297394,0.12726141512393951,0.5815696716308594,1.903477668762207,-0.8029414415359497,0.4431488513946533,1.4293529987335205,1.1260619163513184,-1.0200165510177612
2.4083334589377046,286,-2273.568359375,-1439.4052734375,-1855.46826171875,-769.2335205078125,-812.0086669921875,165.510986328125,4280.9248046875,-5847.3515625,2767.19921875,11224.548828125,23066.546875,12518.4794921875,40.22027587890625,116.24365234375,-11.460357666015625,221.92648315429688,973.6819458007812,-265.729248046875,952.114990234375,-431.0867004394531,-204.412109375,0.0,0.0,1067.7935791015625,-7537.7919921875,-3960.544921875,103.7764892578125,8375.9462890625,-7913.56005859375,0.0,0.0,-508.616455078125,-519.024169921875,-2760.373046875,-329.91424560546875,386.00244140625,-1739.35791015625,2993.701171875,496.30792236328125,-0.5079799890518188,1.1719428300857544,2.202444076538086,0.9940648674964905,0.20660850405693054,3.3539867401123047,-3.6297736167907715,-0.8178989887237549,1.1483545303344727,2.002444267272949,-0.26536399126052856,0.05909603461623192,1.6707602739334106,-0.42766278982162476,-0.666016161441803,0.5166603326797485,0.07162205874919891,0.1376938819885254,0.3258974552154541,1.8890422582626343,-0.7201939225196838,0.41323280334472656,1.6997885704040527,1.0875258445739746,-1.2340507507324219
2.416666792705655,287,-1159.75341796875,-1206.994873046875,-1335.797607421875,-471.993408203125,-395.133544921875,107.21142578125,5098.79541015625,-6766.103515625,1914.89990234375,13530.7900390625,19870.580078125,11528.03125,41.9876708984375,-6.582305908203125,28.89410400390625,-206.93658447265625,150.9383544921875,-211.78729248046875,901.3538208007812,-268.5482482910156,-199.6953125,0.0,0.0,1028.1365966796875,-6829.13330078125,-3871.7978515625,614.2562866210938,8851.0234375,-7451.7705078125,0.0,0.0,-661.4442749023438,-2.97412109375,-146.6357421875,-208.14955139160156,206.5133056640625,-571.1961669921875,2421.3232421875,1239.559814453125,-0.6233853697776794,0.8625683784484863,2.0612003803253174,1.6530789136886597,0.35079216957092285,2.6725053787231445,-5.442937850952148,-1.1341694593429565,1.576047658920288,2.335653305053711,-1.2789573669433594,-0.038240984082221985,1.6803240776062012,-1.3323726654052734,-1.0017205476760864,0.9976428151130676,0.22405686974525452,0.18128053843975067,-0.2926616966724396,1.667999029159546,-1.0593650341033936,0.0007881578058004379,1.2334905862808228,1.464667797088623,-1.7495356798171997
2.4250001264736056,288,-1704.41015625,-509.2150573730469,-1235.4837646484375,-320.74371337890625,-626.9685668945312,-313.64013671875,4698.9111328125,-5671.1923828125,569.921875,21695.140625,20324.83203125,3270.791015625,1.4544525146484375,63.31385803222656,147.11404418945312,-1315.34814453125,18.2015380859375,-648.833740234375,776.4239501953125,-1799.3876953125,398.515625,0.0,0.0,339.02484130859375,-6998.12841796875,-4464.8642578125,770.4610595703125,6754.0869140625,-7606.26416015625,0.0,0.0,-267.58050537109375,-950.33349609375,-2403.591796875,-41.844417572021484,116.1312255859375,-1501.450439453125,2457.8759765625,1223.1744384765625,-0.5845029354095459,0.7446553707122803,1.9584505558013916,1.7224249839782715,0.36494797468185425,2.465474843978882,-5.023462772369385,-1.1671926975250244,1.630371332168579,2.264458656311035,-1.592659831047058,-0.03738369792699814,1.557107925415039,-1.2059276103973389,-1.02516508102417,1.009799838066101,0.1907496303319931,0.20521727204322815,-0.4821731746196747,1.5987801551818848,-1.0440963506698608,0.09031836688518524,1.5082446336746216,1.4066652059555054,-1.9914230108261108
2.433333460241556,289,-1540.27392578125,-1427.6578369140625,-1410.533935546875,-333.3773193359375,-167.36517333984375,168.8818359375,5633.6044921875,-6037.287109375,1243.06494140625,22100.52734375,18538.8046875,2737.54443359375,21.768783569335938,-11.321792602539062,21.788528442382812,-182.04931640625,-51.8460693359375,-328.7863464355469,1282.827880859375,-496.31097412109375,-263.9619140625,0.0,0.0,511.2760314941406,-6584.0107421875,-3794.64208984375,1468.3253173828125,7142.0830078125,-6655.29638671875,0.0,0.0,-676.0384521484375,-0.3458251953125,-231.4072265625,929.4503784179688,3209.45166015625,-2693.996337890625,2238.3935546875,2190.80322265625,-0.5274813175201416,0.43519148230552673,1.54433012008667,2.005079984664917,0.7036338448524475,1.50568425655365,-6.3690266609191895,-1.531354308128357,1.7019537687301636,1.770405888557434,-1.7696285247802734,-0.8712729811668396,-1.2117239236831665,-0.045739173889160156,-1.023533821105957,1.2116633653640747,0.24799980223178864,0.06015331298112869,-0.795632541179657,0.9316231608390808,-1.5184128284454346,-0.22359035909175873,0.6661914587020874,1.4702999591827393,-2.634533643722534
2.4416667940095067,290,1853.45166015625,460.7164611816406,-4368.015625,-438.6217041015625,-731.4783935546875,-1244.2950439453125,4944.02734375,-2996.596435546875,-1092.9814453125,19553.373046875,17148.29296875,-0.59747314453125,-141.8654022216797,-232.24827575683594,178.60958862304688,2232.478515625,-78.91314697265625,-1688.552978515625,612.1258544921875,-1660.55615234375,815.1044921875,0.0,0.0,-591.508056640625,-6751.25,-3418.20361328125,1398.7696533203125,4948.72265625,-6210.0205078125,0.0,0.0,-25.97393798828125,-844.3699951171875,-807.59130859375,1435.7877197265625,7692.36767578125,-5891.1591796875,1079.5205078125,915.08349609375,-0.35766488313674927,0.335760235786438,1.5799005031585693,1.5292197465896606,0.6553429365158081,1.432518720626831,-5.890264511108398,-1.102017879486084,1.2122663259506226,1.7698626518249512,1.8169190883636475,-0.2898194193840027,-4.70738410949707,1.9633797407150269,-0.5707589387893677,0.7974740862846375,0.09779763221740723,-0.1800215244293213,-0.5834878087043762,0.6140786409378052,-1.2853668928146362,0.31309086084365845,1.1224043369293213,1.38486909866333,-1.7231035232543945
2.4500001277774572,291,-367.77880859375,-656.7000122070312,-917.174072265625,-1110.899169921875,-222.35781860351562,107.92724609375,4901.74267578125,-4020.6689453125,1252.593017578125,17985.619140625,23391.21875,508.8505859375,11.228757858276367,-9.418148040771484,6.180700302124023,202.8150634765625,-89.4434814453125,0.3839111328125,1457.290771484375,-932.1578369140625,-189.064453125,0.0,0.0,-874.31884765625,-8012.94482421875,-2180.111328125,1234.19580078125,2907.63671875,-5965.646484375,0.0,0.0,-589.05810546875,-141.8939208984375,-184.87451171875,2175.927490234375,8820.7197265625,-3479.2119140625,2049.85986328125,1635.02587890625,0.031921107321977615,0.025918755680322647,0.7298700213432312,1.3080083131790161,1.0955312252044678,0.754508912563324,-5.916454792022705,-0.9646438360214233,1.6821815967559814,0.394187867641449,1.2483757734298706,-0.9330302476882935,-5.182255268096924,-0.15440253913402557,-0.2751983404159546,-0.3014048933982849,0.008179588243365288,0.0704646036028862,0.48885104060173035,-0.44055572152137756,-1.0095781087875366,1.984544038772583,0.8306499123573303,0.4986420273780823,-2.1814568042755127
2.4583334615454078,292,-1371.41796875,1044.324462890625,-3667.300537109375,-1766.5579833984375,-2130.4853515625,-1229.5869140625,4855.68603515625,-2587.443603515625,-119.05694580078125,20595.873046875,25916.37890625,-2505.23828125,-41.68216323852539,-315.26690673828125,122.50973510742188,-322.559814453125,198.25653076171875,281.541748046875,122.5938720703125,-920.1077880859375,-833.16943359375,0.0,0.0,-1260.435546875,-8039.52587890625,-892.2877807617188,2069.21484375,261.6708984375,-4333.80224609375,0.0,0.0,-1449.84375,-3636.9951171875,-852.45556640625,2198.994140625,8900.68359375,-2914.721435546875,864.480712890625,320.035888671875,-0.1314811259508133,-0.14541766047477722,0.8898019790649414,2.7100939750671387,1.822967767715454,2.0151853561401367,-4.742116928100586,-0.9899745583534241,1.8854225873947144,0.5787113904953003,0.8298335671424866,-0.6128268241882324,-4.871558666229248,-0.8785197734832764,-0.6591159701347351,-0.4766950011253357,0.6617138981819153,0.24070420861244202,0.8569284677505493,-0.7633886337280273,-1.3267630338668823,2.4392154216766357,-0.716449499130249,0.4757106304168701,-1.702436923980713
2.4666667953133583,293,-596.603759765625,-281.7117919921875,-843.56396484375,-369.0303955078125,-483.1629638671875,124.6744384765625,6336.25,-3151.671630859375,-408.584228515625,27714.96875,31554.990234375,-6370.6142578125,-12.43287467956543,9.0460205078125,5.599151611328125,41.2734375,-44.39422607421875,-62.33184814453125,1083.0325927734375,-969.3321533203125,17.108642578125,0.0,0.0,-2043.80029296875,-8807.916015625,-130.9779052734375,2343.132568359375,-435.445556640625,-2044.40576171875,0.0,0.0,-1125.33544921875,-857.6234130859375,-750.27001953125,1674.352783203125,9333.46484375,-3879.977783203125,1696.1707763671875,677.5411376953125,-0.8858641982078552,-1.0285148620605469,0.10872507840394974,3.0186245441436768,1.4663523435592651,-0.3598800003528595,-4.425575256347656,-1.6906132698059082,2.0593249797821045,0.7450174689292908,-0.4506809711456299,-0.16316965222358704,-4.8275651931762695,0.00016736239194869995,-1.7674680948257446,-1.371767282485962,1.2541333436965942,0.8613342642784119,1.4149940013885498,-1.3220313787460327,-1.48727548122406,2.849694013595581,-2.498873233795166,-0.23258066177368164,-1.8610143661499023
2.475000129081309,294,1772.7750244140625,895.758544921875,-1596.0673828125,-194.8818359375,-295.8455810546875,-994.8692016601562,6289.8017578125,-1137.765625,-1731.3291015625,21437.625,26917.671875,-7739.42822265625,-91.6357650756836,-139.35983276367188,161.88990783691406,1425.400146484375,1282.21044921875,-1001.368896484375,-540.92919921875,-1395.1842041015625,-234.626708984375,0.0,0.0,-1203.6893310546875,-7884.63330078125,2374.4228515625,4134.6865234375,-1575.29150390625,-687.5205078125,0.0,0.0,-1260.2254638671875,-3136.80517578125,300.89013671875,1061.691650390625,10231.3203125,-4497.85791015625,1609.2974853515625,-278.7591552734375,-0.9387474060058594,-0.9363733530044556,0.26903533935546875,2.461810350418091,1.3325023651123047,-0.24684062600135803,-4.075899600982666,-1.6175233125686646,2.105992317199707,0.8505306839942932,-0.9536033868789673,-0.11020724475383759,-4.678859710693359,-0.09019265323877335,-1.7299472093582153,-0.7065464854240417,1.4747880697250366,0.48190391063690186,0.6519602537155151,-1.481400966644287,-1.7512893676757812,2.0833096504211426,-3.0172195434570312,-0.005612127482891083,-1.4077242612838745
2.4833334628492594,295,-416.6290283203125,144.3681640625,-284.8544921875,-305.728271484375,-407.1456298828125,-9.123382568359375,6428.41357421875,-2522.961181640625,-807.6129760742188,22294.216796875,26956.857421875,717.1824951171875,-30.58414077758789,12.897796630859375,-2.8134765625,56.0323486328125,-12.15283203125,-69.763916015625,848.232421875,-1341.4677734375,196.392822265625,0.0,0.0,-2101.32958984375,-7247.1298828125,685.7479248046875,2739.134521484375,-2497.7705078125,-3667.12548828125,0.0,0.0,-994.7978515625,-893.65673828125,-519.375732421875,589.59033203125,10824.4169921875,-4164.76025390625,1293.59521484375,780.7386474609375,-0.8177362680435181,-0.8033734560012817,-0.27695152163505554,1.7288811206817627,1.0551637411117554,-2.0238795280456543,-3.0789573192596436,-1.5509974956512451,2.7016258239746094,0.3301767408847809,-1.9965434074401855,0.25069254636764526,-4.774302959442139,-0.3312658369541168,-1.733497977256775,-0.6639971137046814,-0.013425614684820175,1.1655879020690918,0.057945191860198975,-0.023468125611543655,-0.4853547215461731,2.6711812019348145,-0.3709307014942169,0.25413063168525696,-2.145165205001831
2.49166679661721,296,-976.9054565429688,-49.4588623046875,-1030.16650390625,59.7139892578125,-1826.8299560546875,-508.99920654296875,6760.5244140625,1798.29833984375,75.31356811523438,20195.20703125,25831.890625,-1786.925537109375,-37.72862243652344,24.8878173828125,11.296051025390625,-1462.896728515625,2515.32177734375,214.02825927734375,2147.3603515625,-1330.9927978515625,-1683.025146484375,0.0,0.0,-1980.432861328125,-5979.4453125,1219.6024169921875,3167.46435546875,-2881.380126953125,-3987.575927734375,0.0,0.0,-1042.7730712890625,-1888.617919921875,837.88525390625,2594.7333984375,9844.42578125,-4710.875,611.8374633789062,116.4393310546875,-0.82224440574646,-0.8363610506057739,-0.13533076643943787,1.2763522863388062,0.899181067943573,-2.03505539894104,-2.8667852878570557,-1.383996844291687,2.0846099853515625,-0.055125266313552856,-1.6194216012954712,-2.4866886138916016,-2.8305678367614746,-0.0010185539722442627,-1.5981802940368652,0.028417885303497314,-0.023689977824687958,0.8239196538925171,-0.8633890748023987,0.011128183454275131,-0.5037854313850403,1.7216739654541016,-0.8626406788825989,0.40407657623291016,-1.881856083869934
2.5000001303851604,297,-509.5986328125,645.6527099609375,-656.23828125,-6.1480712890625,-258.107421875,527.5545043945312,6797.13671875,3297.2294921875,-558.31201171875,16854.154296875,32667.740234375,552.742919921875,-28.038204193115234,1.937408447265625,4.0554046630859375,-211.5986328125,-136.986328125,-478.304443359375,734.8040161132812,-350.1495361328125,-89.746826171875,0.0,0.0,-1961.482177734375,-6528.51416015625,1192.301025390625,3038.987548828125,-3360.48974609375,-3711.38623046875,0.0,0.0,-586.4754028320312,-54.53515625,-78.4814453125,-102.16180419921875,7333.4443359375,-3266.8046875,1085.3416748046875,-212.33154296875,-0.7311322689056396,-1.6100151538848877,-0.6736640334129333,1.0636104345321655,0.49994778633117676,-3.3505218029022217,-1.8959457874298096,-1.2816866636276245,1.139809012413025,0.33819442987442017,-0.6470071077346802,-0.07525408267974854,-0.47947776317596436,-1.1652401685714722,-0.9181078672409058,-1.1171834468841553,-0.3877381384372711,0.7349821925163269,-0.333986759185791,0.014040820300579071,-0.38779646158218384,2.0200915336608887,-0.9745491743087769,-0.01023525558412075,-1.458338975906372
2.508333464153111,298,912.5630493164062,-1648.2532958984375,-2121.4599609375,700.9949951171875,265.018798828125,408.9276123046875,6983.40234375,3521.42919921875,-1657.741943359375,11041.0693359375,29877.162109375,42.52777099609375,14.179115295410156,-0.79083251953125,-67.33724975585938,1743.3521728515625,1028.736328125,-896.8848876953125,-1244.6181640625,-997.312255859375,-938.6172485351562,0.0,0.0,-2318.16015625,-6626.3125,907.0889892578125,2674.920654296875,-5674.93994140625,-4803.0439453125,0.0,0.0,-781.2723999023438,169.67919921875,1345.4334716796875,128.62448120117188,7568.18212890625,-3340.6279296875,545.8670654296875,859.0546875,-0.7915595769882202,-1.6278678178787231,-0.5872992873191833,0.9272632002830505,0.4461367130279541,-3.088888645172119,-1.7387497425079346,-0.8850759267807007,2.209336280822754,0.6472044587135315,-1.587327003479004,-0.038134753704071045,-0.2703525424003601,-0.7837350368499756,-0.7827492356300354,-0.9345747232437134,-0.17446570098400116,0.5689401030540466,-0.7663682103157043,0.3287796080112457,-0.5078924894332886,2.7298219203948975,0.040001511573791504,0.0329628624022007,-1.646784782409668
2.5166667979210615,299,-441.065185546875,-785.1377563476562,-423.33837890625,69.18548583984375,440.720458984375,414.62139892578125,6482.6162109375,1602.48388671875,-778.7288208007812,11777.873046875,22427.78515625,-2393.21240234375,-24.077028274536133,-30.691314697265625,6.625640869140625,-267.9970703125,-117.77001953125,-386.5677490234375,654.23779296875,-879.47509765625,121.39364624023438,0.0,0.0,-2428.558349609375,-5189.0166015625,838.8118896484375,2820.501953125,-5313.58251953125,-4995.708984375,0.0,0.0,-491.0319519042969,-168.455810546875,-90.3739013671875,-213.2303466796875,7745.8623046875,-3714.25048828125,901.4404296875,1496.163330078125,-0.40274927020072937,-1.5957838296890259,-0.5327951312065125,0.32491958141326904,0.20460525155067444,-2.572190523147583,-0.4413420557975769,-0.52703458070755,3.0951430797576904,0.14260800182819366,-2.7116358280181885,0.23360157012939453,-0.3635508120059967,-0.4170902967453003,-0.8475170135498047,0.34649235010147095,0.23555073142051697,0.6011065244674683,-1.8950194120407104,0.35025864839553833,-0.5757051706314087,2.2403621673583984,0.18727880716323853,-0.25096672773361206,-2.0630710124969482
2.525000131689012,300,-1642.8095703125,-913.3154296875,-498.5126953125,871.4710083007812,-1843.953369140625,-128.74188232421875,6035.01318359375,1859.5400390625,-1062.4422607421875,12600.7470703125,20524.33984375,-2651.34033203125,-77.58369445800781,131.38613891601562,-34.98362731933594,-2008.11328125,1150.6767578125,260.48681640625,3105.5048828125,-909.2957763671875,-3093.6181640625,0.0,0.0,-2286.393798828125,-3306.213623046875,-212.7447509765625,2228.98291015625,-7046.689453125,-5661.4306640625,0.0,0.0,-141.7739715576172,521.36279296875,1048.99609375,-586.3854370117188,7614.7158203125,-4172.36328125,485.197265625,2251.021728515625,-0.4737643599510193,-1.3967413902282715,-0.30760443210601807,-0.059752196073532104,0.16551180183887482,-2.4390907287597656,-0.3929681181907654,-0.2945607602596283,3.618072509765625,0.2500455975532532,-3.272474527359009,0.022821420803666115,0.18628980219364166,-0.2602761685848236,-0.8726919293403625,0.7729154825210571,0.1874483972787857,0.4956281781196594,-2.25504732131958,0.7592117786407471,-0.3949176073074341,2.3412375450134277,-0.01194252073764801,-0.19841764867305756,-2.215343713760376
2.5333334654569626,301,-232.1839599609375,463.7646789550781,-415.6787109375,518.0140991210938,-274.919189453125,278.560791015625,5676.10986328125,1211.9443359375,-941.1089477539062,14511.09765625,21772.208984375,-5754.9638671875,-16.180923461914062,11.121925354003906,-0.8105926513671875,-291.04461669921875,-22.3681640625,-534.9949951171875,445.3099060058594,471.6468505859375,-316.641845703125,0.0,0.0,-3016.07861328125,-3167.671630859375,-293.98583984375,2092.92919921875,-7567.974609375,-4163.45068359375,0.0,0.0,-274.5281677246094,-0.21484375,-60.01092529296875,-448.62200927734375,7468.2353515625,-3916.6396484375,695.484619140625,2539.529541015625,-0.24802228808403015,-2.124765396118164,-0.4946589469909668,0.48246675729751587,0.2767591178417206,-1.8241159915924072,0.5329853296279907,-0.04793352633714676,3.71370267868042,0.1816677749156952,-3.7422776222229004,-0.10031747817993164,0.31317809224128723,-0.4468570649623871,-1.11869215965271,0.5117997527122498,0.6787588000297546,1.0388095378875732,-2.2051315307617188,0.7436288595199585,-0.26750895380973816,2.615610361099243,-1.2135982513427734,-0.3496890366077423,-2.2945542335510254
2.541666799224913,302,2724.466796875,498.50091552734375,102.419921875,1205.092041015625,-459.7119140625,-197.02621459960938,4344.90771484375,472.0927734375,-1662.35595703125,13101.115234375,16576.767578125,-6729.107421875,-107.96976470947266,132.11190795898438,58.56586456298828,2683.259033203125,-142.263671875,-2237.486572265625,-2003.2708740234375,-1171.999267578125,-1664.551025390625,0.0,0.0,-4022.753173828125,-2501.42626953125,-1086.6939697265625,1510.8701171875,-8549.08203125,-4614.10546875,0.0,0.0,-328.5783386230469,-50.90380859375,473.72039794921875,-1138.16259765625,7616.328125,-3972.809326171875,1075.716064453125,3273.102783203125,-0.17810077965259552,-2.167971611022949,-0.2516492009162903,0.5155361890792847,0.2483544945716858,-1.6578853130340576,0.4869506061077118,0.18580392003059387,3.9711005687713623,0.2898390293121338,-3.963750123977661,0.10027031600475311,0.4279099404811859,-0.43712127208709717,-1.1019212007522583,0.972541868686676,0.8074624538421631,0.9071964025497437,-2.8753931522369385,1.0666104555130005,-0.30289798974990845,2.394413709640503,-1.321951150894165,-0.2540477216243744,-2.4661989212036133
2.5500001329928637,303,52.5966796875,-353.2774658203125,273.98291015625,246.253662109375,295.24755859375,-222.17489624023438,3764.06689453125,215.4580078125,-429.77642822265625,10058.87890625,13352.2109375,-9847.8935546875,-20.07927703857422,-11.938758850097656,-20.580612182617188,-69.198486328125,-16.822021484375,-484.281982421875,533.1300048828125,-363.8125,-148.7158203125,0.0,0.0,-3661.757080078125,-1687.90869140625,-1115.188720703125,2279.53857421875,-7987.275390625,-4211.08837890625,0.0,0.0,-215.42379760742188,-69.39404296875,-25.04986572265625,-1737.840087890625,7424.06787109375,-3471.57470703125,602.0390625,3556.807373046875,0.33452537655830383,-2.420499801635742,-0.2217264324426651,0.6734560132026672,0.15346790850162506,-1.5100003480911255,0.852812647819519,0.49365198612213135,3.7966880798339844,-0.41007670760154724,-3.8422675132751465,0.5670565962791443,0.5715497732162476,-0.8336085081100464,-0.5418789386749268,1.402339220046997,1.2362017631530762,0.5246763229370117,-3.319066286087036,0.9907115697860718,-0.9272443056106567,1.779015064239502,-1.5413388013839722,0.1430831253528595,-2.5291872024536133
2.558333466760814,304,-2030.0462646484375,-49.110595703125,848.244873046875,20.67730712890625,-2642.025146484375,-950.511474609375,3080.30517578125,-798.86328125,141.14688110351562,13491.7080078125,13731.265625,-11567.521484375,-0.21549224853515625,29.646366119384766,-127.74705505371094,-2718.434326171875,257.465087890625,-1564.51416015625,3105.4716796875,-389.8701171875,-3814.523193359375,0.0,0.0,-3937.77978515625,154.29541015625,-2241.507568359375,2257.3330078125,-7727.96630859375,-4998.3603515625,0.0,0.0,31.694427490234375,188.1871337890625,794.7454833984375,-1759.76953125,6623.5224609375,-3450.5869140625,635.7627563476562,3952.8486328125,0.22049838304519653,-2.2387309074401855,-0.11873985826969147,0.3861757814884186,0.13873432576656342,-1.3999232053756714,0.7929337024688721,0.45181804895401,3.822844982147217,-0.3777323365211487,-3.7553250789642334,-0.4488544464111328,0.9831570386886597,-0.5652565956115723,-0.6860563158988953,1.6535072326660156,1.0984402894973755,0.4653710126876831,-3.591917037963867,1.2941105365753174,-0.9195091128349304,1.4598808288574219,-1.536643147468567,0.12467695027589798,-2.514277935028076
2.5666668005287647,305,-233.17825317382812,629.4464111328125,76.249755859375,738.8257446289062,-296.31201171875,-256.54461669921875,3499.6181640625,155.44921875,-266.5293273925781,14460.453125,21156.07421875,-14098.669921875,-3.9493637084960938,16.438507080078125,-16.27920150756836,-209.84815979003906,-173.1396484375,-394.89794921875,347.6398620605469,796.92724609375,-561.6748046875,0.0,0.0,-3908.925537109375,-473.27880859375,-1912.632568359375,2217.7626953125,-8457.4970703125,-2516.84912109375,0.0,0.0,-176.12753295898438,-54.271240234375,-23.3116455078125,-1775.8470458984375,6416.2724609375,-3392.74560546875,491.4970397949219,3200.83740234375,-0.19489383697509766,-3.3265061378479004,-0.475808709859848,1.6100094318389893,0.3068442642688751,-1.0882455110549927,1.3890348672866821,0.20774415135383606,3.019554853439331,-0.12211491912603378,-3.2152788639068604,-0.3987434506416321,1.0887116193771362,-0.5573747754096985,-0.7979381084442139,0.30712512135505676,1.4259698390960693,0.3859037458896637,-2.78554630279541,0.9042365550994873,-0.8592654466629028,1.9842506647109985,-3.388587713241577,0.22658520936965942,-1.712260365486145
2.5750001342967153,306,1995.1153564453125,-328.96832275390625,-662.987060546875,637.2859497070312,876.55029296875,-328.44427490234375,2667.41650390625,-1486.07080078125,-386.3037109375,11763.80078125,17641.37890625,-15200.4453125,20.295570373535156,-3.5806121826171875,8.820327758789062,3362.86865234375,-163.889404296875,-3189.89501953125,-3429.07568359375,-1045.384521484375,-223.19921875,0.0,0.0,-4760.55712890625,-677.050537109375,-1655.6175537109375,1850.7530517578125,-8667.5,-1918.10791015625,0.0,0.0,-713.02294921875,-1000.8916015625,219.012939453125,-1354.8935546875,6334.5712890625,-2603.88916015625,358.03924560546875,3126.909423828125,-0.131674125790596,-3.2640223503112793,-0.3341520428657532,1.6359583139419556,0.28072884678840637,-0.9793571829795837,1.2726315259933472,0.27210885286331177,2.8166611194610596,-0.09337441623210907,-2.7496564388275146,-0.43390971422195435,1.1163747310638428,-0.7704500555992126,-0.7462862730026245,0.22744949162006378,1.522904872894287,0.20241937041282654,-2.704540491104126,0.7218227982521057,-0.7931514382362366,1.8558400869369507,-3.3026273250579834,0.2583235204219818,-1.1675878763198853
2.583333468064666,307,39.3118896484375,-805.9776000976562,469.982421875,361.0295104980469,520.5263671875,-460.5203552246094,2681.83447265625,-251.067138671875,503.47711181640625,7678.18359375,17055.263671875,-13712.9296875,-8.244705200195312,-25.26187515258789,-15.697273254394531,-126.848388671875,-330.30029296875,-571.1533203125,572.62548828125,-364.781982421875,-329.634765625,0.0,0.0,-4022.995849609375,-500.994140625,-1770.39599609375,2211.029541015625,-7889.99609375,-2931.81005859375,0.0,0.0,-234.93614196777344,-67.2110595703125,-24.7955322265625,-1632.18603515625,5606.7421875,-2041.7225341796875,445.43597412109375,2525.5400390625,-0.00045887380838394165,-2.828380823135376,-0.2322264164686203,0.6499441266059875,-0.10897296667098999,-1.6531095504760742,1.3713182210922241,0.2360602170228958,1.9114898443222046,-0.567945122718811,-1.399632215499878,-0.20538879930973053,1.6532130241394043,-1.1730475425720215,-0.03435516357421875,0.2906917929649353,1.1577943563461304,-0.4435468912124634,-2.628350019454956,0.7620897889137268,-1.0600106716156006,1.0910379886627197,-2.2110483646392822,0.16272810101509094,-0.6035173535346985
2.5916668018326163,308,-1258.7265625,-30.23468017578125,-688.301025390625,-355.9906005859375,-1318.44287109375,-721.3060302734375,2746.8125,-1566.7296142578125,2105.06103515625,7020.0546875,18503.693359375,-11183.607421875,34.29988098144531,-54.98127746582031,-135.5414276123047,-3739.5166015625,-396.221923828125,176.239013671875,4067.364501953125,23.055908203125,-2976.58984375,0.0,0.0,-3415.435791015625,480.873291015625,-2718.736328125,2267.7236328125,-7494.783203125,-3442.056640625,0.0,0.0,-11.947593688964844,3.012451171875,758.782958984375,-1666.887939453125,5393.18212890625,-1342.584716796875,-708.3706665039062,2734.669677734375,-0.11100811511278152,-2.461751937866211,-0.18040166795253754,0.08306010067462921,-0.10882774740457535,-1.5403773784637451,1.2646825313568115,0.23155753314495087,1.8340193033218384,-0.5757418870925903,-1.1321134567260742,-0.44304347038269043,1.5803368091583252,-1.2698986530303955,0.1821034550666809,0.33743607997894287,0.7547557353973389,-0.6460477113723755,-2.4735260009765625,0.9972482323646545,-0.8419510722160339,0.9908402562141418,-1.5889276266098022,0.12677736580371857,-0.45749127864837646
2.600000135600567,309,260.05279541015625,642.592041015625,158.5263671875,472.3728942871094,-355.314453125,-408.13641357421875,2838.00439453125,-338.96875,1228.9693603515625,9921.353515625,24836.986328125,-13391.2265625,10.950494766235352,14.783510208129883,-5.786216735839844,-193.15713500976562,-130.8798828125,-201.4072265625,434.6044006347656,658.37109375,-546.76904296875,0.0,0.0,-3499.467041015625,-577.4835205078125,-1880.09521484375,1861.7685546875,-8038.61376953125,-2159.05322265625,0.0,0.0,-226.44259643554688,-42.6876220703125,-5.52587890625,-1309.2747802734375,5289.40625,-451.6962890625,363.2263488769531,1626.51171875,-0.5618373155593872,-2.7809953689575195,-0.3244595229625702,0.22305496037006378,0.08769561350345612,-1.3776308298110962,1.780898094177246,0.17330127954483032,1.0314851999282837,-0.05462656170129776,-0.14700472354888916,-0.7321224212646484,1.5547564029693604,-1.8893784284591675,-0.2968153953552246,-0.7144778966903687,1.0568856000900269,-0.5548192262649536,-1.4065624475479126,0.24652042984962463,-0.48558738827705383,1.3776466846466064,-2.47843337059021,-0.7448657751083374,0.4749140441417694
2.6083334693685174,310,2287.5458984375,281.80804443359375,-172.572509765625,362.60308837890625,590.1376953125,-457.28741455078125,2353.404541015625,-56.0947265625,966.6532592773438,8413.642578125,21642.51953125,-11178.3037109375,36.42828369140625,-7.090709209442139,-15.463668823242188,3950.7607421875,-609.7274169921875,-1234.124755859375,-3927.7294921875,-1117.069091796875,778.0205078125,0.0,0.0,-3293.7763671875,-1037.9063720703125,-1139.3477783203125,1696.971435546875,-8120.31005859375,-2131.112548828125,0.0,0.0,-552.8740234375,-738.96875,-204.950927734375,-1154.148193359375,5218.1611328125,568.5257568359375,100.9757080078125,1937.03369140625,-0.6001974940299988,-2.688380718231201,-0.2916334271430969,0.08999460935592651,0.09484035521745682,-1.2722094058990479,1.6415644884109497,0.20121228694915771,0.7828064560890198,-0.05598979443311691,0.3757491707801819,-0.4371553957462311,1.4294699430465698,-1.8966885805130005,-0.17202609777450562,-0.8091948628425598,0.85739666223526,-0.6811830997467041,-1.3049110174179077,0.16595672070980072,-0.44620615243911743,1.2984589338302612,-1.8798189163208008,-0.6669886708259583,0.6571846604347229
2.616666803136468,311,197.44287109375,-700.6603393554688,285.868896484375,460.76153564453125,319.74658203125,-265.72119140625,2405.530029296875,163.618408203125,1874.849365234375,7422.25830078125,20511.30078125,-8714.6162109375,11.137395858764648,-26.980087280273438,-0.3285980224609375,-89.707275390625,-447.115966796875,-474.004150390625,551.475341796875,-250.323486328125,-438.25732421875,0.0,0.0,-3126.975341796875,-679.7677001953125,-1529.5653076171875,1564.1796875,-7722.5283203125,-3618.789306640625,0.0,0.0,-255.2899932861328,-38.787109375,-17.74853515625,-1508.6795654296875,5013.6181640625,405.5279541015625,365.1719970703125,1623.8427734375,-0.6329656839370728,-2.3422751426696777,-0.3628428280353546,-0.4881472587585449,-0.134748175740242,-1.7364226579666138,1.3645485639572144,0.14632929861545563,0.5912525057792664,-0.5453111529350281,0.8242213129997253,-0.14146828651428223,1.5063574314117432,-1.6189597845077515,-0.005408800672739744,-0.5734577178955078,0.391076922416687,-0.7806166410446167,-1.4839082956314087,0.4854804277420044,-0.3170476257801056,0.8768752813339233,-0.5314533710479736,-0.8308327198028564,0.8429603576660156
2.6250001369044185,312,-1507.7283935546875,-292.0242919921875,-1102.47412109375,-378.658935546875,-1276.08642578125,-498.2724304199219,2756.69482421875,400.282958984375,3321.637451171875,9737.0986328125,22290.400390625,-7143.3193359375,57.80183029174805,36.0797119140625,-139.03594970703125,-4772.453125,-1030.9990234375,1727.9169921875,5514.814453125,864.375,-2611.4423828125,0.0,0.0,-1852.9105224609375,598.736328125,-2599.442138671875,1753.8603515625,-6915.365234375,-3827.2646484375,0.0,0.0,-120.96400451660156,383.7327880859375,346.883056640625,-971.642333984375,5126.3486328125,887.5320434570312,-1360.938720703125,1812.016357421875,-0.6713361740112305,-2.021976947784424,-0.28364065289497375,-0.9118654131889343,-0.13497784733772278,-1.6146889925003052,1.2631807327270508,0.1571536809206009,0.7043464183807373,-0.4252001941204071,0.8121848702430725,-0.43248462677001953,1.3645808696746826,-1.4629008769989014,0.14990359544754028,-0.35542047023773193,0.08651639521121979,-0.8947470188140869,-1.5837674140930176,0.7162208557128906,-0.23839141428470612,0.8795161247253418,0.00936216115951538,-0.7722923159599304,0.6661683320999146
2.633333470672369,313,383.84283447265625,636.4046630859375,6.919921875,435.8934326171875,-405.3359375,-397.9300537109375,2845.392578125,208.5211181640625,1967.38037109375,15084.4833984375,29108.373046875,-11705.37109375,25.831527709960938,13.306854248046875,3.8777923583984375,-135.77392578125,90.87835693359375,89.42724609375,479.432861328125,616.9013671875,-379.3720703125,0.0,0.0,-2443.84228515625,-903.5808715820312,-1079.2386474609375,1371.4720458984375,-8126.2119140625,-2287.75,0.0,0.0,-213.1441650390625,-5.4097900390625,-9.926513671875,-1326.3115234375,5618.302734375,1153.155517578125,251.037353515625,878.3214111328125,-1.0648730993270874,-2.320253849029541,-0.3014119565486908,-0.5284252762794495,-0.0369512103497982,-1.171617865562439,1.4514425992965698,0.113595150411129,0.7640396952629089,0.33283036947250366,0.7317813038825989,-0.124949149787426,0.8563406467437744,-1.5590883493423462,-0.7171452045440674,-1.4228012561798096,0.8221776485443115,-0.3649563491344452,-0.23713824152946472,-0.5630379319190979,0.06339695304632187,1.8061141967773438,-1.2198032140731812,-2.004279375076294,1.3744440078735352
2.6416668044403195,314,2329.2421875,1411.123046875,1.92626953125,617.92138671875,438.880859375,-457.57891845703125,1887.5943603515625,1225.65478515625,1197.83984375,17493.21875,24110.197265625,-12171.28125,53.28127670288086,-40.755313873291016,4.263885498046875,4985.943359375,-320.7679138183594,-1199.80810546875,-4466.40478515625,-1028.16845703125,1065.34619140625,0.0,0.0,-2322.162109375,-1453.90673828125,727.3623657226562,1305.893798828125,-7726.32080078125,-2056.527099609375,0.0,0.0,-417.4756164550781,-511.047607421875,-434.7908935546875,-877.2960205078125,5312.197265625,1806.2525634765625,285.166748046875,665.642333984375,-1.0525354146957397,-2.2451326847076416,-0.2935973107814789,-0.6812037229537964,-0.01836484670639038,-1.0818179845809937,1.3439559936523438,0.22937439382076263,0.6247318387031555,0.30425816774368286,1.0885034799575806,-0.33719295263290405,0.9738103151321411,-1.5311365127563477,-0.6162222623825073,-1.2913646697998047,0.7924948930740356,-0.5539484620094299,-0.2505964934825897,-0.6113828420639038,0.025689907371997833,1.6273094415664673,-0.8827665448188782,-1.8184412717819214,1.4147706031799316
2.65000013820827,315,264.9305419921875,-440.65478515625,193.71533203125,474.65185546875,111.141845703125,-213.78863525390625,2010.4490966796875,654.837646484375,1914.0198974609375,14730.919921875,22325.65625,-7091.828125,24.158828735351562,-19.409713745117188,9.44134521484375,-29.775634765625,-446.14947509765625,-397.6488037109375,377.3056640625,-20.81298828125,-460.6796875,0.0,0.0,-2216.4755859375,-972.9428100585938,-554.8294677734375,1301.63134765625,-7730.4453125,-4100.4609375,0.0,0.0,-199.74514770507812,-13.396484375,-25.79229736328125,-1483.432373046875,5556.0732421875,1011.4990234375,236.2437744140625,1147.2296142578125,-0.914659857749939,-1.9037383794784546,-0.3852245807647705,-1.0051238536834717,-0.1796652227640152,-1.3983616828918457,0.9116939306259155,0.1380140334367752,0.87496018409729,-0.10573887079954147,1.079058051109314,0.18684272468090057,0.7072049379348755,-0.7617418766021729,-0.1272461861371994,-0.9066346883773804,-0.08995270729064941,-0.6021333932876587,-0.6193875074386597,0.48525917530059814,0.022879447788000107,1.4913041591644287,0.8372764587402344,-1.63792884349823,0.9081695079803467
2.6583334719762206,316,-2305.01708984375,-245.0733642578125,-1372.06884765625,-663.4549560546875,-1346.125,-618.5659790039062,2269.679931640625,964.30615234375,2783.43505859375,16916.609375,23541.18359375,-6332.52978515625,103.60804748535156,29.818805694580078,-63.734649658203125,-5985.4912109375,-49.89630126953125,1522.053466796875,7094.7939453125,820.75927734375,-2458.42724609375,0.0,0.0,-745.1419067382812,641.52197265625,-2009.8861083984375,1467.6021728515625,-6370.11572265625,-3982.791015625,0.0,0.0,-32.106109619140625,391.685546875,294.81195068359375,-697.8827514648438,5845.3935546875,828.8841552734375,-1507.495849609375,1197.2236328125,-0.8806450963020325,-1.6757053136825562,-0.3067874610424042,-1.3301993608474731,-0.17936573922634125,-1.2965459823608398,0.8470518589019775,0.19770310819149017,1.0412412881851196,-0.11211932450532913,0.9693815112113953,-0.19810211658477783,0.6781005859375,-0.6601443886756897,-0.01282547041773796,-0.5798057913780212,-0.296008825302124,-0.7346882820129395,-0.8796982765197754,0.712389349937439,0.06936275959014893,1.3422783613204956,1.0981637239456177,-1.5112954378128052,0.7295921444892883
2.666666805744171,317,390.36297607421875,678.9613647460938,-208.88134765625,259.601318359375,-476.237548828125,-385.8707275390625,2492.035888671875,610.5023193359375,1869.6685791015625,22739.73046875,31022.8984375,-11799.10546875,28.03295135498047,16.764747619628906,16.810897827148438,-80.53857421875,243.21905517578125,251.4684600830078,540.21044921875,578.55224609375,-177.14990234375,0.0,0.0,-1305.6376953125,-1239.3587646484375,-159.11444091796875,1107.322265625,-8167.40478515625,-2459.76318359375,0.0,0.0,-175.7180633544922,12.179931640625,-14.8790283203125,-690.818359375,6199.41455078125,1213.919921875,123.52392578125,322.7066650390625,-1.3115774393081665,-1.9978083372116089,-0.38855186104774475,-0.7843904495239258,-0.03939345106482506,-0.8861702680587769,1.0303926467895508,0.0851079523563385,1.1649712324142456,0.3858869969844818,0.7859798073768616,-0.18647529184818268,0.34166932106018066,-0.9242989420890808,-0.9408990144729614,-1.730969786643982,0.6258522868156433,-0.23318475484848022,0.7153370976448059,-0.8323549032211304,0.33960407972335815,2.706545829772949,-0.22115875780582428,-2.6990530490875244,1.3858996629714966
2.6750001395121217,318,1149.91064453125,1213.497314453125,-712.43701171875,435.896728515625,-483.94970703125,-1012.00390625,1970.9854736328125,1993.530029296875,90.04449462890625,25962.845703125,23214.57421875,-11523.0126953125,36.0926513671875,-95.3608627319336,94.246826171875,6339.4140625,14.3223876953125,-3124.986328125,-6058.82958984375,-1731.28955078125,2199.33642578125,0.0,0.0,-1905.6368408203125,-1886.99169921875,1435.8349609375,1508.3375244140625,-7440.80615234375,-1401.572509765625,0.0,0.0,-271.977783203125,-528.6820068359375,-381.1690673828125,-94.93753051757812,5524.9521484375,1868.8990478515625,1054.3916015625,280.76611328125,-1.2687621116638184,-1.9710673093795776,-0.3356776833534241,-0.8717612624168396,-0.029124706983566284,-0.8131547570228577,0.9531963467597961,0.19752180576324463,1.0414320230484009,0.33073100447654724,1.1047204732894897,-0.32996654510498047,0.4477693438529968,-0.967163622379303,-0.8588495850563049,-1.5701013803482056,0.8871987462043762,-0.46464115381240845,0.7154901027679443,-0.8607495427131653,0.4800761938095093,2.5909862518310547,-0.5295238494873047,-2.451266288757324,1.4660004377365112
2.683333473280072,319,75.97201538085938,-431.9215087890625,-297.0361328125,822.50048828125,11.39599609375,-76.5950927734375,2305.513427734375,1394.26123046875,1828.430908203125,22555.44921875,21290.25390625,-5044.140625,13.537849426269531,-19.202335357666016,23.68414306640625,-171.83837890625,-631.059814453125,-440.29736328125,208.695556640625,56.767333984375,-583.2938232421875,0.0,0.0,-1435.67138671875,-964.3794555664062,-98.02658081054688,1159.081787109375,-7610.1484375,-4332.4462890625,0.0,0.0,-167.162353515625,34.634033203125,-34.4935302734375,-396.7213439941406,5897.56689453125,1183.597412109375,154.370849609375,1037.342041015625,-1.4036601781845093,-2.096506357192993,-0.7818731665611267,-0.463138610124588,-0.10257582366466522,-1.2034940719604492,0.6008846163749695,-0.0017734542489051819,1.2841124534606934,-0.6214215755462646,0.7453197836875916,-0.04790946841239929,0.11230434477329254,-0.33944544196128845,-0.25102004408836365,-1.1577084064483643,-0.22154831886291504,-0.7964653372764587,-0.06102821230888367,0.46690940856933594,0.7304996848106384,2.54510498046875,1.8621361255645752,-1.5398766994476318,0.7323769927024841
2.6916668070480227,320,26.967071533203125,897.0255126953125,-1948.2919921875,-670.2117919921875,-205.7431640625,-1340.820556640625,3261.44140625,700.338623046875,2062.156005859375,22412.3125,23032.69140625,-3017.146484375,62.37078094482422,80.03942108154297,-24.55150604248047,-6430.8291015625,583.6516723632812,474.744140625,8189.7216796875,1217.375732421875,-2994.5078125,0.0,0.0,147.6649169921875,587.6728515625,-2046.3544921875,1421.89306640625,-6760.2900390625,-2867.76611328125,0.0,0.0,-141.49623107910156,542.2349243164062,563.892822265625,701.487060546875,6775.22509765625,1258.580322265625,-696.6407470703125,1155.0830078125,-1.1832835674285889,-1.9044865369796753,-0.5397651791572571,-0.5897584557533264,-0.12065710872411728,-1.0872405767440796,0.5527862310409546,0.18183687329292297,1.593266248703003,-0.5086259245872498,0.4296915829181671,-0.3261025547981262,-0.10443726181983948,-0.4737108647823334,-0.2928214371204376,-0.8437090516090393,-0.09656818211078644,-0.8489872217178345,-0.28565162420272827,0.603482723236084,0.9632580876350403,2.5854339599609375,1.05659019947052,-1.4047725200653076,0.7377064228057861
2.7000001408159733,321,1006.78955078125,806.7513427734375,158.82470703125,-164.41162109375,-458.989501953125,-923.4954833984375,2591.580810546875,199.429931640625,1707.7374267578125,27036.71484375,24205.154296875,-6741.765625,16.90087890625,24.932668685913086,11.535377502441406,-139.2412109375,326.51678466796875,214.1336669921875,567.8408203125,378.365966796875,102.25439453125,0.0,0.0,-99.4619140625,-77.9625244140625,-248.21075439453125,852.6561279296875,-7314.583984375,-2670.947509765625,0.0,0.0,-141.764404296875,-25.1832275390625,-12.0386962890625,1361.3209228515625,6867.16796875,2722.11279296875,35.5556640625,792.1077880859375,-1.3759595155715942,-1.6022692918777466,-0.700752317905426,-0.3700190484523773,-0.10085795074701309,-0.5423220992088318,0.9744462370872498,0.5493977665901184,1.7479451894760132,-0.2706393003463745,0.557913064956665,-0.8835641145706177,-0.14686772227287292,-1.6202057600021362,-1.0095031261444092,-0.9375365376472473,0.5178540945053101,-0.6056661605834961,0.26033878326416016,-0.8873853087425232,1.3229928016662598,2.815581798553467,0.8006837368011475,-1.8748592138290405,0.9756319522857666
2.708333474583924,322,-424.3689270019531,-1074.01611328125,-195.21875,926.7767333984375,533.857666015625,-1290.6624755859375,1811.302001953125,2045.093017578125,-564.1012573242188,29570.859375,14063.845703125,170.9112548828125,62.98872375488281,-173.87173461914062,77.64056396484375,5483.822265625,-115.751220703125,-4854.4599609375,-7905.0947265625,-1337.46435546875,2718.00830078125,0.0,0.0,-779.2000732421875,178.9702606201172,217.958984375,1711.600341796875,-5827.58447265625,-2358.416259765625,0.0,0.0,-174.40231323242188,-459.60687255859375,-381.57452392578125,1844.55419921875,5946.99853515625,3376.7470703125,1086.98876953125,27.74029541015625,-1.4812310934066772,-1.6474909782409668,-0.6701498031616211,0.11943966150283813,-0.079044409096241,-0.5138026475906372,0.9123014807701111,0.5380306839942932,1.4375656843185425,-0.053622785955667496,1.1377522945404053,-0.39015889167785645,-0.03142588585615158,-1.2895386219024658,-1.0216150283813477,-0.7216125726699829,0.18505948781967163,-0.7512350678443909,-0.14225617051124573,-0.6408025026321411,1.1502066850662231,2.4512593746185303,1.2398698329925537,-1.7188141345977783,0.8891986012458801
2.7166668083518744,323,-266.51690673828125,-758.16455078125,-397.89111328125,1664.6536865234375,268.497802734375,-255.6917724609375,2178.564208984375,1003.43896484375,1604.5067138671875,28130.06640625,10852.5078125,7908.8505859375,-3.3906707763671875,-32.67034149169922,31.970386505126953,-561.895263671875,-872.1272583007812,-509.25927734375,12.04150390625,113.872802734375,-762.911865234375,0.0,0.0,-383.9927978515625,1178.837646484375,-770.1217041015625,1453.0272216796875,-6298.6826171875,-6513.84375,0.0,0.0,-141.8514404296875,81.388916015625,-73.97412109375,1352.463623046875,6226.97998046875,2684.869384765625,136.82281494140625,1974.490478515625,-1.795420527458191,-1.378006100654602,-1.128143072128296,0.5506089329719543,-0.09231989085674286,-0.9110555052757263,0.593388557434082,0.29716116189956665,1.894930124282837,-1.1976932287216187,0.4496208429336548,0.01486244797706604,-0.24140018224716187,-0.6383304595947266,-0.7276033163070679,-0.16211053729057312,-1.077684760093689,-1.0055842399597168,-0.9125425219535828,0.23218220472335815,1.2874727249145508,2.657728433609009,4.4970197677612305,-0.8234254717826843,-0.7579271793365479
2.725000142119825,324,2323.32666015625,1340.219970703125,-1720.2021484375,719.052978515625,-192.911865234375,-422.1927490234375,996.379150390625,-557.08349609375,1979.458740234375,28063.9140625,14834.9326171875,4698.580078125,-30.622467041015625,149.3142547607422,-56.05311584472656,-5782.0205078125,1083.977294921875,1386.48828125,9487.5830078125,1041.167236328125,-4026.259033203125,0.0,0.0,35.2708740234375,2285.29052734375,-1780.5654296875,825.4063720703125,-5176.205078125,-4834.67822265625,0.0,0.0,-10.329544067382812,627.9874267578125,-113.24066162109375,1853.009033203125,7078.41650390625,2687.602294921875,-345.08697509765625,2155.498779296875,-1.3496382236480713,-1.1058024168014526,-0.8697617650032043,0.6961181163787842,-0.11841180920600891,-0.7936510443687439,0.520068883895874,0.7572011947631836,2.1784844398498535,-0.993890643119812,0.1863083839416504,-0.24817930161952972,-0.5057814717292786,-0.5484587550163269,-0.5354464054107666,0.20536790788173676,-0.5414888262748718,-0.7400285601615906,-1.0309940576553345,0.1033695861697197,1.35099458694458,2.5190703868865967,2.920440673828125,-0.7109470367431641,-0.49550938606262207
2.7333334758877754,325,1711.9046630859375,859.7803955078125,290.39208984375,-374.3787841796875,-669.4302978515625,-757.4937744140625,28.120361328125,-742.522705078125,1365.8829345703125,26574.89453125,18752.939453125,-310.961181640625,19.701515197753906,38.358795166015625,4.366691589355469,-31.31982421875,482.581298828125,191.162353515625,682.451171875,231.120849609375,397.197265625,0.0,0.0,102.05596923828125,1053.844482421875,-188.2239990234375,917.7862548828125,-5772.087890625,-2617.105712890625,0.0,0.0,-32.82593536376953,-61.21141052246094,30.81787109375,1690.9300537109375,7387.201171875,2546.40185546875,-73.8809814453125,869.1178588867188,-0.6569091081619263,-0.744865894317627,-0.614883303642273,0.7691811323165894,-0.08654005080461502,-0.17284248769283295,0.36615586280822754,1.230810284614563,2.1104233264923096,-0.5967090129852295,0.7426797151565552,-0.099132239818573,-0.7056939601898193,-0.3658202886581421,-0.23156630992889404,-0.42505329847335815,0.3067043423652649,-0.7741155624389648,0.04061143100261688,-1.1965476274490356,1.152421236038208,2.78202486038208,0.8600514531135559,-0.8633403182029724,0.6032319068908691
2.741666809655726,326,-316.74267578125,-3525.537841796875,-381.9189453125,1553.7706298828125,-439.1126708984375,-450.7418212890625,-1789.682373046875,198.099365234375,380.326904296875,25868.95703125,14227.62109375,3315.9970703125,-128.39620971679688,-114.85028076171875,181.99884033203125,5864.298828125,-1476.96826171875,-2969.71630859375,-9807.31640625,-641.2763671875,2460.72119140625,0.0,0.0,-842.1478271484375,630.9140014648438,1285.16015625,1143.5509033203125,-3729.427734375,-3221.47998046875,0.0,0.0,-116.75176239013672,-481.56939697265625,-899.3776245117188,2972.642578125,5220.54150390625,2074.4541015625,1659.328369140625,54.16943359375,-0.8909416794776917,-0.8413584232330322,-0.7154507637023926,1.0478216409683228,-0.06292823702096939,-0.19067130982875824,0.36107850074768066,1.0569435358047485,1.6953328847885132,-0.6070733070373535,1.373155951499939,-0.5343208312988281,-0.23585771024227142,0.18783214688301086,-0.12458474934101105,-0.9003612995147705,-0.044890280812978745,-0.7788333296775818,0.3365476429462433,-1.1429681777954102,1.0536699295043945,2.7592933177948,1.3703359365463257,-0.7939952611923218,0.9746665358543396
2.7500001434236765,327,-225.9477081298828,-907.840087890625,-622.01904296875,2335.30810546875,125.5252685546875,481.2469482421875,-857.2222290039062,215.7685546875,1398.875732421875,21473.74609375,14005.5263671875,12689.46484375,-14.7197265625,-32.02616882324219,11.856212615966797,-525.8076171875,-1240.47509765625,-606.60498046875,-57.466796875,390.58056640625,-1022.2127075195312,0.0,0.0,-625.4664916992188,2032.12841796875,-588.2904663085938,1802.0257568359375,-4067.593505859375,-7946.298828125,0.0,0.0,6.8916168212890625,96.64813232421875,-69.62875366210938,1352.7030029296875,5547.01025390625,1498.5341796875,26.64215087890625,1640.6058349609375,-1.275024652481079,-1.0838580131530762,-1.1212140321731567,1.0808254480361938,-0.16134397685527802,-0.6447783708572388,-0.3343200385570526,0.46047475934028625,1.5609710216522217,-1.1033457517623901,0.8065484762191772,0.8531703352928162,-0.4689328372478485,0.6059104204177856,0.5753775835037231,-0.8289536237716675,-1.5435453653335571,-0.8740425705909729,-0.7714977264404297,0.48766323924064636,0.45069342851638794,2.845285415649414,5.122561454772949,0.5719605088233948,-0.3948799669742584
2.758333477191627,328,3895.38671875,5832.96875,-183.35546875,785.4497680664062,937.7529296875,833.1630249023438,-1386.22412109375,-2072.6650390625,1878.3349609375,20522.896484375,22800.99609375,8353.8515625,-65.69995880126953,229.28463745117188,-39.633583068847656,-8077.37060546875,157.180419921875,3108.820068359375,11532.7822265625,1091.47412109375,-4039.664794921875,0.0,0.0,277.80877685546875,2638.908203125,-1995.34619140625,1690.0999755859375,-4038.78076171875,-7761.7080078125,0.0,0.0,126.15769958496094,639.9788818359375,-146.4266357421875,1423.169189453125,6887.7509765625,1195.6875,-118.44403076171875,2439.890380859375,-0.6487918496131897,-0.7786405682563782,-0.8564789891242981,0.8175063729286194,-0.17518840730190277,-0.5431631207466125,-0.34049147367477417,0.647143542766571,1.9075270891189575,-0.8698249459266663,0.3898201286792755,0.5452244281768799,-0.7028329372406006,0.4168270528316498,0.8294252157211304,-0.6132005453109741,-1.0420424938201904,-0.7505658268928528,-0.7110998034477234,0.4116062819957733,0.31061795353889465,2.9470653533935547,4.301034450531006,0.5743220448493958,0.021948963403701782
2.7666668109595776,329,2250.398193359375,1438.878173828125,607.22998046875,-1056.02197265625,-1039.6341552734375,-659.5675659179688,-2036.7374267578125,-2510.484619140625,354.80615234375,19504.78125,21405.962890625,668.0260009765625,0.3511199951171875,71.4655532836914,-28.42290687561035,-77.029052734375,1204.847412109375,615.2711181640625,878.736328125,89.1072998046875,744.1904296875,0.0,0.0,421.36322021484375,1649.979736328125,-280.4342041015625,2040.44921875,-4052.82470703125,-4203.8505859375,0.0,0.0,110.49436950683594,-87.12645721435547,48.279144287109375,1247.329345703125,6226.599609375,779.7052612304688,-193.37197875976562,-36.54443359375,0.39738330245018005,0.35752421617507935,-0.010272890329360962,-0.06028991937637329,-0.1522146314382553,0.08739818632602692,-0.46698665618896484,0.9451565146446228,1.9676071405410767,-0.004184097051620483,1.9180915355682373,0.7078419923782349,-0.09944739937782288,0.7276524305343628,0.9496371150016785,-0.31170499324798584,0.27242690324783325,-0.8476510047912598,0.12732329964637756,-1.0106359720230103,-0.021259069442749023,2.682122230529785,1.0454602241516113,0.6023726463317871,2.055292844772339
2.775000144727528,330,-1170.21240234375,-5683.8310546875,1260.76953125,936.54736328125,-368.69415283203125,565.1566772460938,-3655.899169921875,-1150.808349609375,-676.935302734375,21893.171875,17185.3984375,5916.88818359375,-242.78184509277344,-24.397541046142578,198.658935546875,6570.54150390625,-2598.339599609375,-3004.474609375,-10987.037109375,30.0760498046875,4091.673583984375,0.0,0.0,-161.11297607421875,1075.66796875,346.79791259765625,2273.58154296875,-1255.656494140625,-5905.50634765625,0.0,0.0,85.0072021484375,-520.76708984375,-382.2807922363281,654.1624755859375,4088.365478515625,172.019287109375,1686.627197265625,167.389892578125,-0.039161793887615204,0.11329898983240128,-0.24575327336788177,-0.15099652111530304,-0.11441179364919662,0.037561479955911636,-0.402243971824646,0.5065333843231201,1.195589542388916,-0.16209425032138824,2.6783924102783203,0.7728027701377869,0.5175977349281311,1.0520899295806885,0.8617758750915527,-0.7192732691764832,-0.4494094252586365,-0.7500939965248108,0.22845523059368134,-0.9813490509986877,-0.13372869789600372,2.1139559745788574,2.3058745861053467,0.5291979312896729,1.8525501489639282
2.7833334784954786,331,-366.5439453125,-1074.0599365234375,-442.383544921875,1777.716552734375,379.4378662109375,614.6395263671875,-1896.324462890625,-665.4033203125,569.5250854492188,20461.9921875,13518.52734375,14384.9072265625,-28.516693115234375,-32.89535140991211,-22.678024291992188,-1039.43603515625,-1322.08203125,-396.9404296875,-282.5986328125,470.349853515625,-1090.262451171875,0.0,0.0,120.733154296875,3485.75830078125,-821.2096557617188,3124.33203125,-547.7698974609375,-9599.328125,0.0,0.0,62.94837188720703,69.99972534179688,-58.49102783203125,392.8192138671875,3520.0859375,-715.3985595703125,-63.913818359375,1504.809326171875,-0.5047090649604797,-0.3043893873691559,-0.2338419258594513,-0.7382524609565735,-0.09424829483032227,-0.44664129614830017,-0.631725013256073,-0.49408188462257385,0.8449445962905884,-0.8164540529251099,1.9694186449050903,0.9592856168746948,0.9478691220283508,1.6461067199707031,0.993399977684021,-0.09841212630271912,-1.7859972715377808,-0.9100958108901978,-1.692745327949524,0.07555735111236572,-0.7960977554321289,1.4015662670135498,5.156694412231445,1.8839176893234253,0.6056679487228394
2.791666812263429,332,4346.86328125,6517.169921875,852.609130859375,304.11529541015625,1486.776123046875,1272.486328125,-1353.0467529296875,-2994.3291015625,658.2828369140625,17079.591796875,18175.671875,10792.7431640625,-19.42767333984375,167.4783935546875,-64.17034912109375,-8551.943359375,796.516357421875,3881.168212890625,11795.123046875,1530.105712890625,-3798.42236328125,0.0,0.0,665.0975341796875,5313.072265625,-3322.997802734375,2612.37744140625,-765.1800537109375,-8624.400390625,0.0,0.0,-556.0856323242188,2509.986572265625,607.0825805664062,758.1492309570312,5197.333984375,-993.6370849609375,-332.470947265625,3149.097900390625,0.039177581667900085,0.0010877512395381927,-0.08644653111696243,-0.9976208806037903,0.3950802981853485,-1.2934843301773071,-0.6765321493148804,-0.3604761064052582,1.1189522743225098,-0.5569130778312683,1.6024024486541748,0.41472750902175903,1.0969347953796387,1.0858184099197388,1.1070029735565186,0.7426114678382874,-1.5128107070922852,-0.7265453934669495,-2.192312240600586,0.14206990599632263,-0.919364333152771,1.0716125965118408,4.1392502784729,1.8146936893463135,0.7659561634063721
2.8000001460313797,333,2147.088623046875,1543.3505859375,797.8089599609375,-1826.3619384765625,-500.3594970703125,-664.6135864257812,-2376.520751953125,-3195.21240234375,-600.574462890625,19237.17578125,19327.29296875,-4050.86474609375,-20.167221069335938,81.12281036376953,-52.75630187988281,-322.30224609375,1556.5926513671875,744.3785400390625,808.888671875,-58.147178649902344,1102.65771484375,0.0,0.0,613.3206787109375,2411.03955078125,-334.13134765625,2467.48095703125,-351.7654724121094,-583.189697265625,0.0,0.0,-2172.61181640625,4622.1552734375,529.884765625,1107.241455078125,3929.159912109375,-687.3652954101562,-322.190673828125,-853.77880859375,1.2058316469192505,1.0771783590316772,0.9206370115280151,0.19569599628448486,1.6738444566726685,-2.9023964405059814,-0.5751360058784485,0.2190951704978943,1.1081491708755493,0.14754551649093628,3.0405280590057373,0.12878336012363434,2.081920623779297,0.7766067981719971,0.6771272420883179,0.505353569984436,1.0126707553863525,-0.6914076805114746,0.36065247654914856,-2.3144371509552,-0.7418163418769836,0.6249315142631531,-2.8124122619628906,1.6784117221832275,3.9865915775299072
2.8083334797993302,334,-1597.5390625,-5041.0537109375,601.9542846679688,2252.855224609375,136.8021240234375,-440.0338134765625,-4219.8369140625,-2779.971923828125,-1698.6474609375,22105.19140625,17609.88671875,-8680.314453125,-129.09181213378906,-73.86273193359375,34.902069091796875,6397.3525390625,-2058.967041015625,-5389.4521484375,-12016.73828125,-428.3089599609375,7115.857421875,0.0,0.0,-435.7764587402344,-296.68798828125,1788.650634765625,1748.2640380859375,1410.705078125,892.234130859375,0.0,0.0,-3252.748779296875,5547.658203125,857.311279296875,888.9019165039062,2764.395263671875,-937.6258544921875,2070.88671875,-2000.469482421875,0.5344336032867432,0.7246956825256348,0.6549593210220337,2.118206739425659,1.6217103004455566,-3.105099678039551,-0.4595443904399872,-0.18807025253772736,0.2163958102464676,-0.05523035675287247,3.795743227005005,0.32582905888557434,2.848876714706421,1.1405237913131714,-0.05978122353553772,-0.8992661833763123,1.0020921230316162,-0.29458120465278625,2.080686569213867,-2.859386682510376,-0.3157482147216797,0.4765698313713074,-2.629758358001709,1.5186591148376465,3.8700006008148193
2.8166668135672808,335,-933.5193481445312,-777.3412475585938,-388.811279296875,3062.215087890625,811.0874633789062,197.26904296875,-3053.581787109375,-1253.465576171875,-141.76904296875,18514.107421875,15510.59765625,2811.183349609375,-29.874542236328125,-33.50698471069336,-20.9923095703125,-1481.761962890625,-1618.154296875,-219.6640625,-822.501953125,197.62557983398438,-1068.85302734375,0.0,0.0,-503.20916748046875,1575.184326171875,234.1431884765625,2629.156982421875,2091.800537109375,-3315.280029296875,0.0,0.0,-1188.3485107421875,6241.5087890625,886.2109375,325.4091796875,1571.70703125,-1416.8843994140625,-198.06884765625,-358.735107421875,0.04969869926571846,0.2957853376865387,0.28194665908813477,2.7778193950653076,-0.1890186220407486,-3.438567638397217,-0.45434677600860596,-0.8150078058242798,-0.6193615198135376,-0.8786553144454956,3.5678000450134277,0.7679301500320435,3.6022536754608154,1.4132659435272217,0.49399030208587646,-0.5318289995193481,-0.9316002726554871,-0.218452587723732,0.48039481043815613,-1.3620997667312622,-0.9842531681060791,-0.06902319192886353,1.0174646377563477,3.2113196849823,2.22285532951355
2.8250001473352313,336,7922.98583984375,3872.76806640625,1275.689697265625,3163.60107421875,1632.909912109375,517.0262451171875,-3746.43701171875,-6311.33349609375,925.4147338867188,9069.79296875,19641.884765625,-2722.2216796875,-170.0927276611328,240.197021484375,-51.705657958984375,-9333.904296875,1439.021240234375,5575.05712890625,14774.17578125,2092.3388671875,-6077.45263671875,0.0,0.0,-94.95309448242188,1628.6436767578125,-1548.0638427734375,943.7996215820312,2677.9462890625,-1498.764404296875,0.0,0.0,-910.5009765625,9258.87109375,1866.0238037109375,-169.58242797851562,4124.57275390625,-2115.2587890625,121.065185546875,1667.47216796875,0.4981030821800232,0.5668206810951233,0.4151293635368347,1.9735021591186523,-0.29378998279571533,-3.285386562347412,-0.1588517725467682,-0.4749343991279602,-0.3791881501674652,-0.7119530439376831,3.072370767593384,0.5400015711784363,3.735090732574463,0.9132556319236755,0.5944097638130188,-0.08253443241119385,-0.6266091465950012,-0.1552698165178299,0.360643208026886,-1.2873661518096924,-1.005684494972229,-0.14157383143901825,0.23019814491271973,3.0201709270477295,2.4312903881073
2.833333481103182,337,2291.916015625,1206.528076171875,1131.326416015625,-342.6748046875,1364.0230712890625,-1121.633544921875,-5886.1552734375,-4691.84765625,-1126.2591552734375,3675.6953125,13454.884765625,-12463.0400390625,-18.51190185546875,68.61137390136719,-68.13961791992188,-328.65185546875,1913.9425048828125,828.4639892578125,997.494140625,-7.5924072265625,1823.2666015625,0.0,0.0,500.49969482421875,1680.0789794921875,355.94775390625,2037.82763671875,4719.8046875,4709.5986328125,0.0,0.0,-1946.553955078125,8577.759765625,1411.18115234375,192.81150817871094,387.10498046875,515.5162353515625,-433.965576171875,-2627.652587890625,2.3788692951202393,0.6517187356948853,1.194961667060852,1.733241319656372,0.5170258283615112,-2.409715414047241,0.2552086114883423,0.6990900039672852,-1.2474935054779053,0.41041335463523865,5.144882678985596,0.2226744145154953,6.55319881439209,-1.364449143409729,1.4336202144622803,0.9500218033790588,0.9856549501419067,-0.7104195356369019,0.3060353398323059,-2.753941059112549,-1.8452452421188354,-1.8063281774520874,-4.940450668334961,3.2429111003875732,5.7520647048950195
2.8416668148711324,338,-973.85400390625,-6301.8408203125,1356.4141845703125,4164.26611328125,2565.873046875,-167.5621337890625,-6850.67724609375,-6460.37109375,-1044.8553466796875,2195.23828125,7007.146484375,-6127.0732421875,-125.21902465820312,-188.95040893554688,-170.4193115234375,5013.2705078125,-1477.40576171875,-4423.291015625,-13956.09765625,1040.7813720703125,5334.14697265625,0.0,0.0,-2396.10400390625,98.05291748046875,1105.363525390625,24.40380859375,5079.36181640625,2607.293701171875,0.0,0.0,-1123.35009765625,8606.1650390625,1484.7711181640625,-749.7489013671875,2059.99169921875,2260.793212890625,2221.358154296875,-4785.07080078125,1.7575544118881226,0.7585170269012451,0.31444746255874634,1.534597635269165,-0.3175255060195923,-1.8181192874908447,0.9117108583450317,-0.18206539750099182,-1.7242432832717896,0.12393610179424286,5.4659504890441895,0.2167331725358963,6.0229811668396,-1.1868162155151367,0.7312714457511902,0.16711078584194183,-0.11539983749389648,0.06294318288564682,0.6263749599456787,-2.8845608234405518,-1.850502371788025,-1.893337607383728,-2.6816048622131348,2.8867251873016357,4.690091609954834
2.850000148639083,339,-1874.93603515625,-1305.28857421875,382.48907470703125,4730.54443359375,2001.015625,301.1343994140625,-5103.765625,-4051.400390625,-754.272705078125,-7304.8681640625,653.568359375,7102.3076171875,-14.247894287109375,-53.5651969909668,-35.634498596191406,-1579.87255859375,-1139.0643310546875,157.193359375,-47.15576171875,255.84033203125,-698.8804931640625,0.0,0.0,-1549.5543212890625,3132.5859375,-482.5738525390625,3426.56591796875,6619.0673828125,-761.2998046875,0.0,0.0,-731.3743286132812,8922.6826171875,1569.810302734375,90.50469970703125,442.40234375,477.97406005859375,-114.57958984375,-1657.1226806640625,1.2949613332748413,1.0070154666900635,0.04070696234703064,0.1518930345773697,-0.5695578455924988,-1.9468309879302979,0.7782830595970154,-1.14656400680542,-2.8916468620300293,-0.021511197090148926,4.731156349182129,-0.47627580165863037,6.846371650695801,0.3305254280567169,2.1692922115325928,1.1505208015441895,-2.270380735397339,-0.6489118933677673,-1.8232829570770264,-1.3385237455368042,-4.467554569244385,-2.944375514984131,0.34744054079055786,4.524275302886963,1.7749528884887695
2.8583334824070334,340,6706.154296875,3709.98828125,4598.72705078125,2903.372314453125,1254.3388671875,646.6984252929688,-2460.991455078125,-13520.28125,1042.81005859375,-21695.94140625,-9847.0107421875,10567.048828125,169.7144012451172,-270.9378356933594,-85.1809310913086,-4855.79443359375,-950.7427368164062,7890.953125,14433.4609375,3413.316162109375,-8353.7236328125,0.0,0.0,-909.2733764648438,5198.82080078125,-4219.55517578125,2517.41357421875,7509.07568359375,344.5916442871094,0.0,0.0,-732.2646484375,11429.884765625,4288.95703125,-117.25433349609375,820.6298828125,1028.1988525390625,2812.9970703125,-1810.666748046875,1.899010419845581,1.3608688116073608,-0.00431746244430542,-0.23858515918254852,-0.20764750242233276,-1.205443263053894,0.5302528142929077,-1.1951535940170288,-2.7347793579101562,-0.3361291289329529,3.466487407684326,-0.47463899850845337,6.317416667938232,0.3870806097984314,3.1237099170684814,3.0771334171295166,-2.7904133796691895,-0.6638903021812439,-4.001955032348633,0.035192906856536865,-4.6865153312683105,-4.6561198234558105,0.425606369972229,4.078190326690674,1.0821728706359863
2.866666816174984,341,1721.0791015625,-677.3314208984375,2903.549560546875,-1056.16357421875,2050.6240234375,-602.435302734375,-4395.93701171875,-8847.3154296875,-872.6530151367188,-40687.53515625,-19515.0625,10185.42578125,1.225677490234375,16.969985961914062,-45.05788040161133,-39.3955078125,1434.258544921875,482.281494140625,1693.3564453125,784.095703125,1467.21337890625,0.0,0.0,521.727294921875,9410.884765625,-4225.5224609375,4297.28515625,11735.8916015625,3049.0615234375,0.0,0.0,-217.0791015625,10415.1982421875,4096.94287109375,178.5032958984375,450.12109375,320.37158203125,28.33447265625,-2996.108642578125,3.8956797122955322,0.8278929591178894,0.557654619216919,-0.8514072895050049,-0.6001666784286499,-0.22696688771247864,0.6990593671798706,-0.09489339590072632,-5.077688217163086,0.6441802382469177,5.867166519165039,-0.6764443516731262,6.122030258178711,0.9310902953147888,5.974445819854736,4.406216621398926,-2.605518341064453,-1.8342667818069458,-7.114455699920654,0.04669046401977539,-5.807348728179932,-7.738984107971191,-1.8966834545135498,5.990407466888428,1.9683595895767212
2.8750001499429345,342,-6608.08984375,-6100.5693359375,9500.046875,-3009.417236328125,-4700.78466796875,-1125.970947265625,3619.78173828125,-11688.04296875,1635.617919921875,-49136.8515625,-22590.396484375,20137.28125,223.72483825683594,-30.882919311523438,-41.26691436767578,2779.935791015625,2957.05322265625,4016.39794921875,-7965.62890625,2602.892822265625,1340.052734375,0.0,0.0,173.8218994140625,8600.4296875,-10250.0771484375,6269.35888671875,11872.2119140625,181.62725830078125,0.0,0.0,-2128.28662109375,10171.66796875,5052.32275390625,-737.07421875,-4560.7138671875,2117.2919921875,-1763.310546875,-5684.24609375,2.98437237739563,0.9832989573478699,-0.655194878578186,-0.780016303062439,1.0439471006393433,-0.31180739402770996,1.4897830486297607,-0.9059463739395142,-5.464548587799072,-0.15506276488304138,4.501369476318359,-0.5955271124839783,5.767764091491699,0.9424576759338379,6.589956283569336,4.952823162078857,-4.533095359802246,-0.9383441805839539,-8.008044242858887,0.792412281036377,-5.1887969970703125,-8.836445808410645,0.04250967502593994,5.285405158996582,1.2367632389068604
2.883333483710885,343,-3280.09375,547.224609375,1182.115234375,352.4437255859375,421.93359375,209.43212890625,4056.27490234375,-6877.478515625,664.5549926757812,-36019.734375,-6612.57763671875,8799.599609375,-20.385986328125,30.524200439453125,4.922462463378906,444.550048828125,776.3055419921875,106.53662109375,1418.9549560546875,1336.21240234375,532.52783203125,0.0,0.0,245.86065673828125,5993.0791015625,-4437.8720703125,3771.953857421875,12005.080078125,1539.01708984375,0.0,0.0,-1510.43212890625,8082.900390625,357.21337890625,961.8829345703125,-3172.67822265625,-343.425048828125,461.717529296875,-3725.748291015625,0.8960039615631104,-1.849860668182373,-1.347420573234558,1.1843056678771973,0.512481689453125,1.4095423221588135,5.195580959320068,-1.056044578552246,-7.61444091796875,0.3482270836830139,3.141737222671509,-1.9731509685516357,4.350117206573486,2.846503257751465,3.8922863006591797,1.8720744848251343,-2.3977274894714355,-0.993782639503479,-5.077426910400391,-3.9323673248291016,-2.7080397605895996,-8.089325904846191,-0.9775222539901733,3.058544874191284,-0.4910256862640381
2.8916668174788356,344,-7989.0400390625,5224.474609375,3947.7939453125,-1820.738525390625,2347.98486328125,755.6923828125,8358.0751953125,-10918.4033203125,3994.61376953125,-48029.79296875,-68.9775390625,2040.53564453125,-31.088659286499023,742.9482421875,6.984954833984375,1255.6766357421875,746.1531372070312,9956.22265625,-7539.384765625,346.2578125,2841.10888671875,0.0,0.0,3845.83447265625,3292.824462890625,-4302.623046875,6332.1015625,7817.7998046875,-108.77034759521484,0.0,0.0,1059.65283203125,8233.658203125,-816.22216796875,3468.34033203125,-9160.61328125,-325.4210205078125,-4909.1181640625,-642.4840698242188,1.0955039262771606,-1.6862156391143799,-1.6488804817199707,1.4802281856536865,-0.30448347330093384,1.9769755601882935,5.188863277435303,0.33351320028305054,-6.77250862121582,-0.24799686670303345,3.837672472000122,-1.844377875328064,3.6113510131835938,1.824222207069397,4.368478298187256,0.7077026963233948,-1.4942232370376587,-1.027919054031372,-2.940634250640869,-3.933098554611206,-1.9676886796951294,-5.976945400238037,0.0021271109580993652,2.7430500984191895,0.535613477230072
2.900000151246786,345,-4015.546875,2437.37353515625,319.56640625,-942.7059326171875,-418.3670654296875,197.2880859375,6676.466796875,-11121.45703125,1570.7978515625,-14070.8935546875,9793.609375,-24044.4375,-25.407005310058594,102.44189453125,-27.170326232910156,1212.35888671875,1443.3046875,1236.802734375,481.611328125,2034.236572265625,-191.7779541015625,0.0,0.0,3019.8046875,-3683.736328125,-1460.11083984375,1670.203369140625,7475.275390625,5831.546875,0.0,0.0,255.37442016601562,9742.396484375,-933.7109375,1350.029052734375,-2850.28271484375,1053.5379638671875,553.9683837890625,-7573.27587890625,0.5063055753707886,-0.0693703442811966,-1.2343761920928955,-0.3208043575286865,0.4015870690345764,0.585957944393158,4.847543239593506,1.227494239807129,-6.1721625328063965,1.0583081245422363,2.9679250717163086,-0.02058461308479309,-1.7443928718566895,0.5477901697158813,-1.5017001628875732,-0.9603368043899536,2.9349851608276367,-0.5194424390792847,3.01967191696167,-5.916516304016113,1.9468542337417603,-5.2024102210998535,-4.913635730743408,-1.8611172437667847,6.135726451873779
2.9083334850147367,346,1268.91748046875,-401.388916015625,1398.5185546875,-2779.52685546875,4532.1337890625,-1169.97705078125,7029.78759765625,-6268.521484375,3302.75634765625,-27232.8359375,9869.4326171875,-28887.302734375,-204.7633514404297,469.6589660644531,-72.51031494140625,4858.1767578125,-337.2875671386719,1223.669921875,4031.35595703125,220.4771728515625,1596.931884765625,0.0,0.0,7279.36474609375,-3536.591552734375,5278.87548828125,3598.224853515625,7599.63134765625,7233.60302734375,0.0,0.0,1887.840087890625,7294.0595703125,-1501.00146484375,2567.255859375,-3839.85302734375,-1085.433837890625,-1056.791259765625,-3656.458740234375,0.8715249300003052,-0.5547258257865906,-1.320603609085083,-0.25819945335388184,0.06668782979249954,0.9425783753395081,3.4149439334869385,1.9634251594543457,-6.681509971618652,0.6416869759559631,3.0534753799438477,-0.11643986403942108,-1.8001463413238525,0.21492412686347961,-1.1546305418014526,-1.2455097436904907,4.22764253616333,-1.829380989074707,3.1238503456115723,-5.093019485473633,1.8152449131011963,-4.979595184326172,-5.3264617919921875,-1.8220877647399902,5.472980499267578
2.916666818782687,347,288.6101379394531,-2746.22265625,1456.0341796875,-3508.396484375,1500.3763427734375,407.72509765625,4848.23583984375,-7638.5673828125,3772.2099609375,-28753.861328125,8777.462890625,-5199.12841796875,25.331161499023438,-27.46832275390625,-74.25102233886719,1820.8564453125,416.144775390625,631.654296875,15.4287109375,724.9974365234375,-116.06200408935547,0.0,0.0,2514.919677734375,-3743.70654296875,597.197998046875,8.43701171875,6738.88671875,-268.1065673828125,0.0,0.0,803.3726806640625,8448.486328125,-250.011962890625,1070.799560546875,-1902.212890625,785.2474365234375,658.125,-4216.775390625,1.1623849868774414,1.1164993047714233,-2.110973358154297,-1.3167985677719116,0.9711911678314209,-0.0435471311211586,2.113302707672119,2.9868080615997314,-5.445912837982178,0.2779456675052643,2.224094867706299,1.10429847240448,-3.2304794788360596,-1.2868183851242065,-0.7679832577705383,-0.9479236602783203,0.04870668053627014,2.1028032302856445,2.9990651607513428,-1.0103322267532349,4.561488151550293,-3.9478342533111572,1.0367106199264526,-3.0444259643554688,5.463068962097168
2.9250001525506377,348,3941.639892578125,-10586.515625,-2122.3388671875,-3430.650146484375,3188.427001953125,952.846435546875,3562.555908203125,-2469.5830078125,5101.609375,-37223.8203125,13793.767578125,3819.41259765625,10.452728271484375,-39.28094482421875,32.993194580078125,1.6134033203125,81.68994140625,-1658.8798828125,6580.66796875,1597.7645263671875,14.19586181640625,0.0,0.0,3807.677978515625,-4034.42724609375,2819.802001953125,-810.869140625,6128.0146484375,-2412.328857421875,0.0,0.0,1116.8365478515625,7413.0771484375,-469.5546875,229.5284423828125,-910.582763671875,-1421.1177978515625,-869.40087890625,-1308.2568359375,0.5264793634414673,1.238871693611145,-2.1459286212921143,-1.7669333219528198,1.01015043258667,-0.38161277770996094,1.9153562784194946,2.2029685974121094,-5.32139253616333,0.1621762067079544,1.1824326515197754,1.0909849405288696,-3.3589906692504883,-0.9582486152648926,-0.7097046375274658,-1.2043375968933105,-0.8561440706253052,2.0267608165740967,3.0676076412200928,-0.6741366386413574,4.675363540649414,-3.6983349323272705,2.372109889984131,-2.8802382946014404,4.103124618530273
2.9333334863185883,349,1458.158447265625,-3613.905029296875,516.83056640625,-3404.222900390625,1900.148681640625,1053.40185546875,3633.69384765625,-4162.83251953125,4609.169921875,-29561.69140625,10020.2099609375,4661.42578125,18.984848022460938,-80.48846435546875,-39.355403900146484,1403.2796630859375,136.2860107421875,279.2080078125,200.990478515625,-299.500732421875,258.0516662597656,0.0,0.0,1915.727783203125,-4488.0712890625,714.10693359375,-1971.2880859375,6432.37353515625,-2248.31689453125,0.0,0.0,722.1658935546875,7875.681640625,-563.8319091796875,521.6815185546875,-918.473876953125,79.188720703125,867.210693359375,-1954.558837890625,0.4290929436683655,1.8570032119750977,-2.0522398948669434,-2.701333522796631,1.2899255752563477,-0.7180288434028625,1.8190189599990845,1.9795079231262207,-3.967362642288208,0.392107218503952,-0.3949553966522217,0.7926728129386902,-3.1207058429718018,-2.062608003616333,-1.8850457668304443,-0.48350444436073303,-0.9063868522644043,3.4178004264831543,3.158581495285034,0.9816461205482483,5.262877941131592,-3.6982364654541016,1.8821768760681152,-4.040698051452637,4.280396461486816
2.941666820086539,350,-1019.899658203125,1488.173828125,-1068.658203125,-2004.950439453125,1947.74267578125,1632.797607421875,4140.8408203125,-3316.76806640625,4142.77783203125,-26739.17578125,7592.79345703125,5832.7333984375,61.959381103515625,-185.46835327148438,42.443519592285156,569.6378173828125,-1225.7982177734375,-1356.02001953125,-3835.76953125,1038.168701171875,1015.846435546875,0.0,0.0,1040.723876953125,-4425.724609375,-280.613525390625,-3012.767822265625,6822.2607421875,-2727.71826171875,0.0,0.0,981.5087890625,8978.7138671875,-1201.869873046875,-225.602294921875,-554.405517578125,521.6900634765625,1256.430419921875,-4175.8271484375,-0.1351594477891922,2.0465073585510254,-1.6333023309707642,-2.925394058227539,1.3213419914245605,-0.8826712965965271,1.9269492626190186,1.170868992805481,-3.333789825439453,0.8658316135406494,-1.1884485483169556,1.1489282846450806,-3.474255084991455,-1.485954999923706,-2.255115270614624,0.23265895247459412,-0.8457115292549133,3.10896372795105,2.3039417266845703,1.37480890750885,4.564905643463135,-4.243085861206055,1.9109947681427002,-3.698092460632324,3.741727352142334
2.9500001538544893,351,-1146.843994140625,-36.6513671875,625.7529296875,-1311.3974609375,1044.00244140625,-196.84942626953125,5238.45751953125,-4927.263671875,2791.029296875,-26713.728515625,4529.4453125,4944.34326171875,-9.940673828125,2.843353271484375,-23.24864959716797,428.1307373046875,288.335693359375,182.8642578125,508.51806640625,467.475341796875,226.30987548828125,0.0,0.0,2101.87158203125,-3959.80078125,-438.967529296875,-1700.4088134765625,6586.1474609375,-3180.196533203125,0.0,0.0,1284.2274169921875,8626.9375,-1235.077880859375,159.6309814453125,-256.443359375,-260.8955078125,855.8251953125,-2297.501708984375,-0.5297942161560059,2.3629019260406494,-0.4969056248664856,-2.8273348808288574,0.983644962310791,-0.5196654796600342,1.7794535160064697,0.489521861076355,-2.2006750106811523,1.530975341796875,-2.0700409412384033,0.7526023387908936,-3.447474241256714,-0.733668863773346,-2.107447862625122,0.6962370276451111,-0.6521010398864746,2.061872959136963,1.7143104076385498,1.3616552352905273,3.179244041442871,-3.765251398086548,2.035095453262329,-3.082634687423706,1.9453204870224
2.95833348762244,352,-2646.997802734375,5111.01806640625,1667.73779296875,-212.5115966796875,1324.743896484375,-210.73046875,6348.69677734375,-3431.4677734375,1647.4169921875,-30058.296875,9513.833984375,5629.0673828125,-74.22242736816406,-243.7970733642578,-2.6905517578125,-1476.1571044921875,-1430.433349609375,443.7080078125,2453.519287109375,1570.966064453125,858.7659912109375,0.0,0.0,1190.77099609375,-3874.765625,-792.7501220703125,-2709.49853515625,6460.54931640625,-4970.169921875,0.0,0.0,1824.2603759765625,9380.5302734375,-1989.434814453125,-599.1810302734375,139.285888671875,1147.3271484375,1707.4725341796875,-6127.017578125,-0.6085987687110901,2.24037504196167,-0.4348495900630951,-2.6376407146453857,0.88953697681427,-0.3102971911430359,1.5897190570831299,0.5556584596633911,-2.2045133113861084,1.4029303789138794,-2.3101675510406494,0.7276542782783508,-3.2094404697418213,-0.6762753129005432,-1.946534276008606,0.8928192853927612,-0.648333728313446,1.9060548543930054,1.2589489221572876,1.4485958814620972,2.989838123321533,-4.109480857849121,1.671948790550232,-2.8704192638397217,2.019205093383789
2.9666668213903904,353,-1687.3525390625,-98.4378662109375,842.404296875,-433.59979248046875,833.547607421875,-1028.8651123046875,6025.29296875,-4374.330078125,2892.449462890625,-33497.0703125,11612.892578125,2377.17822265625,-11.994087219238281,11.712394714355469,-14.871315002441406,333.3204345703125,215.04296875,368.43701171875,719.2794189453125,21.815185546875,332.69476318359375,0.0,0.0,2154.4736328125,-4649.13671875,-919.6078491210938,-1925.034912109375,5024.8212890625,-4064.96630859375,0.0,0.0,2037.6298828125,8799.6875,-2279.687255859375,582.031494140625,-256.33642578125,99.12934875488281,978.4886474609375,-3413.38916015625,-0.4395768642425537,2.319594621658325,0.030762501060962677,-2.06954288482666,0.6812207698822021,0.2061673104763031,1.695365071296692,0.7077939510345459,-1.537001371383667,0.5946696996688843,-2.4728808403015137,-0.2847859263420105,-2.635066032409668,0.21484623849391937,-1.2349364757537842,0.4616836905479431,-0.08966223895549774,1.0307198762893677,1.7772693634033203,1.4159057140350342,2.140780448913574,-2.6548233032226562,0.7313541173934937,-2.0592806339263916,-0.31148383021354675
2.975000155158341,354,-3468.7841796875,-220.7420654296875,2866.47119140625,93.648681640625,1527.843994140625,-1283.076416015625,6469.443359375,-3676.957275390625,2037.3486328125,-29251.12890625,12205.73046875,2513.14990234375,-3.2879180908203125,-146.95098876953125,12.303153991699219,1065.34033203125,132.863525390625,290.40380859375,-2135.5146484375,1167.132568359375,1796.2867431640625,0.0,0.0,1043.2701416015625,-5815.0078125,-877.5050659179688,-2358.47119140625,4899.91796875,-5284.4765625,0.0,0.0,2243.03369140625,9118.3759765625,-2319.28369140625,871.7110595703125,-300.249755859375,612.8148193359375,1466.737060546875,-5585.18896484375,-0.33156508207321167,2.1941275596618652,-0.13553114235401154,-1.918900966644287,0.8000240325927734,0.4019964933395386,1.4490481615066528,0.9998015761375427,-1.5431662797927856,0.4444701671600342,-2.719620704650879,-0.11299604177474976,-2.524357318878174,0.3297503590583801,-1.0782512426376343,0.3851959705352783,-0.13691000640392303,0.9917923212051392,1.744110345840454,1.1937352418899536,2.384840726852417,-2.5036942958831787,0.8298749327659607,-1.922583818435669,-0.20081685483455658
2.9833334889262915,355,-2352.15869140625,-246.6873779296875,754.56787109375,206.17892456054688,822.9267578125,-1259.7279052734375,6253.61279296875,-4465.27490234375,3060.47412109375,-32053.09375,10284.580078125,1355.604736328125,-13.91064453125,13.662956237792969,-7.98736572265625,272.0736389160156,267.542724609375,251.23876953125,768.828125,410.295654296875,431.28857421875,0.0,0.0,1886.8427734375,-5636.5498046875,-870.90380859375,-1841.8961181640625,4608.8525390625,-5052.34814453125,0.0,0.0,2065.88671875,8866.517578125,-2821.100341796875,636.8466186523438,30.453125,138.318359375,1128.05078125,-3703.4775390625,-0.37203449010849,2.409832239151001,-0.14186379313468933,-2.2289316654205322,0.9201554656028748,0.5835391283035278,1.73195219039917,1.040050983428955,-0.9979130625724792,-0.1705285906791687,-3.3235905170440674,0.08911220729351044,-2.5881507396698,0.6879761219024658,-0.5495775938034058,0.6653932929039001,0.04208371788263321,0.2791789472103119,1.4631290435791016,1.102837324142456,1.7974289655685425,-2.091754198074341,0.528334379196167,-1.4985512495040894,-1.6919262409210205
2.991666822694242,356,-2715.84130859375,-835.4677124023438,1100.3212890625,-127.264892578125,2420.344482421875,-1036.153564453125,6430.59912109375,-3502.841064453125,2131.1787109375,-31322.744140625,10397.224609375,4801.92333984375,60.83012771606445,-33.65617370605469,40.241432189941406,-667.774169921875,-41.5126953125,871.59130859375,2219.874267578125,865.596923828125,1601.669189453125,0.0,0.0,900.8946533203125,-5300.85791015625,-1078.2337646484375,-2418.20556640625,5221.89306640625,-6577.33251953125,0.0,0.0,2067.178466796875,9414.498046875,-2288.248046875,542.7447509765625,-58.48828125,245.89801025390625,1534.5196533203125,-4781.52197265625,-0.16222989559173584,2.3644378185272217,-0.3091842234134674,-2.285712242126465,0.9461706280708313,0.7077229022979736,1.2908878326416016,1.283103585243225,-1.0505084991455078,-0.3065315783023834,-3.7374167442321777,0.3158107101917267,-2.4155266284942627,0.7800589799880981,-0.31130099296569824,0.8270197510719299,-0.24485793709754944,0.4137270748615265,1.1751585006713867,1.0542027950286865,2.038443088531494,-2.245901584625244,0.7665432691574097,-1.425154209136963,-1.6889656782150269
3.0000001564621925,357,-1686.252685546875,-905.1867065429688,432.23828125,-321.9354248046875,873.802734375,-724.422119140625,6214.197265625,-4408.5556640625,3486.07763671875,-35015.73828125,7132.14404296875,6218.837890625,-8.923377990722656,0.1666717529296875,1.631591796875,361.60711669921875,145.787841796875,281.65625,760.194580078125,60.983642578125,330.0146484375,0.0,0.0,1376.2188720703125,-5141.5576171875,-1486.5654296875,-2118.113037109375,5069.27294921875,-6789.9345703125,0.0,0.0,1996.1549072265625,9488.5419921875,-2200.69189453125,324.2200927734375,179.121337890625,-43.2520751953125,1350.4625244140625,-3027.656005859375,-0.049632687121629715,3.0183119773864746,-0.467373251914978,-3.003939151763916,0.961531400680542,0.6049435138702393,1.0935547351837158,1.2857400178909302,-0.49305638670921326,-1.047003984451294,-4.505152702331543,0.47457119822502136,-2.411943197250366,0.9544174671173096,0.31441739201545715,1.3082714080810547,-0.4738869369029999,0.039252761751413345,0.9306998252868652,1.3137545585632324,1.6496837139129639,-1.9852628707885742,0.8389925360679626,-1.1633672714233398,-2.9709436893463135
3.008333490230143,358,-313.000732421875,-1211.963134765625,-794.84912109375,-624.9464111328125,882.79248046875,-436.64288330078125,6235.4365234375,-4398.68359375,2608.476318359375,-30845.82421875,7057.626953125,10900.69140625,58.51786804199219,-69.38463592529297,42.510955810546875,-136.73388671875,-293.23779296875,133.3115234375,1395.157470703125,1260.3369140625,827.62890625,0.0,0.0,448.5518798828125,-4525.8134765625,-2574.31787109375,-3309.91064453125,6117.84375,-8718.2607421875,0.0,0.0,1675.3779296875,10260.8564453125,-1232.127685546875,-164.641357421875,75.47607421875,-135.716796875,1647.9327392578125,-2743.796630859375,-0.0009412808576598763,2.9824063777923584,-0.5502527952194214,-3.1076109409332275,1.0320669412612915,0.7883312702178955,0.7491923570632935,1.228484034538269,-0.39870578050613403,-1.0550910234451294,-5.29542350769043,0.7583839297294617,-2.0905649662017822,1.0562701225280762,0.3209756910800934,1.5512769222259521,-0.8475881814956665,0.2432703822851181,0.46259111166000366,1.5118786096572876,1.872604250907898,-2.2171568870544434,1.3294758796691895,-1.1608630418777466,-3.2551426887512207
3.0166668239980936,359,-1008.2037963867188,-350.03173828125,296.232421875,-771.1224975585938,509.17724609375,-158.210205078125,6359.9169921875,-4687.876953125,3562.707763671875,-31014.8828125,5721.892578125,8819.4296875,-2.60113525390625,8.082489013671875,13.85125732421875,427.79638671875,38.7021484375,271.715087890625,757.66650390625,-45.08544921875,303.054931640625,0.0,0.0,944.0053100585938,-4557.48291015625,-2338.9169921875,-2802.271728515625,6482.9462890625,-7763.802734375,0.0,0.0,1757.1859130859375,9845.115234375,-1189.280517578125,-249.9075927734375,-64.64306640625,-322.623046875,1608.546630859375,-1567.126953125,0.060954175889492035,2.9497833251953125,-0.6669802069664001,-3.180328130722046,0.9154590964317322,1.0778837203979492,0.6386075615882874,1.028045415878296,-0.22191432118415833,-1.5140661001205444,-6.028303623199463,0.7737163305282593,-1.8112342357635498,1.122368335723877,0.2996490001678467,1.6465072631835938,-0.45747998356819153,-0.13426250219345093,0.45253825187683105,1.2156918048858643,1.3217682838439941,-2.357675790786743,0.4077179729938507,-1.0390211343765259,-3.959916353225708
3.025000157766044,360,492.1024475097656,477.84326171875,-377.950439453125,-726.69677734375,-886.01171875,-8.879638671875,7158.6904296875,-5047.4228515625,2624.944091796875,-22064.65625,9166.14453125,11391.5625,28.346324920654297,-37.20054626464844,60.89116668701172,-328.285400390625,-770.643310546875,-609.75341796875,861.3541870117188,-64.34521484375,882.082763671875,0.0,0.0,-944.3858032226562,-5027.439453125,-3201.642822265625,-3763.14599609375,7520.4296875,-8667.4716796875,0.0,0.0,1232.3726806640625,10628.0751953125,-460.9914855957031,-687.831787109375,357.3519287109375,47.1654052734375,1821.536865234375,-1170.4541015625,-0.08566708862781525,2.7584969997406006,-0.6639524698257446,-2.8171350955963135,0.9124857783317566,1.2102009057998657,0.4439966082572937,0.744056224822998,-0.1053168922662735,-1.4339966773986816,-6.245776653289795,0.7296082973480225,-1.6779704093933105,1.0476090908050537,-0.19456245005130768,1.264265775680542,-0.518989622592926,0.13663063943386078,0.9270190000534058,1.1656755208969116,1.5129852294921875,-2.113428831100464,0.13305366039276123,-1.1085931062698364,-4.025519371032715
3.0333334915339947,361,-951.4638671875,140.5789794921875,313.13427734375,-647.3618774414062,250.060546875,154.7166748046875,7367.0986328125,-4776.86962890625,3732.803955078125,-23262.72265625,18305.48828125,7284.013671875,-2.4785995483398438,14.46002197265625,21.800384521484375,443.8623046875,-165.666015625,254.17578125,663.20068359375,-101.97265625,269.569091796875,0.0,0.0,-66.1673583984375,-6853.5205078125,-2136.3251953125,-2981.47900390625,5594.6533203125,-6346.8603515625,0.0,0.0,1408.4083251953125,9851.5439453125,-841.7997436523438,-319.9208984375,-76.8983154296875,-392.6856689453125,1928.260498046875,-628.3515625,-0.14058706164360046,1.9161052703857422,-0.703852653503418,-1.6738851070404053,0.7376294136047363,1.7522010803222656,0.6998521685600281,0.5226954221725464,-0.2580139636993408,-1.933849811553955,-6.388393878936768,0.3856663107872009,-1.1947300434112549,1.3178316354751587,-0.005031771957874298,-0.35531648993492126,0.18281233310699463,-0.5511845350265503,2.371777296066284,0.2307601124048233,0.7346429824829102,-0.3607042729854584,-1.805023431777954,-1.1141619682312012,-4.153996467590332
3.041666825301945,362,-57.089599609375,157.83016967773438,279.837890625,125.65936279296875,-533.468017578125,-7.4730224609375,7670.96240234375,-5811.34033203125,2934.190673828125,-17499.681640625,20066.853515625,10353.7119140625,-8.743621826171875,-54.297698974609375,58.53895568847656,1451.609619140625,-866.58642578125,-1565.0732421875,-1329.8846435546875,-461.523681640625,1455.485595703125,0.0,0.0,-1856.2496337890625,-8214.9287109375,-2008.3123779296875,-3717.59423828125,6600.73095703125,-6254.48388671875,0.0,0.0,573.8892211914062,10242.625,-398.9181823730469,-288.51715087890625,822.7596435546875,58.8568115234375,2433.3447265625,-96.21435546875,-0.29277893900871277,1.7135636806488037,-0.5919805765151978,-1.2170031070709229,0.805766224861145,1.7871958017349243,0.6698998212814331,0.43225163221359253,-0.04660221189260483,-1.789294958114624,-6.534755229949951,0.3883858323097229,-1.1229625940322876,1.2377973794937134,-0.27974867820739746,-0.6806921362876892,0.018346527591347694,-0.37937822937965393,2.551236867904663,0.21394523978233337,0.9570708870887756,0.13352784514427185,-2.038151264190674,-1.1115381717681885,-3.9657886028289795
3.0500001590698957,363,-1237.302001953125,411.4930114746094,716.088134765625,-4.415130615234375,243.01806640625,56.68109130859375,7475.87890625,-5211.93603515625,3646.890869140625,-19924.412109375,22417.435546875,8595.025390625,-6.549324035644531,18.52203369140625,18.129013061523438,481.69390869140625,-127.71337890625,264.4927062988281,667.1666259765625,3.5146484375,513.884521484375,0.0,0.0,-962.4305419921875,-8376.21484375,-1802.018310546875,-3201.625,6265.03466796875,-5083.7841796875,0.0,0.0,1207.45263671875,9504.439453125,-570.3781127929688,-415.33282470703125,-12.017913818359375,-380.227783203125,2095.8818359375,-42.91015625,-0.2155521959066391,1.1516988277435303,-0.5801807045936584,-0.6276150345802307,0.275849312543869,2.2602522373199463,0.7491939663887024,0.44887977838516235,-0.38503631949424744,-2.0459561347961426,-6.052921772003174,0.47691577672958374,-0.361387699842453,1.4919999837875366,0.12401219457387924,-1.0394974946975708,0.3038364052772522,-1.047723412513733,2.52217173576355,0.05894681066274643,0.41060036420822144,0.4093543291091919,-2.8642678260803223,-0.756839394569397,-3.696795701980591
3.0583334928378463,364,-1759.307373046875,-67.37071990966797,671.7154541015625,664.1853637695312,186.4832763671875,374.35784912109375,7934.58349609375,-5665.14794921875,3592.60546875,-19505.76171875,25195.41796875,13770.1259765625,31.81574249267578,5.616973876953125,16.73614501953125,-329.27874755859375,-470.22509765625,-161.64422607421875,1732.7392578125,-491.453857421875,536.15673828125,0.0,0.0,-2071.532958984375,-9313.1728515625,-1461.9295654296875,-3446.67041015625,7803.90869140625,-5294.1103515625,0.0,0.0,955.6163330078125,9899.9814453125,-692.5267333984375,-465.8823547363281,550.232666015625,-184.0211181640625,2610.450927734375,622.265869140625,-0.28578048944473267,1.0536103248596191,-0.45014703273773193,-0.4782955050468445,0.20900200307369232,2.2133519649505615,0.8777950406074524,0.39891478419303894,-0.4101600646972656,-1.9324066638946533,-5.562074661254883,0.4599413275718689,-0.33148136734962463,1.3655908107757568,-0.02652643248438835,-1.116154670715332,0.09566481411457062,-0.9413419365882874,2.4635097980499268,0.05147482082247734,0.5985815525054932,0.4922453761100769,-2.8860254287719727,-0.7354549765586853,-3.449756383895874
3.066666826605797,365,-1348.6773681640625,29.74402618408203,530.12744140625,394.61865234375,324.1444091796875,111.20501708984375,7454.71826171875,-4932.9970703125,3874.63818359375,-22841.66015625,25119.251953125,14607.0078125,-10.108482360839844,9.60308837890625,20.35924530029297,406.0855712890625,-269.33203125,193.8740234375,625.7353515625,-63.18115234375,276.7646484375,0.0,0.0,-1634.6719970703125,-9010.212890625,-1576.3282470703125,-3397.73876953125,7780.3896484375,-5347.384765625,0.0,0.0,1214.5072021484375,9636.8828125,-855.85400390625,-442.826171875,-12.405502319335938,-335.491455078125,2215.4638671875,446.954833984375,-0.12073444575071335,0.8919138312339783,-0.27400755882263184,-0.3330445885658264,0.03696030378341675,2.2753829956054688,0.9469572901725769,0.5857127904891968,-0.7957825064659119,-1.939927577972412,-4.663760662078857,0.4245668351650238,0.14785051345825195,1.376266598701477,0.5328835248947144,-1.0381368398666382,-0.04319028556346893,-1.196271300315857,2.05401611328125,0.1677590161561966,0.44777312874794006,0.4827285706996918,-2.6250481605529785,-0.3630177080631256,-3.0432028770446777
3.0750001603737473,366,-697.0361938476562,-45.922576904296875,131.024169921875,756.2885131835938,548.6627197265625,788.923583984375,7027.90771484375,-6175.33056640625,4549.43310546875,-24833.78515625,29272.7890625,16590.794921875,-1.1220855712890625,15.470672607421875,-32.487083435058594,727.0382080078125,-589.359130859375,-1001.8574829101562,778.15869140625,-344.86083984375,615.705078125,0.0,0.0,-2545.73828125,-10279.8955078125,-1189.73046875,-3396.315185546875,8278.953125,-5360.48046875,0.0,0.0,478.9795227050781,9649.634765625,-1275.59765625,-522.2425537109375,350.83154296875,-292.79248046875,2451.6708984375,2020.060302734375,-0.0835452675819397,0.9051966071128845,-0.2668316960334778,-0.25620073080062866,0.44472718238830566,2.221409797668457,1.0102546215057373,0.700197160243988,-0.7793979644775391,-1.8121203184127808,-3.964184284210205,0.39000555872917175,0.10982655733823776,1.249721646308899,0.6696463227272034,-1.2856770753860474,0.058119140565395355,-0.6594803333282471,2.314758539199829,-0.25156277418136597,0.32716935873031616,0.9484959244728088,-2.734998941421509,-0.35033732652664185,-3.2118184566497803
3.083333494141698,367,-967.9982299804688,220.36032104492188,718.0252075195312,303.961181640625,115.1629638671875,289.06878662109375,6770.9208984375,-5262.84375,3874.1591796875,-25378.609375,25866.544921875,14317.33984375,-1.81231689453125,5.7803192138671875,15.032417297363281,522.9248046875,-296.422119140625,198.3450927734375,576.5203857421875,-95.1842041015625,177.70458984375,0.0,0.0,-2388.60107421875,-10002.2880859375,-788.0400390625,-2922.53857421875,9819.5458984375,-4244.669921875,0.0,0.0,740.3325805664062,9562.498046875,-562.7156372070312,-421.0513916015625,78.67996215820312,-303.5882568359375,2300.814697265625,1227.26123046875,0.15996919572353363,1.0665738582611084,0.015117060393095016,-0.44813352823257446,0.24066688120365143,2.1323447227478027,0.34074118733406067,0.7456607818603516,-1.2281416654586792,-1.3208767175674438,-2.326397657394409,0.29537251591682434,0.32223036885261536,1.1592442989349365,0.7107452750205994,-0.6313764452934265,0.43526631593704224,-0.7386935949325562,1.9263840913772583,-0.5367039442062378,-0.17943894863128662,-0.3963673412799835,-3.436506986618042,-0.20212751626968384,-2.320404529571533
3.0916668279096484,368,-1706.965576171875,-464.0795593261719,182.41546630859375,816.0169067382812,195.74609375,845.4978637695312,6363.7470703125,-6325.9111328125,4844.205078125,-25446.90625,27583.12109375,14674.3994140625,7.930755615234375,2.69384765625,-48.68494415283203,814.5380859375,-525.8486328125,-616.103271484375,931.3531494140625,-432.14154052734375,886.453125,0.0,0.0,-2873.1787109375,-11084.9208984375,81.3087158203125,-2832.183349609375,10820.7646484375,-3521.07470703125,0.0,0.0,519.6575927734375,9216.119140625,-1000.50830078125,-592.546630859375,192.13876342773438,-272.4908447265625,2981.6025390625,2034.2337646484375,0.03415098041296005,1.0450695753097534,0.03007371537387371,-0.22080998122692108,0.14158901572227478,2.267007827758789,0.3285377621650696,0.5375123620033264,-1.2760272026062012,-1.2872893810272217,-1.0849188566207886,0.27279216051101685,0.30620792508125305,1.0743603706359863,0.48506927490234375,-0.7837815880775452,0.5913323760032654,-0.682733416557312,2.265746831893921,-0.6777696013450623,-0.27962255477905273,-0.29217106103897095,-3.627645492553711,-0.24748291075229645,-1.9312666654586792
3.100000161677599,369,-968.1614379882812,32.78863525390625,522.9985961914062,658.802490234375,27.854248046875,362.51959228515625,6491.0498046875,-5267.0693359375,3830.80615234375,-28048.703125,27754.68359375,16180.9912109375,1.7844772338867188,0.01645660400390625,14.942011833190918,536.460693359375,-309.69140625,202.4093017578125,617.1039428710938,-107.49798583984375,96.747314453125,0.0,0.0,-2652.271484375,-10949.0927734375,-524.430419921875,-2581.47900390625,10913.3671875,-4376.93798828125,0.0,0.0,915.7130126953125,9104.328125,-264.043212890625,-388.62139892578125,98.86648559570312,-300.390625,2509.0498046875,1090.007568359375,0.1144147664308548,1.0556366443634033,0.2801578640937805,-0.24273312091827393,-0.15577171742916107,2.202230930328369,-0.30152735114097595,0.40769627690315247,-1.7577117681503296,-0.6404691338539124,0.5626606941223145,0.09988979995250702,0.3595718741416931,1.0115716457366943,0.8775761127471924,-0.7536627054214478,0.31381237506866455,-0.8034942150115967,2.0007643699645996,-0.11446591466665268,-0.5426813364028931,-0.3434678316116333,-2.6452295780181885,0.14944303035736084,-1.0139716863632202
3.1083334954455495,370,-2965.829345703125,-277.75439453125,714.3235473632812,689.3128662109375,296.885498046875,1169.21142578125,6243.3505859375,-5766.07373046875,4644.48095703125,-29578.375,30108.6875,17685.4765625,52.30756759643555,-9.436210632324219,-60.60691833496094,58.66180419921875,100.22705078125,526.4210205078125,950.65576171875,-267.90399169921875,1022.6904296875,0.0,0.0,-2343.382568359375,-11856.923828125,536.8238525390625,-2017.695068359375,10732.3642578125,-3940.427490234375,0.0,0.0,1029.6239013671875,8701.705078125,-643.7955322265625,-553.9954223632812,-0.333984375,-330.57916259765625,3262.420166015625,1200.405517578125,0.03528251871466637,1.0406694412231445,0.3202829360961914,-0.01555691845715046,-0.32010143995285034,2.406785249710083,-0.3038308024406433,0.21632200479507446,-1.6763736009597778,-0.626395583152771,1.5493085384368896,0.0887017473578453,0.3268609941005707,0.9472236037254333,0.7845686674118042,-1.1683228015899658,0.36554262042045593,-0.7948699593544006,2.4882402420043945,-0.30619722604751587,-0.7186888456344604,0.22877101600170135,-2.5721960067749023,0.07227708399295807,-0.5674110054969788
3.1166668292135,371,-1234.342041015625,-250.107421875,277.70941162109375,925.153564453125,11.1195068359375,323.4715576171875,6740.55078125,-5578.716796875,3901.261474609375,-29771.837890625,30426.52734375,19431.8046875,5.617584228515625,-0.1332244873046875,18.366600036621094,330.9110107421875,-268.6707763671875,99.0885009765625,712.4487915039062,-118.1290283203125,45.637451171875,0.0,0.0,-2385.787841796875,-11723.587890625,-400.894287109375,-2047.80908203125,10587.3974609375,-5794.5810546875,0.0,0.0,1140.15478515625,8644.4091796875,-101.28515625,-343.9767150878906,131.50747680664062,-348.49334716796875,2717.97314453125,438.07672119140625,-0.09312880039215088,1.1179758310317993,0.7450748682022095,-0.031519003212451935,-0.35289594531059265,2.2892534732818604,-0.7251409292221069,-0.07472459226846695,-1.6470813751220703,-0.16200225055217743,2.4362523555755615,-0.07892951369285583,0.19756819307804108,0.8865904808044434,0.7665597200393677,-1.1246260404586792,0.07896875590085983,-0.6825380921363831,2.1967105865478516,0.5000113248825073,-0.6786490678787231,0.3235384523868561,-0.8454688191413879,0.501541793346405,0.10388017445802689
3.1250001629814506,372,-2360.0166015625,-214.80804443359375,665.7929077148438,496.7024841308594,575.940185546875,1301.8070068359375,6385.234375,-5941.81787109375,4624.44140625,-30210.396484375,31145.3671875,20871.662109375,63.65293884277344,14.378318786621094,-28.293792724609375,53.16473388671875,239.5692138671875,258.22601318359375,1530.1197509765625,-169.63494873046875,1398.961669921875,0.0,0.0,-1392.4638671875,-12041.892578125,217.2637939453125,-1384.6864013671875,10219.4423828125,-5960.712890625,0.0,0.0,1253.2462158203125,8005.970703125,-429.74591064453125,-485.53143310546875,446.37738037109375,-502.7892761230469,3134.08447265625,405.7551574707031,-0.05470990389585495,1.1134028434753418,0.7499520778656006,0.1487358957529068,-0.44467276334762573,2.607891798019409,-0.7829242944717407,-0.14355552196502686,-1.4534640312194824,-0.17522522807121277,2.9439167976379395,-0.07797877490520477,0.1586277335882187,0.8316472768783569,0.7851651906967163,-1.283346176147461,0.19212986528873444,-0.7140809893608093,2.4771225452423096,0.3583432137966156,-0.8698689937591553,0.6775031685829163,-0.5270006656646729,0.41752204298973083,0.4287985563278198
3.133333496749401,373,-1134.6484375,-316.65704345703125,190.3045654296875,608.1347045898438,-127.174072265625,250.77978515625,6870.63720703125,-6264.58740234375,3946.98779296875,-29205.498046875,30223.55859375,23072.07421875,11.098220825195312,2.9060134887695312,19.3560791015625,233.9859619140625,-212.1546630859375,9.88092041015625,859.2550048828125,-174.69952392578125,-71.87353515625,0.0,0.0,-1684.608642578125,-11923.400390625,-542.6539306640625,-1532.840576171875,10190.060546875,-7057.28515625,0.0,0.0,1090.614013671875,7904.1171875,67.399169921875,-325.0994873046875,211.07516479492188,-407.27789306640625,2844.2509765625,-348.36273193359375,-0.10806240886449814,1.4122378826141357,1.249681830406189,-0.047812171280384064,-0.2417849600315094,2.512395143508911,-1.1268795728683472,-0.39159029722213745,-1.1620004177093506,0.22474215924739838,3.177333354949951,-0.19413425028324127,0.33799728751182556,0.6907141208648682,0.5764341354370117,-1.0235267877578735,-0.1605101376771927,-0.4015383720397949,2.181278705596924,0.9663922786712646,-0.6873146891593933,0.6416804790496826,0.4212283194065094,0.6182549595832825,1.0177998542785645
3.1416668305173516,374,-1938.370361328125,50.27587890625,742.31005859375,150.10765075683594,338.149169921875,1311.08251953125,6279.61376953125,-6567.55029296875,4667.1337890625,-27185.099609375,30886.6015625,24882.572265625,79.21038818359375,-5.5419464111328125,-21.356552124023438,175.408447265625,71.56500244140625,91.90191650390625,1698.7459716796875,63.44854736328125,1369.77294921875,0.0,0.0,-674.9625244140625,-11734.52734375,-340.09954833984375,-1059.0020751953125,9716.9189453125,-7113.33984375,0.0,0.0,874.278076171875,7114.2001953125,-365.0814208984375,-519.76611328125,722.1282958984375,-611.5072021484375,2856.36669921875,-206.34228515625,-0.06796853244304657,1.3413039445877075,1.163345456123352,0.1177196353673935,-0.14776694774627686,2.801182508468628,-1.1229959726333618,-0.44292810559272766,-0.9760278463363647,0.2161714732646942,3.1728241443634033,-0.1844652146100998,0.2912408411502838,0.6509312987327576,0.5932399034500122,-1.1157004833221436,-0.161251038312912,-0.40316903591156006,2.2576308250427246,0.8793717622756958,-0.783720850944519,0.8776679039001465,0.4931166470050812,0.5380527973175049,1.1254503726959229
3.150000164285302,375,-1160.206298828125,-1538.54833984375,-239.5152587890625,76.83566284179688,-312.56884765625,425.810791015625,6844.41552734375,-6802.14599609375,3917.36474609375,-24827.837890625,28341.103515625,25791.537109375,20.6781005859375,-0.025909423828125,24.343467712402344,192.6627197265625,-216.0689697265625,-26.537109375,912.9447021484375,-620.0768432617188,-163.36181640625,0.0,0.0,-1162.0455322265625,-11466.982421875,-701.5704956054688,-1180.91748046875,10473.107421875,-7477.00439453125,0.0,0.0,749.9703979492188,6997.5419921875,250.5482177734375,-325.08734130859375,229.36712646484375,-446.5850524902344,2819.673583984375,-1037.77685546875,-0.0168696790933609,1.5944169759750366,1.5320820808410645,0.020098507404327393,0.0016097873449325562,2.6972599029541016,-1.5400928258895874,-0.7046735286712646,-0.774124026298523,0.6213281154632568,3.077241897583008,-0.3189299702644348,0.6699297428131104,0.46928849816322327,0.17803581058979034,-0.593838095664978,-0.28916800022125244,0.04908854514360428,1.8334989547729492,1.1147645711898804,-0.6163327097892761,0.1623086929321289,0.7742149233818054,0.5298381447792053,1.7239629030227661
3.1583334980532527,376,-3325.39697265625,-1853.480224609375,316.2412109375,-535.2438354492188,481.86181640625,1547.32958984375,6647.138671875,-6286.55224609375,4587.693359375,-20454.462890625,29629.4140625,26068.341796875,102.50032043457031,-9.02520751953125,-0.3609619140625,-254.1156005859375,88.92617797851562,44.31072998046875,1257.300048828125,-108.87994384765625,1473.38330078125,0.0,0.0,-767.8687133789062,-11112.5732421875,-819.0604248046875,-458.34722900390625,10057.134765625,-7035.513671875,0.0,0.0,141.25296020507812,5967.05810546875,-262.57763671875,-411.23876953125,770.3577270507812,-506.2264404296875,2692.05615234375,-514.5084228515625,-0.00940405298024416,1.3728737831115723,1.3943578004837036,0.14452676475048065,0.2510990500450134,2.9459762573242188,-1.3747228384017944,-0.7607671618461609,-0.7241829037666321,0.6208963394165039,2.7629244327545166,-0.2940411865711212,0.6008570194244385,0.4581528604030609,0.19300749897956848,-0.792339026927948,-0.1115439385175705,0.004860226530581713,1.9168369770050049,1.0673093795776367,-0.8251965641975403,0.30746105313301086,0.5885685682296753,0.41949164867401123,1.362274169921875
3.1666668318212032,377,-1384.79150390625,-1070.954345703125,-280.35400390625,20.838592529296875,80.928466796875,507.623046875,7090.423828125,-7016.740234375,3847.412841796875,-17606.32421875,28427.61328125,24380.12109375,11.59820556640625,-6.224334716796875,28.45635223388672,69.10711669921875,-205.99130249023438,-106.24609375,1179.834716796875,-306.76300048828125,-97.73046875,0.0,0.0,-816.686767578125,-11212.1611328125,-1109.1978759765625,-268.999267578125,10177.603515625,-6853.52294921875,0.0,0.0,-49.02435302734375,5923.21142578125,-75.869140625,-341.5628662109375,266.298583984375,-504.94964599609375,2903.59521484375,-524.1109008789062,-0.30462566018104553,1.4929927587509155,1.8395754098892212,-0.018623899668455124,0.4253103733062744,2.760232448577881,-1.4254631996154785,-0.9144506454467773,-0.2601473033428192,1.002983808517456,2.267413377761841,-0.3166414201259613,0.960584819316864,0.42195233702659607,-0.27919191122055054,-0.5190834403038025,0.1823194921016693,0.0737537369132042,1.8302689790725708,1.239648461341858,-0.9100024104118347,0.1738033890724182,0.4269551634788513,0.2160026878118515,1.2656787633895874
3.1750001655891538,378,-3011.364990234375,-488.25238037109375,-201.7081298828125,-379.7203369140625,595.75048828125,1239.10546875,6509.7451171875,-6449.484375,4767.62841796875,-14822.416015625,28789.3203125,23029.591796875,73.06707763671875,29.643802642822266,-74.54954528808594,821.0567626953125,154.44436645507812,-424.84149169921875,1248.246337890625,-190.73193359375,1621.3388671875,0.0,0.0,-763.0631103515625,-10453.8974609375,-1389.0679931640625,-199.580322265625,10271.2880859375,-6654.4775390625,0.0,0.0,-623.2910766601562,4568.40576171875,-1278.5382080078125,-290.7313537597656,1309.6868896484375,-756.5580444335938,3219.348388671875,-603.0331420898438,-0.24788551032543182,1.5113528966903687,1.7545642852783203,-0.050982601940631866,0.3349437117576599,2.9764199256896973,-1.3816503286361694,-0.7985758185386658,-0.1319061815738678,0.9707743525505066,2.122357130050659,-0.2996174097061157,0.8701236248016357,0.39103269577026367,-0.21598908305168152,-0.2910151183605194,0.11775928735733032,0.03387266397476196,1.6239228248596191,1.210688829421997,-0.8071591258049011,0.08683495223522186,0.704814076423645,0.21281836926937103,1.1988734006881714
3.1833334993571043,379,-1337.33642578125,-856.8252563476562,-436.740234375,-212.0926513671875,-159.038818359375,286.16357421875,6584.80322265625,-7332.21044921875,3733.895751953125,-14430.0068359375,27709.759765625,23212.927734375,23.285415649414062,1.2498970031738281,28.151458740234375,114.15460205078125,-120.32392883300781,-33.0396728515625,1267.48779296875,-410.45733642578125,-7.80615234375,0.0,0.0,-651.5105590820312,-10623.0654296875,-1771.7313232421875,-60.3397216796875,9815.1884765625,-7299.87939453125,0.0,0.0,-260.77325439453125,4414.2841796875,-461.7763671875,-372.65240478515625,314.9896240234375,-494.73431396484375,2910.65185546875,-177.39862060546875,-0.3107302486896515,1.809858798980713,2.123419761657715,-0.15148389339447021,0.046646423637866974,2.880396604537964,-1.9417990446090698,-0.7339503765106201,0.36716336011886597,1.4737820625305176,1.8046197891235352,-0.19716264307498932,1.6020348072052002,0.14997567236423492,-0.2603166401386261,-0.07924966514110565,0.08601918071508408,-0.025590501725673676,1.614748477935791,1.4383869171142578,-0.8317420482635498,0.43851563334465027,1.197727084159851,0.4470329284667969,0.7688595056533813
3.191666833125055,380,-5079.5166015625,-1227.871826171875,-414.4788818359375,-630.6017456054688,-118.044921875,1023.7568359375,6121.8193359375,-6545.8603515625,4454.81494140625,-9138.701171875,29285.591796875,20422.3671875,126.75115966796875,36.505332946777344,-70.74815368652344,-576.8955078125,336.5242004394531,1680.293701171875,2341.976318359375,-204.91729736328125,239.30419921875,0.0,0.0,-96.98851013183594,-10288.02734375,-1950.8037109375,67.75714111328125,9234.029296875,-7366.03515625,0.0,0.0,-277.70758056640625,3265.82421875,-1817.26025390625,-174.64695739746094,809.9388427734375,-1042.7662353515625,3732.724609375,-418.2737121582031,-0.2679557204246521,1.7177261114120483,1.9973458051681519,-0.04459288716316223,-0.16461163759231567,3.0605335235595703,-1.9461281299591064,-0.6714689135551453,0.388281911611557,1.4013866186141968,1.6653708219528198,-0.18020394444465637,1.4756269454956055,0.14739052951335907,-0.22151820361614227,-0.10030306875705719,-0.005858082324266434,-0.0003415415994822979,1.5119471549987793,1.4297971725463867,-0.7055635452270508,0.5023097395896912,1.3631865978240967,0.39616671204566956,0.6188390254974365
3.2000001668930054,381,-1531.365234375,-1261.4332275390625,-1088.79296875,-237.59136962890625,-181.73876953125,149.453369140625,6616.7041015625,-7320.7177734375,3579.725830078125,-7831.77197265625,27113.927734375,21752.71484375,27.688446044921875,-1.9730021953582764,34.14997863769531,-196.3765869140625,67.18948364257812,-131.06103515625,1194.0555419921875,-208.94696044921875,-226.89306640625,0.0,0.0,-171.21424865722656,-9650.5986328125,-2799.983642578125,86.31610107421875,9289.4365234375,-7928.251953125,0.0,0.0,45.217926025390625,3186.66259765625,-716.35595703125,-345.8924255371094,306.69970703125,-521.7217407226562,2952.0078125,273.8453674316406,-0.44454342126846313,1.6298781633377075,2.308262825012207,0.2516458034515381,-0.3929067850112915,2.90535569190979,-2.6962637901306152,-0.8283983469009399,0.7958277463912964,1.7870479822158813,0.9386321306228638,-0.016512637957930565,1.761548399925232,-0.2839542031288147,-0.4105430841445923,0.2701858580112457,-0.21443340182304382,0.09417371451854706,0.8565981984138489,2.01460862159729,-0.629913330078125,0.4134833812713623,1.7375127077102661,0.9930872917175293,0.007379204034805298
3.208333500660956,382,-2431.8134765625,-2257.626953125,-901.0157470703125,-922.1764526367188,-581.11962890625,376.1064453125,5397.26806640625,-6191.6806640625,3882.3388671875,2801.9306640625,27277.296875,17737.759765625,62.826263427734375,66.71334075927734,-74.53179931640625,-133.34906005859375,1095.503173828125,303.3978271484375,495.6978759765625,-170.1318359375,-343.568359375,0.0,0.0,263.1984558105469,-9384.064453125,-3525.12646484375,66.6580810546875,8127.1845703125,-8396.0703125,0.0,0.0,473.82586669921875,1539.14208984375,-2056.28662109375,-333.6678466796875,473.6334228515625,-1448.286865234375,3015.126220703125,-40.57133483886719,-0.33540108799934387,1.513355016708374,2.197110176086426,0.4882192015647888,-0.5215298533439636,3.2699108123779297,-2.824502944946289,-0.6670010089874268,0.8706942200660706,1.7388825416564941,0.6882957220077515,-0.014456728473305702,1.6076267957687378,-0.2504526674747467,-0.36039456725120544,0.3189114034175873,-0.20308397710323334,0.10668200999498367,0.7175244092941284,1.9888468980789185,-0.5219095349311829,0.5106091499328613,1.9413249492645264,0.938498318195343,-0.21555839478969574
3.2166668344289064,383,-1209.34765625,-1464.15966796875,-1245.689697265625,-426.32098388671875,-170.1422119140625,88.0087890625,5973.09033203125,-7122.3720703125,2950.837646484375,5957.1904296875,25113.9921875,14334.0185546875,35.898468017578125,-12.772342681884766,28.96429443359375,-291.11834716796875,154.4964599609375,-227.418212890625,926.5704345703125,-295.2288818359375,-107.37255859375,0.0,0.0,227.79168701171875,-9110.41796875,-3222.865478515625,656.3653564453125,8491.5478515625,-7345.8203125,0.0,0.0,-500.13006591796875,699.39404296875,-372.20849609375,-272.96466064453125,280.1517333984375,-570.5958251953125,2809.69921875,636.9649047851562,-0.5746194124221802,1.18205988407135,2.177778959274292,1.2004351615905762,0.3378291130065918,3.7071797847747803,-3.971177816390991,-0.8705106973648071,1.328694224357605,2.1267645359039307,-0.2828787565231323,-0.054738666862249374,1.633842945098877,-0.936214804649353,-0.8588268756866455,0.6490275263786316,0.3651103973388672,0.15667013823986053,0.42570018768310547,1.5956392288208008,-0.9416135549545288,0.1802246868610382,0.9748322367668152,1.0304512977600098,-0.7553248405456543
3.225000168196857,384,-1194.89697265625,-354.629638671875,-2034.7293701171875,-188.4229736328125,-559.077880859375,-139.59326171875,4236.74267578125,-5302.02734375,2595.454833984375,16062.736328125,24212.232421875,8588.03515625,32.381195068359375,82.79488372802734,31.947845458984375,642.9501342773438,645.5210571289062,-1376.8883056640625,798.7698364257812,-1177.830810546875,-106.26123046875,0.0,0.0,280.83935546875,-9012.251953125,-3585.70703125,530.0947265625,7310.58251953125,-7281.05419921875,0.0,0.0,-525.1214599609375,-724.76025390625,-2441.1552734375,-176.52011108398438,644.0413818359375,-1683.09326171875,3430.639404296875,285.1114501953125,-0.5350999236106873,1.126980185508728,2.0490124225616455,1.262913465499878,0.37549644708633423,3.6086502075195312,-3.735278367996216,-0.861127495765686,1.395462989807129,2.0628437995910645,-0.5655328631401062,-0.05251267924904823,1.5036380290985107,-0.8486177921295166,-0.9015491604804993,0.7530080080032349,0.3238770365715027,0.1874149739742279,0.24119260907173157,1.5195950269699097,-0.8617387413978577,0.1624382734298706,1.2459659576416016,1.0091012716293335,-0.9158511757850647
3.2333335019648075,385,-941.2421875,-1165.16845703125,-1237.6075439453125,-499.79119873046875,-345.98828125,67.888671875,5039.857421875,-6544.6005859375,2078.125732421875,16702.373046875,20981.955078125,9023.853515625,36.87013244628906,-7.451324462890625,23.8524169921875,-97.76513671875,65.164794921875,-172.50054931640625,963.3902587890625,-405.4210205078125,-163.2333984375,0.0,0.0,145.27767944335938,-8416.3515625,-3449.11474609375,1025.985107421875,7392.43408203125,-7519.94482421875,0.0,0.0,-567.428955078125,-40.85986328125,-156.34130859375,-223.58851623535156,220.8314208984375,-568.1583251953125,2607.96240234375,1559.1630859375,-0.31932690739631653,0.9227868318557739,1.775560975074768,2.0183372497558594,0.4121624827384949,2.7744734287261963,-5.273232460021973,-1.1696966886520386,1.974958896636963,2.2091221809387207,-1.64970064163208,-0.005137599539011717,1.7220133543014526,-1.676459550857544,-0.949935257434845,1.2162443399429321,0.22284117341041565,0.3023751974105835,-0.28039127588272095,1.2811328172683716,-1.1746680736541748,0.09241419285535812,1.3738266229629517,1.5950711965560913,-1.891059398651123
3.241666835732758,386,-1170.89013671875,10.130790710449219,-943.7500610351562,142.33572387695312,-1179.156982421875,-987.7177734375,4978.859375,-5475.7294921875,664.77734375,23814.8125,21530.419921875,620.5460205078125,-38.24305725097656,6.21636962890625,140.89242553710938,-1571.485107421875,-478.41619873046875,-932.8590087890625,1898.6693115234375,-1244.0537109375,-58.242919921875,0.0,0.0,-563.175537109375,-8359.029296875,-4164.42626953125,1485.322265625,5454.1611328125,-7170.505859375,0.0,0.0,58.840972900390625,-411.7685546875,-1561.20654296875,-179.40481567382812,-168.1954345703125,-749.5185546875,2727.23876953125,1009.2342529296875,-0.3277284502983093,0.8060795068740845,1.68682062625885,2.006784677505493,0.42516887187957764,2.5540170669555664,-4.864163398742676,-1.2886457443237305,2.0550730228424072,2.1570093631744385,-1.980930209159851,-0.007238124031573534,1.5974831581115723,-1.5086368322372437,-1.0231242179870605,1.1742180585861206,0.1998601257801056,0.37122541666030884,-0.46152257919311523,1.226786494255066,-1.2322444915771484,0.2817833125591278,1.4931540489196777,1.5289736986160278,-2.1952760219573975
3.2500001695007086,387,-1336.99462890625,-699.4984741210938,-984.365966796875,-321.1883239746094,-163.3759765625,-3.1064453125,5121.083984375,-5010.6669921875,1097.6083984375,21331.998046875,22592.693359375,2374.56201171875,17.743423461914062,-2.0558242797851562,13.441352844238281,2.1414794921875,-194.20269775390625,-285.6852111816406,1195.0751953125,-137.89605712890625,-425.455078125,0.0,0.0,-271.4242248535156,-8073.6474609375,-3141.6240234375,1699.2242431640625,5105.23828125,-7241.03564453125,0.0,0.0,-578.839111328125,-39.270751953125,-217.8740234375,2402.077392578125,7220.7958984375,-4997.529296875,2367.57275390625,1847.5889892578125,-0.04434753209352493,0.18804848194122314,1.0262839794158936,2.4593255519866943,0.9393408298492432,2.0556232929229736,-5.553628921508789,-1.2071822881698608,1.6406381130218506,1.794892430305481,0.4519574046134949,-2.1464900970458984,-4.602592945098877,2.1204042434692383,-0.5380551218986511,0.8897221684455872,-0.11912133544683456,0.10162414610385895,-0.6616892218589783,0.2912385165691376,-1.2764346599578857,0.5653858780860901,1.4883252382278442,1.696057677268982,-2.6914377212524414
3.258333503268659,388,1009.5400390625,502.20452880859375,-5100.43701171875,-833.0537719726562,-744.5764770507812,-843.2769165039062,4612.15185546875,-4201.36181640625,632.6097412109375,16988.6328125,20091.8046875,1457.757080078125,-83.94461059570312,-353.0262145996094,132.09678649902344,3244.988037109375,-464.14971923828125,-1715.586669921875,-1212.6138916015625,-1903.75537109375,616.48193359375,0.0,0.0,-1196.9873046875,-7380.35107421875,-2148.69091796875,1093.1483154296875,2969.9951171875,-6742.9716796875,0.0,0.0,-38.83758544921875,-1558.4912109375,-374.41650390625,3260.88720703125,10383.5087890625,-3477.022216796875,290.7989501953125,713.86572265625,0.0979328602552414,0.10477880388498306,1.018841028213501,1.7368874549865723,0.8703699111938477,1.9200187921524048,-5.133261680603027,-0.8999699354171753,1.5814884901046753,1.035313367843628,1.9125434160232544,-1.018446922302246,-6.4461565017700195,-0.1675829291343689,-0.07494238018989563,0.5087653994560242,-0.17632676661014557,-0.14735829830169678,-0.5541796088218689,0.08410605788230896,-1.1414803266525269,1.2971316576004028,1.7026902437210083,1.6070679426193237,-1.8834891319274902
3.2666668370366096,389,-274.969970703125,-801.71337890625,-573.659912109375,-865.84814453125,-52.15234375,-205.30072021484375,5094.294921875,-4232.857421875,966.09716796875,20442.33984375,26794.072265625,-6167.185546875,3.7258968353271484,-8.622390747070312,1.836233139038086,341.0736083984375,-125.94900512695312,149.2684326171875,1398.2999267578125,-1295.483154296875,-20.29248046875,0.0,0.0,-1924.777587890625,-9625.1455078125,-728.2808837890625,1826.675048828125,2066.69775390625,-4040.19189453125,0.0,0.0,-844.9174194335938,-813.3240356445312,-403.2587890625,2464.833740234375,8838.244140625,-2528.13671875,2029.239990234375,1162.30078125,0.09884411841630936,-0.2897322177886963,0.5998501777648926,2.630413055419922,1.472612738609314,1.1438723802566528,-4.684670925140381,-1.0627728700637817,1.4735435247421265,0.8059211373329163,1.1587432622909546,-0.31232789158821106,-4.664468288421631,-0.9229462146759033,-0.6416945457458496,-0.6325924396514893,1.1030737161636353,0.4591398239135742,1.3216849565505981,-1.0889880657196045,-1.645132064819336,1.9424747228622437,-0.6542447805404663,0.08473969995975494,-2.0983784198760986
3.27500017080456,390,-1564.670166015625,973.52001953125,-2452.776123046875,-1270.99951171875,-2446.519775390625,-1522.0106201171875,5071.35498046875,-2251.611083984375,-587.767333984375,22601.1015625,25964.603515625,-8544.27734375,-49.516075134277344,-210.50375366210938,177.52867126464844,-1605.986572265625,389.434814453125,624.6826171875,925.77734375,-1334.174072265625,-441.12158203125,0.0,0.0,-1526.102294921875,-8798.0224609375,1513.594970703125,2883.4111328125,129.19189453125,-2659.535400390625,0.0,0.0,-1048.8392333984375,-3143.60546875,-325.75341796875,2211.680419921875,8690.341796875,-2704.9052734375,1686.46826171875,-352.6136474609375,-0.15052761137485504,-0.14162474870681763,0.5584712028503418,2.027033805847168,1.4438831806182861,1.218078851699829,-4.230777740478516,-1.2006853818893433,1.4365016222000122,0.9456073045730591,0.8641873002052307,-0.049456506967544556,-4.318213939666748,-0.9412534236907959,-0.9577846527099609,-0.4417625069618225,1.3166449069976807,0.4137413799762726,1.2321269512176514,-1.3418642282485962,-1.7837144136428833,1.6649374961853027,-1.4713536500930786,0.16057352721691132,-1.597898006439209
3.2833335045725107,391,-682.482421875,-7.777099609375,-901.509765625,69.7713623046875,-675.3360595703125,276.9622802734375,6495.9228515625,-2836.903564453125,-52.34912109375,26214.09765625,33508.75,-3670.448974609375,-20.81269645690918,17.70294189453125,6.5792083740234375,82.93138885498047,-170.09771728515625,-112.167724609375,1203.779541015625,-1004.82177734375,5.355712890625,0.0,0.0,-2408.518798828125,-8945.2451171875,273.0296630859375,2171.502685546875,-1635.881103515625,-3439.87060546875,0.0,0.0,-1018.1224365234375,-1024.883056640625,-559.58935546875,1903.791748046875,9502.3740234375,-2920.21533203125,1734.59521484375,751.7218017578125,-0.870812714099884,-1.0900629758834839,-0.4389294981956482,2.5186502933502197,1.3427379131317139,-0.5686626434326172,-3.694561004638672,-1.8567997217178345,1.662692904472351,0.638198733329773,-0.409246027469635,0.16704384982585907,-4.637142181396484,-0.7006461024284363,-1.4682098627090454,-1.6474140882492065,0.44192105531692505,1.1092637777328491,1.2499381303787231,-0.23971737921237946,-1.07374107837677,2.996137857437134,-0.720166802406311,0.10445331782102585,-2.3661184310913086
3.2916668383404613,392,3101.38134765625,625.9090576171875,-511.2939453125,-327.842529296875,-691.1038818359375,-489.8630065917969,5886.2421875,28.124267578125,-1232.2391357421875,22553.806640625,30460.568359375,-4317.65478515625,-87.30313873291016,-23.478790283203125,86.65914916992188,1974.2080078125,1618.899169921875,-678.6757202148438,206.9033203125,-1137.254638671875,37.60107421875,0.0,0.0,-1490.20458984375,-8870.2138671875,1528.12744140625,3632.1416015625,-2640.69287109375,-2489.76513671875,0.0,0.0,-1074.05029296875,-2781.937255859375,375.153076171875,471.5289611816406,10117.7255859375,-2890.96240234375,1728.706787109375,185.9345703125,-0.8062359690666199,-1.0702319145202637,-0.21144279837608337,2.043588161468506,1.1640934944152832,-0.5557575821876526,-3.4692037105560303,-1.6418750286102295,1.7952922582626343,0.760024905204773,-1.0340608358383179,0.19702237844467163,-4.479213714599609,-0.786430835723877,-1.401496171951294,-0.9647382497787476,0.789034903049469,0.8409215211868286,0.5354945063591003,-0.38948893547058105,-1.3542133569717407,2.3665108680725098,-1.5224107503890991,0.28149890899658203,-2.188450336456299
3.300000172108412,393,-66.64453125,594.328857421875,-120.671875,-556.015625,-583.69091796875,30.2271728515625,5766.392578125,-2187.288330078125,-430.847412109375,23777.173828125,26322.412109375,1467.004150390625,-18.619461059570312,16.6644287109375,-3.4012451171875,148.7449951171875,-25.072509765625,-116.5284423828125,892.5478515625,-1217.8624267578125,116.78271484375,0.0,0.0,-1983.6845703125,-7346.2060546875,635.4894409179688,2694.0107421875,-3046.34130859375,-3996.306640625,0.0,0.0,-816.6956787109375,-801.26220703125,-268.3076171875,149.68670654296875,11479.0615234375,-3229.214599609375,1348.844970703125,1268.86181640625,-0.6357396841049194,-1.04172945022583,-0.4719655513763428,1.507493019104004,0.9047195315361023,-2.098533868789673,-2.6647415161132812,-1.4366573095321655,2.8737149238586426,0.2989928126335144,-2.657060146331787,0.43223118782043457,-5.229006290435791,-0.4512300491333008,-1.4964181184768677,-0.22141243517398834,-0.2207806408405304,1.1688568592071533,-0.7763671278953552,0.3444214463233948,-0.48515528440475464,2.5217530727386475,-0.17135068774223328,0.5735837817192078,-2.894641399383545
3.3083335058763623,394,-1391.6478271484375,-15.2447509765625,-2040.07080078125,53.162109375,-464.621337890625,-547.7442626953125,7237.33203125,4137.1376953125,-317.4601745605469,13053.728515625,30342.484375,1944.802001953125,50.393924713134766,-40.549774169921875,3.320159912109375,-696.2594604492188,1940.62939453125,68.8804931640625,1044.607177734375,-1321.2396240234375,-1555.6866455078125,0.0,0.0,-1570.4210205078125,-6750.66015625,1161.5369873046875,2701.941650390625,-2864.2666015625,-3880.28759765625,0.0,0.0,-919.397705078125,-1462.599609375,977.0679931640625,1613.56005859375,7309.06396484375,-2853.792724609375,312.72369384765625,-260.814453125,-0.765607476234436,-1.3430675268173218,-0.2569219172000885,1.1677840948104858,0.7129104733467102,-2.252410650253296,-2.5179665088653564,-1.5014158487319946,0.9315089583396912,0.40521177649497986,-0.16999083757400513,-0.5001375675201416,-0.6262341737747192,-0.7006531357765198,-0.7045023441314697,-0.6111424565315247,-0.5430493354797363,0.30500397086143494,-0.9003798961639404,0.18716952204704285,-0.628413736820221,1.3358893394470215,-0.7377223372459412,0.5690997242927551,-1.3806509971618652
3.316666839644313,395,-907.625244140625,-174.986572265625,-982.32470703125,180.7303466796875,-97.11279296875,982.5362548828125,7236.6123046875,1987.24365234375,-232.7572021484375,14548.6591796875,33421.6171875,2314.2548828125,-28.685991287231445,-18.721160888671875,17.09503173828125,-247.1796875,-240.984130859375,-346.05792236328125,847.8988037109375,-623.80078125,27.19482421875,0.0,0.0,-2133.693115234375,-7257.9296875,1126.8477783203125,2655.66064453125,-4594.8447265625,-5123.96484375,0.0,0.0,-724.61279296875,-469.46875,-142.5772705078125,668.3531494140625,7061.4580078125,-2592.68310546875,1266.5687255859375,221.9415283203125,-0.781123161315918,-1.4294625520706177,-1.0499169826507568,0.7794884443283081,0.5429760217666626,-2.850877046585083,-1.4090584516525269,-1.3585761785507202,2.067378044128418,0.37094056606292725,-1.4854713678359985,0.3052610754966736,-0.3623430132865906,-0.8609484434127808,-0.8872012495994568,-1.0637891292572021,-0.536127507686615,0.7396165728569031,-0.43711668252944946,0.1940830498933792,-0.5342459678649902,2.668408155441284,0.3572348952293396,-0.2390458881855011,-1.6839087009429932
3.3250001734122634,396,-865.726806640625,-1845.30029296875,-140.19873046875,859.1593017578125,-1322.5458984375,463.0836181640625,6713.27783203125,2771.88671875,-1004.444580078125,15019.279296875,28977.802734375,-742.123291015625,-106.38038635253906,125.51393127441406,-99.51924896240234,-141.20758056640625,1844.76220703125,-120.04632568359375,1097.880615234375,-976.1697998046875,-2143.54541015625,0.0,0.0,-2201.111328125,-6258.6904296875,753.4947509765625,2588.3583984375,-6088.9560546875,-5599.95751953125,0.0,0.0,-464.7334899902344,197.658203125,1252.312255859375,-301.99932861328125,7178.11767578125,-2616.80908203125,541.17236328125,1360.69970703125,-0.756671667098999,-1.404604196548462,-0.6529913544654846,0.4801830053329468,0.4233338236808777,-2.8256337642669678,-1.3187109231948853,-0.9348072409629822,2.906661033630371,0.5744307041168213,-2.3871262073516846,0.21912039816379547,-0.3834688663482666,-0.5552870035171509,-0.95467609167099,-0.26660582423210144,-0.14530223608016968,0.6241132616996765,-1.289039134979248,0.5058528184890747,-0.5672553181648254,2.7265403270721436,0.2450474351644516,-0.0939834788441658,-2.2293689250946045
3.333333507180214,397,-568.672607421875,-64.18106079101562,-607.9541015625,375.52227783203125,-37.964111328125,500.26666259765625,6395.3447265625,1628.615234375,-488.4124755859375,16487.41796875,25797.23828125,-3951.5791015625,-15.616161346435547,-9.122146606445312,0.530364990234375,-288.20684814453125,-87.02294921875,-528.2857666015625,622.3095092773438,-153.59716796875,-114.3697509765625,0.0,0.0,-2667.03466796875,-5289.0634765625,681.0634155273438,2703.136474609375,-5926.06982421875,-4119.55322265625,0.0,0.0,-396.9842529296875,-53.143798828125,-69.12644958496094,-346.01080322265625,6758.455078125,-2873.905517578125,947.6028442382812,1942.523193359375,-0.4427967965602875,-1.9786914587020874,-0.6147131323814392,0.420177698135376,0.35944414138793945,-2.3991425037384033,-0.1475672572851181,-0.6634106040000916,3.3296637535095215,0.2756452262401581,-3.2569992542266846,0.23604942858219147,0.01835504174232483,-0.30348843336105347,-1.1221822500228882,0.2664503753185272,0.3887631893157959,0.9446080923080444,-1.987797737121582,0.5083408951759338,-0.6270524263381958,2.41485333442688,-0.9556227922439575,-0.4100264012813568,-2.5516915321350098
3.3416668409481645,398,955.4945678710938,-586.7659912109375,-361.18798828125,1230.187255859375,-715.984375,137.777587890625,5572.115234375,906.50146484375,-994.061767578125,15347.27734375,21076.798828125,-4087.1083984375,-108.46151733398438,156.41595458984375,-12.271980285644531,1350.11572265625,64.4375,-826.4407958984375,-137.6884765625,-875.935791015625,-2449.90966796875,0.0,0.0,-3177.817138671875,-4246.9404296875,-56.47991943359375,2357.30712890625,-7355.7216796875,-4773.25244140625,0.0,0.0,-257.223388671875,146.1591796875,842.5057983398438,-1037.1881103515625,6593.828125,-3452.959716796875,971.079833984375,2621.9248046875,-0.4185260534286499,-1.9131176471710205,-0.3962043225765228,0.2135448157787323,0.32141226530075073,-2.225062608718872,-0.12578384578227997,-0.3841094970703125,3.855128526687622,0.35323193669319153,-3.7939038276672363,0.14437243342399597,0.39764106273651123,-0.038959894329309464,-1.0775718688964844,0.7446828484535217,0.4187033474445343,0.8194254040718079,-2.6011111736297607,0.9019038677215576,-0.5402877330780029,2.5185208320617676,-0.8655713796615601,-0.3054419457912445,-2.7721924781799316
3.350000174716115,399,-210.45654296875,-173.77102661132812,-76.917236328125,325.935302734375,96.9912109375,5.81854248046875,4906.349609375,91.36474609375,-633.799560546875,13361.44140625,18634.001953125,-4956.23388671875,-12.151374816894531,-5.940526008605957,-17.36505889892578,-144.267822265625,23.2392578125,-442.6292724609375,451.275390625,-165.732666015625,-122.024169921875,0.0,0.0,-3239.197998046875,-3417.34033203125,-418.11273193359375,2450.101318359375,-7586.6279296875,-4824.69775390625,0.0,0.0,-248.3738250732422,-72.35546875,-44.53717041015625,-1077.6368408203125,6455.9384765625,-3580.091064453125,771.7677612304688,3246.650390625,0.09246986359357834,-2.2047832012176514,-0.29512107372283936,0.17336834967136383,0.30614230036735535,-1.8695021867752075,0.6012129187583923,0.028497889637947083,4.00840425491333,0.13628163933753967,-4.1118035316467285,0.1713380515575409,0.4945519268512726,0.07221297174692154,-0.6777519583702087,1.0737577676773071,0.511925995349884,0.7866104245185852,-3.0871963500976562,1.1054977178573608,-0.581210196018219,2.5413405895233154,-0.7389461994171143,-0.12122872471809387,-3.083127737045288
3.3583335084840655,400,-1184.876953125,570.5496826171875,383.203369140625,615.5631103515625,-1855.69091796875,-389.341796875,4232.52734375,-541.2666015625,-315.6296691894531,13942.6875,16767.2890625,-6136.90234375,-43.201454162597656,138.82164001464844,-26.3826904296875,-1744.3409423828125,200.581298828125,-918.2216796875,1740.8787841796875,-577.962890625,-3470.2890625,0.0,0.0,-3682.55126953125,-1552.567626953125,-1940.08837890625,2109.8935546875,-8229.044921875,-5781.59619140625,0.0,0.0,-83.24468994140625,315.41796875,629.9014282226562,-2688.142822265625,6628.4638671875,-3523.568359375,832.0722045898438,3810.927978515625,0.07247099280357361,-2.083817958831787,-0.16900882124900818,-0.03056929260492325,0.27942609786987305,-1.770451545715332,0.5711413621902466,0.08663220703601837,4.144711017608643,-0.049825385212898254,-4.242831707000732,0.8448513150215149,0.45475733280181885,-0.2907712757587433,-0.7320913672447205,1.4835083484649658,0.4608360826969147,0.714862048625946,-3.5589237213134766,1.468430757522583,-0.5736501812934875,2.239779233932495,-0.7216176390647888,-0.08536288887262344,-3.1603522300720215
3.366666842252016,401,-312.92724609375,233.98019409179688,-291.758544921875,572.3914794921875,-235.59912109375,9.88299560546875,4182.423828125,-402.1552734375,81.257080078125,14860.017578125,18269.7890625,-9517.9423828125,-6.6887664794921875,11.532318115234375,-19.560192108154297,-164.08444213867188,-88.5126953125,-412.0675048828125,315.2543029785156,572.7568359375,-426.255859375,0.0,0.0,-3782.317626953125,-1404.59228515625,-1683.11865234375,2509.154052734375,-8086.34130859375,-3864.8984375,0.0,0.0,-203.48944091796875,-55.902587890625,-41.236572265625,-2323.30859375,6458.80810546875,-2795.958740234375,633.4089965820312,3729.496826171875,0.08220460265874863,-2.7976765632629395,-0.37076765298843384,0.8741404414176941,0.3674783408641815,-1.327052354812622,1.0680570602416992,0.12841689586639404,3.754859209060669,-0.2680785655975342,-4.081999778747559,0.5003668069839478,0.5614595413208008,-0.8884387612342834,-0.8370839953422546,1.1205332279205322,0.9698943495750427,0.7212015986442566,-3.411703586578369,1.1226011514663696,-0.8850215077400208,1.9719116687774658,-2.184908866882324,0.07875048369169235,-2.8618578910827637
3.3750001760199666,402,1505.338134765625,-655.3348999023438,318.863525390625,408.4377746582031,-1121.5869140625,-578.6832275390625,3026.070556640625,-1589.95166015625,-332.9449462890625,13954.859375,14893.1171875,-11251.796875,5.392967224121094,-5.0781707763671875,-30.50460433959961,2240.9365234375,-200.789306640625,-3019.830322265625,-1862.539306640625,-841.1357421875,-1625.69873046875,0.0,0.0,-4536.04638671875,-781.2509765625,-2117.612060546875,2448.556884765625,-7827.3125,-3720.69873046875,0.0,0.0,-406.9837341308594,-514.912841796875,463.2662353515625,-1911.1748046875,5788.7109375,-2585.0107421875,737.9937744140625,3976.997314453125,0.12304810434579849,-2.7835845947265625,-0.19928820431232452,0.9258375763893127,0.3322768211364746,-1.1993345022201538,0.9787451028823853,0.20358926057815552,3.558445930480957,-0.13061988353729248,-3.6875076293945312,-0.40060698986053467,0.9822884798049927,-0.625312328338623,-0.8118008971214294,1.2751402854919434,1.1007052659988403,0.5379854440689087,-3.6540892124176025,1.178887128829956,-0.930354654788971,1.6319605112075806,-2.347609519958496,0.10476350039243698,-2.5994343757629395
3.383333509787917,403,-138.6904296875,-450.48773193359375,287.0107421875,335.14678955078125,334.67724609375,-328.6024169921875,3215.27685546875,-242.40966796875,-70.14974975585938,11543.0625,17981.806640625,-11947.296875,-4.643707275390625,-16.773727416992188,-21.372554779052734,-70.6025390625,-213.48486328125,-448.9609375,394.5833740234375,-49.432861328125,-318.56201171875,0.0,0.0,-4074.464599609375,-671.439697265625,-1939.8436279296875,2751.32763671875,-7692.8251953125,-3070.86181640625,0.0,0.0,-206.74810791015625,-97.322265625,-20.1602783203125,-2342.0537109375,5378.44921875,-3049.15087890625,554.9378662109375,3362.257568359375,0.12867972254753113,-3.3623955249786377,-0.3182593584060669,1.2007838487625122,0.1596248745918274,-1.437862515449524,1.2930196523666382,0.08730707317590714,2.5458335876464844,-0.2622765004634857,-2.6368930339813232,-0.005988359451293945,1.2535111904144287,-0.18831704556941986,-0.3714582324028015,0.6479737758636475,1.1177833080291748,0.09121339023113251,-3.441396474838257,0.9297541975975037,-1.1417726278305054,1.4356563091278076,-2.667734384536743,0.23629191517829895,-1.9149737358093262
3.3916668435558677,404,-1219.90087890625,-34.264556884765625,-771.744873046875,112.88819885253906,-619.65869140625,-633.0820922851562,3138.52099609375,-1639.346435546875,632.991455078125,10476.255859375,17754.91015625,-11979.73046875,51.72884750366211,-29.579238891601562,-78.51664733886719,-2196.448974609375,14.958984375,-1295.697021484375,2010.276123046875,-311.89599609375,-2240.43408203125,0.0,0.0,-3993.041748046875,579.22119140625,-2596.52685546875,2573.42041015625,-7466.76953125,-3223.70751953125,0.0,0.0,-315.7803039550781,-227.694091796875,575.7005615234375,-2242.54541015625,5211.0,-2694.3388671875,-46.22163391113281,3565.765625,0.020166665315628052,-3.0659549236297607,-0.21824419498443604,0.8139569759368896,0.14631952345371246,-1.3371144533157349,1.1998459100723267,0.049029577523469925,2.522982358932495,-0.2571258246898651,-2.4442811012268066,-0.1313931792974472,1.2004625797271729,-0.35075637698173523,-0.3305346667766571,0.6995666027069092,0.9385806918144226,-0.11643277108669281,-3.3494296073913574,0.9976048469543457,-0.9765835404396057,1.2551368474960327,-2.2570881843566895,0.23093612492084503,-1.5407187938690186
3.400000177323818,405,-189.2957763671875,238.33090209960938,157.243408203125,578.0760498046875,-53.7783203125,-335.43975830078125,3334.19677734375,-566.075439453125,485.5167236328125,10840.09765625,22241.900390625,-12677.830078125,0.64154052734375,3.9128036499023438,-10.412935256958008,-212.56761169433594,-241.079833984375,-312.239501953125,375.2895812988281,534.548828125,-514.6875,0.0,0.0,-3886.652099609375,-167.7412109375,-2223.72802734375,2423.887939453125,-7633.564453125,-2487.669677734375,0.0,0.0,-212.696533203125,-44.61376953125,-31.2763671875,-1941.426025390625,4944.23974609375,-1829.63720703125,451.56854248046875,2481.812744140625,-0.2491818368434906,-3.128809928894043,-0.35182255506515503,0.7582520842552185,0.06594835966825485,-1.374866247177124,1.5949081182479858,-0.05207252502441406,1.7464855909347534,-0.15117056667804718,-1.399225115776062,-0.389431893825531,1.3413527011871338,-1.0377196073532104,-0.3636644780635834,-0.08363055437803268,0.9830356240272522,-0.22932951152324677,-2.4741692543029785,0.610622227191925,-0.8192957639694214,1.3104021549224854,-2.6493782997131348,-0.18858923017978668,-0.5442312955856323
3.4083335110917687,406,1561.3497314453125,-171.8589630126953,-694.69677734375,189.8834228515625,612.21728515625,-160.70742797851562,2757.71240234375,-1561.7384033203125,766.1224975585938,9006.525390625,20157.853515625,-11650.64453125,-5.526893615722656,-28.11745834350586,-37.55986022949219,2088.2783203125,-592.3876953125,-1252.317138671875,-1836.7520751953125,-777.55078125,-520.91650390625,0.0,0.0,-4054.20947265625,-265.65673828125,-1870.853515625,2310.302978515625,-7304.9619140625,-2459.80810546875,0.0,0.0,-412.6502990722656,-698.2640380859375,57.1533203125,-1977.957275390625,4935.9873046875,-1040.3741455078125,-64.82382202148438,2754.76123046875,-0.25947561860084534,-2.9596011638641357,-0.26660478115081787,0.5960595607757568,0.058878738433122635,-1.2606452703475952,1.4659068584442139,0.024877220392227173,1.507296085357666,-0.1129881888628006,-0.8654574155807495,-0.40952450037002563,1.2688812017440796,-1.216130256652832,-0.19348669052124023,-0.12748004496097565,0.8463897705078125,-0.4485921263694763,-2.332206964492798,0.5586842894554138,-0.7171932458877563,1.1855581998825073,-2.238722085952759,-0.14756929874420166,-0.18037483096122742
3.4166668448597193,407,158.6246337890625,-481.6009521484375,378.6982421875,255.92599487304688,315.0107421875,-409.54559326171875,2729.254150390625,-528.8234252929688,1140.075439453125,7203.75732421875,20632.923828125,-10648.625,4.5104522705078125,-18.764087677001953,-11.384841918945312,-100.552001953125,-329.2369384765625,-392.204833984375,464.6405029296875,-1.6728515625,-420.05859375,0.0,0.0,-3675.3466796875,-333.501220703125,-1988.510986328125,2360.59521484375,-6838.734375,-2921.966796875,0.0,0.0,-233.70358276367188,-63.2738037109375,-21.314453125,-2225.5302734375,4647.3447265625,-607.589111328125,404.3824462890625,1913.0858154296875,-0.2976455092430115,-2.5737316608428955,-0.1062486544251442,-0.18279597163200378,-0.07323119044303894,-1.671144962310791,1.4167262315750122,0.033624909818172455,0.8186079859733582,-0.30635860562324524,0.27320918440818787,-0.2011551856994629,1.4261358976364136,-1.4737014770507812,0.11296523362398148,-0.20254817605018616,0.6164525747299194,-0.7516663074493408,-2.0843241214752197,0.6207225322723389,-0.7307789921760559,0.7208899259567261,-1.6795129776000977,-0.5160043239593506,0.5045953989028931
3.42500017862767,408,-638.418212890625,148.17230224609375,-244.338134765625,-91.64892578125,-1059.875244140625,-718.6068115234375,2752.4365234375,-257.4962158203125,2152.946533203125,7322.1943359375,21785.3671875,-8505.1025390625,51.644981384277344,-21.212804794311523,-92.61833953857422,-2449.3916015625,-811.1702880859375,517.911376953125,2805.704345703125,94.7939453125,-1681.16162109375,0.0,0.0,-2673.92578125,479.7362060546875,-2596.85400390625,2423.331787109375,-6467.16064453125,-3632.31884765625,0.0,0.0,-103.0141830444336,-11.887939453125,295.3602294921875,-2386.68798828125,4731.79541015625,17.104248046875,-710.6448974609375,2271.903076171875,-0.4141935110092163,-2.271136522293091,-0.09639018774032593,-0.5999670624732971,-0.07166945189237595,-1.561141014099121,1.3090740442276,0.0456698052585125,0.739325225353241,-0.32271572947502136,0.5873335003852844,-0.19989433884620667,1.209126591682434,-1.4474217891693115,0.27848777174949646,-0.14716622233390808,0.2900187373161316,-0.9164415001869202,-1.9675439596176147,0.7621622085571289,-0.6208927035331726,0.6783050894737244,-0.9054904580116272,-0.4847283363342285,0.4879673719406128
3.4333335123956203,409,91.73361206054688,325.8179626464844,73.9736328125,512.1533203125,-189.869140625,-269.02679443359375,2739.26513671875,-30.37225341796875,1582.903076171875,10925.7451171875,27343.791015625,-10980.6142578125,14.55472469329834,2.18182373046875,-0.7922439575195312,-155.89801025390625,-127.7269287109375,-89.92041015625,440.9568786621094,498.571533203125,-459.2578125,0.0,0.0,-3076.1943359375,-506.6829833984375,-1714.3385009765625,2011.376220703125,-7303.9736328125,-2607.20361328125,0.0,0.0,-219.5251007080078,-26.3450927734375,-11.796875,-2200.011962890625,4918.4794921875,265.69189453125,330.1219482421875,1359.5089111328125,-0.7195928692817688,-2.557957172393799,-0.3213770091533661,-0.2575473487377167,0.041690800338983536,-1.4237171411514282,1.4541802406311035,0.05610557645559311,0.564507007598877,0.012044984847307205,0.8112465143203735,-0.35739022493362427,0.9728277921676636,-1.5306217670440674,-0.32251086831092834,-1.0372841358184814,0.6706740260124207,-0.5385932326316833,-1.0023542642593384,-0.0034158118069171906,-0.2651684284210205,1.3235020637512207,-1.6469011306762695,-1.2833449840545654,1.183192253112793
3.441666846163571,410,1296.080810546875,679.781494140625,-342.802490234375,512.3861694335938,425.7119140625,-251.14779663085938,2223.406494140625,864.289306640625,1503.9739990234375,11747.3662109375,24986.38671875,-10394.912109375,50.3564567565918,-12.49501895904541,-56.049659729003906,2692.482666015625,-403.7735595703125,-735.224609375,-2273.22021484375,-838.3369140625,522.58154296875,0.0,0.0,-2532.08740234375,-717.24072265625,-854.3294677734375,2045.3746337890625,-7279.04296875,-2578.320068359375,0.0,0.0,-436.6980895996094,-441.1646728515625,-270.00341796875,-1725.82177734375,5113.44140625,947.4171142578125,-42.0252685546875,1365.5692138671875,-0.7211548089981079,-2.4155478477478027,-0.2778996229171753,-0.4414546489715576,0.04675209894776344,-1.314247727394104,1.3443372249603271,0.12553295493125916,0.4984443187713623,0.013377360999584198,1.1117138862609863,-0.447966605424881,0.7551983594894409,-1.461040735244751,-0.2336193025112152,-0.9679298996925354,0.6203181147575378,-0.649501383304596,-0.9870429635047913,-0.0616578683257103,-0.2934759557247162,1.2628566026687622,-1.1710660457611084,-1.1563714742660522,1.2249196767807007
3.4500001799315214,411,55.4898681640625,-349.39080810546875,159.49072265625,467.14984130859375,141.02783203125,-145.228515625,2178.259033203125,306.4063720703125,1980.285400390625,11429.16015625,23725.197265625,-8462.78515625,19.80716896057129,-19.13924789428711,4.5246429443359375,-86.525634765625,-377.43341064453125,-292.294677734375,454.801513671875,53.6630859375,-438.86962890625,0.0,0.0,-2623.39794921875,-512.8304443359375,-1228.87060546875,1858.761474609375,-7274.736328125,-3746.802001953125,0.0,0.0,-216.8684844970703,-19.170166015625,-23.3104248046875,-2465.34716796875,5175.4892578125,853.8035888671875,294.1929931640625,1389.90625,-0.6588713526725769,-2.079099178314209,-0.3011118173599243,-0.7293171286582947,-0.1200842335820198,-1.551241397857666,1.0425368547439575,0.13607656955718994,0.7562981247901917,-0.24492788314819336,1.0340348482131958,0.16760480403900146,0.6513159275054932,-1.2697558403015137,-0.1668151170015335,-0.6883318424224854,0.2636161148548126,-0.5419256091117859,-1.074867844581604,0.2545762360095978,-0.130328968167305,1.1546037197113037,-0.14069393277168274,-1.3362767696380615,1.1031577587127686
3.458333513699472,412,-1457.5654296875,66.19525146484375,-1680.785888671875,-537.2021484375,-1017.310302734375,-454.4410400390625,2014.62939453125,580.129150390625,2844.2197265625,16406.181640625,25301.67578125,-11038.744140625,60.03825378417969,-11.142091751098633,-71.84793090820312,-3218.8125,-250.1998291015625,1387.09130859375,4193.046875,845.49609375,-2106.8408203125,0.0,0.0,-1734.02880859375,97.386474609375,-1203.069580078125,1786.4324951171875,-6529.0078125,-3340.7998046875,0.0,0.0,-264.8705749511719,102.62548828125,90.8966064453125,-2167.308349609375,5478.7041015625,843.8264770507812,-1170.2501220703125,1075.638671875,-0.6307874917984009,-1.8520634174346924,-0.23028339445590973,-0.6418284773826599,-0.011169970035552979,-1.495450496673584,1.0035781860351562,0.18881584703922272,0.8775649666786194,-0.19558843970298767,1.0394068956375122,-0.22164267301559448,0.4630611538887024,-1.1220996379852295,-0.2283494919538498,-0.6414808034896851,0.3480691611766815,-0.5579901933670044,-0.8734955191612244,0.14976295828819275,-0.07966546714305878,1.19442617893219,-0.192806214094162,-1.2125746011734009,1.1785966157913208
3.4666668474674225,413,306.892333984375,499.1405029296875,-104.875,281.25,-387.764404296875,-278.5309753417969,2132.21337890625,282.61962890625,2005.0174560546875,20700.05078125,32700.125,-15013.220703125,25.86667251586914,11.140095710754395,8.359970092773438,-46.77276611328125,57.10760498046875,36.84326171875,435.82568359375,500.91357421875,-301.92041015625,0.0,0.0,-2236.694091796875,-1741.261474609375,-12.77862548828125,1594.6103515625,-7856.36474609375,-1731.7210693359375,0.0,0.0,-267.3828125,51.5413818359375,-46.9564208984375,-2162.95849609375,5630.19091796875,972.3714599609375,149.917724609375,248.003662109375,-1.028954029083252,-2.0356698036193848,-0.2883196473121643,-0.21975435316562653,-0.009512759745121002,-1.3236699104309082,1.031821846961975,0.12755972146987915,0.9791073799133301,0.2784198522567749,0.9596790075302124,-0.22726663947105408,0.31205472350120544,-1.1250710487365723,-0.8986402153968811,-1.783126711845398,0.9807099103927612,-0.11956915259361267,0.693376362323761,-0.8274441361427307,0.05465705692768097,2.1872997283935547,-1.4771547317504883,-2.1748154163360596,1.766440987586975
3.475000181235373,414,1394.9093017578125,1159.925537109375,-882.91845703125,638.0323486328125,-297.147216796875,-1011.9091186523438,1434.0750732421875,1563.67138671875,538.0399780273438,22972.724609375,27613.796875,-17940.201171875,13.778789520263672,-5.319864273071289,46.14790344238281,3828.53759765625,106.0048828125,-1658.953857421875,-3580.23193359375,-1267.434326171875,709.604248046875,0.0,0.0,-2029.45068359375,-2487.37158203125,1772.853515625,1709.0880126953125,-7370.9833984375,-995.0635986328125,0.0,0.0,-614.902099609375,-300.583984375,-457.5623779296875,-2026.38720703125,5577.24755859375,1135.62890625,629.326171875,73.462890625,-1.0091753005981445,-1.973496675491333,-0.21781273186206818,-0.3413218855857849,0.02736952155828476,-1.2487666606903076,0.971920907497406,0.07721181213855743,0.7982190847396851,0.4667402505874634,1.261311411857605,0.03386210650205612,0.27086707949638367,-0.9764437675476074,-0.7969698309898376,-1.7002099752426147,1.235048770904541,-0.34278541803359985,0.8583561182022095,-0.9430856108665466,0.05201224982738495,2.044813632965088,-1.3507921695709229,-1.9715933799743652,1.869513750076294
3.4833335150033236,415,179.948486328125,-187.963134765625,-77.28271484375,723.5292358398438,-105.722412109375,-66.87158203125,1571.5296630859375,1017.472900390625,1769.0142822265625,19563.49609375,25845.705078125,-11302.4912109375,17.684471130371094,-10.777027130126953,10.137557983398438,-56.180908203125,-433.957275390625,-325.3494873046875,316.794189453125,136.46923828125,-491.333740234375,0.0,0.0,-1830.157958984375,-1705.01904296875,354.175048828125,1505.3372802734375,-7414.5859375,-3581.615966796875,0.0,0.0,41.18389892578125,-182.9830322265625,13.7523193359375,-2249.54248046875,5864.91748046875,680.406005859375,135.7535400390625,685.3624267578125,-0.9973204731941223,-1.930916428565979,-0.6854388117790222,-0.4431763291358948,-0.5067470669746399,-1.2329375743865967,0.5155051946640015,-0.005302238278090954,1.0314853191375732,-0.22710075974464417,1.0247973203659058,0.19599857926368713,0.03002108260989189,-0.5402441620826721,-0.1860707849264145,-1.283420443534851,0.07003095746040344,-0.47549524903297424,0.16034507751464844,0.29157009720802307,0.20648914575576782,1.9167895317077637,0.8390814065933228,-1.4218121767044067,1.2188740968704224
3.491666848771274,416,-885.5282592773438,-272.2772216796875,-1613.517578125,-672.75146484375,-1362.792236328125,-432.2979736328125,1895.43359375,761.131591796875,2649.129638671875,20792.759765625,26684.240234375,-9994.1103515625,57.56848907470703,26.348508834838867,-26.027114868164062,-5375.18896484375,261.97296142578125,687.471923828125,6659.4208984375,967.796630859375,-2003.972900390625,0.0,0.0,-567.0665893554688,-262.7823181152344,-907.7066040039062,1808.374755859375,-6288.009765625,-3775.5888671875,0.0,0.0,256.1619873046875,225.9464111328125,237.32843017578125,-2044.7574462890625,6507.2578125,691.962890625,-857.69482421875,963.4888916015625,-0.8940452933311462,-1.7775176763534546,-0.5774962306022644,-0.7091928720474243,-0.3547356128692627,-1.2323213815689087,0.5315579771995544,0.05911751836538315,1.1993720531463623,-0.235747292637825,0.9568581581115723,-0.13528403639793396,-0.0014292597770690918,-0.6034379601478577,-0.07999670505523682,-0.8777891397476196,-0.09189990162849426,-0.5959185361862183,-0.26990562677383423,0.6095594763755798,0.24195902049541473,2.03257417678833,1.1384326219558716,-1.3184149265289307,1.0014934539794922
3.5000001825392246,417,657.2611694335938,586.65966796875,-83.91552734375,43.25048828125,-417.261962890625,-483.71142578125,2109.12744140625,644.5701904296875,1604.364013671875,25053.826171875,31433.009765625,-14124.099609375,19.542129516601562,15.195133209228516,7.967926025390625,-51.822021484375,244.91357421875,207.25390625,492.234130859375,429.374755859375,-61.4140625,0.0,0.0,-791.4576416015625,-1243.3955078125,316.7384033203125,1359.8876953125,-7427.6123046875,-2495.2802734375,0.0,0.0,-8.994720458984375,-162.56524658203125,14.6409912109375,-1954.587158203125,6822.578125,865.4833984375,45.538330078125,367.656494140625,-1.2198323011398315,-2.134921073913574,-0.48365673422813416,-0.23623459041118622,-0.113832026720047,-0.8099963068962097,0.669001042842865,-0.044968049973249435,1.1830624341964722,0.3473484516143799,0.9751885533332825,-0.18862827122211456,-0.25176340341567993,-0.6898849010467529,-0.7553080320358276,-1.5669643878936768,0.5975385904312134,-0.37153884768486023,0.5506842136383057,-0.4180455207824707,0.5734827518463135,2.8058788776397705,-0.0008597373962402344,-1.9370949268341064,1.4101223945617676
3.508333516307175,418,352.449462890625,455.3096923828125,-220.2021484375,683.380126953125,410.553955078125,-861.9292602539062,1734.38427734375,1509.76171875,-515.6824951171875,27275.173828125,21135.490234375,-9307.978515625,83.91011047363281,-104.42064666748047,87.00142669677734,6157.494140625,-257.41107177734375,-4571.203125,-6534.3935546875,-1838.528564453125,2276.293701171875,0.0,0.0,-1018.7147827148438,-1040.417724609375,597.7200927734375,2308.1845703125,-6088.16015625,-2857.79638671875,0.0,0.0,-348.1009216308594,-498.2176513671875,-276.3524475097656,-771.330810546875,6109.3720703125,2429.14306640625,1320.174560546875,368.476806640625,-1.2677154541015625,-2.1095385551452637,-0.4125952124595642,-0.08714093267917633,0.0015428252518177032,-0.8682031631469727,0.6435815095901489,0.07639781385660172,1.1175203323364258,0.330344557762146,1.1353634595870972,-0.5373066663742065,-0.02309662103652954,-1.348657250404358,-0.7067672610282898,-1.0857242345809937,0.4072090983390808,-0.6466490030288696,-0.0906357616186142,-0.10149061679840088,0.2817780375480652,2.25467586517334,0.8247054219245911,-1.7812258005142212,1.0056164264678955
3.5166668500751257,419,25.917892456054688,-567.9619140625,-209.80908203125,927.1639404296875,210.20166015625,-219.6978759765625,2055.26220703125,873.1787109375,1373.1463623046875,25301.3828125,16570.025390625,-2279.36474609375,2.0679931640625,-25.074771881103516,21.924457550048828,-334.98046875,-791.5615844726562,-503.30322265625,31.953369140625,105.478515625,-683.301513671875,0.0,0.0,-421.0838623046875,329.9534912109375,-461.0109558105469,2213.13427734375,-5935.7314453125,-6390.38671875,0.0,0.0,-132.89346313476562,36.9423828125,-60.415008544921875,-1131.843994140625,6160.38330078125,1801.4306640625,130.206298828125,1729.279541015625,-1.3215034008026123,-1.8454704284667969,-0.6937326788902283,0.14154799282550812,-0.16449759900569916,-1.2315256595611572,0.4214800298213959,-0.10586248338222504,1.3738150596618652,-0.6930208802223206,0.9305951595306396,-0.21105855703353882,-0.04904915392398834,-0.733403205871582,-0.34933796525001526,-0.2795166075229645,-0.7558266520500183,-1.0762397050857544,-1.1680251359939575,0.7847241759300232,0.35136374831199646,1.9573062658309937,3.5944013595581055,-0.688261091709137,-0.17541636526584625
3.5250001838430762,420,390.6394348144531,718.9658203125,-1074.13427734375,-379.7755126953125,-946.7236328125,-1290.60791015625,2153.5087890625,831.35205078125,1439.369140625,25248.185546875,18234.3984375,384.66064453125,33.02294921875,83.52881622314453,-31.604827880859375,-6336.994140625,722.8448486328125,1064.9501953125,9263.859375,1319.001220703125,-3335.26025390625,0.0,0.0,430.7021484375,2371.569091796875,-2815.03173828125,2019.894287109375,-5020.27783203125,-5605.8349609375,0.0,0.0,25.533767700195312,538.1110229492188,646.5703125,-849.628173828125,7411.4013671875,1760.017333984375,-867.7045288085938,1998.8388671875,-1.0843600034713745,-1.6126842498779297,-0.4810310900211334,0.2495829463005066,-0.17105643451213837,-1.1132043600082397,0.3850955367088318,0.16765044629573822,1.6170192956924438,-0.5316287875175476,0.7970985174179077,-0.13101664185523987,-0.3807660937309265,-0.6092760562896729,-0.3228370249271393,0.16539976000785828,-0.7183910608291626,-0.7194722890853882,-1.6160269975662231,0.787948489189148,0.4729956388473511,1.9598414897918701,2.8801233768463135,-0.6098877787590027,-0.21725980937480927
3.5333335176110268,421,1171.1038818359375,752.597412109375,199.796875,-333.849365234375,-454.06103515625,-912.311767578125,1722.6263427734375,112.965576171875,968.5128173828125,29341.8515625,22949.94921875,-6965.3642578125,12.041336059570312,25.843637466430664,6.8441314697265625,-125.95556640625,397.38623046875,190.72998046875,612.9296875,240.774169921875,315.48681640625,0.0,0.0,327.87274169921875,919.8360595703125,-363.4451904296875,1632.5682373046875,-5992.2607421875,-3180.046875,0.0,0.0,-123.61978149414062,-50.89715576171875,4.86932373046875,-686.4496459960938,7968.7177734375,1878.9517822265625,-18.6494140625,837.4683837890625,-1.028708815574646,-1.7355248928070068,-0.6351654529571533,1.067131757736206,-0.02726498804986477,-0.5482277870178223,0.8730637431144714,0.40638282895088196,1.891514539718628,-0.2343120276927948,0.651019275188446,-0.27308642864227295,-0.7906466722488403,-0.639180064201355,-0.9452915191650391,-0.5917914509773254,0.520988404750824,-0.6187129616737366,-0.3205592632293701,-1.2489588260650635,0.7415741086006165,2.5848336219787598,0.6641027331352234,-1.2373981475830078,0.7522462606430054
3.5416668513789773,422,-766.0487060546875,-1975.14697265625,2.12109375,1185.87451171875,495.30712890625,-778.7843017578125,886.198974609375,784.9853515625,-971.3211669921875,30942.556640625,14374.3125,-4308.75927734375,-68.5074462890625,-105.87722778320312,177.26702880859375,5470.44384765625,-1405.349853515625,-4157.4560546875,-9121.4384765625,-1350.4921875,3226.4541015625,0.0,0.0,-1029.849853515625,820.2078857421875,1104.595703125,1794.74072265625,-4498.509765625,-3283.67431640625,0.0,0.0,-77.91775512695312,-442.28240966796875,-730.9247436523438,-432.828369140625,7120.07958984375,1992.531494140625,1760.861083984375,-63.91796875,-1.1826305389404297,-1.757226586341858,-0.6497102379798889,1.552369475364685,-0.008613849990069866,-0.524944007396698,0.820586621761322,0.4352327287197113,1.63963782787323,-0.23969663679599762,1.0945794582366943,-0.17218975722789764,-0.5679079294204712,-0.43933767080307007,-0.865736186504364,-0.6876445412635803,0.23283597826957703,-0.6925390362739563,-0.3434215486049652,-1.152081847190857,0.8317862749099731,2.519573450088501,0.900813102722168,-1.1192405223846436,0.8657148480415344
3.550000185146928,423,-451.656005859375,-795.4012451171875,-320.30126953125,1843.34228515625,347.41064453125,-227.0684814453125,1078.21484375,443.837158203125,960.47900390625,24176.197265625,12878.2373046875,6497.173828125,-21.276519775390625,-32.550724029541016,14.216049194335938,-702.9169921875,-1056.5230712890625,-530.39990234375,-183.7724609375,170.132080078125,-893.5548095703125,0.0,0.0,-562.848876953125,2073.322021484375,-888.394775390625,2269.506591796875,-4735.564453125,-7406.48828125,0.0,0.0,-74.4613265991211,68.4151611328125,-71.59576416015625,-459.2186584472656,7012.146484375,1620.8302001953125,40.04730224609375,1520.256103515625,-1.4743059873580933,-1.5443518161773682,-0.8571135401725769,1.5944243669509888,-0.008218267001211643,-0.8974618315696716,0.22492177784442902,0.29641932249069214,1.6997826099395752,-1.2473058700561523,0.6819502711296082,-0.1445297747850418,-0.420795202255249,-0.12916046380996704,0.2865310311317444,-0.42510268092155457,-1.5310938358306885,-1.010907530784607,-1.2842085361480713,0.5707367658615112,0.3980436623096466,2.5290873050689697,4.189589023590088,0.3462834358215332,-0.4777425527572632
3.5583335189148784,424,3054.78125,2819.078857421875,-1623.77734375,512.531005859375,-463.1202392578125,-122.1734619140625,86.9947509765625,-873.12548828125,1712.876953125,22615.46484375,18398.216796875,7827.5439453125,7.140777587890625,66.86351013183594,-100.74903869628906,-5724.1162109375,1453.189208984375,2052.52392578125,8757.13671875,634.46826171875,-3231.09423828125,0.0,0.0,-146.10968017578125,2696.778564453125,-2532.569580078125,1993.3602294921875,-4309.498046875,-5581.326171875,0.0,0.0,-236.2977294921875,856.5238037109375,278.779052734375,621.54248046875,7897.693359375,2147.59033203125,-591.0260009765625,1203.49755859375,-0.9469397068023682,-1.1673411130905151,-0.6940441131591797,1.3928682804107666,-0.03450362756848335,-0.784091591835022,0.1693400740623474,0.7804949283599854,1.9671895503997803,-1.1186031103134155,0.3317160904407501,-0.34966450929641724,-0.7036563158035278,-0.5378144979476929,0.5246739387512207,-0.34619203209877014,-1.3005328178405762,-0.7785167694091797,-1.0771267414093018,0.3926253318786621,0.4729389250278473,2.5769710540771484,2.8004586696624756,0.3654111921787262,0.07388073205947876
3.566666852682829,425,1720.89111328125,1084.7589111328125,105.10546875,-578.3615112304688,-919.949462890625,-429.1119384765625,-849.6224365234375,-982.890869140625,970.346435546875,22522.19921875,20704.013671875,-134.137939453125,6.9712982177734375,52.476802825927734,-1.468832015991211,66.797607421875,586.1295166015625,220.530029296875,500.498046875,23.123779296875,449.441650390625,0.0,0.0,102.02105712890625,1290.4239501953125,-416.98583984375,1942.7471923828125,-4822.67724609375,-3528.48486328125,0.0,0.0,-33.92848205566406,-41.52045440673828,25.384185791015625,456.380126953125,7935.43603515625,2035.8050537109375,-137.5299530029297,-215.4337158203125,-0.2884335219860077,-0.8171846270561218,-0.4773072898387909,1.2801305055618286,-0.19003626704216003,0.003085351549088955,0.363622784614563,1.2288479804992676,1.8693817853927612,-0.6424463987350464,0.966352105140686,-0.20367033779621124,-0.6535111665725708,-0.37925586104393005,0.5165287852287292,-0.6637181043624878,0.09256203472614288,-0.9636265635490417,0.13731500506401062,-1.3381675481796265,0.4579506516456604,2.767648220062256,0.8853095769882202,-0.019948482513427734,1.2310575246810913
3.5750001864507794,426,-228.62808227539062,-2700.424560546875,-901.6474609375,1317.8271484375,-716.0140380859375,-484.6883544921875,-2134.434326171875,489.372802734375,-195.7064208984375,24866.794921875,14139.50390625,3368.576904296875,-168.06967163085938,-48.9459114074707,129.67393493652344,4854.21240234375,-1725.52001953125,-2409.061767578125,-8534.376953125,-473.701171875,3041.1171875,0.0,0.0,-233.325927734375,1421.23828125,328.4683837890625,2132.1435546875,-2758.357421875,-3773.14306640625,0.0,0.0,-178.864990234375,-471.2152404785156,-746.0794677734375,1431.6956787109375,6387.32958984375,1542.5894775390625,1544.30322265625,-400.40924072265625,-0.5623049139976501,-0.9621322751045227,-0.5026441812515259,1.337090253829956,-0.1599448174238205,-0.016042320057749748,0.36381372809410095,0.9465665221214294,1.4389961957931519,-0.5761731266975403,1.5002329349517822,-0.2868596911430359,-0.20375747978687286,0.20455849170684814,0.2993655204772949,-0.6740365028381348,-0.06277266144752502,-0.9780830144882202,0.026618117466568947,-1.220201015472412,0.503792405128479,2.4715659618377686,1.1673450469970703,-0.013359892182052135,1.103736400604248
3.58333352021873,427,-63.25419235229492,-672.0270385742188,-647.98046875,2083.363037109375,-37.715087890625,620.3978271484375,-1298.0203857421875,122.3505859375,1061.62255859375,22542.1015625,12150.912109375,11461.0078125,-16.464508056640625,-19.085460662841797,2.1603012084960938,-547.7890625,-1109.7022705078125,-444.25390625,-345.363037109375,227.232421875,-981.024169921875,0.0,0.0,-144.6910400390625,3143.251708984375,-825.2012939453125,2433.5634765625,-2717.337890625,-7535.4326171875,0.0,0.0,-6.857330322265625,91.33016967773438,-80.86636352539062,1568.92529296875,6585.33154296875,1153.33154296875,-78.3013916015625,1160.317138671875,-0.9591448307037354,-1.258681297302246,-1.0250113010406494,1.3740407228469849,-0.28798675537109375,-0.4706360101699829,-0.19763652980327606,0.4137970805168152,1.5344141721725464,-1.1925421953201294,0.6065536737442017,-0.3981810510158539,-0.3432268500328064,0.491289347410202,0.6292037963867188,-0.32540297508239746,-1.3595830202102661,-0.9747865796089172,-1.3267027139663696,-0.16538918018341064,0.23597264289855957,2.259294271469116,4.138814449310303,1.284850835800171,-0.25562357902526855
3.5916668539866805,428,3844.564453125,5551.8173828125,-702.7216796875,692.2006225585938,468.41845703125,434.068359375,-941.061279296875,-884.0458984375,1180.66748046875,20024.630859375,15425.9755859375,11489.9287109375,92.2528305053711,53.31631851196289,-41.73554229736328,-6861.34228515625,1051.2659912109375,1911.9267578125,8893.28515625,896.5633544921875,-2888.876953125,0.0,0.0,500.0965270996094,4475.1708984375,-3110.177734375,2292.85986328125,-2250.089111328125,-6627.4794921875,0.0,0.0,-263.7523193359375,799.2955322265625,175.30435180664062,3472.02392578125,7493.615234375,1071.343994140625,-173.6849365234375,1457.561767578125,-0.42815887928009033,-0.9965229034423828,-0.7453917264938354,1.0091705322265625,-0.28815677762031555,-0.3898162543773651,-0.2071235477924347,0.5129348039627075,1.8577200174331665,-0.8613437414169312,0.2379988431930542,-0.6718092560768127,-0.12980802357196808,0.3458215296268463,0.7139942646026611,0.17120440304279327,-1.0523630380630493,-0.7932415008544922,-1.66507089138031,-0.12189610302448273,0.12247331440448761,1.9856702089309692,3.2610435485839844,1.2430238723754883,0.06229449808597565
3.600000187754631,429,2037.146484375,1426.085693359375,453.9921875,-707.1245727539062,-1098.4281005859375,-375.24884033203125,-1480.3543701171875,-1868.08203125,199.07943725585938,21180.13671875,13765.232421875,2729.2431640625,-8.689521789550781,69.73632049560547,-12.942195892333984,-105.4365234375,1176.8138427734375,519.441650390625,437.91748046875,-85.7216796875,769.9794921875,0.0,0.0,688.5531005859375,3325.8525390625,-817.19970703125,2305.353515625,-2412.659912109375,-3160.07275390625,0.0,0.0,42.43475341796875,-34.6390380859375,-23.009389877319336,2391.208740234375,7437.29638671875,1402.364990234375,-259.776611328125,-335.8271484375,0.3547869026660919,-0.0638178288936615,-0.2693246603012085,0.42765581607818604,-0.5117431282997131,0.3131159245967865,-0.024959465488791466,0.7610883712768555,2.2280569076538086,-0.27166250348091125,0.9575550556182861,0.26640409231185913,-0.04402545094490051,0.07255503535270691,0.47796982526779175,0.45095112919807434,0.4457053542137146,-0.954554557800293,-0.6044854521751404,-1.9700243473052979,0.0870995819568634,1.9271584749221802,0.14605486392974854,1.2257908582687378,1.5398553609848022
3.6083335215225816,430,-774.2451171875,-4517.6884765625,2096.504638671875,1160.7142333984375,-551.3529052734375,582.165283203125,-2643.81201171875,-1457.8365478515625,-787.6752319335938,23309.689453125,10899.9638671875,5989.68408203125,-248.97921752929688,69.65565490722656,188.62890625,4168.810546875,-1507.0186767578125,-2158.51806640625,-7086.3642578125,-532.1158447265625,3159.7001953125,0.0,0.0,344.7802734375,3327.037353515625,-208.629150390625,2170.01953125,16.640869140625,-4163.1416015625,0.0,0.0,149.991943359375,-68.19544982910156,-298.3382568359375,1928.10546875,6137.60888671875,796.9012451171875,1298.6280517578125,268.0423583984375,-0.001307360827922821,-0.3027290999889374,-0.3851199448108673,0.27047163248062134,-0.45460548996925354,0.2657642364501953,5.765492096543312e-05,0.3731517195701599,1.565219521522522,-0.3275238275527954,1.599082350730896,0.3492265045642853,0.47455543279647827,0.4445459246635437,0.3281294107437134,-0.027850385755300522,0.022896699607372284,-0.8241021633148193,-0.3765515387058258,-1.90300714969635,0.05975661799311638,1.4632760286331177,0.8615145683288574,1.0989140272140503,1.3793717622756958
3.616666855290532,431,22.26763916015625,-865.7140502929688,-289.79345703125,1420.337158203125,223.85284423828125,604.9038696289062,-1508.7119140625,-487.764892578125,110.4581298828125,20813.04296875,9910.5615234375,11813.2119140625,-29.0645751953125,-23.119670867919922,-16.753326416015625,-800.329345703125,-729.050048828125,-169.40087890625,-439.649169921875,27.9757080078125,-699.910400390625,0.0,0.0,363.68194580078125,5040.98193359375,-1290.2445068359375,2927.16943359375,620.781005859375,-6785.55078125,0.0,0.0,24.539337158203125,49.530731201171875,-74.38357543945312,1977.017333984375,5473.92626953125,-13.0146484375,-136.845947265625,826.15234375,-0.15201734006404877,-0.6993368864059448,-0.3641207814216614,-0.2869451642036438,-0.3204868733882904,0.14569558203220367,-0.17803646624088287,-0.2737744152545929,0.9187219142913818,-0.783674955368042,1.547776699066162,0.30770182609558105,0.9861909747123718,1.0465418100357056,0.6885699033737183,0.11352737247943878,-0.9311631917953491,-0.7965995073318481,-1.6965422630310059,-0.8543857932090759,-0.5463901162147522,0.8752156496047974,2.955155611038208,2.1569385528564453,0.7978830337524414
3.6250001890584826,432,2851.283203125,2571.31201171875,1393.0469970703125,527.45361328125,1215.869384765625,1176.544921875,-1098.180419921875,-1506.75732421875,191.307861328125,17608.30859375,11635.279296875,10324.97265625,-57.33837890625,117.31449890136719,-40.7830810546875,-5697.02099609375,600.6273803710938,1940.6868896484375,6383.05419921875,1275.4390869140625,-1735.7911376953125,0.0,0.0,494.593994140625,6671.55078125,-3328.38623046875,2494.63525390625,1519.63623046875,-6168.6298828125,0.0,0.0,-592.9237670898438,2022.9766845703125,384.04827880859375,2329.031982421875,6463.609375,-310.21380615234375,-2.283447265625,2009.15380859375,0.21889060735702515,-0.44201380014419556,-0.25115951895713806,-0.3830382525920868,0.17452731728553772,-0.7354955077171326,-0.24400100111961365,-0.21824753284454346,1.0865081548690796,-0.6229599118232727,1.316479206085205,0.04606432840228081,1.1695914268493652,0.7442442178726196,0.7651951313018799,0.7138168215751648,-0.8376498222351074,-0.6133679747581482,-2.0798792839050293,-0.7226344347000122,-0.6593018770217896,0.600453794002533,2.3835859298706055,2.026780366897583,0.88945072889328
3.633333522826433,433,1366.1611328125,817.2569580078125,690.7321166992188,-991.0556030273438,-163.83029174804688,-408.18487548828125,-1514.164794921875,-2279.207763671875,-891.505126953125,20639.591796875,14064.8095703125,-1846.69970703125,-25.0738525390625,47.65040588378906,-41.405120849609375,-496.844970703125,1232.499755859375,573.7257080078125,189.99951171875,-138.1016845703125,844.22802734375,0.0,0.0,495.464111328125,4163.78857421875,-989.71826171875,2322.868896484375,1199.18310546875,-487.25048828125,0.0,0.0,-1846.33349609375,3843.777099609375,320.9894714355469,2574.5556640625,5482.185546875,-141.83627319335938,-260.462646484375,-871.91064453125,1.0330899953842163,0.34864485263824463,0.585138738155365,0.9746178984642029,1.176370620727539,-2.149714708328247,-0.18451949954032898,0.023071711882948875,1.4051194190979004,0.0006635002791881561,1.8465068340301514,-0.1412685513496399,1.9119659662246704,0.5624589920043945,0.20693965256214142,0.2609914541244507,1.2061991691589355,-0.6355313658714294,0.16508270800113678,-2.5773119926452637,-0.4628492295742035,0.8090819716453552,-2.4821078777313232,2.0846426486968994,3.1902096271514893
3.6416668565943837,434,-711.16162109375,-2965.404296875,1069.627197265625,1683.9334716796875,318.0733642578125,-236.917236328125,-2789.379638671875,-2683.97509765625,-2014.114990234375,22878.564453125,15096.7392578125,-4885.6650390625,-110.13639831542969,-50.37627029418945,-8.697616577148438,3661.57275390625,-1646.48291015625,-3869.650390625,-8292.00390625,-292.51153564453125,5309.3955078125,0.0,0.0,-495.8071594238281,1705.91943359375,1052.820068359375,1157.9344482421875,2408.25048828125,1250.54833984375,0.0,0.0,-2748.32470703125,4849.9521484375,546.460205078125,2710.5166015625,4477.81640625,-187.465087890625,1883.552490234375,-2064.965087890625,0.6007441282272339,0.21115820109844208,0.41275861859321594,2.712311267852783,1.0603888034820557,-2.1935744285583496,-0.14376360177993774,-0.14843715727329254,0.7426706552505493,-0.11695139110088348,2.5707595348358154,0.07872442901134491,2.6831395626068115,0.7580605745315552,-0.4231297969818115,-1.0614629983901978,1.4836835861206055,-0.3244091868400574,2.0267858505249023,-3.1210365295410156,0.042797788977622986,0.946486234664917,-2.8744454383850098,1.915168046951294,3.2500314712524414
3.6500001903623343,435,-520.8508911132812,-664.2774658203125,-183.99606323242188,2269.242431640625,668.8881225585938,-6.310089111328125,-2381.17431640625,-973.094970703125,-771.823486328125,19103.880859375,16002.8779296875,2280.819091796875,-25.011856079101562,-23.560401916503906,-22.091567993164062,-1397.656494140625,-1103.2178955078125,-100.779296875,-1028.222412109375,-234.53053283691406,-815.01513671875,0.0,0.0,-488.5648498535156,2653.505859375,-168.4189453125,1972.982177734375,2930.1728515625,-1664.9439697265625,0.0,0.0,-1000.236328125,5353.7119140625,710.1798095703125,2090.585693359375,3408.169677734375,-729.3571166992188,-231.140380859375,-1040.4273681640625,0.23269326984882355,-0.00434943288564682,0.26417025923728943,3.430068254470825,-0.45140427350997925,-2.441068649291992,-0.2682521939277649,-0.36172282695770264,-0.24466529488563538,-0.765609622001648,2.9662439823150635,0.5663655400276184,3.36446213722229,1.1247304677963257,0.19388295710086823,-1.167608380317688,0.21481439471244812,-0.3251771330833435,1.1749078035354614,-1.8768166303634644,-0.5978606939315796,0.48317089676856995,-0.26214370131492615,3.4553513526916504,2.156416416168213
3.658333524130285,436,5777.970703125,2383.262939453125,1797.33935546875,2408.322509765625,894.9130859375,366.1924743652344,-3263.364013671875,-3636.844970703125,-131.5186767578125,12958.73828125,18638.033203125,-145.37738037109375,-183.95074462890625,279.7738037109375,-14.796279907226562,-6718.5087890625,242.45843505859375,3930.7080078125,9296.548828125,1509.7425537109375,-4216.35595703125,0.0,0.0,-655.704833984375,2704.2236328125,-963.485107421875,849.8642578125,4706.3837890625,-1228.668212890625,0.0,0.0,-778.2791137695312,7051.8271484375,1070.5958251953125,1222.11376953125,5022.25244140625,-1174.578369140625,240.148193359375,511.58642578125,0.5153322219848633,0.19851097464561462,0.2146093249320984,2.7947182655334473,-0.43040531873703003,-1.9846088886260986,0.1557045578956604,-0.1363152712583542,-0.07352319359779358,-0.6395847201347351,2.6063125133514404,0.3797701299190521,3.6133270263671875,0.7214622497558594,0.39711546897888184,-0.5817922353744507,0.11268768459558487,-0.3201831579208374,0.7825657725334167,-1.6729252338409424,-0.8155747652053833,0.35301321744918823,-0.1550949364900589,3.219010591506958,2.269274950027466
3.6666668578982353,437,1475.373046875,1010.1685791015625,1195.87548828125,-75.52783203125,-162.04931640625,-835.09423828125,-4185.55126953125,-3440.673095703125,-1652.4312744140625,9096.7431640625,12776.6943359375,-7378.1513671875,-23.30712890625,63.406768798828125,-66.58355712890625,-880.255859375,1602.789306640625,736.2542724609375,251.56982421875,-8.081298828125,1421.122314453125,0.0,0.0,-149.0869140625,3325.98095703125,-73.57275390625,2108.919677734375,6215.77099609375,2978.169189453125,0.0,0.0,-1691.6728515625,7496.2490234375,422.93951416015625,1220.650390625,1587.38916015625,-690.45556640625,-411.821533203125,-2252.337890625,1.831099510192871,0.7688812017440796,0.7820974588394165,1.838669776916504,0.34990957379341125,-2.1705710887908936,0.696332573890686,0.36185964941978455,-0.187547504901886,0.20279459655284882,3.591099500656128,0.37664079666137695,6.2261962890625,0.2680244445800781,0.9967911243438721,0.44546088576316833,1.2541472911834717,-0.7753790020942688,0.21728920936584473,-2.2658278942108154,-1.7838596105575562,-0.9276785850524902,-3.6158018112182617,3.5003750324249268,4.3551836013793945
3.675000191666186,438,-459.80517578125,-3950.22314453125,633.428466796875,3323.732421875,3405.7373046875,686.489013671875,-5708.2265625,-7357.1689453125,-325.6685485839844,5795.44384765625,9354.80078125,-2180.626708984375,-181.422119140625,-124.31346893310547,-161.9036865234375,2621.354736328125,-1312.037109375,-2036.8656005859375,-8773.599609375,1579.44873046875,2807.1875,0.0,0.0,-2161.87353515625,2058.2001953125,1005.077880859375,396.3543701171875,6798.87158203125,1402.9637451171875,0.0,0.0,-2221.012939453125,8132.77783203125,553.9639892578125,-803.2974853515625,2491.28759765625,325.8039245605469,1520.00634765625,-3201.585205078125,1.2273411750793457,0.48789486289024353,0.14660216867923737,1.9705837965011597,0.8876449465751648,-1.7518068552017212,1.291282057762146,-0.09738375246524811,-0.8570082187652588,-0.28542718291282654,3.9100341796875,0.8258079290390015,6.0069403648376465,-0.00037629157304763794,0.7076448202133179,-0.04043744504451752,0.22401957213878632,-0.36051884293556213,0.36025986075401306,-2.2454404830932617,-1.8693913221359253,-0.9915875792503357,-1.7009434700012207,3.169830083847046,3.7164254188537598
3.6833335254341364,439,-1930.7958984375,-2452.8525390625,1172.950439453125,3330.421875,1446.692626953125,698.2091674804688,-5053.2705078125,-4513.0849609375,-962.0792846679688,-4834.291015625,-1500.310546875,9932.806640625,-10.6842041015625,-34.100975036621094,-45.586368560791016,-1793.89306640625,-2928.360595703125,321.778564453125,-139.03955078125,-242.32470703125,-381.4605712890625,0.0,0.0,-1416.0870361328125,4668.697265625,-746.8889770507812,3122.94677734375,9503.90234375,-1186.900390625,0.0,0.0,-2048.223388671875,10332.1591796875,1344.79345703125,240.55482482910156,493.96728515625,462.1001892089844,-253.8232421875,-1458.97998046875,1.1226997375488281,1.5044548511505127,0.11579872667789459,-0.035858094692230225,0.6559549570083618,-3.4306044578552246,0.5341489911079407,-0.4725159704685211,-2.346081495285034,0.08950808644294739,4.632990837097168,-0.09024274349212646,7.136636734008789,-0.11766687035560608,2.353306770324707,1.7035397291183472,-1.770231008529663,-0.9553666710853577,-1.7288665771484375,-0.6338250041007996,-3.939000129699707,-3.104079008102417,0.5711269378662109,4.339878082275391,2.0011332035064697
3.691666859202087,440,6147.7509765625,422.556640625,3099.114990234375,2988.824951171875,5319.73828125,857.8912353515625,-3217.560791015625,-11594.380859375,809.6976318359375,-12522.82421875,-4467.6884765625,5812.6123046875,59.4298095703125,-289.857666015625,-235.7157440185547,-2318.285888671875,26.013427734375,4289.05419921875,9887.7978515625,3804.225341796875,-6183.1455078125,0.0,0.0,-1311.087646484375,4598.0927734375,-2131.59423828125,227.946044921875,9199.5703125,1449.780517578125,0.0,0.0,-1084.0997314453125,13414.6328125,3617.504150390625,-684.5377807617188,1009.14697265625,1283.0987548828125,1754.5537109375,-1983.450927734375,1.5290029048919678,1.3918970823287964,0.4966470003128052,-0.514009416103363,-0.3505098819732666,-2.9944229125976562,0.6723840832710266,-1.2956162691116333,-2.6884021759033203,-0.05247529596090317,3.822613477706909,-0.05348730832338333,6.664015769958496,-0.006240966729819775,2.3703196048736572,2.0214900970458984,-1.6342055797576904,-0.6152932643890381,-2.0821194648742676,-0.29914379119873047,-3.6025757789611816,-4.0394721031188965,-0.6199735999107361,3.9333572387695312,2.0384180545806885
3.7000001929700375,441,1696.8310546875,-630.5682373046875,2246.015625,-831.46435546875,2512.6201171875,-309.584228515625,-4944.77197265625,-8350.3369140625,-808.2637939453125,-35715.51953125,-29870.6953125,14782.6669921875,22.96441650390625,-16.000381469726562,-52.84947204589844,-685.9058227539062,540.9014892578125,283.64752197265625,1179.6728515625,1070.05517578125,1611.1640625,0.0,0.0,180.7763671875,11082.197265625,-4255.947265625,3420.45703125,14956.3974609375,3921.014404296875,0.0,0.0,-1010.36669921875,15117.619140625,4117.744140625,228.0579833984375,465.51904296875,356.7784423828125,-3.5078125,-2430.18310546875,3.498424530029297,2.8119945526123047,0.9761626720428467,-2.9815967082977295,-0.4148543179035187,-4.085212230682373,0.25103676319122314,-0.29315072298049927,-4.269559383392334,0.7554267048835754,6.267434597015381,-0.7885368466377258,6.578045845031738,0.745559573173523,5.991342544555664,6.065428733825684,-3.067873954772949,-1.820397138595581,-7.281093597412109,1.4757328033447266,-5.972102642059326,-8.480608940124512,-2.6615231037139893,5.039694309234619,2.2458131313323975
3.708333526737988,442,-2040.90771484375,-1125.5584716796875,9332.3125,-2849.0087890625,-2503.4482421875,-943.9166259765625,3317.99462890625,-14073.1640625,1490.434814453125,-47579.92578125,-31451.609375,20019.208984375,318.6988220214844,-295.4416809082031,-20.276573181152344,870.8561401367188,2001.61181640625,6512.0478515625,-2011.5361328125,3105.9658203125,-2131.95166015625,0.0,0.0,1279.0537109375,10795.396484375,-9466.88671875,4682.8916015625,13946.65234375,2537.2080078125,0.0,0.0,-880.076904296875,15619.697265625,5256.2978515625,-440.820068359375,-4462.431640625,2190.25634765625,-236.6640625,-6727.265625,2.7332639694213867,2.753105878829956,0.2062492072582245,-2.904792308807373,-0.33269381523132324,-3.1935369968414307,1.043179988861084,-1.3763642311096191,-4.794213771820068,-0.12128397822380066,6.111917018890381,-0.6931511163711548,6.2150983810424805,0.8003012537956238,6.681826591491699,6.131832122802734,-4.764473915100098,-1.5204455852508545,-8.116039276123047,2.40168833732605,-5.6736369132995605,-9.65552806854248,-1.3355636596679688,4.449511528015137,2.1307342052459717
3.7166668605059385,443,-1977.66796875,297.73175048828125,1620.3388671875,-1563.2989501953125,1856.9888916015625,820.491943359375,2568.50537109375,-8965.0791015625,251.62847900390625,-48974.2265625,-17543.767578125,19596.076171875,-0.2685422897338867,18.2821044921875,10.593353271484375,259.48114013671875,590.4984130859375,120.81982421875,1592.607666015625,1616.26025390625,1111.6533203125,0.0,0.0,899.6866455078125,9908.212890625,-5131.8046875,2992.18310546875,14087.4892578125,1777.287353515625,0.0,0.0,-563.7340087890625,12733.2001953125,2808.328857421875,331.9527587890625,-103.49853515625,-5.232666015625,333.08642578125,-4597.53662109375,1.8022409677505493,0.1694018393754959,-0.8173433542251587,-0.9720368385314941,-0.5913593769073486,-0.5401524901390076,2.9684298038482666,-0.8659708499908447,-7.1711297035217285,0.5163941383361816,5.122564792633057,-1.2854340076446533,2.220827341079712,2.4924864768981934,6.353960037231445,3.274167537689209,-4.395066738128662,-1.0997693538665771,-6.603266716003418,-1.2869199514389038,-3.7957942485809326,-8.887994766235352,-0.5804750919342041,3.623650312423706,0.21256586909294128
3.725000194273889,444,-10621.5517578125,2323.635986328125,5530.8525390625,-3878.00927734375,484.8282470703125,487.5015869140625,9084.3466796875,-13170.220703125,3274.43115234375,-58829.4375,-14797.609375,6063.4609375,38.03629684448242,793.5958251953125,47.24622344970703,-1482.2393798828125,2117.53369140625,12026.048828125,-7232.63427734375,2172.5439453125,1139.6669921875,0.0,0.0,3347.53466796875,8508.607421875,-8790.7802734375,6129.6083984375,12190.7568359375,-1683.9906005859375,0.0,0.0,347.74884033203125,13201.5283203125,1564.47412109375,-2599.631591796875,-12034.30859375,-5853.03125,-5242.8544921875,497.4710693359375,1.5162791013717651,0.5501607656478882,-0.9578997492790222,-0.7666670083999634,0.2321368157863617,-0.14107021689414978,3.443190097808838,-0.16255784034729004,-6.6478590965271,-0.13090287148952484,3.3420915603637695,1.598082184791565,6.559337139129639,6.906400680541992,5.720188617706299,3.587467670440674,-3.356222152709961,-0.33497482538223267,-5.646589756011963,-1.1547304391860962,-2.7872636318206787,-9.01741886138916,1.3717917203903198,3.2140727043151855,-1.1116478443145752
3.7333335280418396,445,-4692.02685546875,2850.962646484375,2.9931640625,-1332.8140869140625,16.54052734375,45.3873291015625,8412.966796875,-12617.076171875,1887.80712890625,-22596.87109375,7068.6484375,-20781.845703125,-28.521696090698242,101.94998168945312,-18.005531311035156,1178.338623046875,2146.625244140625,2121.2802734375,1076.8173828125,2178.0849609375,420.3369140625,0.0,0.0,3654.600830078125,-924.681884765625,-3467.56396484375,1227.53759765625,9480.42578125,3055.954345703125,0.0,0.0,-141.25994873046875,13440.2734375,-220.39794921875,400.48309326171875,-3054.762451171875,23.4459228515625,530.4556884765625,-7419.12451171875,0.006100818514823914,0.7596730589866638,-0.6428562998771667,-0.735538125038147,0.6297093033790588,-0.30998826026916504,4.594104766845703,0.230918288230896,-6.435140132904053,0.6156394481658936,3.5476505756378174,-1.0119214057922363,-1.2590583562850952,1.5380877256393433,-0.628688395023346,-0.32081109285354614,1.3368760347366333,-0.7977030277252197,2.6211917400360107,-5.3495988845825195,1.4290883541107178,-6.009841442108154,-2.667450189590454,-1.6808222532272339,5.4544806480407715
3.74166686180979,446,-350.3642578125,2734.50537109375,763.79296875,-2594.408203125,2520.093505859375,-465.3870849609375,9970.20703125,-10476.3359375,3705.7392578125,-23440.87109375,13857.8515625,-38034.44140625,-139.20326232910156,415.05108642578125,-33.29145050048828,7241.6943359375,-812.3430786132812,3234.181640625,-4501.84326171875,436.75048828125,3801.742919921875,0.0,0.0,7150.41845703125,-4383.7783203125,3334.14794921875,2249.126953125,6869.4365234375,7813.7265625,0.0,0.0,2262.2080078125,11999.912109375,-91.9619140625,3723.9462890625,-5935.0654296875,-337.6407470703125,-1153.9447021484375,-5417.6171875,0.5382825136184692,0.3741002678871155,-0.8883482813835144,-0.8289352655410767,-0.3420685827732086,0.2699430286884308,3.1470837593078613,1.4251407384872437,-6.577450275421143,0.284285306930542,3.5939602851867676,-1.5574851036071777,-1.0425397157669067,0.41713541746139526,-1.828350305557251,-2.3545196056365967,4.059557914733887,-1.6343899965286255,4.976097106933594,-5.317766189575195,2.20284366607666,-3.791484832763672,-5.408954620361328,-1.655470848083496,5.923288822174072
3.7500001955777407,447,-1564.5660400390625,-1334.4345703125,1331.4873046875,-3277.250244140625,1396.9093017578125,423.305419921875,7532.78173828125,-10750.2412109375,3445.269287109375,-25392.939453125,13443.9013671875,-23913.64453125,8.485443115234375,8.637939453125,-57.99311065673828,1639.1171875,-102.5853271484375,1435.021484375,-62.4677734375,1846.107177734375,45.8948974609375,0.0,0.0,3870.96728515625,-4220.8330078125,-564.47265625,-327.31396484375,6528.4130859375,2459.358154296875,0.0,0.0,1184.4833984375,11462.4609375,645.664794921875,1556.7142333984375,-2799.886474609375,1385.4521484375,746.62158203125,-6032.90380859375,0.8336416482925415,0.9255682826042175,-1.3227487802505493,-0.8862678408622742,0.6102591753005981,0.7080709338188171,2.2982287406921387,2.6220529079437256,-5.940258026123047,0.3489103317260742,2.985203742980957,0.3049777150154114,-3.4874908924102783,-0.9954516887664795,-1.3389936685562134,-2.095039129257202,1.4542137384414673,1.0535855293273926,4.4479169845581055,-1.7805687189102173,4.089434623718262,-3.2233664989471436,-0.7574325799942017,-3.0512795448303223,5.911267280578613
3.758333529345691,448,4156.423828125,-11029.83984375,-1674.0263671875,-4013.450439453125,3035.761962890625,-361.427734375,6213.60400390625,-5756.6669921875,4841.80908203125,-38168.921875,17807.64453125,-15545.109375,-49.716819763183594,41.94281005859375,112.98858642578125,154.90771484375,954.511962890625,-248.71484375,9638.6982421875,625.4150390625,1399.3067626953125,0.0,0.0,6408.59765625,-3943.093505859375,3363.55712890625,633.16552734375,4980.74072265625,1169.4588623046875,0.0,0.0,1922.1748046875,9197.287109375,-161.9820556640625,1621.3154296875,-1344.47265625,-1568.363525390625,-708.717529296875,-2720.948486328125,0.5822120308876038,0.8554407358169556,-1.3602828979492188,-1.0541131496429443,0.5398173332214355,0.6582311391830444,1.8573057651519775,2.385993242263794,-5.917403221130371,0.15996378660202026,2.109849452972412,0.39870843291282654,-3.852259874343872,-0.6661956906318665,-1.0669180154800415,-2.3529815673828125,1.0387150049209595,0.8255792260169983,4.723718166351318,-1.713714838027954,4.105108261108398,-2.9914238452911377,-0.006501391530036926,-2.8751580715179443,4.789780616760254
3.7666668631136417,449,2073.283447265625,-3909.506591796875,711.5478515625,-4182.37109375,2181.58056640625,911.636962890625,5467.94482421875,-6422.2314453125,5096.63671875,-36538.5078125,17776.625,1256.4091796875,16.679931640625,-74.9801025390625,-45.47388458251953,1798.41650390625,428.7017822265625,719.240234375,276.37628173828125,-140.613525390625,196.92727661132812,0.0,0.0,2717.60693359375,-3578.03125,496.97955322265625,-2318.201171875,4451.53515625,-3434.741455078125,0.0,0.0,1219.4765625,9777.5166015625,467.1976318359375,1123.7578125,-1642.839599609375,657.357666015625,902.020263671875,-2355.842529296875,0.5951690077781677,1.2710309028625488,-1.9645715951919556,-1.797438383102417,1.1014494895935059,0.14428570866584778,1.1740208864212036,2.59089994430542,-5.074283123016357,-0.029774002730846405,0.6863085627555847,0.7750287652015686,-3.3247780799865723,-2.3831703662872314,-1.1930108070373535,-2.1622397899627686,-1.771213173866272,3.763632297515869,4.0083394050598145,0.6228539347648621,6.211705207824707,-2.359184980392456,3.586014747619629,-3.9347903728485107,4.072281360626221
3.7750001968815923,450,-409.82568359375,-517.38916015625,-1641.16357421875,-2664.370361328125,3231.11279296875,1184.5611572265625,4400.677734375,-3528.89794921875,5566.83837890625,-32624.71875,15808.2529296875,2293.000732421875,31.0609130859375,-189.75564575195312,-28.491058349609375,1219.93505859375,-625.1776123046875,-2774.439453125,-1163.982421875,398.75,1099.1748046875,0.0,0.0,2764.623046875,-4223.859375,-314.6690673828125,-2890.051025390625,5547.93994140625,-2959.611083984375,0.0,0.0,1106.7254638671875,9709.1923828125,-73.005126953125,158.260009765625,-41.24951171875,199.57080078125,386.297607421875,-2699.1259765625,-0.01553162932395935,1.5639499425888062,-1.7300957441329956,-2.2942605018615723,1.3666141033172607,0.06778360903263092,1.5341475009918213,1.7243226766586304,-4.474610328674316,0.3396869897842407,-0.4571129381656647,1.1364991664886475,-3.835388660430908,-1.6489382982254028,-1.8670623302459717,-1.0990259647369385,-1.0657354593276978,3.1618807315826416,3.2849888801574707,1.2280884981155396,5.481766223907471,-3.454580068588257,2.3585684299468994,-3.6347763538360596,3.645402193069458
3.783333530649543,451,-397.156005859375,-821.176025390625,385.90966796875,-1773.09375,1368.2119140625,393.8675537109375,5397.58447265625,-5740.0654296875,3954.34912109375,-28392.5,9801.69921875,580.049072265625,-4.4195098876953125,-20.407867431640625,-19.095497131347656,636.414306640625,233.521728515625,198.0517578125,324.8260498046875,242.830322265625,194.69647216796875,0.0,0.0,3185.06982421875,-4005.940185546875,-558.272216796875,-2128.8623046875,5928.3505859375,-2996.8857421875,0.0,0.0,1441.4779052734375,9652.650390625,-247.8154296875,331.4158935546875,-395.09912109375,-174.4385986328125,976.40576171875,-2229.583984375,-0.5234314799308777,2.4425230026245117,-1.1516575813293457,-2.6667511463165283,1.0196677446365356,0.11616559326648712,1.5310070514678955,1.053368330001831,-2.9300129413604736,1.1836763620376587,-1.6007153987884521,0.9229944944381714,-3.269914150238037,-1.1975429058074951,-2.404770612716675,-0.044746577739715576,-0.7082960605621338,2.622403860092163,2.801349639892578,1.2735300064086914,4.464346885681152,-3.5459365844726562,2.0731682777404785,-3.8156251907348633,2.9825081825256348
3.7916668644174933,452,-2922.47216796875,4071.027099609375,1387.677734375,-448.8739013671875,1882.33056640625,183.5430908203125,6098.5927734375,-3554.0810546875,2654.386474609375,-29470.03515625,11852.322265625,3339.5390625,28.97679901123047,-153.41485595703125,47.01172637939453,-2189.29443359375,-1345.2900390625,38.82861328125,857.018798828125,1099.666748046875,1311.613037109375,0.0,0.0,2012.90771484375,-3710.537109375,-545.5480346679688,-3167.592041015625,6275.12158203125,-4623.30419921875,0.0,0.0,2114.519287109375,10376.322265625,-679.171142578125,-496.76226806640625,71.109375,922.405517578125,1658.006591796875,-6354.4853515625,-0.6790107488632202,2.4023540019989014,-0.8723911643028259,-2.5842432975769043,0.9103331565856934,0.39575523138046265,1.2759298086166382,0.8610312342643738,-2.733910083770752,1.3895694017410278,-2.068690299987793,0.9750857353210449,-3.1501901149749756,-1.0263115167617798,-2.46691632270813,0.34791767597198486,-0.8486508727073669,2.4964957237243652,2.205134630203247,1.1839081048965454,4.163868427276611,-4.100593566894531,1.9777638912200928,-3.4808051586151123,3.0648491382598877
3.800000198185444,453,-1662.5633544921875,-208.79542541503906,728.11181640625,-161.08935546875,1091.97998046875,-857.849365234375,6360.61083984375,-5193.97265625,3039.43212890625,-30940.875,13405.9833984375,1678.506103515625,-19.902496337890625,9.587356567382812,-14.159423828125,289.5989990234375,273.369384765625,399.89013671875,573.303466796875,31.140869140625,299.9222412109375,0.0,0.0,2834.548095703125,-4518.28173828125,-811.8260498046875,-2261.64599609375,4691.4482421875,-3782.912353515625,0.0,0.0,2244.694091796875,9649.0,-1067.824462890625,613.2093505859375,-297.478515625,106.5828857421875,993.69189453125,-3447.6904296875,-0.7879132032394409,2.6300556659698486,-0.23717914521694183,-2.092329263687134,0.7719384431838989,0.9760223627090454,1.4840456247329712,0.6757106184959412,-1.6439831256866455,1.0539456605911255,-2.614010810852051,0.0003438591957092285,-2.604105234146118,-0.29436156153678894,-2.0389652252197266,0.045592620968818665,-0.5319957137107849,1.7001267671585083,2.6646602153778076,1.273755669593811,3.1384270191192627,-2.541647434234619,1.0316003561019897,-2.672337532043457,0.5003343820571899
3.8083335319533944,454,-2650.306396484375,3019.775634765625,1766.89990234375,329.336181640625,1512.14501953125,-578.8473510742188,6503.3955078125,-3257.95263671875,1619.26708984375,-27276.50390625,14337.0439453125,3391.8818359375,9.418373107910156,-178.41864013671875,-56.951438903808594,1233.81201171875,-493.181396484375,-154.55615234375,-1711.54052734375,1219.78759765625,1740.890869140625,0.0,0.0,1051.2989501953125,-5694.7900390625,-847.445556640625,-3003.9140625,4780.3271484375,-5167.927734375,0.0,0.0,2659.18115234375,9931.896484375,-1247.7415771484375,504.4637451171875,-28.343505859375,1036.5465087890625,1880.8642578125,-6377.44384765625,-0.5981661081314087,2.536421298980713,-0.3906523883342743,-1.9979379177093506,0.8186542987823486,1.134276032447815,1.285112738609314,1.0355165004730225,-1.6952111721038818,0.8838335871696472,-2.8710618019104004,0.1790754646062851,-2.5069451332092285,-0.12302900105714798,-1.7030425071716309,0.17001576721668243,-0.5776675939559937,1.5974503755569458,2.338261365890503,1.1710988283157349,3.2227466106414795,-2.626356363296509,0.9409981966018677,-2.472508668899536,0.5968630313873291
3.816666865721345,455,-2179.605224609375,201.756103515625,669.72509765625,104.808349609375,614.5390625,-863.4664306640625,6231.51904296875,-4680.4853515625,3199.790283203125,-31227.86328125,12562.8291015625,-241.27316284179688,-11.28580379486084,21.084625244140625,0.41811370849609375,284.6288146972656,293.49365234375,288.73828125,618.676513671875,292.303466796875,448.150146484375,0.0,0.0,2269.003173828125,-5868.150390625,-697.0072021484375,-2057.488525390625,3970.9521484375,-4682.0810546875,0.0,0.0,2339.41552734375,9278.677734375,-1552.0123291015625,788.42724609375,8.615966796875,271.21478271484375,1104.084716796875,-3890.90771484375,-0.43319353461265564,2.8202455043792725,-0.2118770331144333,-1.898464560508728,1.0589923858642578,1.5895061492919922,1.4250917434692383,1.1097822189331055,-0.8009303212165833,-0.06642899662256241,-3.388792037963867,-0.060179270803928375,-2.3365581035614014,0.5039839744567871,-0.9389776587486267,0.4329394996166229,0.04365327209234238,0.5397940278053284,2.289182424545288,0.9511399865150452,2.2242696285247803,-1.7883464097976685,0.3977605700492859,-1.6502031087875366,-1.4426524639129639
3.8250001994892955,456,-3208.032958984375,-1678.110107421875,1242.05419921875,-139.57476806640625,1860.58642578125,-700.2236938476562,6493.595703125,-4141.18359375,2048.39990234375,-26840.27734375,12124.8642578125,2228.9755859375,44.21991729736328,-34.04833221435547,61.864784240722656,-539.9056396484375,554.764892578125,777.0087890625,1716.8936767578125,863.91015625,1561.19775390625,0.0,0.0,827.9649658203125,-6023.3076171875,-771.9537353515625,-2441.0166015625,4425.455078125,-5549.93798828125,0.0,0.0,2073.970703125,9273.51171875,-1190.1517333984375,714.8729248046875,111.343994140625,413.10333251953125,1457.824462890625,-5155.44580078125,-0.27182134985923767,2.663895606994629,-0.3396144211292267,-1.7757457494735718,1.164778709411621,1.885429859161377,1.0670086145401,1.294316291809082,-0.8102191090583801,-0.16149529814720154,-3.7873635292053223,0.24967041611671448,-2.196755886077881,0.6832578778266907,-0.890812337398529,0.5095713138580322,0.017139233648777008,0.7024955153465271,2.0703086853027344,0.8174716234207153,2.3707785606384277,-1.9006233215332031,0.4279424548149109,-1.5699372291564941,-1.4271577596664429
3.833333533257246,457,-1667.78564453125,-733.7234497070312,362.1806640625,-221.07614135742188,874.7509765625,-477.435546875,6458.5283203125,-4745.19970703125,3361.71630859375,-30160.875,9927.1328125,2224.43994140625,-10.392797470092773,3.5304183959960938,5.5142059326171875,300.0126953125,192.320556640625,260.47900390625,703.0775756835938,39.173095703125,354.70068359375,0.0,0.0,1487.74609375,-5967.478515625,-917.068115234375,-1981.7213134765625,4338.033203125,-5657.3994140625,0.0,0.0,2022.927978515625,9245.52734375,-1202.0150146484375,441.9058837890625,216.775634765625,53.405029296875,1306.7001953125,-3322.0009765625,-0.2087571918964386,2.994748115539551,-0.4408226013183594,-2.336552143096924,1.154525876045227,1.7668871879577637,0.9642155170440674,1.2054604291915894,-0.42762646079063416,-0.8865601420402527,-4.4965715408325195,0.45937106013298035,-2.104241132736206,0.921112596988678,-0.2832387685775757,0.8371063470840454,-0.0012490302324295044,0.15525878965854645,1.8503788709640503,0.8801982402801514,1.8245165348052979,-1.710256814956665,0.4319973587989807,-1.3235915899276733,-2.7927443981170654
3.8416668670251966,458,-297.49560546875,-1097.369873046875,-702.09912109375,-583.604736328125,1204.0322265625,-291.35400390625,6329.89599609375,-4479.697265625,2214.58154296875,-24908.95703125,8054.8017578125,7515.84912109375,53.085479736328125,-31.067611694335938,43.43940734863281,-224.8428955078125,-241.907470703125,-66.81396484375,1331.5283203125,766.14111328125,1447.57763671875,0.0,0.0,-81.13998413085938,-5673.88330078125,-1430.8419189453125,-2954.89013671875,5566.4853515625,-6839.01904296875,0.0,0.0,1375.102294921875,9481.30859375,-534.2611694335938,-71.80780029296875,304.899169921875,39.9859619140625,1730.7294921875,-3338.412109375,-0.10959646105766296,2.9527077674865723,-0.5224317908287048,-2.4337663650512695,1.2891682386398315,1.929718255996704,0.6602171063423157,1.2464312314987183,-0.3758547306060791,-0.8880244493484497,-5.195995807647705,0.793666660785675,-1.809758186340332,1.053040862083435,-0.24368973076343536,1.081275224685669,-0.3838871121406555,0.40310603380203247,1.4205310344696045,0.9314365983009338,2.0489726066589355,-1.9645813703536987,0.7277448773384094,-1.279433250427246,-2.9788098335266113
3.850000200793147,459,-921.8642578125,-327.10894775390625,253.681884765625,-708.8723754882812,526.7744140625,26.3831787109375,6495.67626953125,-4864.70458984375,3464.413330078125,-27519.615234375,6021.927734375,7245.56298828125,-3.5002899169921875,9.089942932128906,14.49737548828125,376.114501953125,72.65234375,248.719970703125,692.431640625,-103.388427734375,294.682861328125,0.0,0.0,649.6085205078125,-5457.41796875,-1584.142578125,-2394.257568359375,5755.8310546875,-6625.888671875,0.0,0.0,1500.3917236328125,9098.8603515625,-478.4256591796875,-316.087890625,-98.998779296875,-311.986572265625,1528.871337890625,-1875.8583984375,-0.04829108715057373,3.0867409706115723,-0.6589779257774353,-2.729417324066162,1.1234140396118164,2.0994222164154053,0.5398305654525757,1.0257658958435059,-0.14963991940021515,-1.5186383724212646,-5.926544189453125,0.9472070932388306,-1.3310623168945312,1.2548272609710693,0.18096652626991272,1.3303066492080688,-0.32622766494750977,-0.18226993083953857,1.1248785257339478,1.0001399517059326,1.4447835683822632,-1.986806869506836,0.4539080858230591,-1.016584873199463,-3.933701992034912
3.8583335345610976,460,669.6900024414062,121.33175659179688,-353.259033203125,-683.5999755859375,-930.52490234375,246.3829345703125,7197.49951171875,-5498.10205078125,2452.478759765625,-19498.587890625,7139.99169921875,11430.45703125,11.345123291015625,3.3383560180664062,51.612648010253906,-1011.4256591796875,-740.7724609375,-393.641845703125,1430.19970703125,116.981689453125,807.7275390625,0.0,0.0,-1279.598388671875,-5247.16015625,-3031.22021484375,-3293.76513671875,7199.052734375,-8080.34423828125,0.0,0.0,925.7947998046875,9572.791015625,-138.4658203125,-761.7232666015625,391.6807861328125,179.4385986328125,1689.03076171875,-1225.3291015625,-0.17463058233261108,2.9331319332122803,-0.574077308177948,-2.7060904502868652,1.0714201927185059,2.2720227241516113,0.6367389559745789,0.8139485716819763,-0.09319300204515457,-1.4380316734313965,-6.253407001495361,0.8690648078918457,-1.2517995834350586,1.1457239389419556,-0.09304642677307129,1.3473811149597168,-0.5968753099441528,0.021529842168092728,0.8694601058959961,1.3113397359848022,1.665473461151123,-2.0891966819763184,0.6616443395614624,-1.0646213293075562,-4.152815341949463
3.866666868329048,461,-808.744873046875,239.94955444335938,255.488037109375,-671.977294921875,156.140625,178.78564453125,7277.8447265625,-4738.77978515625,3444.242919921875,-21671.4375,13822.5693359375,7065.40185546875,-3.3338699340820312,19.389442443847656,18.943626403808594,391.3837890625,-178.677490234375,229.918212890625,635.56005859375,-202.498046875,218.3017578125,0.0,0.0,-175.40106201171875,-6384.212890625,-2054.623779296875,-2387.0419921875,6088.8994140625,-6262.57568359375,0.0,0.0,1155.19287109375,8850.4814453125,-651.6512451171875,-356.51226806640625,-87.65777587890625,-360.9820556640625,1794.425048828125,-649.62060546875,-0.1822504848241806,2.106522560119629,-0.4990587532520294,-1.9440425634384155,0.8596665859222412,2.6910347938537598,0.9812079668045044,0.6600550413131714,-0.5130631923675537,-1.8752291202545166,-6.186773777008057,0.48754310607910156,-0.765521228313446,1.4867076873779297,0.24919259548187256,0.12674179673194885,0.14670021831989288,-0.8426206707954407,1.7539303302764893,0.44837674498558044,0.7884958982467651,-1.0019952058792114,-0.8900167942047119,-1.0728660821914673,-4.298551082611084
3.8750002020969987,462,294.2215576171875,566.3087158203125,94.57177734375,61.301116943359375,-1116.64111328125,36.26751708984375,7572.9541015625,-5858.10546875,2483.12646484375,-14893.72265625,16604.068359375,10008.25390625,-5.144783020019531,-60.380767822265625,37.25200653076172,1784.31298828125,-801.131103515625,-1728.559326171875,-1769.57080078125,-450.7275390625,1271.22119140625,0.0,0.0,-2007.239990234375,-8104.92919921875,-2164.3701171875,-3275.6337890625,7204.8955078125,-6431.43994140625,0.0,0.0,292.23846435546875,9031.568359375,-227.046142578125,-422.7640380859375,827.5574951171875,-19.958251953125,1802.6602783203125,-4.677734375,-0.3015328645706177,1.9088759422302246,-0.41649341583251953,-1.6079684495925903,0.8736482858657837,2.6821179389953613,0.8310545086860657,0.574475884437561,-0.35012194514274597,-1.7328758239746094,-6.376423358917236,0.48321637511253357,-0.7226389050483704,1.3988066911697388,-0.04742271453142166,-0.3281671404838562,-0.05377061292529106,-0.6245845556259155,2.176671266555786,0.330387681722641,1.067990779876709,-0.41539132595062256,-1.1262084245681763,-1.0806689262390137,-4.08854866027832
3.8833335358649492,463,-1101.16259765625,758.132080078125,625.3450927734375,-104.5162353515625,-85.9512939453125,23.712646484375,7394.97119140625,-4927.8173828125,3371.993896484375,-16343.87109375,20684.169921875,6960.8203125,-3.2543487548828125,29.436798095703125,18.225486755371094,464.02447509765625,-106.013427734375,255.9359130859375,590.423828125,-106.437255859375,506.0224609375,0.0,0.0,-1132.1015625,-8635.693359375,-1335.6129150390625,-2669.2353515625,6957.45556640625,-4261.7021484375,0.0,0.0,996.6512451171875,8175.17431640625,-570.2154541015625,-440.88543701171875,-42.201568603515625,-374.850830078125,1949.891357421875,-210.1748046875,-0.2019757181406021,1.1945849657058716,-0.3799991011619568,-1.1074268817901611,0.29794418811798096,3.179628849029541,1.0341136455535889,0.570216178894043,-0.8436049818992615,-2.088648557662964,-5.964585304260254,0.4791300594806671,0.03590558096766472,1.5715776681900024,0.1777046173810959,-0.9984499216079712,0.4444308876991272,-1.2666325569152832,2.4813034534454346,-0.3323512077331543,0.44046974182128906,-0.16135424375534058,-2.8330836296081543,-1.1182183027267456,-3.604527235031128
3.8916668696328998,464,-1234.4873046875,58.061500549316406,954.7431640625,835.0233154296875,478.855712890625,654.5562744140625,7638.32080078125,-5814.26953125,3602.50830078125,-16084.72265625,23999.875,11294.666015625,41.42625427246094,-2.7391357421875,43.38843536376953,-272.60321044921875,-602.156982421875,-437.9876403808594,1299.506591796875,-572.6280517578125,641.03271484375,0.0,0.0,-2299.86767578125,-9570.2119140625,-726.65234375,-2915.691650390625,8639.23046875,-4258.501953125,0.0,0.0,599.0472412109375,8316.2236328125,-435.5714111328125,-507.4623107910156,545.4982299804688,-299.9698486328125,2410.320556640625,909.022705078125,-0.28119364380836487,1.035717248916626,-0.3623884618282318,-0.8993956446647644,0.3146500885486603,3.040311574935913,0.8766499161720276,0.5282486081123352,-0.8489371538162231,-1.9761364459991455,-5.621430397033691,0.45725539326667786,0.030969029292464256,1.4419387578964233,-0.045595936477184296,-1.1646658182144165,0.2408127337694168,-1.1122708320617676,2.4829208850860596,-0.31996917724609375,0.6923632025718689,0.0001871306449174881,-2.9786832332611084,-1.0840916633605957,-3.3898868560791016
3.9000002034008503,465,-1195.3092041015625,130.9894256591797,630.668701171875,356.3085021972656,221.732177734375,194.42230224609375,7090.287109375,-4898.662109375,3565.113037109375,-18994.154296875,23134.501953125,11774.328125,-9.825546264648438,12.518447875976562,18.698448181152344,421.190673828125,-268.24755859375,195.16455078125,609.5205078125,-123.393310546875,328.640869140625,0.0,0.0,-1721.185791015625,-9315.720703125,-1291.5322265625,-2827.804931640625,8964.3017578125,-4055.571044921875,0.0,0.0,1058.588623046875,8182.31494140625,-127.555908203125,-448.1832275390625,-3.655517578125,-340.6827392578125,2140.62744140625,164.167236328125,-0.0038798879832029343,1.0899237394332886,-0.09220710396766663,-1.1611512899398804,-0.029782064259052277,2.924703359603882,0.5506471395492554,0.7383446097373962,-1.300131916999817,-1.8123112916946411,-4.583955764770508,0.39502760767936707,0.47202855348587036,1.3583277463912964,0.4378616511821747,-0.9492191672325134,0.15382198989391327,-1.48262619972229,2.1113452911376953,0.19811603426933289,0.4896755814552307,-0.26921361684799194,-2.935304641723633,-0.7852849960327148,-2.5151915550231934
3.908333537168801,466,-1344.578857421875,-855.2354125976562,112.5423583984375,812.7470703125,807.09912109375,992.7178955078125,6406.8515625,-6083.21484375,4329.205078125,-21531.30078125,28029.46875,14852.484375,-1.5682220458984375,-4.0503997802734375,-47.340126037597656,721.2525634765625,-642.837158203125,-940.1400146484375,1216.06103515625,-249.9779052734375,455.43701171875,0.0,0.0,-2788.2802734375,-10619.7216796875,-861.290283203125,-3036.912353515625,9382.609375,-4781.767578125,0.0,0.0,146.6168212890625,8039.6416015625,-944.9318237304688,-541.19287109375,299.4205627441406,-343.224365234375,2610.600341796875,2398.472412109375,-0.007493281736969948,1.1031084060668945,-0.12123135477304459,-1.1773384809494019,0.48676779866218567,2.853872299194336,0.9025502800941467,0.8408553600311279,-1.3091399669647217,-1.7340131998062134,-3.9345760345458984,0.3593980073928833,0.4152429699897766,1.2214146852493286,0.8047680854797363,-1.2765964269638062,-0.013947878032922745,-0.7965191602706909,2.340118646621704,-0.10502654314041138,0.4935782849788666,0.45698121190071106,-2.399299383163452,-0.7894404530525208,-2.879791498184204
3.9166668709367514,467,-841.7464599609375,70.31353759765625,615.7032470703125,338.1624755859375,143.61669921875,327.9364013671875,6279.81494140625,-5075.6357421875,3627.19580078125,-22462.65625,24811.041015625,12810.892578125,-1.4982528686523438,2.778167724609375,15.069591522216797,517.907470703125,-312.926513671875,203.72802734375,549.0747680664062,-128.699462890625,155.6748046875,0.0,0.0,-2738.52099609375,-10325.486328125,-825.0656127929688,-2419.312255859375,10814.7578125,-3756.857666015625,0.0,0.0,525.2300415039062,8108.8740234375,-169.32211303710938,-409.5096435546875,86.9796142578125,-288.381591796875,2376.530517578125,1355.76953125,0.24752892553806305,1.377130389213562,0.23562651872634888,-1.663275957107544,0.19524919986724854,2.5865962505340576,0.18552541732788086,0.8094146251678467,-1.765236735343933,-1.2302957773208618,-2.4797844886779785,0.24239961802959442,0.554862380027771,1.080459475517273,0.8986338376998901,-0.6542864441871643,0.33926165103912354,-0.766384482383728,1.9395885467529297,-0.10662933439016342,-0.1349620819091797,-0.7597169876098633,-3.066605806350708,-0.5399730801582336,-1.8170500993728638
3.925000204704702,468,-2088.795654296875,-525.1822509765625,301.11279296875,676.6421508789062,175.679931640625,1337.69677734375,5720.861328125,-5857.22802734375,4865.52783203125,-21804.7890625,26971.142578125,14580.8828125,32.47100830078125,-0.989532470703125,-53.26403045654297,466.00531005859375,-332.0703125,-369.53759765625,753.4187622070312,-568.8548583984375,1373.63134765625,0.0,0.0,-2943.05615234375,-11195.916015625,-258.2606506347656,-2406.555419921875,11511.318359375,-3391.92236328125,0.0,0.0,-53.09681701660156,7647.4990234375,-350.2505187988281,-724.1553955078125,147.66912841796875,-332.39447021484375,3165.3115234375,2481.655029296875,0.1283394992351532,1.3321791887283325,0.10271284729242325,-1.3409959077835083,0.22726532816886902,2.711811065673828,-0.186868816614151,0.551153302192688,-1.688747763633728,-1.2401463985443115,-1.308717131614685,0.22768449783325195,0.5042312145233154,0.998730480670929,0.660381019115448,-0.8381249308586121,0.3840637505054474,-0.5813784599304199,2.2438201904296875,-0.2158699929714203,-0.17992790043354034,-0.6181123852729797,-3.1693570613861084,-0.5912001729011536,-1.7478173971176147
3.9333335384726524,469,-932.7103881835938,-219.3018798828125,335.1558837890625,744.3440551757812,126.046875,455.52777099609375,6116.7021484375,-5185.177734375,3720.50830078125,-23100.234375,25381.3046875,15982.38671875,1.5232925415039062,-6.038017272949219,17.511943817138672,463.44049072265625,-355.304931640625,162.229248046875,665.131591796875,-146.4600830078125,112.380859375,0.0,0.0,-2782.675048828125,-10773.7666015625,-1112.4879150390625,-2200.0458984375,11853.0322265625,-4546.8408203125,0.0,0.0,615.646484375,7240.13916015625,259.56378173828125,-374.8291931152344,109.26495361328125,-303.36395263671875,2675.037353515625,1704.606201171875,0.08013315498828888,1.2557189464569092,0.562663197517395,-1.0751820802688599,-0.28745749592781067,2.8550658226013184,-0.6778292059898376,0.2757298946380615,-1.9250017404556274,-0.5221613645553589,0.18339300155639648,-0.059242796152830124,0.49781912565231323,0.8967294692993164,0.8275992274284363,-0.5143840909004211,0.13612820208072662,-0.6516768336296082,1.7394733428955078,0.5170661807060242,-0.40423381328582764,-0.845850944519043,-1.9707891941070557,-0.15459226071834564,-0.9818279147148132
3.941666872240603,470,-3000.65087890625,150.2838134765625,645.0079345703125,651.794189453125,534.33984375,1465.013671875,5630.6435546875,-5797.01123046875,4664.18505859375,-23204.541015625,27812.08984375,18783.29296875,57.87242126464844,-24.96057891845703,-56.10551071166992,156.94482421875,43.768310546875,669.11572265625,1578.8408203125,-208.97637939453125,1136.370361328125,0.0,0.0,-2314.72802734375,-11395.42578125,-539.8939208984375,-1875.822265625,11467.5830078125,-4904.14404296875,0.0,0.0,754.9552612304688,6668.3486328125,77.6007080078125,-550.9188842773438,204.17999267578125,-517.69189453125,3402.23291015625,2074.397216796875,0.03879453241825104,1.2282633781433105,0.55341637134552,-0.6898834705352783,-0.47828012704849243,3.114858388900757,-0.8540591597557068,0.09519550204277039,-1.7505319118499756,-0.5019558072090149,1.160322904586792,-0.05805237963795662,0.438339501619339,0.8444445133209229,0.8322254419326782,-0.8762161135673523,0.06246059387922287,-0.6357701420783997,2.136237382888794,0.40829989314079285,-0.5063862800598145,-0.1279439926147461,-1.4837177991867065,-0.2200719118118286,-0.684727132320404
3.9500002060085535,471,-1107.746826171875,-331.00531005859375,147.3922119140625,807.3862915039062,1.10595703125,449.2569580078125,6178.36376953125,-5754.21923828125,3659.968017578125,-23126.28515625,27827.1328125,20694.423828125,8.093643188476562,-0.9631576538085938,20.854095458984375,292.4873046875,-252.6502685546875,86.11285400390625,759.3748779296875,-164.59295654296875,-30.634765625,0.0,0.0,-2382.715576171875,-11388.353515625,-1269.48095703125,-1803.6146240234375,11277.58203125,-6092.5068359375,0.0,0.0,907.18408203125,6566.6357421875,796.0394897460938,-324.8940124511719,180.66485595703125,-353.0188293457031,2888.9951171875,1189.29541015625,-0.04348805546760559,1.4244685173034668,1.0505696535110474,-0.615826427936554,-0.530616283416748,2.982362747192383,-1.3738428354263306,-0.2068745195865631,-1.6366043090820312,0.09589352458715439,2.0956170558929443,-0.22788368165493011,0.4253917634487152,0.6468883156776428,0.7704716324806213,-0.8047158122062683,-0.23482580482959747,-0.5074860453605652,1.9646445512771606,0.9856072664260864,-0.552557647228241,0.03226882964372635,-0.3890122175216675,0.20926138758659363,0.09701883792877197
3.958333539776504,472,-2786.096923828125,-439.029541015625,590.298583984375,398.7014465332031,698.6494140625,1468.9620361328125,5691.4814453125,-6162.8037109375,4660.37890625,-20483.142578125,30086.7890625,23438.3984375,87.90206909179688,-13.468635559082031,-31.269088745117188,-234.25347900390625,231.5146484375,464.7056579589844,1588.943603515625,57.44158935546875,1196.3740234375,0.0,0.0,-1496.828125,-11672.1142578125,-1042.4185791015625,-1244.64306640625,10533.3818359375,-6405.22802734375,0.0,0.0,1099.4139404296875,5687.0654296875,388.7626953125,-493.404296875,625.005615234375,-575.2945556640625,2988.170654296875,1239.49951171875,-0.017385555431246758,1.3564891815185547,1.0324294567108154,-0.2936263382434845,-0.6284708380699158,3.294863700866699,-1.3196403980255127,-0.30624157190322876,-1.453790307044983,0.0834706574678421,2.6132795810699463,-0.21308833360671997,0.3746766149997711,0.6145678162574768,0.7573292255401611,-1.1138250827789307,-0.16057775914669037,-0.49326083064079285,2.300941228866577,0.8202082514762878,-0.7182921767234802,0.5420423150062561,-0.21024107933044434,0.13749392330646515,0.3827984631061554
3.9666668735444546,473,-1187.86572265625,-526.321533203125,11.5291748046875,568.6124267578125,-7.175537109375,425.679931640625,6251.10205078125,-6454.50244140625,3607.518310546875,-18184.369140625,29344.376953125,22908.671875,12.564651489257812,0.2772979736328125,24.568450927734375,149.12353515625,-200.15966796875,-28.6671142578125,865.6907958984375,-175.00958251953125,-121.08837890625,0.0,0.0,-1729.33740234375,-11906.919921875,-1275.1026611328125,-1054.819091796875,10748.9267578125,-6594.25537109375,0.0,0.0,735.0400390625,5668.89453125,969.9302368164062,-314.9869384765625,251.6092529296875,-420.0497741699219,3012.099365234375,320.13427734375,-0.10417158156633377,1.63851797580719,1.5066543817520142,-0.4108250141143799,-0.24988150596618652,3.0739898681640625,-1.6902137994766235,-0.5707508325576782,-1.1750658750534058,0.6697961091995239,2.8940796852111816,-0.33331945538520813,0.6481892466545105,0.4431782066822052,0.33909279108047485,-0.8941294550895691,-0.043764952570199966,-0.24207723140716553,2.30328106880188,0.9654726982116699,-0.833601713180542,0.313662052154541,-0.011662721633911133,0.10815537720918655,1.1088025569915771
3.975000207312405,474,-3000.9697265625,-498.1246032714844,524.984619140625,-264.83642578125,842.370849609375,1397.014892578125,5695.42578125,-6488.060546875,4572.3837890625,-14941.98828125,30403.392578125,23885.03125,92.0323486328125,-21.711578369140625,-64.13063049316406,840.2645263671875,62.50506591796875,-553.1099243164062,1299.111083984375,-134.0697021484375,2139.9697265625,0.0,0.0,-1173.5858154296875,-11758.4208984375,-1232.6385498046875,-488.19970703125,10301.79296875,-6759.98193359375,0.0,0.0,383.1799621582031,4337.4453125,123.1546630859375,-369.8840026855469,1093.545654296875,-506.09259033203125,3290.00048828125,11.86474609375,-0.061693184077739716,1.5642236471176147,1.4221224784851074,-0.18350999057292938,-0.2303621917963028,3.3331258296966553,-1.5705246925354004,-0.6353167295455933,-0.9999132752418518,0.6225916147232056,2.987981081008911,-0.30885064601898193,0.5834729671478271,0.4241443872451782,0.3368530571460724,-0.9496704936027527,0.08449086546897888,-0.259146124124527,2.415560483932495,0.840487539768219,-0.990327000617981,0.4469967186450958,0.253203809261322,0.06604120135307312,1.2741528749465942
3.9833335410803556,475,-1229.55078125,-1887.435791015625,-564.5423583984375,-36.3751220703125,-8.123779296875,561.84228515625,6478.0830078125,-6907.810546875,3647.681640625,-13615.4306640625,28523.65234375,24693.484375,23.004959106445312,-15.056831359863281,30.285797119140625,195.26669311523438,-238.57379150390625,26.2437744140625,1061.5860595703125,-573.4364013671875,-71.5537109375,0.0,0.0,-1195.5146484375,-11757.267578125,-1498.1556396484375,-248.0716552734375,10591.4033203125,-7378.57080078125,0.0,0.0,133.91871643066406,4330.14306640625,696.8433837890625,-359.3413391113281,270.160888671875,-467.81158447265625,3055.1728515625,-333.9132080078125,-0.17081961035728455,1.9044076204299927,1.7445398569107056,-0.32476747035980225,0.030339837074279785,3.097011089324951,-1.918851613998413,-0.9837579131126404,-0.6960036158561707,1.0996198654174805,2.8354878425598145,-0.28246551752090454,1.202999472618103,0.3619765639305115,0.11295469850301743,-0.5551972389221191,-0.04904080554842949,-0.19511115550994873,2.205672264099121,1.0082371234893799,-1.1035116910934448,0.1552632451057434,0.7735967040061951,0.2522929906845093,1.468017339706421
3.991666874848306,476,-4816.73828125,-3528.922607421875,-437.3616943359375,-524.74853515625,-24.3330078125,1752.271484375,6176.833984375,-6172.1494140625,5044.87646484375,-9320.8671875,30502.212890625,21854.771484375,160.58033752441406,-11.410301208496094,-67.20803833007812,-1059.505615234375,1222.132080078125,1115.229248046875,2029.695556640625,119.825439453125,1021.8916015625,0.0,0.0,-649.573486328125,-11208.5576171875,-1584.468994140625,143.071044921875,10244.2431640625,-6929.94970703125,0.0,0.0,-486.7286071777344,2986.536376953125,-536.713623046875,-219.27484130859375,1061.814208984375,-816.8072509765625,3430.927490234375,14.5484619140625,-0.1594502478837967,1.7805004119873047,1.605564832687378,-0.20990437269210815,0.2246922254562378,3.2332377433776855,-1.7265794277191162,-0.9975502490997314,-0.5413885116577148,1.0595985651016235,2.4903533458709717,-0.26230388879776,1.0862191915512085,0.3522869646549225,0.10218331217765808,-0.6968036890029907,0.015355648472905159,-0.131610706448555,2.285125732421875,1.0316379070281982,-1.1438502073287964,0.40321752429008484,0.9202567934989929,0.14711213111877441,1.131570816040039
4.000000208616257,477,-1361.14453125,-1506.813720703125,-1168.7158203125,32.8509521484375,24.010498046875,689.901123046875,6627.578125,-6881.8095703125,3724.651123046875,-6467.95361328125,30674.62890625,21310.404296875,24.403961181640625,-12.361198425292969,42.927886962890625,-174.37158203125,-156.6904296875,-274.2542419433594,1167.7449951171875,-228.6383056640625,-141.857421875,0.0,0.0,-991.221435546875,-11088.1982421875,-2307.19775390625,189.829833984375,9985.8134765625,-7242.27978515625,0.0,0.0,-548.0830688476562,2932.164306640625,91.427001953125,-365.0748596191406,270.368408203125,-506.83990478515625,3182.876220703125,509.283447265625,-0.4412742257118225,1.6302739381790161,2.0499918460845947,-0.10229982435703278,0.29421624541282654,3.0315628051757812,-2.1140389442443848,-1.1119799613952637,-0.08880922943353653,1.7304267883300781,1.646783709526062,-0.11330804228782654,1.634778618812561,0.07419264316558838,-0.3641151487827301,-0.652611494064331,0.12523244321346283,0.194442480802536,1.9936619997024536,1.5579423904418945,-1.0723415613174438,0.5801992416381836,1.1372337341308594,0.33450156450271606,0.63685542345047
4.008333542384207,478,-1059.10791015625,30.9486083984375,-1270.9580078125,-377.76971435546875,-74.645751953125,789.754638671875,5471.7685546875,-5507.15087890625,4163.951171875,-1551.92333984375,29165.958984375,16951.947265625,25.301910400390625,86.1321792602539,-70.73799133300781,2068.2744140625,-453.3778991699219,-694.950439453125,114.150390625,-690.0821533203125,1310.61181640625,0.0,0.0,-619.005126953125,-11081.9638671875,-2354.79833984375,75.1839599609375,9375.8759765625,-7132.806640625,0.0,0.0,-625.174072265625,1303.875244140625,-1656.336669921875,-428.06842041015625,763.9300537109375,-1216.3348388671875,3709.561279296875,41.1331787109375,-0.33812204003334045,1.5835204124450684,2.0583293437957764,0.10514544695615768,0.03897447884082794,3.285982370376587,-2.119702100753784,-0.8894978761672974,0.15245161950588226,1.6873611211776733,1.4856269359588623,-0.10758178681135178,1.4660181999206543,0.07965204864740372,-0.3218075633049011,-0.3734593987464905,0.21886642277240753,0.11583082377910614,1.7284033298492432,1.5485419034957886,-1.0043195486068726,0.5740775465965271,1.2634423971176147,0.3464357554912567,0.5910178422927856
4.016666876152158,479,-869.3984375,-1171.509765625,-845.7889404296875,-322.41949462890625,-229.587646484375,-25.815673828125,5436.2822265625,-7054.97119140625,3242.546630859375,100.010009765625,26081.447265625,15706.193359375,40.71894836425781,-9.314424514770508,29.212982177734375,59.4014892578125,56.06611633300781,65.0250244140625,1156.725341796875,-629.5088500976562,85.96728515625,0.0,0.0,-643.2612915039062,-10691.060546875,-2567.6630859375,248.57757568359375,9230.962890625,-7235.36376953125,0.0,0.0,-570.9998779296875,100.92919921875,-70.37646484375,-311.450439453125,328.0523681640625,-517.5601806640625,3052.3935546875,510.479248046875,-0.33742454648017883,1.5444713830947876,2.329120635986328,0.7890621423721313,0.02788085676729679,4.023635387420654,-3.241269826889038,-0.744421660900116,0.9910464286804199,2.068638801574707,0.7512008547782898,-0.1834784597158432,1.699730634689331,-0.485990434885025,-0.5712191462516785,0.15999466180801392,0.40559619665145874,0.16143950819969177,1.2567039728164673,1.6026055812835693,-1.0353708267211914,0.6481079459190369,1.264043927192688,0.851733922958374,0.16711072623729706
4.025000209920108,480,-5355.1962890625,-1110.052001953125,-612.3119506835938,-314.5128173828125,-1470.76611328125,502.3818359375,4853.82373046875,-5300.1982421875,3799.653076171875,12060.23046875,27397.12890625,11689.787109375,166.97377014160156,40.770774841308594,-21.800750732421875,-2735.6611328125,967.1030883789062,1072.5670166015625,2299.953125,-577.1381225585938,-685.85205078125,0.0,0.0,-323.38330078125,-10521.1572265625,-3088.594970703125,738.7395629882812,7869.61962890625,-7575.4921875,0.0,0.0,-506.766845703125,-1627.46142578125,-2029.94189453125,-55.267791748046875,1045.6937255859375,-1367.84765625,3525.909912109375,-261.2324523925781,-0.36025509238243103,1.4199451208114624,2.1269404888153076,1.0039808750152588,0.10147937387228012,3.915517568588257,-2.9747912883758545,-0.8530589938163757,1.0249561071395874,1.9773880243301392,0.5673649311065674,-0.16552582383155823,1.5752238035202026,-0.42800697684288025,-0.6070888042449951,0.22673174738883972,0.22352562844753265,0.14324334263801575,1.0407167673110962,1.5845160484313965,-0.9314612746238708,0.5951899290084839,1.513914942741394,0.8161870241165161,0.010063275694847107
4.033333543688059,481,-1755.404296875,-1247.6378173828125,-1690.0126953125,301.15728759765625,-362.924072265625,435.28759765625,5750.72998046875,-6282.27587890625,2848.095703125,15170.349609375,25084.97265625,10477.423828125,32.687286376953125,-2.187999725341797,44.23077392578125,-298.4832763671875,-67.47998046875,-362.04107666015625,1039.12548828125,-108.804443359375,-219.57421875,0.0,0.0,-456.2984924316406,-9641.3271484375,-3027.138671875,1135.2398681640625,8282.46875,-7028.4873046875,0.0,0.0,-555.8773193359375,19.859619140625,-114.29248046875,-301.587646484375,189.78076171875,-561.47900390625,2860.789306640625,1177.244873046875,-0.6542616486549377,0.7172656655311584,2.001556158065796,2.149660110473633,0.16115215420722961,2.285409450531006,-4.2791852951049805,-1.1980715990066528,1.5017741918563843,2.373412847518921,-0.7978982329368591,0.05442744866013527,2.1345176696777344,-1.0446116924285889,-1.0737189054489136,0.5898894667625427,0.41243621706962585,0.2710939943790436,0.2298067808151245,1.4180946350097656,-1.1629127264022827,0.21985548734664917,0.997296929359436,1.2851108312606812,-1.176546335220337
4.041666877456009,482,2698.27587890625,-1419.6280517578125,-1510.490478515625,311.02532958984375,491.630615234375,-579.66162109375,4656.68505859375,-4644.142578125,1717.4169921875,20407.779296875,21338.376953125,911.384521484375,-115.77737426757812,148.6250762939453,116.22654724121094,2460.190673828125,404.0750732421875,-2167.394287109375,572.1805419921875,-1348.164306640625,472.39892578125,0.0,0.0,-525.7119140625,-9750.48828125,-2886.751220703125,1265.2484130859375,6832.52001953125,-6161.7080078125,0.0,0.0,91.9964599609375,-498.434814453125,-1860.02734375,-225.37730407714844,-268.3326416015625,-1348.958251953125,3156.15185546875,703.2823486328125,-0.4196798801422119,0.6493096947669983,2.0322420597076416,2.0266880989074707,0.15802517533302307,2.1576852798461914,-3.9603147506713867,-0.8895479440689087,1.6295822858810425,2.3311328887939453,-1.079276204109192,0.046263437718153,1.9372873306274414,-0.9430313110351562,-0.9545955061912537,0.8316666483879089,0.6152359247207642,0.27435848116874695,-0.06789790838956833,1.259527325630188,-1.177765130996704,0.3015366494655609,1.1495227813720703,1.3089162111282349,-1.4257183074951172
4.05000021122396,483,-407.9130859375,-1001.556396484375,-841.7024536132812,-859.6234741210938,-261.1810302734375,-110.900390625,4526.5888671875,-6300.2822265625,2151.937255859375,18160.873046875,17585.880859375,3830.0078125,34.97334289550781,-11.085601806640625,16.012466430664062,126.73760986328125,-35.250732421875,-105.76043701171875,1173.7681884765625,-602.7800903320312,-205.61181640625,0.0,0.0,-689.558837890625,-9354.173828125,-2812.458984375,1222.1318359375,6242.59375,-7231.45068359375,0.0,0.0,-532.3045654296875,-142.4188232421875,-119.98974609375,-202.87925720214844,230.1375732421875,-564.2618408203125,2614.33544921875,2197.15185546875,0.24483293294906616,1.0045139789581299,1.614457130432129,1.6420493125915527,0.6822972297668457,1.701829195022583,-5.0389180183410645,-0.7001442909240723,2.410468578338623,1.9292545318603516,-1.961557388305664,0.02908049151301384,1.3819044828414917,-1.4953577518463135,-0.5325409770011902,1.3755499124526978,0.07160240411758423,0.3957518935203552,-0.40748894214630127,1.085897445678711,-1.0047101974487305,0.7671691179275513,1.9540963172912598,1.6499112844467163,-2.5295677185058594
4.0583335449919105,484,-2842.883056640625,1920.10205078125,-1209.187255859375,-163.2529754638672,-1950.109375,-1476.152099609375,4627.388671875,-4901.0869140625,-50.5986328125,23393.796875,19384.76953125,1617.38916015625,-128.4299774169922,-44.420982360839844,129.70477294921875,-1711.55224609375,-585.6761474609375,-621.9495849609375,2136.676513671875,-1177.654296875,-745.56005859375,0.0,0.0,-1501.153076171875,-8018.4501953125,-4189.14599609375,1351.562744140625,4348.0625,-7718.6513671875,0.0,0.0,212.29180908203125,48.563232421875,-682.28369140625,2219.16015625,5916.580078125,-4284.0341796875,1972.9686279296875,1631.93017578125,0.10167539864778519,0.8647947311401367,1.5117462873458862,1.328366756439209,0.6396700739860535,1.5318964719772339,-4.626993656158447,-0.7856007814407349,2.151183605194092,2.098635673522949,-0.9337109327316284,-1.7644286155700684,-3.8417863845825195,1.8862440586090088,-0.6057770252227783,1.3474818468093872,-0.26031291484832764,0.39395275712013245,-0.8053671717643738,1.1936417818069458,-0.8890900611877441,0.7338496446609497,2.2291390895843506,1.5721057653427124,-2.636209487915039
4.066666878759861,485,-1553.0185546875,-121.237548828125,-851.16455078125,-74.7664794921875,-297.85479736328125,1.9603271484375,5224.41455078125,-4157.1416015625,1337.883056640625,22395.3515625,26685.8515625,-718.8287963867188,11.407452583312988,14.475593566894531,1.3947067260742188,81.35540771484375,-246.7081298828125,-224.8848876953125,1244.7841796875,-26.6585693359375,-470.13818359375,0.0,0.0,-1202.8775634765625,-9278.328125,-2029.197998046875,1912.092041015625,3320.98095703125,-6147.021484375,0.0,0.0,-777.1492309570312,-621.301513671875,-301.216796875,-11.64239501953125,9918.39453125,-4969.9619140625,2310.18798828125,1222.2852783203125,0.0568457767367363,-0.10457436740398407,0.5998930931091309,3.344911813735962,1.4005630016326904,1.9441049098968506,-4.57666015625,-0.9928009510040283,1.5811059474945068,1.2128617763519287,2.699057102203369,0.21218076348304749,-6.819664001464844,2.296469211578369,-0.39077886939048767,0.032523080706596375,0.1469990611076355,0.12009286880493164,0.2963626980781555,-0.6706966161727905,-1.2471051216125488,1.5348793268203735,0.8020045757293701,1.1753134727478027,-2.0681748390197754
4.0750002125278115,486,1980.7587890625,-307.2259521484375,-4012.28125,-1191.8243408203125,-883.5188598632812,-711.9315185546875,3984.2099609375,-3664.72607421875,470.85205078125,22244.505859375,24028.861328125,-4261.0771484375,-30.7125301361084,-368.50201416015625,123.22343444824219,3449.2421875,-344.4443664550781,-1179.180908203125,-2477.584716796875,-1008.3487548828125,849.805419921875,0.0,0.0,-1580.595458984375,-9135.1083984375,676.6494750976562,1725.496826171875,2057.60009765625,-4053.775634765625,0.0,0.0,-613.9505615234375,-2930.95849609375,-647.5888671875,2619.82080078125,9314.943359375,-2081.942138671875,940.271484375,-232.6553955078125,0.1914159655570984,-0.13804090023040771,0.6798567175865173,2.764268398284912,1.2933692932128906,1.8986722230911255,-4.264409065246582,-0.6234612464904785,1.7376794815063477,0.8985093235969543,1.329317331314087,-1.2197105884552002,-5.579680919647217,-0.7559634447097778,-0.4271758198738098,0.08264382183551788,0.7427204251289368,0.11887934803962708,0.43190711736679077,-1.1039234399795532,-1.2671231031417847,1.497499942779541,-0.4567680358886719,1.1920210123062134,-1.6722482442855835
4.083333546295762,487,-160.183349609375,-637.2179565429688,-282.21337890625,-782.6900024414062,-5.290771484375,-342.2523498535156,4798.34716796875,-3604.24462890625,795.904296875,24572.634765625,28681.57421875,-5766.0849609375,-2.311687469482422,-9.769561767578125,-7.111701965332031,355.6185302734375,-116.7406005859375,162.7105712890625,1077.6834716796875,-1463.277587890625,246.707275390625,0.0,0.0,-2276.453857421875,-9785.484375,141.5660400390625,1939.8826904296875,1249.634765625,-3268.629150390625,0.0,0.0,-1040.532470703125,-1341.874755859375,-570.68994140625,1326.91064453125,9712.7158203125,-2321.02783203125,1940.452392578125,1116.039306640625,-0.06429475545883179,-0.6137025952339172,0.4318991005420685,2.4068925380706787,1.576299786567688,0.48674824833869934,-3.9685423374176025,-1.0019049644470215,1.5718764066696167,0.6746619343757629,0.6853652000427246,-0.12407331168651581,-5.4176130294799805,-0.49228209257125854,-0.7806475162506104,-0.6981292366981506,0.9342610836029053,0.6734216809272766,0.9252358078956604,-0.586613655090332,-1.3585292100906372,2.0585672855377197,-1.0598092079162598,0.2912381589412689,-2.6434218883514404
4.091666880063713,488,-2436.689697265625,1981.871337890625,-1665.026123046875,-1282.720947265625,-2046.27392578125,-1018.3128662109375,4952.0771484375,-1442.654296875,-42.345458984375,26057.7890625,29099.837890625,-6976.39501953125,-40.57392120361328,-137.3721466064453,119.5916748046875,-2525.28466796875,754.8924560546875,1100.3740234375,2040.50537109375,-1487.460205078125,-609.904296875,0.0,0.0,-1791.84228515625,-8595.3564453125,1810.0343017578125,3040.099609375,-15.4937744140625,-2788.8701171875,0.0,0.0,-992.5985717773438,-3406.12353515625,-375.13232421875,800.6715698242188,9874.2939453125,-2665.798583984375,1698.2509765625,15.462158203125,-0.34167030453681946,-0.3854832649230957,0.3460399806499481,1.807125449180603,1.4231148958206177,0.4023476839065552,-3.6305196285247803,-1.2106199264526367,1.6198209524154663,0.6821066737174988,0.2523277699947357,-0.08802563697099686,-5.025484561920166,-0.47946712374687195,-1.0648220777511597,-0.2427327185869217,0.9604344367980957,0.5435464382171631,0.5303670167922974,-0.640116810798645,-1.446577548980713,1.4760149717330933,-1.617300271987915,0.3715483844280243,-2.4200329780578613
4.100000213831663,489,-637.20458984375,762.9530029296875,-621.656494140625,-35.6573486328125,-503.816162109375,142.28598022460938,6363.1845703125,207.012939453125,608.0540161132812,29877.689453125,32408.849609375,-2094.260498046875,-18.8433837890625,17.644775390625,-1.57177734375,33.6014404296875,-131.585693359375,-227.033935546875,968.3262329101562,-780.2640380859375,-14.7607421875,0.0,0.0,-2362.03076171875,-8047.712890625,826.6314697265625,2232.91845703125,128.9927978515625,-2254.4130859375,0.0,0.0,-956.646240234375,-942.6552734375,-477.509033203125,2920.7939453125,7346.626953125,-2510.421630859375,1507.486328125,797.935791015625,-0.9914420247077942,-1.1950958967208862,-0.28607606887817383,2.1341733932495117,1.31636381149292,-1.6081199645996094,-3.2516071796417236,-1.8651570081710815,0.5698068141937256,0.33643829822540283,1.0539741516113281,-1.8078066110610962,-2.499979257583618,-0.5716874003410339,-1.5956859588623047,-0.7666873335838318,0.11213864386081696,0.9604349136352539,0.023108214139938354,0.17873141169548035,-0.7089139819145203,1.2189090251922607,-1.9435676336288452,0.49721667170524597,-2.8325564861297607
4.108333547599614,490,4280.3935546875,-676.531982421875,-2859.531005859375,637.158203125,1418.5980224609375,-128.68060302734375,7391.458984375,1148.0748291015625,-918.1197509765625,16401.375,32729.61328125,-2111.49755859375,100.52699279785156,-132.01589965820312,93.98068237304688,3330.794921875,1075.9010009765625,-1698.677001953125,-1774.857666015625,-1326.7076416015625,200.14794921875,0.0,0.0,-2343.40380859375,-9282.9375,1751.4486083984375,3083.6298828125,-2261.8056640625,-2029.3427734375,0.0,0.0,-1587.45263671875,-2112.09130859375,1076.69287109375,1669.74755859375,7170.08935546875,-2211.32568359375,830.23046875,-10.4031982421875,-1.0147584676742554,-1.1862117052078247,-0.3433396816253662,1.8696823120117188,1.132241129875183,-1.5947256088256836,-3.130692958831787,-1.7245458364486694,0.9513586163520813,0.9028597474098206,0.629662811756134,0.3190942406654358,-1.2967920303344727,-0.666134238243103,-1.0468610525131226,-1.434982180595398,0.36175355315208435,0.560741662979126,0.6658146381378174,0.03391330689191818,-1.2485129833221436,2.1892893314361572,-0.961620569229126,0.3810461461544037,-1.6820435523986816
4.116666881367564,491,-188.0291748046875,-386.2049560546875,-143.84765625,-577.17822265625,104.473388671875,329.45794677734375,6420.611328125,-834.959716796875,190.0797119140625,13290.806640625,29898.5859375,1928.74560546875,-27.24767303466797,-24.046905517578125,14.51849365234375,149.37451171875,-212.0904541015625,-22.723876953125,771.2626953125,-1659.2099609375,355.47607421875,0.0,0.0,-2433.5712890625,-8936.755859375,1534.1771240234375,2557.118408203125,-3360.04931640625,-5294.69140625,0.0,0.0,-839.1517333984375,-997.607177734375,-175.728271484375,1438.38330078125,7645.89013671875,-2354.77294921875,1517.8004150390625,340.93798828125,-0.2991941571235657,-0.3850955665111542,-0.5592349767684937,0.35387760400772095,0.4797534942626953,-2.362741231918335,-1.865423321723938,-1.0573409795761108,1.9729640483856201,0.26887381076812744,-0.26216644048690796,0.467007577419281,-1.5669987201690674,-0.4862186312675476,-0.45226186513900757,-0.8688800930976868,-0.3298276662826538,0.5795974135398865,0.3040083348751068,0.20361775159835815,-0.6850367188453674,2.9226975440979004,1.7696714401245117,-0.19328218698501587,-1.8302934169769287
4.125000215135515,492,-5499.3720703125,-436.70074462890625,903.53369140625,309.2998046875,-3976.396484375,46.3419189453125,6401.728515625,2101.27685546875,141.6383056640625,15089.8369140625,31681.10546875,851.6455078125,-149.10906982421875,125.77145385742188,-78.83160400390625,-4130.19140625,2675.416015625,1654.7520751953125,4936.9228515625,-1623.3280029296875,-2735.80908203125,0.0,0.0,-1539.9105224609375,-7221.06005859375,1296.850830078125,2805.148193359375,-4741.27294921875,-6367.92529296875,0.0,0.0,-436.46124267578125,-829.125732421875,937.2520751953125,-133.0557861328125,7437.81884765625,-2459.483642578125,732.8843994140625,41.9302978515625,-0.5211668610572815,-0.25045251846313477,-0.409331738948822,-0.18879123032093048,0.43117019534111023,-2.314814805984497,-1.6803615093231201,-0.9738688468933105,2.303457021713257,0.40607455372810364,-0.903907299041748,0.6103408336639404,-1.3076671361923218,-0.41418829560279846,-0.5035701990127563,-0.42632076144218445,-0.5685252547264099,0.31950005888938904,-0.20194679498672485,0.4356578290462494,-0.4961048662662506,2.6807916164398193,1.3034292459487915,-0.11343563348054886,-1.6776514053344727
4.133333548903465,493,-1103.851806640625,1209.5057373046875,-1112.659423828125,738.8478393554688,-973.703125,973.6715087890625,6728.1904296875,1572.91357421875,-77.47943115234375,20113.544921875,36861.22265625,-1283.651611328125,-20.077289581298828,30.313156127929688,8.246170043945312,-326.8319091796875,-103.14697265625,-623.982666015625,830.4299926757812,532.1322021484375,-451.65643310546875,0.0,0.0,-2789.52294921875,-7079.611328125,1186.77685546875,2525.304443359375,-5689.0986328125,-3944.286376953125,0.0,0.0,-523.2931518554688,-83.772216796875,-93.0975341796875,676.7127075195312,6883.7587890625,-2200.6376953125,1212.5098876953125,758.3720703125,-0.6999529600143433,-1.8347190618515015,-0.8634294271469116,0.7197500467300415,0.49546802043914795,-2.7260422706604004,-0.715427815914154,-1.034668207168579,2.4547555446624756,0.5355721712112427,-2.091146945953369,-0.09863867610692978,-0.7328603267669678,-0.6066277623176575,-1.267704963684082,-1.24320650100708,-0.1505642533302307,1.3229583501815796,-0.3006500005722046,0.4726064205169678,-0.23627302050590515,3.2890384197235107,-0.7377034425735474,-0.4889806807041168,-2.1455929279327393
4.141666882671416,494,4291.841796875,-910.36962890625,-409.918701171875,1271.6785888671875,732.90380859375,811.3577880859375,5522.1064453125,2831.369140625,-1634.1905517578125,16178.484375,29132.9921875,-2102.93017578125,-120.77255249023438,163.44293212890625,-38.63996124267578,6268.935546875,373.30810546875,-1953.302001953125,-3967.05615234375,-925.239501953125,-613.9654541015625,0.0,0.0,-3214.81982421875,-7385.95703125,773.7742919921875,2320.480224609375,-6432.18017578125,-4270.26806640625,0.0,0.0,-627.9924926757812,-147.9921875,629.0118408203125,-393.12054443359375,6574.86962890625,-2415.25830078125,1251.078857421875,2185.523193359375,-0.4800366163253784,-2.0939271450042725,-0.4790697395801544,0.7377512454986572,0.43279609084129333,-2.4951422214508057,-0.6615328192710876,-0.5975489616394043,2.923916816711426,0.6979899406433105,-2.716205358505249,0.17196407914161682,-0.22366121411323547,-0.35122981667518616,-1.0106124877929688,-0.5020964741706848,0.2683890461921692,1.1232861280441284,-1.4766021966934204,0.797336220741272,-0.517177402973175,3.104969024658203,-0.7309269905090332,-0.28688183426856995,-2.7981624603271484
4.150000216439366,495,-143.0140380859375,-1039.15576171875,56.24853515625,-250.90008544921875,652.09033203125,-38.679115295410156,4608.76904296875,940.9521484375,-445.0161437988281,12139.26171875,19514.861328125,-3100.155517578125,-9.531890869140625,-38.80426025390625,-18.82306671142578,64.27978515625,17.48828125,-316.6331787109375,651.181640625,-1349.5140380859375,154.40777587890625,0.0,0.0,-2721.1875,-5456.6083984375,724.0385131835938,2851.43359375,-5826.0732421875,-4699.28857421875,0.0,0.0,-400.90997314453125,-280.46875,-4.7735748291015625,-641.0167236328125,6098.1396484375,-3380.5185546875,987.1127319335938,2540.186767578125,0.35882169008255005,-1.8983272314071655,0.006327535957098007,0.08941169083118439,0.24206046760082245,-2.188491106033325,-0.09360704571008682,-0.04721127450466156,3.7268333435058594,-0.0011715516448020935,-3.4723587036132812,0.3802356719970703,0.21071282029151917,0.4766831398010254,-0.28422075510025024,1.0738940238952637,0.3829933702945709,0.6135370135307312,-2.9397013187408447,0.7616577744483948,-0.911583423614502,2.4154767990112305,-0.30193281173706055,-0.04995236173272133,-2.894019603729248
4.158333550207317,496,-6642.06298828125,-607.1550903320312,-1075.8212890625,-32.17045593261719,-2563.61572265625,-632.3482666015625,4965.326171875,-672.60693359375,180.94163513183594,13201.96875,21203.46484375,-3522.71240234375,16.831459045410156,115.34361267089844,-92.6944351196289,-6967.5400390625,1086.890625,1348.1163330078125,5959.20263671875,84.1810302734375,-5254.7646484375,0.0,0.0,-2623.559326171875,-2355.0,-945.7872924804688,2508.2841796875,-7551.69287109375,-5454.916015625,0.0,0.0,62.432525634765625,325.681640625,948.37060546875,-584.0918579101562,6258.0322265625,-4500.02294921875,301.5624084472656,3093.33740234375,0.13551780581474304,-1.606642246246338,0.03042556717991829,-0.3286268711090088,0.2239188849925995,-2.1106810569763184,-0.042542099952697754,-0.11558015644550323,4.267345428466797,-0.06651874631643295,-4.087961196899414,0.030792009085416794,0.35700762271881104,0.6191949248313904,-0.5353308916091919,1.3984181880950928,0.10675571858882904,0.6479603052139282,-3.2045137882232666,1.2416940927505493,-0.665791392326355,2.571066379547119,-0.39155200123786926,-0.038692932575941086,-3.100503444671631
4.166666883975267,497,-901.959228515625,1087.023681640625,-758.60546875,1060.0367431640625,-777.56884765625,242.62185668945312,5756.5087890625,-572.5068359375,-808.9576416015625,19000.8515625,26385.490234375,-6326.86572265625,-6.1274566650390625,41.30397415161133,-7.539865493774414,-397.2823486328125,0.875,-491.800537109375,137.8515625,1450.1341552734375,-659.818359375,0.0,0.0,-3460.208984375,-2905.645751953125,-1041.51953125,2215.7607421875,-8060.5029296875,-3414.80126953125,0.0,0.0,-150.34719848632812,134.25830078125,-119.28485107421875,-856.4412841796875,6216.6787109375,-3559.989501953125,759.1853637695312,3328.06494140625,-0.45844727754592896,-2.4250199794769287,-0.4236726462841034,0.40326008200645447,0.38460975885391235,-1.7903343439102173,0.8223444223403931,-0.49242985248565674,3.9141480922698975,0.5133890509605408,-4.20197868347168,0.2547944188117981,0.364564448595047,-0.20263658463954926,-1.4340239763259888,0.4671465754508972,0.5678058862686157,1.2637873888015747,-2.527492046356201,1.1975204944610596,-0.4040871560573578,2.798828363418579,-1.9646458625793457,-0.40258070826530457,-3.0523486137390137
4.175000217743218,498,7083.3916015625,-72.7788314819336,755.3828125,1455.785888671875,-82.05078125,-94.53579711914062,3377.064697265625,-713.49560546875,-787.7651977539062,15151.53515625,16789.619140625,-7708.22802734375,-136.1162567138672,144.45741271972656,129.67868041992188,7904.294921875,-773.858154296875,-3549.786376953125,-6107.5625,-1272.235595703125,-201.27783203125,0.0,0.0,-4717.833984375,-3300.00439453125,-1345.75537109375,1969.47998046875,-7820.3515625,-3569.869140625,0.0,0.0,-537.0860595703125,-513.9862060546875,227.095458984375,-2353.1826171875,5989.8173828125,-2147.03369140625,1667.271240234375,4030.00146484375,-0.17418760061264038,-2.5781145095825195,-0.25209978222846985,0.6562142372131348,0.43567022681236267,-1.4989210367202759,0.7166567444801331,-0.08275901526212692,3.7947301864624023,-0.032552145421504974,-4.137140274047852,0.33900347352027893,0.5960527658462524,-1.2529058456420898,-1.1401196718215942,1.0224319696426392,0.9801949858665466,0.9865225553512573,-3.2722463607788086,1.416150450706482,-0.560122549533844,2.1736130714416504,-2.1748464107513428,-0.2880885601043701,-2.990389347076416
4.1833335515111685,499,358.42041015625,-1049.392333984375,649.836181640625,-321.6937255859375,743.2763671875,-550.0966186523438,2429.09814453125,-334.6044921875,-414.4624938964844,7918.03857421875,11487.2822265625,-8239.2587890625,-10.9097900390625,-36.10261535644531,-37.664268493652344,275.62890625,17.410888671875,-502.411865234375,350.8515625,-1045.5390625,-27.697265625,0.0,0.0,-3847.612060546875,-1722.4931640625,-1521.4200439453125,2780.30712890625,-6892.92138671875,-4334.10302734375,0.0,0.0,-211.24171447753906,-171.0694580078125,4.51171875,-1766.1739501953125,5414.19775390625,-3600.87060546875,701.9072875976562,4234.70361328125,0.7666728496551514,-2.8509936332702637,0.0006435178220272064,0.6474869251251221,0.15685655176639557,-1.6565312147140503,0.8447327613830566,0.42564287781715393,3.2699217796325684,-0.2396043986082077,-3.3301451206207275,-0.13749003410339355,1.0328953266143799,0.0667458176612854,0.09664396941661835,1.7629101276397705,0.956494927406311,0.17651641368865967,-4.293787479400635,1.4312703609466553,-1.1977224349975586,1.291305422782898,-1.3862476348876953,0.5038450956344604,-2.9548540115356445
4.191666885279119,500,-6288.94482421875,538.66943359375,-1796.92919921875,-931.6622314453125,-2827.37646484375,-1309.9669189453125,3923.810302734375,-1656.3349609375,400.7228088378906,7588.99609375,14656.3876953125,-5617.5810546875,141.89340209960938,-119.3214111328125,-196.23841857910156,-7557.6240234375,370.50732421875,-157.0853271484375,6132.60986328125,53.155029296875,-4744.66552734375,0.0,0.0,-3722.2900390625,1331.357421875,-3791.18408203125,2887.44140625,-6938.1748046875,-5351.5166015625,0.0,0.0,-35.22221374511719,468.89697265625,969.81396484375,-1644.150634765625,5272.47802734375,-3904.57373046875,-237.02438354492188,4387.79248046875,0.4098071753978729,-2.4890060424804688,0.020781181752681732,0.15692126750946045,0.15069331228733063,-1.5788304805755615,0.8129380941390991,0.030521918088197708,3.3853812217712402,-0.22350314259529114,-3.377531051635742,0.04380207508802414,1.0084116458892822,0.16784733533859253,-0.17990002036094666,1.783104419708252,0.27671393752098083,0.18832193315029144,-4.360430717468262,1.761582851409912,-1.2298409938812256,1.1303529739379883,-0.6654694080352783,0.4344896078109741,-2.8082284927368164
4.2000002190470695,501,-595.502197265625,849.4595336914062,-733.653076171875,1052.7706298828125,-631.423828125,94.213623046875,5074.2685546875,-526.31591796875,77.9250259399414,14376.095703125,24809.79296875,-9606.814453125,2.5129241943359375,28.72494888305664,1.1833076477050781,-344.93505859375,-213.485595703125,-176.7816162109375,188.71533203125,1346.0677490234375,-765.66796875,0.0,0.0,-4099.3447265625,-198.239990234375,-2497.229736328125,2521.45849609375,-7632.279296875,-2628.210205078125,0.0,0.0,-193.12045288085938,13.367919921875,-56.765625,-1294.3697509765625,4910.044921875,-2569.012451171875,536.3397216796875,3193.04541015625,-0.6971431374549866,-3.4674675464630127,-0.7168744802474976,1.4881987571716309,0.27583131194114685,-1.0800039768218994,1.5742157697677612,-0.5633782148361206,2.5298256874084473,-0.01103232055902481,-2.8198835849761963,-0.2523324489593506,1.2344975471496582,-0.9457998871803284,-1.2646121978759766,0.0003403276205062866,0.9255735874176025,0.4456871449947357,-2.7711374759674072,0.5521847009658813,-0.86980140209198,1.629170536994934,-2.7779080867767334,-0.22266188263893127,-1.612328290939331
4.20833355281502,502,5523.302734375,-1577.325439453125,142.777099609375,1138.6732177734375,1653.388671875,115.76409912109375,3338.97802734375,-1598.1669921875,-445.77325439453125,11406.8974609375,18910.97265625,-11920.939453125,-26.00931739807129,36.96524429321289,116.28959655761719,7149.0908203125,-513.505126953125,-3226.517578125,-6169.3779296875,-1138.724609375,1018.9345703125,0.0,0.0,-5037.89013671875,-1149.8671875,-1475.307861328125,1947.259521484375,-7628.60302734375,-1471.292236328125,0.0,0.0,-790.270263671875,-1254.4652099609375,8.3603515625,-1580.99560546875,5195.576171875,-1097.1756591796875,587.9716796875,3319.761962890625,-0.49881789088249207,-3.5110974311828613,-0.4548279047012329,1.6876474618911743,0.24309135973453522,-0.9427304863929749,1.4324885606765747,-0.20841124653816223,2.232145071029663,-0.04972665756940842,-2.2194933891296387,-0.28642237186431885,1.0460731983184814,-1.502051830291748,-1.0061116218566895,-0.10363303124904633,1.301227331161499,0.08771411329507828,-2.6292266845703125,0.24859173595905304,-0.7058914303779602,1.5177072286605835,-3.2833333015441895,-0.12488266825675964,-0.8710771203041077
4.216666886582971,503,347.140869140625,-1387.37548828125,691.16357421875,-43.01420593261719,898.6533203125,-608.3040161132812,2878.164306640625,-502.7628173828125,28.98297119140625,4194.0810546875,15710.4453125,-10154.9765625,-11.02923583984375,-44.00524139404297,-17.171836853027344,94.53369140625,-346.467041015625,-561.624755859375,384.04443359375,-677.1982421875,-252.94873046875,0.0,0.0,-4140.302734375,-519.684326171875,-1995.744873046875,2576.126220703125,-6515.798828125,-2969.13720703125,0.0,0.0,-232.95230102539062,-110.79931640625,-16.303955078125,-2136.4697265625,5004.8896484375,-2110.712646484375,488.67144775390625,2507.60009765625,0.1418379843235016,-2.8442800045013428,-0.03330618143081665,0.20647169649600983,-0.20663638412952423,-1.7907905578613281,1.3438969850540161,0.03925100713968277,1.4407548904418945,-0.3042537569999695,-0.7891722321510315,0.2019079029560089,1.1282931566238403,-0.5369147062301636,0.22966483235359192,0.403964638710022,0.8929837346076965,-0.6855798959732056,-2.9261350631713867,0.6580240726470947,-1.1949585676193237,0.5081807374954224,-1.8030809164047241,-0.04035124182701111,-0.16494892537593842
4.225000220350921,504,-3482.16015625,845.6560668945312,-836.314208984375,-582.16162109375,-1489.465576171875,-968.6825561523438,3353.2265625,-793.5977783203125,2241.6904296875,4045.317138671875,18741.22265625,-8022.67822265625,38.75870132446289,-83.67517852783203,-177.05694580078125,-6384.16748046875,-388.6346435546875,1216.44189453125,6364.0107421875,303.23828125,-3723.7421875,0.0,0.0,-3082.44970703125,1397.3623046875,-3354.9677734375,2794.36572265625,-6218.27587890625,-4317.1943359375,0.0,0.0,166.21778869628906,407.3173828125,810.2838134765625,-2356.46826171875,4638.7705078125,-1665.3388671875,-646.7898559570312,2975.65673828125,-0.12551185488700867,-2.33701753616333,-0.09831677377223969,-0.5465909242630005,-0.1868143379688263,-1.7016348838806152,1.2565702199935913,-0.014310680329799652,1.4717234373092651,-0.5471976399421692,-0.6906254291534424,-0.03356097638607025,1.1943206787109375,-0.7764523029327393,0.32421496510505676,0.580652117729187,0.4014337956905365,-0.8554878830909729,-2.833670139312744,1.0049437284469604,-0.9838911890983582,0.43142953515052795,-0.8028923273086548,-0.07565411180257797,-0.3027331233024597
4.233333554118872,505,-86.08001708984375,1005.870361328125,-119.017822265625,696.6050415039062,-520.84765625,-273.34136962890625,3619.211669921875,-419.068359375,952.6973876953125,9781.46484375,25720.673828125,-10691.0703125,9.172083854675293,23.905677795410156,-0.06064605712890625,-207.5526123046875,-23.02294921875,-11.650390625,292.743408203125,966.5361328125,-636.5546875,0.0,0.0,-3561.487548828125,15.107421875,-2444.14404296875,2101.905517578125,-7364.72216796875,-2452.343994140625,0.0,0.0,-213.2266845703125,-11.097900390625,-24.74560546875,-1676.009033203125,4795.78662109375,-695.5184326171875,398.83135986328125,1973.4580078125,-0.810428261756897,-2.6636290550231934,-0.4492499530315399,0.16324666142463684,0.14582768082618713,-1.2247345447540283,1.8295310735702515,-0.13598039746284485,1.1662253141403198,0.20220331847667694,-0.1978394091129303,-0.605448305606842,0.9758476614952087,-1.5021735429763794,-0.6216131448745728,-0.5871737003326416,0.8126726746559143,-0.4301469027996063,-1.4804002046585083,0.18588224053382874,-0.37811192870140076,1.3482611179351807,-2.2191781997680664,-0.9076524972915649,0.540145218372345
4.241666887886822,506,3351.052734375,119.48536682128906,208.3525390625,1043.052001953125,1023.744384765625,-183.82470703125,2724.051513671875,126.59130859375,147.9576416015625,8668.619140625,21651.560546875,-10022.685546875,-4.715569496154785,17.571861267089844,35.20099639892578,5897.935546875,-818.5816650390625,-1843.8900146484375,-5868.87060546875,-1636.690673828125,1596.67822265625,0.0,0.0,-3485.867431640625,-876.0028076171875,-1178.336181640625,1834.358154296875,-7642.82177734375,-2175.139404296875,0.0,0.0,-655.05712890625,-985.0772705078125,-437.312744140625,-1188.8779296875,5071.34033203125,163.2239990234375,518.7583618164062,1963.332275390625,-0.7403184771537781,-2.668403387069702,-0.3599858283996582,0.3341054916381836,0.1441604197025299,-1.1107450723648071,1.6792776584625244,0.004256132990121841,0.8886945247650146,0.19861169159412384,0.4246070683002472,-0.5569173097610474,0.7399709820747375,-1.571711540222168,-0.5243444442749023,-0.719383180141449,0.8445683121681213,-0.5570307374000549,-1.3347878456115723,-0.042638979852199554,-0.3512522280216217,1.3293814659118652,-1.9793474674224854,-0.7910251617431641,0.8760452270507812
4.250000221654773,507,3.193359375,-1052.164306640625,380.898681640625,456.8729248046875,595.981201171875,-265.9656982421875,2454.33154296875,175.025146484375,1363.920166015625,5618.21337890625,19255.693359375,-7414.1748046875,3.8159708976745605,-38.34865951538086,-4.852012634277344,-47.145263671875,-479.1910400390625,-417.496826171875,477.189208984375,-345.7490234375,-429.77685546875,0.0,0.0,-3363.2412109375,-204.4378662109375,-1819.7421875,1888.100341796875,-7090.9013671875,-3853.998046875,0.0,0.0,-237.711181640625,-50.5235595703125,-28.2310791015625,-2334.919189453125,4676.64208984375,-192.3837890625,390.2505187988281,1856.2255859375,-0.39410749077796936,-2.244389533996582,-0.283521831035614,-0.299064576625824,-0.1866196244955063,-1.777599573135376,1.2213505506515503,0.13634605705738068,0.7773984670639038,-0.47846719622612,0.7671427726745605,0.40824779868125916,1.0262846946716309,-1.160982370376587,0.0005532241193577647,-0.2920312285423279,0.3526419997215271,-0.6318752765655518,-1.766324520111084,0.49166446924209595,-0.3796667456626892,0.7793689370155334,-0.4793476462364197,-0.630591630935669,0.8755154609680176
4.258333555422723,508,-3036.23876953125,596.2950439453125,-819.686767578125,-587.11328125,-2031.72998046875,-727.5982666015625,2641.213623046875,138.0045166015625,3365.65283203125,9594.0791015625,22695.734375,-7844.3291015625,34.79514694213867,35.81585693359375,-144.53860473632812,-6230.4482421875,-669.8082275390625,2076.9169921875,7402.5380859375,958.35400390625,-3518.010498046875,0.0,0.0,-1998.033935546875,1312.087158203125,-2858.46337890625,2230.39013671875,-6309.61865234375,-4549.68896484375,0.0,0.0,132.78668212890625,568.6070556640625,528.721923828125,-2458.995849609375,5128.74560546875,-124.908447265625,-1203.0189208984375,2075.743896484375,-0.43039941787719727,-1.8545441627502441,-0.2378784418106079,-0.7664110660552979,-0.17934587597846985,-1.6720707416534424,1.1339011192321777,0.16965529322624207,0.9574019908905029,-0.5117301344871521,0.7328155040740967,-0.044913098216056824,0.5442948341369629,-1.0697077512741089,0.15309496223926544,0.000780746340751648,0.09082731604576111,-0.7625879049301147,-1.819326400756836,0.7062612175941467,-0.31407150626182556,0.7288099527359009,0.04955470561981201,-0.5868077874183655,0.6950711011886597
4.266666889190674,509,88.46893310546875,1075.1539306640625,-205.637939453125,467.26171875,-659.3271484375,-275.6383056640625,2649.65283203125,80.136474609375,1643.0782470703125,16679.873046875,32766.640625,-14087.6875,21.694656372070312,27.49286651611328,0.9771270751953125,-107.324462890625,181.97186279296875,164.46563720703125,444.421875,783.27099609375,-471.04150390625,0.0,0.0,-2819.59228515625,-891.9548950195312,-989.9188842773438,1628.54052734375,-7979.6064453125,-1336.873291015625,0.0,0.0,-235.18197631835938,16.2579345703125,-22.2750244140625,-1908.7119140625,5280.1728515625,350.378173828125,214.836669921875,653.45556640625,-0.9676361083984375,-2.434351921081543,-0.44866934418678284,0.43708762526512146,0.12639065086841583,-1.081738829612732,1.4812254905700684,0.17629732191562653,0.9269510507583618,0.46333611011505127,0.7526479959487915,-0.5081866979598999,0.3880295753479004,-1.3539807796478271,-0.9975789785385132,-1.6318777799606323,1.110451579093933,-0.053824618458747864,0.12987889349460602,-0.8745864629745483,0.16440296173095703,2.0553524494171143,-2.5509049892425537,-1.675970435142517,1.808695673942566
4.275000222958624,510,2994.0009765625,744.2249755859375,-476.85302734375,1032.7696533203125,1032.4541015625,-503.66839599609375,1513.1253662109375,1457.9603271484375,162.48468017578125,19353.8125,27163.8125,-17410.404296875,30.641733169555664,-18.524032592773438,35.352684020996094,6671.05029296875,-463.1608581542969,-2039.97900390625,-7312.6474609375,-1473.933349609375,1710.48681640625,0.0,0.0,-2721.244140625,-2453.5166015625,1835.63427734375,1468.1549072265625,-7811.68115234375,-548.1728515625,0.0,0.0,-766.232177734375,-1025.78515625,-626.0098876953125,-1707.8897705078125,5477.47900390625,1234.9913330078125,885.7347412109375,219.465087890625,-0.9444132447242737,-2.452510118484497,-0.38217657804489136,0.4987219274044037,0.09117244184017181,-0.9714949131011963,1.356434941291809,0.2027442306280136,0.6490621566772461,0.502244234085083,1.2384467124938965,-0.2340814471244812,0.1239968091249466,-1.5679492950439453,-0.9977306127548218,-1.6984268426895142,1.4069982767105103,-0.25191807746887207,0.4136561453342438,-1.1861532926559448,0.030456505715847015,1.89569890499115,-2.3915860652923584,-1.497115969657898,2.0544142723083496
4.283333556726575,511,-20.510498046875,-828.76904296875,200.859619140625,667.8887329101562,355.5849609375,-137.68829345703125,1636.8604736328125,782.17333984375,1522.8941650390625,14097.4384765625,22403.134765625,-9248.0166015625,13.946676254272461,-32.01508331298828,3.0183639526367188,-61.17724609375,-542.6710205078125,-365.380615234375,293.8642578125,-134.5751953125,-568.579833984375,0.0,0.0,-2392.665283203125,-1182.60888671875,-255.08084106445312,1554.0198974609375,-7391.4189453125,-3998.71875,0.0,0.0,-188.55484008789062,-12.5576171875,-50.818603515625,-2387.9873046875,5515.94580078125,243.68899536132812,223.90203857421875,1090.18701171875,-0.7026664614677429,-1.9112257957458496,-0.533013105392456,-0.2389015257358551,-0.3686460554599762,-1.714097499847412,0.7910411953926086,0.10591188073158264,0.9519620537757874,-0.26606592535972595,1.1411794424057007,0.3208383619785309,0.09884902834892273,-0.641279935836792,-0.08120115846395493,-0.8009462356567383,-0.02268880233168602,-0.503135085105896,-0.6500072479248047,0.6102844476699829,-0.0507102906703949,1.3944016695022583,0.5886455774307251,-0.8508267402648926,1.177040696144104
4.291666890494525,512,-2449.950439453125,358.76641845703125,-1942.923828125,-1248.666259765625,-1872.990966796875,-453.76129150390625,1945.1590576171875,342.869873046875,3550.058837890625,16870.84765625,25423.900390625,-9141.3525390625,54.27859878540039,33.218482971191406,-108.02531433105469,-7216.9521484375,174.7678680419922,3010.85595703125,9634.537109375,1740.196533203125,-3918.983642578125,0.0,0.0,-632.377685546875,494.1751708984375,-1882.5283203125,1948.0189208984375,-5892.7607421875,-4414.43994140625,0.0,0.0,309.3612365722656,690.38720703125,391.28179931640625,-2411.127197265625,6192.4716796875,231.3175048828125,-1690.68798828125,1425.901123046875,-0.6259854435920715,-1.603987216949463,-0.4446755647659302,-0.6926276683807373,-0.35514846444129944,-1.5860135555267334,0.7333328723907471,0.18006469309329987,1.1950855255126953,-0.3531486690044403,0.8763073682785034,0.0009688660502433777,-0.050572849810123444,-0.798384964466095,0.08588738739490509,-0.32181769609451294,-0.3192633390426636,-0.6782745122909546,-1.0528010129928589,0.9373543858528137,-0.035973671823740005,1.169769287109375,1.090564489364624,-0.7908859848976135,0.8510088920593262
4.300000224262476,513,595.0244140625,1134.08544921875,-233.412109375,-115.569580078125,-720.444580078125,-431.0770263671875,2092.721923828125,269.431884765625,1752.6932373046875,24394.49609375,34450.79296875,-16552.68359375,28.060333251953125,32.46635437011719,4.7983245849609375,79.28662109375,367.0436706542969,234.3863525390625,531.7236328125,644.2142333984375,-195.5771484375,0.0,0.0,-1257.67236328125,-1730.09033203125,458.1463623046875,1424.623779296875,-7459.1015625,-1487.1116943359375,0.0,0.0,-293.201904296875,95.12017822265625,-45.4276123046875,-1701.232177734375,6259.876953125,978.0349731445312,45.83740234375,-23.23974609375,-1.1886112689971924,-2.081038236618042,-0.40569642186164856,0.2779037356376648,0.1568596065044403,-0.9677098989486694,1.0240647792816162,0.11377444863319397,1.155906319618225,0.6470965147018433,0.9251646399497986,-0.6038084030151367,-0.09026232361793518,-1.32822585105896,-1.1234952211380005,-1.7503489255905151,0.9253027439117432,-0.1322278380393982,0.8457785248756409,-1.0363469123840332,0.3686510920524597,2.3652291297912598,-1.376957654953003,-2.1176679134368896,1.9762853384017944
4.3083335580304265,514,1305.828125,149.0325927734375,-154.73828125,1106.385009765625,-32.259765625,-1037.5655517578125,1077.24169921875,2091.77197265625,-650.2023315429688,29272.751953125,26958.15625,-20754.12109375,-1.6706581115722656,-49.444480895996094,93.10614013671875,6678.8212890625,316.2603454589844,-4127.64892578125,-8242.990234375,-2131.99169921875,2809.59130859375,0.0,0.0,-1837.87646484375,-3615.64208984375,3064.763671875,1505.2322998046875,-7267.6533203125,-271.6661376953125,0.0,0.0,-654.2169799804688,-809.6437377929688,-526.3300170898438,-1827.3939208984375,5917.73828125,1490.410400390625,1136.6583251953125,-430.825927734375,-1.2712982892990112,-2.1453592777252197,-0.38099855184555054,0.39683276414871216,0.1154491975903511,-0.8690766096115112,0.940010666847229,0.07876338809728622,0.7951546311378479,0.6722230911254883,1.6446136236190796,-0.04936707019805908,-0.12153349071741104,-1.0798354148864746,-1.1614350080490112,-2.039464235305786,1.4501149654388428,-0.26610836386680603,1.4059674739837646,-1.3486425876617432,0.4198557138442993,2.671304941177368,-1.5617318153381348,-1.9163538217544556,2.2538375854492188
4.316666891798377,515,-337.8475341796875,-616.1187744140625,-302.720458984375,1215.0086669921875,153.58154296875,88.903564453125,1501.041748046875,1312.4656982421875,1651.3011474609375,22421.359375,21960.998046875,-9166.107421875,8.601943969726562,-26.29878807067871,11.8597412109375,-190.9736328125,-591.4503173828125,-325.601806640625,128.392333984375,130.623046875,-665.889892578125,0.0,0.0,-1075.642822265625,-1695.7239990234375,505.84637451171875,1454.9149169921875,-7148.287109375,-4686.6962890625,0.0,0.0,-155.85595703125,50.8475341796875,-68.26950073242188,-2049.833740234375,5990.73681640625,480.6446533203125,128.091796875,1000.72607421875,-1.2603853940963745,-2.0895190238952637,-0.9251258373260498,0.4690590798854828,-0.28669267892837524,-1.4957348108291626,0.5004135370254517,-0.16623151302337646,1.1574947834014893,-0.6072713136672974,1.0988572835922241,0.12544196844100952,-0.15514785051345825,-0.19592581689357758,0.0230867937207222,-1.0857139825820923,-0.5314583778381348,-0.8499693870544434,-0.23855827748775482,0.8510043025016785,0.4313002824783325,2.377133369445801,2.130765199661255,-0.9599218368530273,0.9093202352523804
4.325000225566328,516,-477.3289794921875,1217.7100830078125,-1881.168212890625,-881.1990966796875,-980.409912109375,-672.4375,2147.33251953125,381.75927734375,2490.1796875,22181.138671875,23566.96484375,-6463.4921875,64.2800064086914,82.24154663085938,-20.572113037109375,-6144.90185546875,231.36865234375,1629.7513427734375,9390.2822265625,1775.34228515625,-3422.4931640625,0.0,0.0,239.650390625,311.16241455078125,-1617.616943359375,1935.9154052734375,-5768.4375,-4430.25537109375,0.0,0.0,91.23123168945312,595.3004150390625,499.69287109375,-1070.0823974609375,7133.73681640625,1104.1715087890625,-1103.3895263671875,1720.3505859375,-0.9921472668647766,-1.8320354223251343,-0.6787154078483582,0.22115793824195862,-0.2860242426395416,-1.3503490686416626,0.4553200602531433,0.1046576127409935,1.528183937072754,-0.4981451630592346,0.7215020656585693,-0.5249177813529968,-0.38921332359313965,-0.9244351387023926,0.014154169708490372,-0.47426021099090576,-0.5011073350906372,-0.6778150796890259,-0.8529348373413086,0.9972399473190308,0.31873470544815063,2.149228811264038,2.111640453338623,-0.8767827749252319,0.5044882893562317
4.333333559334278,517,1081.9002685546875,823.940185546875,20.16064453125,-388.8509521484375,-533.509765625,-817.3455810546875,2000.4024658203125,179.75341796875,1315.514892578125,28447.62109375,25835.4296875,-12233.0146484375,15.961456298828125,28.695423126220703,0.448028564453125,50.2353515625,321.90283203125,165.12274169921875,530.75244140625,332.4757080078125,112.1650390625,0.0,0.0,72.4725341796875,-383.3235778808594,295.7289733886719,1627.5054931640625,-6293.1982421875,-3146.71484375,0.0,0.0,-124.29500579833984,-38.8311767578125,0.52459716796875,-996.87841796875,7243.49169921875,1953.8739013671875,-14.2744140625,819.92578125,-1.1850608587265015,-1.9164096117019653,-0.5333796739578247,0.7195903658866882,-0.0806947574019432,-0.7303521037101746,0.8237927556037903,0.19544880092144012,1.5233920812606812,0.1783677190542221,1.0381743907928467,-0.5604152679443359,-0.43897780776023865,-1.5186177492141724,-0.9868971109390259,-0.7798593044281006,0.46819955110549927,-0.515431821346283,-0.24296191334724426,-0.6149636507034302,0.5308560729026794,2.3920912742614746,0.8927835822105408,-1.676655888557434,1.1983261108398438
4.341666893102229,518,-303.59442138671875,-1557.366943359375,944.88720703125,904.8160400390625,-323.853515625,-918.06787109375,1507.921630859375,1309.10791015625,-1229.55322265625,33169.4375,17104.853515625,-7595.0458984375,65.29873657226562,-71.60928344726562,68.21245574951172,4037.05322265625,484.3153076171875,-4869.6240234375,-6813.75390625,-1769.8564453125,2861.458984375,0.0,0.0,-366.390869140625,-452.257568359375,364.6935729980469,1926.180908203125,-5233.185546875,-3575.58056640625,0.0,0.0,-186.19203186035156,-701.6873779296875,-255.76483154296875,-874.9478759765625,6539.71337890625,2531.978515625,864.7454223632812,229.624267578125,-1.3292964696884155,-1.9889461994171143,-0.513958752155304,1.1450473070144653,-0.060124509036540985,-0.6887302994728088,0.7783967852592468,0.14957550168037415,1.2325356006622314,0.30641499161720276,1.5736855268478394,-0.1353435516357422,-0.2692241668701172,-0.9496268630027771,-0.9224701523780823,-0.704891562461853,0.14368335902690887,-0.6446661353111267,-0.5333888530731201,-0.42128774523735046,0.5257306098937988,2.228670835494995,1.401395320892334,-1.541786551475525,1.044646978378296
4.350000226870179,519,-549.918701171875,-435.2123107910156,-314.30078125,1370.794921875,179.3193359375,-200.437255859375,1890.578125,856.77978515625,1155.077392578125,30105.197265625,16609.9921875,-2385.141845703125,-3.93701171875,-21.742273330688477,20.154592514038086,-424.659912109375,-534.9998779296875,-269.93896484375,-0.45849609375,182.8623046875,-608.6070556640625,0.0,0.0,72.68646240234375,266.989013671875,-46.69866943359375,2045.01025390625,-5495.92578125,-6060.16748046875,0.0,0.0,-139.15927124023438,66.9500732421875,-73.46551513671875,-1071.326416015625,6819.34521484375,1649.0894775390625,67.12188720703125,1645.7796630859375,-1.5047709941864014,-2.1053881645202637,-0.8233199715614319,1.5819458961486816,-0.08637751638889313,-1.2545055150985718,0.5713662505149841,-0.07197562605142593,1.3936876058578491,-0.9842173457145691,1.0166586637496948,0.022352363914251328,-0.4569433629512787,-0.1746182143688202,-0.3712887465953827,-0.5877322554588318,-0.705083966255188,-0.9528727531433105,-1.0396721363067627,-0.030305400490760803,0.4023868143558502,2.28117299079895,3.3010051250457764,-0.7836492657661438,-0.1848815381526947
4.35833356063813,520,1343.6011962890625,1403.9700927734375,-1279.68896484375,211.4686279296875,-578.048095703125,-693.1626586914062,1511.23046875,391.694091796875,1272.6478271484375,29672.166015625,18478.30859375,-2405.726318359375,-37.44414520263672,89.55281066894531,2.003904342651367,-3167.10595703125,456.7850341796875,827.267822265625,6118.66796875,861.696044921875,-2205.62451171875,0.0,0.0,38.6195068359375,1236.4840087890625,-879.3748779296875,1856.0224609375,-4509.01123046875,-4558.291015625,0.0,0.0,4.6578216552734375,454.3907470703125,107.85699462890625,-729.1219482421875,7498.17333984375,1592.7474365234375,-188.123779296875,1846.873291015625,-1.1009762287139893,-1.8279999494552612,-0.5913112759590149,1.5843054056167603,-0.10556340217590332,-1.1118688583374023,0.4999999701976776,0.28747808933258057,1.6062811613082886,-0.805813193321228,0.905799150466919,-0.16618335247039795,-0.6525805592536926,-0.2581941783428192,-0.4013344645500183,-0.35415253043174744,-0.48480725288391113,-0.6835926175117493,-1.1263189315795898,-0.10932718962430954,0.6118534803390503,2.415081262588501,2.1376020908355713,-0.6839526891708374,-0.029803231358528137
4.36666689440608,521,1133.518798828125,458.8673095703125,129.55029296875,-245.9453125,-468.088623046875,-673.6768188476562,766.8096923828125,64.70751953125,875.911865234375,30734.99609375,21811.845703125,-6258.23095703125,7.026344299316406,24.478294372558594,-1.5286445617675781,-26.1348876953125,155.3934326171875,12.52978515625,304.74365234375,70.615478515625,180.2861328125,0.0,0.0,-120.44732666015625,300.3045654296875,384.8492431640625,1564.123291015625,-5233.35546875,-2943.508056640625,0.0,0.0,-76.20215606689453,-47.89141845703125,22.17034912109375,-643.4148559570312,7849.58349609375,1695.68212890625,-67.3814697265625,873.5438232421875,-0.7736335396766663,-1.7356246709823608,-0.5485137104988098,1.88204026222229,-0.025473587214946747,-0.6171337962150574,0.5315946936607361,0.6784363389015198,1.659064531326294,-0.5340214371681213,1.1408647298812866,-0.22633841633796692,-0.8737280368804932,-0.3070968985557556,-0.5310689806938171,-0.8602137565612793,0.17103493213653564,-0.5313192009925842,-0.2788277566432953,-1.127119779586792,0.7929022908210754,2.8071508407592773,0.6292309761047363,-0.722222089767456,0.7687230110168457
4.375000228174031,522,-218.54678344726562,-2019.15234375,-1599.297607421875,975.4498901367188,-138.555908203125,-647.0376586914062,-153.23638916015625,737.582275390625,-163.9610595703125,32300.142578125,18944.890625,-5166.28515625,-58.71827697753906,-57.552703857421875,115.49946594238281,2051.150390625,-713.8204956054688,-2705.501708984375,-5234.693359375,-887.953369140625,2054.97705078125,0.0,0.0,-1118.51123046875,-167.6960906982422,1345.438720703125,1630.511962890625,-3532.419677734375,-2497.78173828125,0.0,0.0,-153.97779846191406,-322.9718017578125,-628.3594970703125,-171.76385498046875,7374.9375,1516.309814453125,982.063232421875,516.345458984375,-0.9283369183540344,-1.703489065170288,-0.5792988538742065,1.86918306350708,-0.014150255359709263,-0.5885486006736755,0.5082584619522095,0.6514495015144348,1.480454444885254,-0.6247642040252686,1.3678070306777954,-0.14751538634300232,-0.7317137122154236,-0.12081412971019745,-0.547261655330658,-1.222582459449768,-0.007169559597969055,-0.44862911105155945,0.03328614681959152,-1.1338839530944824,0.8424922823905945,2.898189067840576,0.5233412981033325,-0.6677610874176025,1.004952311515808
4.383333561941981,523,-77.77084350585938,-426.2481384277344,-360.13671875,1601.868408203125,10.295166015625,15.252685546875,91.87066650390625,390.694580078125,961.318359375,27968.060546875,18336.79296875,1835.2138671875,-14.166617393493652,-14.11507797241211,7.1968994140625,-484.5521240234375,-551.5136108398438,-233.98828125,-126.522705078125,163.625244140625,-592.5396728515625,0.0,0.0,-696.998291015625,681.1954345703125,165.70590209960938,2057.440673828125,-3705.475341796875,-5168.484375,0.0,0.0,-31.886703491210938,58.7899169921875,-57.302452087402344,-141.52003479003906,7413.06494140625,1216.1173095703125,1.4050750732421875,1224.97802734375,-1.218457818031311,-1.649105429649353,-0.8540305495262146,1.731301188468933,-0.11125271022319794,-0.8505665063858032,0.009827260859310627,0.46533358097076416,1.5642966032028198,-1.1711208820343018,0.849852442741394,-0.15740251541137695,-0.6922658085823059,0.11413808166980743,0.1871606707572937,-1.0468560457229614,-1.1295230388641357,-0.7560314536094666,-0.6219245195388794,-0.07391248643398285,0.4344012439250946,2.8278849124908447,2.6534276008605957,0.16911914944648743,0.3532191514968872
4.391666895709932,524,2561.573486328125,2702.892822265625,-1610.62646484375,1202.1729736328125,0.24560546875,87.112060546875,-735.2479248046875,-273.928955078125,1269.95654296875,26500.732421875,20191.66015625,2241.216552734375,-23.467784881591797,6.498222351074219,-46.59214401245117,-2340.311279296875,894.47705078125,484.88427734375,4174.18408203125,430.511962890625,-1387.822998046875,0.0,0.0,-326.63421630859375,1072.16455078125,-894.4172973632812,2082.019287109375,-2683.88623046875,-4152.8056640625,0.0,0.0,-275.8491516113281,562.12841796875,-72.33287811279297,1156.172607421875,7992.8046875,1795.19677734375,413.04449462890625,1166.835693359375,-0.8176658749580383,-1.3695769309997559,-0.705375075340271,1.320825457572937,-0.11910925805568695,-0.751311182975769,-0.015802251175045967,0.7104718685150146,1.7785885334014893,-1.1297128200531006,0.5416078567504883,-0.4143398702144623,-0.7242365479469299,-0.3212498426437378,0.4043408930301666,-0.7939409017562866,-0.791961133480072,-0.7418428063392639,-0.6795695424079895,-0.043828293681144714,0.416881263256073,2.606217384338379,1.9553546905517578,0.1925983428955078,0.5580706000328064
4.400000229477882,525,1423.167724609375,523.3704833984375,-128.7666015625,181.23233032226562,-740.5673828125,71.823974609375,-1368.977294921875,-730.8955078125,925.47998046875,23873.380859375,17535.669921875,-397.2679443359375,-1.244110107421875,34.60010528564453,-3.7894954681396484,-6.296142578125,149.9273681640625,11.25732421875,101.8447265625,-36.582763671875,157.187744140625,0.0,0.0,84.4775390625,1226.207763671875,1.56854248046875,2309.03759765625,-2830.004638671875,-4430.40625,0.0,0.0,7.400726318359375,-1.8475341796875,-16.421154022216797,1138.118408203125,7706.3173828125,1697.1297607421875,-118.42236328125,638.5302734375,-0.21041955053806305,-0.8573899865150452,-0.6409124135971069,0.9864042401313782,-0.3373512327671051,-0.23653122782707214,-0.05493516847491264,0.9986266493797302,1.8796591758728027,-0.8561148643493652,1.0180602073669434,-0.3911631107330322,-0.4041222035884857,-0.1908574104309082,0.8090333938598633,-0.27526965737342834,-0.29816734790802,-1.054680347442627,-0.7616814374923706,-0.7536032199859619,0.18331536650657654,2.494525194168091,2.0009119510650635,0.6107394695281982,0.9527577757835388
4.408333563245833,526,960.3583374023438,-1356.51611328125,476.12890625,1196.469482421875,-414.52294921875,246.54571533203125,-2111.83984375,-561.303955078125,427.63494873046875,24560.5625,13552.9443359375,2941.714111328125,-105.82124328613281,21.146547317504883,96.6242446899414,291.73236083984375,-289.052734375,-1385.594482421875,-2579.44873046875,88.483642578125,1149.701171875,0.0,0.0,240.19537353515625,2332.7158203125,-801.9885864257812,2289.722900390625,-1058.277587890625,-4551.203125,0.0,0.0,-17.41595458984375,9.782470703125,-293.837646484375,1935.0260009765625,7053.4765625,1547.9097900390625,833.2677612304688,696.983154296875,-0.27515166997909546,-0.9400386810302734,-0.5798936486244202,0.8760966062545776,-0.30725032091140747,-0.218012273311615,-0.03361712023615837,0.7400860786437988,1.6277003288269043,-0.7679693698883057,1.361721396446228,-0.4208362102508545,-0.05689801275730133,0.052352890372276306,0.6812183856964111,-0.052744388580322266,-0.41740483045578003,-1.0271031856536865,-1.1043696403503418,-0.5946481227874756,0.14040899276733398,2.115384101867676,2.081303358078003,0.575542688369751,0.8228803277015686
4.4166668970137835,527,509.39263916015625,-87.9520263671875,-122.89453125,1093.5364990234375,-259.0196533203125,353.635986328125,-1548.804931640625,-731.4869384765625,282.19354248046875,22895.298828125,12069.044921875,5296.0869140625,-15.310295104980469,6.815906524658203,-8.600189208984375,-331.96173095703125,-132.0811767578125,-56.6357421875,-129.31890869140625,13.082275390625,-261.80072021484375,0.0,0.0,465.55645751953125,3262.310302734375,-628.8478393554688,2763.6416015625,-799.6578369140625,-6258.4150390625,0.0,0.0,28.145538330078125,34.070068359375,-60.88523864746094,1883.98583984375,6665.49169921875,774.8182373046875,-154.27490234375,1035.903076171875,-0.21454665064811707,-0.9463325142860413,-0.5848284363746643,0.5908104777336121,-0.32211801409721375,-0.22198085486888885,-0.21538545191287994,0.3708442449569702,1.5967274904251099,-0.6282120943069458,1.190600872039795,-0.3286689519882202,0.2824470102787018,0.6719155311584473,0.8833737969398499,0.19023995101451874,-0.7696367502212524,-1.1569182872772217,-1.746185541152954,-0.6656642556190491,-0.25419506430625916,1.734967589378357,3.3080196380615234,1.3233506679534912,0.4876726567745209
4.425000230781734,528,1841.2747802734375,1748.53515625,420.435546875,827.9551391601562,811.602783203125,825.7871704101562,-1467.200927734375,-1093.3077392578125,-106.45654296875,19789.32421875,10097.798828125,9035.76953125,-5.334022521972656,-43.83574295043945,9.1005859375,-1731.38037109375,-148.9287109375,-179.39599609375,1105.1217041015625,129.0264892578125,352.40179443359375,0.0,0.0,601.1526489257812,4642.95654296875,-2305.839111328125,2625.643798828125,296.1478271484375,-5882.18359375,0.0,0.0,-230.791748046875,618.7994995117188,-7.797821044921875,3357.24560546875,6708.5458984375,944.1019897460938,599.1553955078125,887.4193725585938,-0.02231571450829506,-0.825420081615448,-0.5564768314361572,0.35831257700920105,-0.2981051206588745,-0.19307023286819458,-0.20949727296829224,0.35553663969039917,1.5029922723770142,-0.6529514193534851,1.289057731628418,-0.505301833152771,0.5093338489532471,0.3914392292499542,0.951416015625,0.5354061126708984,-0.857466459274292,-1.0135711431503296,-2.0633957386016846,-0.5724507570266724,-0.30779024958610535,1.270597219467163,2.9629220962524414,1.2724887132644653,0.7172976136207581
4.4333335645496845,529,1058.31103515625,167.949951171875,250.955322265625,27.84649658203125,-341.94622802734375,45.773468017578125,-1576.730224609375,-1478.8109130859375,-286.19659423828125,17629.8984375,5975.74755859375,7029.89892578125,-15.512107849121094,22.71285629272461,-13.907264709472656,-385.1600341796875,302.69281005859375,143.82177734375,-193.8792724609375,-119.8131103515625,31.71270751953125,0.0,0.0,1117.4888916015625,4946.6015625,-1328.622802734375,3049.56103515625,885.4134521484375,-5590.28515625,0.0,0.0,49.07061767578125,-7.330657958984375,-60.923492431640625,2502.40966796875,6372.849609375,1045.0147705078125,-249.0823974609375,225.8184814453125,0.40666091442108154,-0.13554297387599945,-0.10669468343257904,-0.2473275363445282,-0.5017247200012207,0.3246714174747467,-0.14514607191085815,0.38449686765670776,1.5813337564468384,-0.500673234462738,1.7182090282440186,0.22496241331100464,0.7753031849861145,0.288676917552948,1.2257698774337769,1.173609733581543,-0.4758748412132263,-1.4180437326431274,-2.1348798274993896,-1.3023602962493896,-0.6388971209526062,0.6677291393280029,2.48227858543396,1.858215570449829,1.2121646404266357
4.441666898317635,530,1120.9847412109375,-1398.42041015625,1849.739990234375,506.92388916015625,696.301513671875,852.0892333984375,-2105.364501953125,-1822.21484375,-791.8319091796875,16597.396484375,6720.92041015625,8355.984375,-111.88978576660156,74.34173583984375,91.24654388427734,-1545.1845703125,-71.46258544921875,189.6142578125,533.1266479492188,275.5440673828125,647.65087890625,0.0,0.0,1159.3427734375,5793.46435546875,-2382.12548828125,2473.125,2003.85693359375,-5554.7470703125,0.0,0.0,78.49127197265625,660.26123046875,108.15570068359375,2299.7607421875,5956.0576171875,457.55694580078125,415.515380859375,869.6090087890625,0.33185631036758423,-0.10060863196849823,-0.15110626816749573,-0.5163708329200745,-0.4577992856502533,0.2923956513404846,-0.13080137968063354,0.21755445003509521,1.2616326808929443,-0.43300414085388184,2.004456043243408,0.14735744893550873,1.2528074979782104,0.5077086687088013,1.0412763357162476,0.8406196236610413,-0.6456051468849182,-1.0514655113220215,-1.6712878942489624,-1.3862015008926392,-0.5957249402999878,0.6389201879501343,2.2095096111297607,1.7156474590301514,1.3759313821792603
4.450000232085586,531,745.478759765625,-130.8463134765625,307.60357666015625,-111.22613525390625,166.32192993164062,175.05670166015625,-1706.3563232421875,-1639.44873046875,-729.8312377929688,17335.06640625,8054.431640625,5376.05810546875,-23.425750732421875,12.064831733703613,-22.397628784179688,-534.10888671875,516.2825317382812,316.1884765625,-237.1142578125,-195.91693115234375,221.9495849609375,0.0,0.0,1028.1783447265625,5242.5849609375,-1363.65185546875,2753.2998046875,2085.5341796875,-3592.12841796875,0.0,0.0,-1926.05322265625,3261.681396484375,452.8866882324219,2389.7626953125,5151.7900390625,-5.753173828125,-251.211181640625,-433.25927734375,0.643609344959259,0.19543828070163727,0.1987546980381012,-0.26147061586380005,1.2659449577331543,-1.9502341747283936,-0.42067959904670715,-0.01686069741845131,1.0555143356323242,-0.4367234408855438,2.29268217086792,0.08077488094568253,1.8316494226455688,0.8459815382957458,0.8304903507232666,0.5560484528541565,-0.1191161721944809,-0.9250308275222778,-1.0575662851333618,-2.0945568084716797,-0.771734356880188,0.5199731588363647,0.42807233333587646,2.118405818939209,2.3331520557403564
4.458333565853536,532,770.72705078125,-1723.94287109375,802.9817504882812,1247.031494140625,742.633056640625,477.14404296875,-2902.01318359375,-2491.93603515625,-1316.0855712890625,19883.33984375,10390.85546875,323.21484375,-147.72267150878906,52.080589294433594,-22.215423583984375,298.53515625,-1005.8148193359375,-1417.71533203125,-2893.87646484375,358.01806640625,2461.47265625,0.0,0.0,154.40521240234375,3782.139892578125,-793.41943359375,1294.4488525390625,2465.953125,-1440.8216552734375,0.0,0.0,-2506.2001953125,4941.2177734375,625.56201171875,2304.340576171875,4661.74365234375,69.18798828125,1310.722900390625,-860.440185546875,0.5652698278427124,0.18467693030834198,0.2006666213274002,1.6409142017364502,1.1525726318359375,-2.302654981613159,-0.23746523261070251,-0.06017248332500458,0.8423173427581787,-0.4328133165836334,2.456547737121582,0.15310890972614288,2.3841605186462402,0.6682806015014648,0.12287630140781403,-0.4291822910308838,0.4631063938140869,-0.39537718892097473,0.7303321957588196,-2.676560640335083,-0.24200120568275452,0.8826612234115601,-0.8173659443855286,1.9686673879623413,2.645500898361206
4.466666899621487,533,164.7459716796875,-327.1746826171875,169.8983154296875,932.1019287109375,481.48565673828125,7.68170166015625,-2608.953857421875,-1733.357666015625,-1154.798095703125,19829.626953125,13678.751953125,-2051.57763671875,-21.90057373046875,-2.3633499145507812,-28.459976196289062,-1035.143310546875,-177.37945556640625,169.13134765625,-630.7144775390625,-267.9643859863281,-197.900146484375,0.0,0.0,132.49179077148438,2828.6025390625,-313.164306640625,1848.3836669921875,2515.350830078125,-267.5869140625,0.0,0.0,-1826.269775390625,5371.11279296875,588.0731811523438,2118.906982421875,3424.2880859375,-591.0419311523438,-285.095458984375,-1551.32763671875,0.6950727701187134,0.31083983182907104,0.42848822474479675,3.1004395484924316,0.5022015571594238,-2.47292160987854,-0.200575590133667,-0.21958591043949127,0.36077791452407837,-0.48297348618507385,2.8297154903411865,0.305753231048584,3.2279512882232666,1.1509844064712524,0.09671574831008911,-0.9580161571502686,0.825973391532898,-0.3954046368598938,1.522299885749817,-2.8548190593719482,-0.6489556431770325,0.7979272603988647,-1.7164398431777954,3.0942766666412354,3.003333806991577
4.475000233389437,534,2737.51953125,-561.1320190429688,3192.736572265625,2158.396484375,549.412109375,-97.313232421875,-3668.08056640625,-4738.7314453125,-1048.8275146484375,14897.234375,15434.134765625,-6020.34765625,-183.27468872070312,122.0990219116211,-61.67230987548828,-2054.723876953125,-2285.9013671875,964.129638671875,1492.460693359375,128.44427490234375,-472.748779296875,0.0,0.0,-423.581298828125,1391.510498046875,578.994140625,800.6826171875,4166.66259765625,1133.62060546875,0.0,0.0,-1706.8336181640625,6953.2001953125,986.08154296875,1562.5338134765625,4294.4482421875,-740.4097290039062,822.22607421875,-1337.355712890625,0.6091324090957642,0.5614384412765503,0.44729137420654297,3.156050205230713,0.15850181877613068,-2.580707311630249,0.013249792158603668,-0.14351755380630493,0.3673993945121765,-0.4745996594429016,2.820803642272949,0.3981599509716034,3.693516969680786,0.9893356561660767,-0.053049951791763306,-1.0610888004302979,1.0765225887298584,-0.5523753762245178,2.2460858821868896,-2.9613656997680664,-0.6998500823974609,0.7696493864059448,-2.0956573486328125,2.9197311401367188,3.2152209281921387
4.483333567157388,535,443.38720703125,-584.4627685546875,1124.6851806640625,904.9697265625,571.475830078125,-701.057373046875,-3655.36279296875,-2868.228515625,-1830.0048828125,9762.841796875,11100.599609375,-4707.80859375,-19.21209716796875,7.842559814453125,-52.39118194580078,-1299.171142578125,34.9970703125,395.30029296875,-415.68914794921875,-318.12677001953125,286.481689453125,0.0,0.0,-215.52142333984375,3340.756591796875,-107.0869140625,2372.018798828125,5672.896484375,1129.326171875,0.0,0.0,-1586.54345703125,6795.857421875,358.74609375,1376.4490966796875,2419.30078125,-975.6439208984375,-392.93505859375,-2317.6845703125,1.2460004091262817,0.50209641456604,0.6960477828979492,2.1428911685943604,0.05727265775203705,-2.246206045150757,0.541865885257721,-0.15289407968521118,-0.6932849884033203,-0.03236673027276993,3.904999256134033,0.526385486125946,4.9515910148620605,1.1043152809143066,0.7738891839981079,-0.28155890107154846,0.7544177770614624,-0.7255449295043945,0.5156222581863403,-2.1554601192474365,-1.91512131690979,-0.5092341899871826,-1.9225062131881714,3.663796901702881,3.75470232963562
4.491666900925338,536,2107.9169921875,-3323.4912109375,901.5648803710938,3276.9189453125,4446.765625,927.5066528320312,-5640.56103515625,-7545.72119140625,64.2000732421875,4275.5693359375,10437.146484375,-2070.765869140625,-137.708251953125,-55.386924743652344,-140.0714569091797,960.87890625,-1853.6903076171875,400.74169921875,-646.7833251953125,2324.6181640625,-1668.1444091796875,0.0,0.0,-1589.6292724609375,2148.7880859375,956.863525390625,732.406982421875,6949.36767578125,580.7728881835938,0.0,0.0,-1568.6068115234375,8495.6494140625,1071.954345703125,-620.7391967773438,3209.62646484375,-627.8348999023438,1301.74072265625,-2059.67333984375,0.9745802879333496,0.5153364539146423,0.25379082560539246,1.8902888298034668,0.388398140668869,-2.1766293048858643,0.9081165790557861,-0.20490415394306183,-0.9649826884269714,-0.40920135378837585,3.7778804302215576,0.8162744045257568,5.634005546569824,0.5880231857299805,0.7135700583457947,-0.24621166288852692,-0.03264637291431427,-0.38132333755493164,0.4133458435535431,-1.9895720481872559,-1.989944577217102,-0.7583467960357666,-0.6984645128250122,3.339345693588257,3.3011343479156494
4.500000234693289,537,213.3310546875,-1447.580078125,1113.1419677734375,1652.069580078125,1803.6787109375,24.8419189453125,-5843.55126953125,-5414.7294921875,-1524.538330078125,-7399.0263671875,-5458.3740234375,5431.2900390625,0.599273681640625,-37.422584533691406,-51.33161544799805,-1502.1199951171875,-984.39208984375,210.786376953125,113.24488830566406,27.632080078125,384.6801452636719,0.0,0.0,-1001.907470703125,5407.875,-866.7000122070312,3130.74365234375,10346.6884765625,-376.4736022949219,0.0,0.0,-2655.231689453125,10863.830078125,1788.1807861328125,195.41064453125,400.8955078125,917.9992065429688,-294.3564453125,-1657.8758544921875,1.7911163568496704,1.9048609733581543,0.6719116568565369,-0.6290899515151978,1.230655312538147,-3.9525856971740723,0.2551509439945221,-0.10941934585571289,-2.0665040016174316,0.4643264412879944,4.509825229644775,0.09032491594552994,7.4646430015563965,-0.7442562580108643,2.553287982940674,2.371222496032715,-1.2748923301696777,-0.8615401387214661,-2.2541205883026123,-0.35321348905563354,-3.8040740489959717,-3.4933230876922607,0.11400887370109558,4.359049320220947,2.707822561264038
4.508333568461239,538,5552.189453125,1184.6077880859375,2592.438720703125,2501.37353515625,3865.240478515625,808.3328857421875,-4392.04248046875,-10862.751953125,468.2662658691406,-10972.93359375,-6045.39599609375,5158.0615234375,42.689544677734375,-342.8066101074219,-233.1128692626953,-589.1644897460938,-565.5751953125,1862.10302734375,4744.95263671875,2941.225341796875,-3349.6884765625,0.0,0.0,-1935.7642822265625,3501.762451171875,-1553.34521484375,-715.87353515625,8786.986328125,1058.7418212890625,0.0,0.0,-1755.0858154296875,14272.58203125,3787.8271484375,-775.5469360351562,1249.201171875,1748.08154296875,1573.5576171875,-2950.57958984375,1.7597063779830933,2.046917676925659,0.40660539269447327,-1.1044620275497437,0.07154347002506256,-3.9415926933288574,0.47387853264808655,-0.9081820249557495,-2.593998432159424,0.06261108070611954,4.172907829284668,0.06089433655142784,6.833468914031982,-0.2645341753959656,2.153843641281128,1.9522110223770142,-1.5235466957092285,-0.28928714990615845,-1.090135097503662,-0.6826462745666504,-3.0365395545959473,-3.8212037086486816,-0.4853104054927826,3.9812536239624023,2.653780460357666
4.51666690222919,539,923.0859375,-335.53125,1832.6317138671875,-67.67919921875,1925.6787109375,367.11279296875,-5133.0439453125,-7208.24169921875,-1004.349609375,-23530.060546875,-12266.9833984375,4939.76513671875,21.399627685546875,-1.1429443359375,-36.26246643066406,-920.1493530273438,-654.7003173828125,67.39764404296875,925.78271484375,686.6806640625,1274.994384765625,0.0,0.0,-768.708740234375,4239.87353515625,-1134.85986328125,1408.12744140625,11593.7587890625,4821.73388671875,0.0,0.0,-1155.732421875,15435.41015625,4173.05322265625,213.71868896484375,512.333984375,379.63787841796875,-204.51806640625,-3627.3603515625,3.018124580383301,2.936183452606201,0.5299663543701172,-3.25941801071167,-0.43887752294540405,-4.540951728820801,0.16374602913856506,-0.47654488682746887,-4.405325889587402,0.8066985011100769,6.115416526794434,-0.7452701330184937,6.889194488525391,0.8596845865249634,4.015319347381592,2.818014144897461,-1.414290189743042,-1.2529622316360474,-1.587577223777771,-0.9532358050346375,-4.544192314147949,-5.81565523147583,-3.5716419219970703,5.097728252410889,3.010558843612671
4.52500023599714,540,316.9482421875,-52.13336181640625,8221.908203125,-2012.321044921875,-583.26220703125,883.13134765625,2429.481201171875,-13599.177734375,732.9855346679688,-42883.16015625,-21623.970703125,15292.7080078125,320.9197998046875,-379.13848876953125,33.22386169433594,-1624.4019775390625,899.646728515625,7538.486328125,3008.18359375,3624.87451171875,-3887.8134765625,0.0,0.0,-60.1043701171875,7676.455078125,-5212.2509765625,3315.01904296875,12767.298828125,2892.34130859375,0.0,0.0,2667.512451171875,14151.939453125,4961.8671875,-304.58160400390625,-3093.6025390625,1951.38427734375,1858.7578125,-6931.513671875,2.521162509918213,1.924984097480774,-0.23952719569206238,-2.285172700881958,-3.2876696586608887,-1.6975860595703125,1.4588823318481445,-1.5694044828414917,-4.904515743255615,0.07312069833278656,5.300245761871338,-0.6801543235778809,6.513268947601318,0.9104197025299072,5.588222503662109,4.6193976402282715,-3.7612462043762207,-0.9766538739204407,-5.786487579345703,1.1906224489212036,-5.524469375610352,-8.420722961425781,-1.7490719556808472,4.439932346343994,2.0570874214172363
4.533333569765091,541,-892.4892578125,76.48504638671875,2227.091796875,-2087.398681640625,1927.69091796875,487.02154541015625,1405.85009765625,-9500.8662109375,6.37762451171875,-51793.12109375,-19183.421875,20131.95703125,0.7181129455566406,16.16259765625,15.240737915039062,66.98585510253906,634.5640869140625,161.2958984375,1745.16845703125,1727.42578125,1311.78466796875,0.0,0.0,-328.227783203125,10760.74609375,-4823.576171875,2981.845703125,14281.158203125,3280.34814453125,0.0,0.0,-895.2974853515625,12064.751953125,3350.34814453125,317.9141845703125,10.978271484375,40.911376953125,302.97900390625,-4507.91259765625,2.3479204177856445,0.4498172402381897,-0.08386850357055664,-1.127112627029419,-0.114743173122406,0.14486055076122284,2.7144393920898438,-0.9045008420944214,-6.729411602020264,0.4047541916370392,4.629951477050781,-1.1469817161560059,3.505326986312866,2.371311664581299,6.581778049468994,3.793959617614746,-4.325586795806885,-0.6699392199516296,-7.778383731842041,0.7722998857498169,-4.792303085327148,-8.923041343688965,-1.98410165309906,5.328302383422852,-0.05320093035697937
4.5416669035330415,542,-13171.330078125,911.2674560546875,7301.9921875,-4219.322265625,-524.0274658203125,-989.1395263671875,8677.1865234375,-12632.5322265625,2703.057861328125,-60037.73828125,-15080.5478515625,12013.6953125,77.32552337646484,818.0739135742188,45.226844787597656,-1868.099365234375,2723.71484375,10850.44921875,-9147.421875,2869.7119140625,1589.29833984375,0.0,0.0,2229.847412109375,8680.322265625,-10448.134765625,6870.380859375,12506.810546875,-773.9266967773438,0.0,0.0,-1760.0146484375,12740.0087890625,2610.592529296875,-4091.81494140625,-13504.33203125,-6842.166015625,-5804.75048828125,-573.5262451171875,1.8382351398468018,0.8025972247123718,-0.4269944727420807,-0.8248732089996338,1.7460415363311768,-0.1043274998664856,2.9426519870758057,-0.2668653428554535,-6.644028186798096,-0.028795603662729263,4.668985843658447,2.4350154399871826,8.694177627563477,8.21479606628418,6.482077121734619,4.145640850067139,-3.9698991775512695,-0.3730018436908722,-6.984218597412109,1.003124475479126,-3.688215970993042,-9.326239585876465,0.565772533416748,4.751889228820801,-1.1509203910827637
4.550000237300992,543,-5448.408203125,3171.712890625,-19.126953125,-393.04595947265625,-301.11016845703125,-224.513427734375,8454.3974609375,-11705.7841796875,1267.286376953125,-25317.337890625,3475.37353515625,-12907.154296875,-38.555381774902344,110.92010498046875,-7.224952697753906,836.9969482421875,2098.17626953125,1770.953125,1181.1220703125,2303.1240234375,714.568359375,0.0,0.0,3363.357421875,228.53802490234375,-3354.3662109375,1751.90576171875,10690.4677734375,1586.16845703125,0.0,0.0,-830.074462890625,12174.4521484375,-479.1103515625,647.964599609375,-5042.2060546875,69.413818359375,482.50848388671875,-6876.5458984375,-0.38453543186187744,0.627246618270874,-0.8033064007759094,-0.4038379192352295,0.9107412695884705,0.3655141592025757,5.180224895477295,-0.09290814399719238,-6.632245063781738,0.7439032793045044,3.5958569049835205,-1.63108491897583,1.3092081546783447,1.9447017908096313,0.3162109851837158,0.7165710926055908,0.43507325649261475,-1.463640570640564,0.6143290996551514,-4.759725570678711,0.8032373189926147,-7.0083723068237305,-1.436610460281372,-0.680435299873352,4.093652248382568
4.5583335710689425,544,-1814.7801513671875,5478.5986328125,789.8525390625,-1494.9287109375,1887.815185546875,-392.11962890625,10208.7607421875,-10673.5078125,3729.63525390625,-25726.056640625,10013.82421875,-32589.697265625,-139.44239807128906,482.96282958984375,4.371063232421875,6205.5751953125,-579.7325439453125,3823.09765625,-7215.57568359375,203.2236328125,5142.56005859375,0.0,0.0,7351.6494140625,-3752.859619140625,2298.06689453125,3353.15576171875,7141.51318359375,6320.61279296875,0.0,0.0,1866.421875,11267.201171875,-494.843505859375,4424.42724609375,-6712.1572265625,-2.78277587890625,-2307.846435546875,-5248.40185546875,0.28176525235176086,0.22950780391693115,-1.125932216644287,-0.4751203656196594,-0.3083873987197876,0.9940624833106995,3.6605043411254883,1.3432468175888062,-6.671069622039795,0.24493928253650665,3.3924598693847656,-1.9884742498397827,-0.25702929496765137,0.6684560775756836,-0.7083918452262878,-1.5397059917449951,3.348673105239868,-2.0693001747131348,3.4934558868408203,-4.798259258270264,1.5745130777359009,-4.578042984008789,-4.287411212921143,-0.7276647686958313,5.043949604034424
4.566666904836893,545,-2370.98779296875,263.1259765625,803.2802734375,-2207.84033203125,793.1514892578125,364.837158203125,7724.9189453125,-10799.9111328125,3077.38671875,-19973.5859375,13279.837890625,-23664.97265625,-2.9463462829589844,41.78961181640625,-46.45897674560547,1290.5625,876.396728515625,1369.3291015625,-309.8994140625,2117.159423828125,301.4632568359375,0.0,0.0,3984.291259765625,-5156.5498046875,-19.62548828125,-54.337890625,6370.14453125,2487.481689453125,0.0,0.0,950.740234375,10616.6513671875,598.80908203125,1711.9815673828125,-3252.827880859375,1661.8033447265625,659.9404296875,-6812.8828125,0.6063796281814575,0.7684872150421143,-1.4634207487106323,-0.650924026966095,0.5124908089637756,1.463409185409546,2.4770774841308594,2.5709598064422607,-6.116857051849365,0.5253617763519287,2.890031576156616,0.3455188274383545,-3.0244553089141846,-0.7196713089942932,-1.5637613534927368,-1.9580270051956177,1.6501617431640625,0.69603031873703,4.3676018714904785,-2.566197395324707,4.188221454620361,-3.593066453933716,-0.9535565972328186,-3.0557162761688232,5.8794026374816895
4.575000238604844,546,4697.25439453125,-10547.1396484375,-2048.263671875,-3367.070556640625,3461.36328125,-294.627197265625,5840.56689453125,-4682.294921875,4436.7119140625,-33801.62109375,17122.685546875,-16164.47265625,-111.0868911743164,119.69305419921875,70.03447723388672,1812.19384765625,1091.73974609375,-388.734375,10731.11328125,1094.740478515625,1698.7869873046875,0.0,0.0,6640.974609375,-5344.04638671875,4793.55126953125,864.77734375,5173.61669921875,1875.31982421875,0.0,0.0,1938.4014892578125,8043.38916015625,51.771484375,1945.9600830078125,-1618.136474609375,-1552.580322265625,-959.70849609375,-3040.378173828125,0.5788511633872986,0.6627771258354187,-1.5519908666610718,-0.8236993551254272,0.32395467162132263,1.3612515926361084,1.807602882385254,2.621657371520996,-6.160026550292969,0.2188604772090912,2.161238431930542,0.3742304742336273,-3.4118425846099854,-0.5054640769958496,-1.1757586002349854,-2.387071132659912,1.4989373683929443,0.43733397126197815,4.874260902404785,-2.4463324546813965,4.169224262237549,-3.1719377040863037,-0.6099505424499512,-2.8807079792022705,4.90989875793457
4.583333572372794,547,2460.93994140625,-3875.434814453125,637.58154296875,-4053.7275390625,1960.41259765625,1046.234130859375,4632.6962890625,-5954.3388671875,5069.22265625,-32922.26953125,15607.2890625,2037.658203125,21.243804931640625,-72.060546875,-49.37141799926758,1793.826416015625,464.924072265625,587.4931640625,437.0484313964844,-207.188232421875,266.7947998046875,0.0,0.0,2446.9375,-4890.04931640625,1437.869873046875,-2242.84912109375,4584.88818359375,-2859.146484375,0.0,0.0,1143.78955078125,8751.0380859375,844.3690185546875,1187.93359375,-1862.92333984375,865.8353271484375,814.5302734375,-3008.6904296875,0.8714843392372131,1.4434165954589844,-2.1878786087036133,-1.869037389755249,0.9758924841880798,0.696063220500946,0.9992324709892273,3.0590853691101074,-4.973232269287109,-0.19116829335689545,0.6437187790870667,0.9712181687355042,-2.972853660583496,-2.381016731262207,-1.1659271717071533,-1.937485933303833,-1.5747580528259277,3.796543836593628,4.061278343200684,0.3363223671913147,6.380728721618652,-2.490117311477661,3.11720609664917,-4.0676140785217285,4.451066970825195
4.591666906140745,548,485.84228515625,-3499.4169921875,-1770.83984375,-2788.410400390625,3436.95947265625,1339.3116455078125,3183.408447265625,-3028.14892578125,5428.6044921875,-30617.6015625,14025.6240234375,5770.06640625,56.07129669189453,-168.52130126953125,-28.202957153320312,161.8277587890625,-468.18994140625,-2220.3056640625,1064.6256103515625,583.93359375,426.9915466308594,0.0,0.0,2544.893798828125,-4906.1845703125,707.9296875,-3051.167236328125,5582.93017578125,-2794.69873046875,0.0,0.0,1085.9722900390625,8621.7939453125,-91.8577880859375,7.3389892578125,-203.091796875,-86.3123779296875,339.132568359375,-2621.859130859375,0.1481727957725525,1.6608563661575317,-1.8419699668884277,-2.360841751098633,1.2747730016708374,0.5234583616256714,1.6932276487350464,2.008662700653076,-4.418992042541504,0.2271144539117813,-0.5231326818466187,1.3425387144088745,-3.619345188140869,-1.5485033988952637,-1.833605170249939,-0.9085447788238525,-1.1890393495559692,3.2727115154266357,3.154770612716675,0.8954732418060303,5.725533962249756,-3.551811695098877,2.3764219284057617,-3.7298450469970703,3.7655487060546875
4.600000239908695,549,135.774169921875,-1535.205078125,414.61572265625,-1967.6025390625,1539.5078125,605.5284423828125,4436.474609375,-5256.9951171875,3813.814697265625,-25202.99609375,7386.41796875,3595.216796875,-0.1695709228515625,-38.969970703125,-20.09576416015625,722.1041259765625,179.7491455078125,209.4912109375,436.15948486328125,-40.10107421875,227.84243774414062,0.0,0.0,2707.259033203125,-4765.189453125,263.017822265625,-2317.5263671875,6227.0556640625,-2663.544189453125,0.0,0.0,1260.6773681640625,8957.9609375,8.5859375,275.6346435546875,-366.955078125,-175.52197265625,906.13134765625,-2250.412109375,-0.33791255950927734,2.557469129562378,-1.2893505096435547,-3.0082499980926514,1.0573252439498901,0.21405771374702454,1.447170615196228,1.1720433235168457,-2.8626670837402344,1.079633116722107,-1.8363505601882935,1.0365196466445923,-3.228860378265381,-1.3332626819610596,-2.568136692047119,0.2426343709230423,-0.749703586101532,2.9280242919921875,2.743638515472412,1.1208031177520752,4.702394962310791,-3.8538811206817627,1.9471046924591064,-3.8846445083618164,3.1696622371673584
4.608333573676646,550,-3336.572265625,3860.38671875,930.770751953125,-880.009033203125,1321.36767578125,291.1318359375,5403.8349609375,-3352.26123046875,2458.419189453125,-26426.05859375,7933.09326171875,7107.49169921875,29.419654846191406,-157.337158203125,66.5936050415039,-2019.642333984375,-1270.1820068359375,-76.18994140625,-1123.894775390625,799.922119140625,1315.185546875,0.0,0.0,1340.173095703125,-3745.446044921875,-478.3135986328125,-3088.405517578125,6893.4443359375,-4342.126953125,0.0,0.0,1888.0155029296875,9496.3095703125,-336.8026123046875,-718.1399536132812,-318.5859375,924.9337768554688,1631.1484375,-6224.1376953125,-0.5624594688415527,2.57500958442688,-0.9352297186851501,-3.0654025077819824,0.9195867776870728,0.5048878192901611,1.2112878561019897,0.8081027865409851,-2.6086044311523438,1.3569458723068237,-2.346372365951538,1.110617995262146,-3.1475155353546143,-1.1111305952072144,-2.457105875015259,0.8983677625656128,-1.128401756286621,2.751816749572754,1.6639938354492188,1.284352421760559,4.183204174041748,-4.604361534118652,2.235201120376587,-3.535000801086426,3.1022424697875977
4.616666907444596,551,-1789.0341796875,31.4849853515625,536.39111328125,-14.937255859375,1057.9404296875,-744.34521484375,6276.59912109375,-4840.11181640625,2700.7626953125,-27039.77734375,10081.64453125,4885.0986328125,-22.533435821533203,11.781951904296875,-13.130462646484375,206.69873046875,341.013427734375,384.01025390625,585.3016967773438,141.8544921875,442.93035888671875,0.0,0.0,2472.58544921875,-4317.2578125,-673.5794677734375,-1935.6009521484375,5424.1025390625,-3456.375,0.0,0.0,1804.6912841796875,8714.337890625,-1015.1652221679688,488.5190124511719,-335.60205078125,6.89215087890625,933.89013671875,-3158.310791015625,-0.9978852272033691,2.5011723041534424,-0.2900889217853546,-2.3099327087402344,0.9538304209709167,1.114168405532837,1.6538002490997314,0.29381826519966125,-1.6065528392791748,1.1131196022033691,-3.027961492538452,0.04269064962863922,-2.883197546005249,-0.2942097783088684,-2.178731918334961,0.4496092200279236,-0.7037051320075989,1.6846835613250732,1.9792076349258423,1.3164137601852417,2.9591610431671143,-3.090043783187866,1.2441799640655518,-2.69891095161438,0.40040770173072815
4.625000241212547,552,-2759.70166015625,3750.405029296875,2125.509765625,549.2036743164062,1721.18798828125,-534.0531005859375,6716.2265625,-3096.29248046875,1562.3675537109375,-24169.166015625,11155.078125,4555.74462890625,-38.55669403076172,-148.239013671875,-53.78529357910156,1202.0430908203125,-868.803955078125,-143.873046875,-1556.99951171875,388.466552734375,1899.193115234375,0.0,0.0,824.92333984375,-5120.73828125,-786.1016845703125,-2763.67431640625,5683.7109375,-5302.53955078125,0.0,0.0,2240.849853515625,8996.94921875,-1424.31103515625,391.77679443359375,-8.29736328125,1073.09228515625,1864.6505126953125,-6210.22314453125,-0.7704561948776245,2.4180426597595215,-0.39420458674430847,-2.198723554611206,0.9276878237724304,1.3291736841201782,1.5009992122650146,0.7341917753219604,-1.6034353971481323,0.8669100999832153,-3.2620601654052734,0.15359370410442352,-2.759516716003418,-0.1767721176147461,-1.888718605041504,0.6364413499832153,-0.49683475494384766,1.5359169244766235,1.6823296546936035,1.266662359237671,3.101703405380249,-3.257316827774048,1.4521759748458862,-2.5062172412872314,0.5238437056541443
4.633333574980497,553,-2183.484130859375,44.34033203125,604.78271484375,212.21441650390625,653.86767578125,-726.9719848632812,6114.21044921875,-4437.22607421875,3091.1884765625,-28838.146484375,10552.9189453125,1482.26806640625,-12.717727661132812,18.09597396850586,-5.2285614013671875,232.64537048339844,242.111572265625,298.1640625,545.944580078125,307.0595703125,523.7364501953125,0.0,0.0,2014.923095703125,-5679.68798828125,-602.0076904296875,-1865.51416015625,4559.4130859375,-4558.52978515625,0.0,0.0,2091.7890625,8292.13671875,-1181.9271240234375,709.357177734375,-80.446533203125,207.34368896484375,1046.026611328125,-3738.09033203125,-0.5302317142486572,2.797208786010742,-0.26390671730041504,-1.9286468029022217,1.0214871168136597,1.8125340938568115,1.183272361755371,1.013604760169983,-0.7666928768157959,-0.05257445573806763,-3.5869147777557373,-0.11222226917743683,-2.481902599334717,0.5345804691314697,-0.9922268986701965,0.6673657894134521,0.02585664391517639,0.5028303861618042,2.0008022785186768,1.0064738988876343,2.1555404663085938,-2.1177937984466553,0.6587625741958618,-1.648282527923584,-1.496734380722046
4.641666908748448,554,-2868.70166015625,-1828.0498046875,1395.09814453125,-278.058349609375,1966.86962890625,-601.6385498046875,6385.3134765625,-3884.364990234375,2011.37890625,-24679.087890625,10349.115234375,4789.71826171875,33.132930755615234,-38.78508377075195,52.62150573730469,-602.1053466796875,612.1064453125,744.3076171875,1736.125732421875,600.75439453125,1642.397705078125,0.0,0.0,508.386962890625,-5779.49658203125,-725.9873046875,-2440.841552734375,4884.6845703125,-5633.44921875,0.0,0.0,1847.4384765625,8279.966796875,-1118.00146484375,689.7625732421875,128.630615234375,358.46014404296875,1367.72119140625,-4999.74853515625,-0.3209964334964752,2.621875762939453,-0.32520997524261475,-1.881919264793396,1.133216142654419,2.012756109237671,1.0988253355026245,1.2675232887268066,-0.7596427798271179,-0.15445265173912048,-3.9667294025421143,0.16215172410011292,-2.359969139099121,0.6813562512397766,-0.8511288166046143,0.6601514220237732,-0.16740773618221283,0.684821605682373,1.8232994079589844,0.8475571274757385,2.399474859237671,-2.0367591381073,0.7083345651626587,-1.5661981105804443,-1.5100886821746826
4.650000242516398,555,-1549.0189208984375,-824.4911499023438,312.556640625,-321.6402587890625,898.853515625,-413.3184814453125,6294.83203125,-4516.72265625,3339.6103515625,-28166.921875,8779.5546875,4690.37890625,-10.930154800415039,0.3791542053222656,0.7127151489257812,281.58282470703125,201.206787109375,270.1494140625,667.68896484375,24.759521484375,367.070556640625,0.0,0.0,1250.9749755859375,-5867.14453125,-805.1592407226562,-1957.419677734375,4604.2646484375,-5550.25341796875,0.0,0.0,1641.2662353515625,8366.3662109375,-1195.4818115234375,421.0014343261719,154.9296875,26.20068359375,1242.3240966796875,-3156.515625,-0.2762145400047302,3.000319242477417,-0.4105464518070221,-2.4647793769836426,1.2543951272964478,1.793961524963379,1.0408772230148315,1.210951566696167,-0.36603498458862305,-0.8882557153701782,-4.5907745361328125,0.3742261826992035,-2.19104266166687,0.8988598585128784,-0.21975228190422058,0.873091459274292,-0.15630105137825012,0.07012145221233368,1.739000678062439,0.8567261099815369,1.8345646858215332,-1.680421233177185,0.5391547679901123,-1.3410496711730957,-2.8766868114471436
4.658333576284349,556,-416.1947021484375,-757.373291015625,-678.0361328125,-592.9676513671875,1209.15576171875,-330.15765380859375,6127.01953125,-4581.99609375,2303.2646484375,-22607.888671875,6987.59033203125,9743.611328125,53.52128219604492,-46.21075439453125,37.06090545654297,-96.6337890625,-231.278564453125,-197.85693359375,1102.3355712890625,766.177978515625,1430.989013671875,0.0,0.0,-226.87588500976562,-5670.4873046875,-1541.5963134765625,-2876.74951171875,5822.2314453125,-6763.20263671875,0.0,0.0,935.2425537109375,8658.7734375,-572.205322265625,8.387451171875,265.22802734375,42.133544921875,1525.815185546875,-3120.61474609375,-0.19368401169776917,2.9681012630462646,-0.4689353406429291,-2.5561704635620117,1.3860788345336914,1.929260492324829,0.7830632328987122,1.2707279920578003,-0.2998860478401184,-0.9000141024589539,-5.237491607666016,0.7111287713050842,-1.9098131656646729,1.0385485887527466,-0.18433387577533722,1.1052525043487549,-0.49831002950668335,0.2962226867675781,1.327175259590149,0.934814453125,2.0607526302337646,-1.8980247974395752,0.8062788844108582,-1.2982964515686035,-3.045339822769165
4.6666669100522995,557,-945.3179321289062,-266.7881164550781,264.052734375,-690.8193969726562,511.8994140625,-89.82623291015625,6251.52734375,-4846.12548828125,3448.9208984375,-24566.12109375,4916.296875,8338.6953125,-4.582767486572266,10.536514282226562,10.17645263671875,341.6632080078125,111.366943359375,251.917724609375,673.9330444335938,-104.256103515625,319.616943359375,0.0,0.0,613.6964721679688,-5523.5517578125,-1565.445556640625,-2243.38623046875,6166.359375,-6205.21435546875,0.0,0.0,1407.928955078125,8296.0380859375,-709.7470092773438,-402.8978271484375,-174.9859619140625,-373.4991455078125,1482.66162109375,-1862.10791015625,-0.13998207449913025,3.1113669872283936,-0.5678516030311584,-2.972951650619507,0.9349955320358276,2.087967872619629,0.814346194267273,1.072281002998352,-0.14641313254833221,-1.4751505851745605,-5.846050262451172,1.0058832168579102,-1.3932868242263794,1.2952905893325806,0.13142643868923187,1.3584638833999634,-0.24811473488807678,-0.3745913803577423,1.095956802368164,0.9070878028869629,1.3894269466400146,-2.0516722202301025,0.2511751055717468,-1.162221074104309,-3.8310155868530273
4.67500024382025,558,686.104248046875,60.342926025390625,-148.77880859375,-546.345947265625,-816.927734375,249.08184814453125,6980.55078125,-5459.9404296875,2290.75244140625,-17911.212890625,7207.1259765625,12164.9375,33.64887619018555,-15.8035888671875,51.28370666503906,-965.509521484375,-558.435791015625,-132.1943359375,1494.41259765625,128.54248046875,503.333251953125,0.0,0.0,-1080.2210693359375,-5606.0478515625,-2756.2568359375,-3014.47412109375,7296.650390625,-7686.50537109375,0.0,0.0,939.5057373046875,8885.548828125,-337.1416015625,-721.4888305664062,294.5933837890625,55.4471435546875,1679.6939697265625,-1436.87109375,-0.2769295275211334,2.9513635635375977,-0.5430321097373962,-2.7973971366882324,0.9613239169120789,2.165942907333374,0.8041417598724365,0.8453161716461182,-0.12792038917541504,-1.43111252784729,-6.07957649230957,0.8369203805923462,-1.366606593132019,1.1381847858428955,-0.02479367144405842,1.1638476848602295,-0.5314855575561523,-0.22017177939414978,1.0643529891967773,1.1743119955062866,1.5654817819595337,-1.8404768705368042,0.5222548842430115,-1.211297631263733,-3.872807264328003
4.683333577588201,559,-828.9027099609375,209.52947998046875,308.11181640625,-650.93310546875,159.60791015625,81.10089111328125,7044.6708984375,-4738.3896484375,3413.20654296875,-20472.66796875,13610.5517578125,8597.2265625,-3.8862457275390625,19.619277954101562,17.05010986328125,348.54541015625,-93.321533203125,234.93359375,600.183837890625,-194.663818359375,207.616943359375,0.0,0.0,-81.9677734375,-6661.73046875,-1973.715576171875,-2191.931640625,6208.56298828125,-5990.24609375,0.0,0.0,1098.2459716796875,8163.2333984375,-685.61572265625,-316.5085754394531,-76.4541015625,-363.5732421875,1768.8514404296875,-933.7685546875,-0.21399791538715363,2.1838836669921875,-0.41625022888183594,-2.1440865993499756,0.8119881749153137,2.593803882598877,1.0048701763153076,0.6955277919769287,-0.5241525769233704,-1.9402767419815063,-6.119670391082764,0.45544013381004333,-0.9582959413528442,1.3835043907165527,0.3763524293899536,0.005284786224365234,0.08078150451183319,-0.9794613122940063,1.8683366775512695,0.4810696542263031,0.7642449736595154,-0.7954384684562683,-0.9217353463172913,-1.194215178489685,-3.981544256210327
4.691666911356151,560,85.9332275390625,561.1715087890625,127.598388671875,172.61651611328125,-1175.020751953125,-159.013916015625,7239.31201171875,-5738.57080078125,2496.376708984375,-14214.06640625,15801.498046875,11387.5595703125,-2.3919754028320312,-64.80005645751953,39.62699890136719,1694.90478515625,-899.890625,-1631.6431884765625,-1703.487060546875,-448.878662109375,853.414306640625,0.0,0.0,-1721.3466796875,-7947.83837890625,-2273.887451171875,-3043.1630859375,7498.50244140625,-6543.1474609375,0.0,0.0,323.88140869140625,8422.6533203125,-258.65826416015625,-353.83172607421875,676.14013671875,-93.084716796875,1705.7421875,-5.51416015625,-0.3207748532295227,1.9948115348815918,-0.33084043860435486,-1.8948087692260742,0.8135358691215515,2.5752716064453125,0.8995220065116882,0.606540858745575,-0.40496838092803955,-1.7726730108261108,-6.353339672088623,0.44863060116767883,-0.8957788944244385,1.3038859367370605,0.12085974961519241,-0.3057299554347992,-0.13898758590221405,-0.7716596126556396,2.0693929195404053,0.44225576519966125,1.046616792678833,-0.4011704623699188,-0.9158190488815308,-1.1820381879806519,-3.8479416370391846
4.700000245124102,561,-1162.985595703125,678.8461303710938,617.3350830078125,-57.40948486328125,-60.59375,27.0703125,7063.8330078125,-4759.84228515625,3297.701904296875,-14980.689453125,20156.98828125,8044.2216796875,-3.9095840454101562,28.456344604492188,17.77984619140625,425.1576232910156,-60.79052734375,268.981689453125,490.49658203125,-82.626953125,485.09228515625,0.0,0.0,-989.15869140625,-8609.0751953125,-1340.8875732421875,-2465.063232421875,7310.49169921875,-4184.6953125,0.0,0.0,1027.8436279296875,7582.0009765625,-356.77703857421875,-386.7025451660156,-38.21563720703125,-373.5770263671875,1918.5645751953125,-349.93408203125,-0.1843511462211609,1.2279940843582153,-0.4074661433696747,-1.3198460340499878,0.23466339707374573,3.0688846111297607,0.8982217311859131,0.5984926819801331,-0.9205228686332703,-2.078883409500122,-5.999184608459473,0.4558016359806061,-0.2488575428724289,1.425904393196106,0.2239912748336792,-1.0247951745986938,0.4145376682281494,-1.287731409072876,2.4905924797058105,-0.31419694423675537,0.4429910182952881,-0.19361096620559692,-2.7920053005218506,-1.2647675275802612,-3.2739009857177734
4.708333578892052,562,-1225.68896484375,-256.88067626953125,412.2774658203125,801.980224609375,756.24267578125,624.06982421875,7263.60791015625,-5782.234375,3592.349853515625,-14373.8876953125,23408.447265625,11685.1064453125,14.362678527832031,-1.845367431640625,38.947479248046875,-303.0849609375,-296.89208984375,-267.6661682128906,1110.031005859375,-535.1876220703125,447.501708984375,0.0,0.0,-2061.986572265625,-9547.15625,-844.4747924804688,-2753.83349609375,8738.2412109375,-4219.1708984375,0.0,0.0,724.200927734375,7712.99169921875,-384.09130859375,-497.2159729003906,351.0359191894531,-419.528076171875,2453.4521484375,772.8056640625,-0.2746005058288574,1.0817413330078125,-0.34421414136886597,-1.1384003162384033,0.22051404416561127,2.950071096420288,0.8648989200592041,0.5259039998054504,-0.9031310081481934,-1.9665658473968506,-5.730245113372803,0.4355525076389313,-0.23122060298919678,1.3082600831985474,-0.03897548094391823,-1.167008638381958,0.2368549257516861,-1.1099616289138794,2.4897756576538086,-0.28839704394340515,0.6693155765533447,-0.061633143573999405,-2.962780475616455,-1.2242070436477661,-3.101698637008667
4.716666912660003,563,-1153.77783203125,104.60069274902344,581.8104248046875,370.7692565917969,273.650146484375,241.40835571289062,6871.0380859375,-4896.501953125,3471.636962890625,-17238.166015625,21776.080078125,12406.3515625,-10.308708190917969,11.464523315429688,16.616485595703125,340.3341064453125,-202.300048828125,193.0191650390625,508.61407470703125,-83.135498046875,323.380615234375,0.0,0.0,-1558.667724609375,-9227.990234375,-1432.8941650390625,-2591.03125,9180.16796875,-4199.34765625,0.0,0.0,952.2068481445312,7740.7705078125,-1.63568115234375,-383.7095031738281,2.611175537109375,-349.955810546875,2150.533203125,71.94873046875,-0.025283541530370712,1.2544142007827759,-0.11648759245872498,-1.5233995914459229,0.06857132166624069,2.708190679550171,0.47925397753715515,0.6527088284492493,-1.3320748805999756,-1.7548182010650635,-4.753876209259033,0.32703307271003723,0.06897732615470886,1.1480615139007568,0.4365791976451874,-0.8269450664520264,0.11352284252643585,-1.41840398311615,2.0652315616607666,0.24578888714313507,0.40652966499328613,-0.41982463002204895,-2.7677254676818848,-0.8872953653335571,-2.285313844680786
4.725000246427953,564,-1151.18994140625,-674.727783203125,-12.765869140625,809.05419921875,795.244140625,963.903076171875,6333.79248046875,-5940.7802734375,4225.458984375,-18343.353515625,25024.234375,14224.7890625,24.29852294921875,-3.47637939453125,-48.65943908691406,481.12908935546875,-562.98388671875,-899.6360473632812,971.2021484375,-225.120849609375,720.482666015625,0.0,0.0,-2640.517333984375,-10159.3291015625,-1002.2427368164062,-2733.581787109375,10468.208984375,-4409.560546875,0.0,0.0,93.33251953125,7623.9033203125,-806.8262329101562,-489.7943115234375,258.3352966308594,-330.56689453125,2640.69384765625,2392.985107421875,-0.031039796769618988,1.2438117265701294,-0.09595193713903427,-1.511277198791504,0.5496513247489929,2.646393060684204,0.818397581577301,0.6938516497612,-1.32136869430542,-1.6722383499145508,-3.9830775260925293,0.2938403785228729,0.034163471311330795,1.0340161323547363,0.5848366022109985,-0.8948244452476501,0.11083966493606567,-0.6964479088783264,2.0894126892089844,0.04609217494726181,0.35155171155929565,-0.4030883312225342,-2.6487932205200195,-0.8938972353935242,-2.9260542392730713
4.733333580195904,565,-778.099609375,-8.88360595703125,468.5128173828125,398.6617736816406,200.261474609375,566.3526611328125,6227.94140625,-4959.5908203125,3680.55517578125,-19496.322265625,22680.927734375,13296.232421875,-2.3096237182617188,-1.583740234375,17.099990844726562,431.5838623046875,-297.6767578125,192.3880615234375,490.4634094238281,-95.27734375,180.926025390625,0.0,0.0,-2723.0625,-9960.4892578125,-1122.285400390625,-2367.659912109375,11454.6875,-3901.501953125,0.0,0.0,278.7138671875,7696.791015625,125.71066284179688,-359.20892333984375,74.45687866210938,-296.818603515625,2423.377685546875,1626.93994140625,0.18800708651542664,1.4691221714019775,0.11532647907733917,-1.7576392889022827,0.3947901129722595,2.3891587257385254,-0.02195417881011963,0.6618146896362305,-1.7628568410873413,-1.2568800449371338,-2.140935182571411,0.17911763489246368,0.1814972162246704,0.9258183240890503,0.7298920154571533,-0.4528784453868866,0.26863157749176025,-0.562584400177002,1.7895475625991821,0.1523067206144333,-0.0630464255809784,-1.1763043403625488,-2.8704354763031006,-0.6508210897445679,-2.0763251781463623
4.741666913963854,566,-1867.369140625,-504.9417724609375,128.446044921875,720.5679321289062,209.10498046875,1177.1904296875,5650.3408203125,-5635.78515625,4846.63525390625,-18609.93359375,26060.998046875,14788.7548828125,33.532135009765625,-3.443572998046875,-48.790645599365234,379.0421142578125,-380.549560546875,-428.7691650390625,729.5081787109375,-670.0738525390625,1551.8779296875,0.0,0.0,-2949.580810546875,-10925.4609375,-589.0234985351562,-2359.989990234375,11726.5048828125,-3682.462890625,0.0,0.0,53.790863037109375,7136.0830078125,-369.09552001953125,-661.78759765625,151.6517791748047,-348.0777587890625,3149.14453125,2403.953369140625,0.05773497372865677,1.4378917217254639,0.1762646585702896,-1.4158040285110474,0.12111417204141617,2.6548163890838623,-0.06762508302927017,0.4388512969017029,-1.689968228340149,-1.2348822355270386,-0.9001042246818542,0.16383713483810425,0.16223648190498352,0.8580824732780457,0.5518018007278442,-0.8529789447784424,0.3460545837879181,-0.4839341938495636,2.328207015991211,-0.005057252943515778,-0.14676135778427124,-0.580822229385376,-2.911252975463867,-0.6994544267654419,-1.7286574840545654
4.750000247731805,567,-843.7694702148438,-217.9466552734375,313.9976501464844,733.60791015625,156.05029296875,524.899658203125,5970.99755859375,-5141.3232421875,3704.30029296875,-20417.04296875,25433.6015625,16256.7490234375,0.94219970703125,-7.621421813964844,18.39731216430664,401.3607177734375,-333.943115234375,158.4739990234375,640.7622680664062,-130.76943969726562,126.431640625,0.0,0.0,-2734.15625,-10751.8427734375,-1290.5126953125,-2093.50537109375,11726.7548828125,-4823.078125,0.0,0.0,507.0498962402344,6807.3095703125,441.07470703125,-325.59814453125,107.14108276367188,-309.92474365234375,2711.654541015625,1628.566650390625,0.0446452796459198,1.3540631532669067,0.5086137652397156,-1.0645582675933838,-0.21947266161441803,2.7373011112213135,-0.7306362986564636,0.2138102650642395,-1.8293033838272095,-0.5172274112701416,0.38478970527648926,-0.11090679466724396,0.18726781010627747,0.7608869075775146,0.8107210993766785,-0.684849739074707,0.09476913511753082,-0.6017224788665771,2.0181140899658203,0.5861692428588867,-0.41547250747680664,-0.5335168838500977,-1.7480049133300781,-0.29626214504241943,-0.9643221497535706
4.758333581499755,568,-2763.274658203125,177.3758544921875,737.2109375,702.5834350585938,728.522705078125,1466.8338623046875,5531.85498046875,-5773.87939453125,4547.8076171875,-20007.287109375,27570.80078125,18693.078125,43.861724853515625,-11.973495483398438,-67.57476806640625,343.87811279296875,62.7532958984375,599.4202880859375,1322.43310546875,-225.0220947265625,1140.674072265625,0.0,0.0,-2227.167236328125,-11429.4404296875,-827.4547729492188,-1825.9168701171875,11252.7626953125,-5119.59130859375,0.0,0.0,697.7581176757812,6131.375,120.35552978515625,-476.63031005859375,261.0408935546875,-509.5037536621094,3477.107421875,1960.491455078125,-0.00514261145144701,1.3342735767364502,0.5640043020248413,-0.7366179823875427,-0.46860089898109436,3.039883852005005,-0.776449978351593,0.04492395371198654,-1.618291974067688,-0.49230292439460754,1.1621860265731812,-0.10575492680072784,0.14842084050178528,0.7192779779434204,0.75016188621521,-0.9786732196807861,0.08352488279342651,-0.5825907588005066,2.361243963241577,0.45585277676582336,-0.5230587720870972,0.07212884724140167,-1.4383049011230469,-0.34070271253585815,-0.6663491725921631
4.766666915267706,569,-1012.493896484375,-272.6529541015625,223.855712890625,816.4967651367188,33.853271484375,397.540283203125,6063.345703125,-5859.8671875,3635.274169921875,-19934.4140625,26346.564453125,20455.767578125,8.411109924316406,-1.7799606323242188,18.341285705566406,254.191650390625,-202.1221923828125,107.572998046875,728.0162963867188,-165.71820068359375,14.662109375,0.0,0.0,-2255.335693359375,-11282.9775390625,-1494.06201171875,-1732.821533203125,11288.57421875,-6230.49658203125,0.0,0.0,769.6510620117188,6105.7470703125,852.9187622070312,-289.8526916503906,195.6792449951172,-355.2563171386719,2924.795654296875,1096.2412109375,-0.06209726631641388,1.6095659732818604,1.0874031782150269,-0.7362886667251587,-0.45322540402412415,2.8496029376983643,-1.3158810138702393,-0.24630777537822723,-1.4458314180374146,0.053865786641836166,1.9614317417144775,-0.24250468611717224,0.19186753034591675,0.5406283140182495,0.6951293349266052,-0.6960133910179138,-0.1944422423839569,-0.4902596175670624,2.0569400787353516,0.9802314639091492,-0.5853305459022522,0.03145714849233627,-0.4072239100933075,0.13024745881557465,0.09724794328212738
4.7750002490356565,570,-2960.415771484375,-158.1998291015625,786.2537231445312,427.3774719238281,618.65380859375,1513.585693359375,5631.67822265625,-6324.080078125,4600.61279296875,-17711.796875,28898.23046875,23144.01953125,102.97837829589844,-13.994911193847656,-31.754554748535156,-440.13812255859375,319.2757568359375,796.52197265625,1831.789794921875,-49.419281005859375,1147.61474609375,0.0,0.0,-1400.243896484375,-11519.0,-1177.5140380859375,-1252.501708984375,10534.3330078125,-6668.138671875,0.0,0.0,842.9464111328125,5310.81005859375,465.9471435546875,-465.4778137207031,648.996337890625,-620.7919921875,3206.758056640625,1148.2734375,-0.030331986024975777,1.535149097442627,1.0148277282714844,-0.41627228260040283,-0.49172544479370117,3.1436901092529297,-1.3276591300964355,-0.35796794295310974,-1.2859865427017212,0.04350712522864342,2.4034204483032227,-0.22574658691883087,0.16352443397045135,0.5163736343383789,0.6905993223190308,-1.013710856437683,-0.18121735751628876,-0.45612049102783203,2.382032871246338,0.8250757455825806,-0.698824942111969,0.5452073216438293,-0.16978497803211212,0.05723559856414795,0.3265567719936371
4.783333582803607,571,-1140.0068359375,-442.03204345703125,7.202880859375,572.3804321289062,-24.214111328125,441.71435546875,6217.37451171875,-6521.21630859375,3585.1015625,-15848.8759765625,28321.287109375,23361.568359375,13.342559814453125,1.7369155883789062,24.951576232910156,88.2093505859375,-137.33935546875,-24.17398452758789,827.6146850585938,-161.38796997070312,-135.20654296875,0.0,0.0,-1657.69775390625,-11650.7861328125,-1624.9232177734375,-1103.045166015625,10681.1572265625,-6982.0,0.0,0.0,614.21044921875,5346.8662109375,1048.3037109375,-281.9466552734375,255.559814453125,-421.2874755859375,3071.875,375.56689453125,-0.1015416830778122,1.7682658433914185,1.504368543624878,-0.46241259574890137,-0.22995543479919434,2.8906655311584473,-1.7006500959396362,-0.6331900954246521,-1.0734409093856812,0.6129975318908691,2.6577277183532715,-0.3512480854988098,0.4696142375469208,0.3176501393318176,0.35008060932159424,-0.8305404186248779,-0.18485283851623535,-0.1849619448184967,2.292935371398926,1.1423590183258057,-0.7785048484802246,0.3735086917877197,0.12159672379493713,0.16158804297447205,0.9375321865081787
4.7916669165715575,572,-3105.62353515625,-582.343505859375,254.5748291015625,-266.638427734375,526.701416015625,1401.09619140625,5622.853515625,-6631.125,4665.04296875,-11927.462890625,29914.76953125,24061.927734375,90.7027587890625,-18.480438232421875,-76.62086486816406,819.6593017578125,303.0540771484375,-286.2196044921875,1163.6842041015625,241.26239013671875,1948.0478515625,0.0,0.0,-1124.337158203125,-11533.37890625,-1605.728759765625,-667.6097412109375,10227.5283203125,-7012.01513671875,0.0,0.0,209.97332763671875,4140.53125,238.4525146484375,-361.1179504394531,1078.694580078125,-480.43475341796875,3281.0126953125,254.855712890625,-0.04726124554872513,1.6659390926361084,1.3989609479904175,-0.19215816259384155,-0.1546822488307953,3.1595022678375244,-1.6087491512298584,-0.6805333495140076,-0.9073734879493713,0.5819239616394043,2.6996994018554688,-0.32487136125564575,0.41979366540908813,0.31091055274009705,0.33503925800323486,-0.9232953786849976,-0.07152149826288223,-0.1774398684501648,2.4085707664489746,0.9898732900619507,-0.9111999869346619,0.5513955354690552,0.2356371432542801,0.11685109883546829,1.0483663082122803
4.800000250339508,573,-1125.951171875,-654.9013061523438,-187.1158447265625,136.88671875,-50.230712890625,315.6689453125,6164.435546875,-7192.42431640625,3451.05615234375,-9748.1142578125,28758.15625,23072.212890625,23.83734130859375,0.43041229248046875,27.0887451171875,91.55892944335938,-64.881591796875,14.237823486328125,1005.7530517578125,-267.76617431640625,-70.01708984375,0.0,0.0,-1135.75537109375,-11651.31640625,-1874.93505859375,-334.393798828125,10328.9501953125,-7050.94482421875,0.0,0.0,72.76899719238281,4127.2880859375,683.1243896484375,-319.5838317871094,320.31982421875,-476.24554443359375,3136.308837890625,-41.491455078125,-0.2555674910545349,1.8556938171386719,1.8660001754760742,-0.21865151822566986,0.007033400237560272,2.940044641494751,-1.8468785285949707,-0.8895259499549866,-0.5216168761253357,1.2193272113800049,2.545656681060791,-0.32451704144477844,0.9984884262084961,0.28495192527770996,-0.03532356023788452,-0.647436261177063,0.10628204047679901,-0.12274013459682465,2.301826238632202,1.1518555879592896,-1.11331307888031,0.4130088984966278,0.2830485999584198,0.22614064812660217,1.2173266410827637
4.808333584107459,574,-4431.66259765625,-1539.132568359375,-332.3642578125,-444.6170349121094,498.69873046875,1449.08935546875,5782.85009765625,-6567.07421875,4659.974609375,-6741.8515625,29968.5546875,21612.06640625,156.17027282714844,16.96569061279297,-53.645904541015625,-724.2354736328125,993.6329345703125,748.2857666015625,2162.870361328125,62.2603759765625,1638.5,0.0,0.0,-542.0298461914062,-11043.1982421875,-1838.70654296875,-93.9510498046875,9910.30078125,-6895.0966796875,0.0,0.0,-290.6489562988281,2919.364501953125,-807.1114501953125,-206.996337890625,1220.4466552734375,-901.873291015625,3756.973388671875,-268.9693603515625,-0.23299677670001984,1.7544785737991333,1.7020025253295898,-0.021215995773673058,0.016971174627542496,3.107416868209839,-1.7027003765106201,-0.940255880355835,-0.4415043890476227,1.1351453065872192,2.4550483226776123,-0.30004554986953735,0.9245980381965637,0.27786314487457275,-0.017091277986764908,-0.7081860303878784,0.09965734928846359,-0.07404105365276337,2.3070828914642334,1.0289705991744995,-1.138391137123108,0.4986887574195862,0.5351542830467224,0.1846168041229248,1.2017052173614502
4.816666917875409,575,-1134.5322265625,-2122.68212890625,-1196.90185546875,-3.50518798828125,-138.3701171875,447.65869140625,6494.31005859375,-7455.56201171875,3463.280517578125,-4480.5048828125,29084.490234375,22416.365234375,30.134552001953125,4.622215270996094,39.4263916015625,-155.91058349609375,-89.143798828125,-196.67694091796875,1157.1834716796875,-1862.2335205078125,-166.98095703125,0.0,0.0,-817.4840698242188,-11048.251953125,-2604.515625,-16.3114013671875,9688.552734375,-7726.72412109375,0.0,0.0,-424.8457336425781,3085.224365234375,123.369384765625,-328.5157775878906,299.950927734375,-503.8868103027344,3203.926513671875,133.0390625,-0.4456615149974823,1.9748178720474243,2.1047205924987793,0.05985347554087639,0.1548539400100708,2.7382972240448,-2.3334643840789795,-1.2035181522369385,0.09585513919591904,1.732077717781067,1.874442219734192,-0.16999661922454834,1.5917314291000366,-0.06455456465482712,-0.3785148859024048,-0.490705668926239,-0.020537909120321274,0.1961088478565216,2.1134166717529297,1.588282585144043,-1.0907572507858276,0.6295520067214966,1.2038813829421997,0.6165688037872314,0.7866740822792053
4.82500025164336,576,-2048.01904296875,-3504.61279296875,-1099.4901123046875,-673.6261596679688,-504.7861328125,1074.559326171875,5757.81591796875,-5571.04150390625,4369.150390625,663.12353515625,27638.326171875,18292.58203125,73.99057006835938,22.910186767578125,-55.21636962890625,662.576904296875,217.01385498046875,-255.34909057617188,871.5089111328125,-175.910888671875,734.63232421875,0.0,0.0,-394.99822998046875,-10753.091796875,-2324.0634765625,235.38818359375,9533.5263671875,-7540.4072265625,0.0,0.0,-496.2121276855469,1544.070068359375,-1275.818359375,-276.74981689453125,914.4481201171875,-1086.669189453125,3482.111328125,-110.35882568359375,-0.20905029773712158,1.7498891353607178,1.8695156574249268,0.28593066334724426,0.04934011399745941,3.038663387298584,-2.3445074558258057,-1.1493934392929077,-0.023323075845837593,1.578710675239563,1.63470458984375,-0.1440228372812271,1.4806349277496338,-0.030551057308912277,-0.19515202939510345,-0.3507685363292694,-0.003214839845895767,0.15576675534248352,1.8045188188552856,1.4402152299880981,-1.11044180393219,0.3341366648674011,1.4039276838302612,0.5909001231193542,0.6137723326683044
4.83333358541131,577,-894.1240234375,-1763.33251953125,-1206.1837158203125,-377.1326904296875,56.2900390625,226.93701171875,5754.416015625,-6804.650390625,3274.935791015625,3143.50927734375,26217.634765625,16244.7138671875,33.389892578125,-25.017911911010742,36.21148681640625,-117.28956604003906,-31.21685791015625,-113.44659423828125,1125.296142578125,-407.7835693359375,-59.86865234375,0.0,0.0,-571.9791870117188,-10325.4091796875,-2880.32373046875,357.0277099609375,9237.6337890625,-7549.03173828125,0.0,0.0,-571.525634765625,393.00341796875,-127.09326171875,-317.6141052246094,276.9580078125,-537.4517211914062,3126.70458984375,780.9102172851562,-0.35111895203590393,1.3203445672988892,2.1779239177703857,0.9834077954292297,0.1404121071100235,3.7553679943084717,-3.0951614379882812,-1.0026721954345703,0.6724376082420349,2.075045108795166,0.4809093177318573,-0.09021268784999847,1.8732948303222656,-0.46852025389671326,-0.5902904272079468,-0.08369599282741547,0.3360772728919983,0.3248599171638489,1.3004950284957886,1.7887719869613647,-1.091825246810913,0.5597352385520935,1.3289508819580078,0.8309474587440491,-0.16484051942825317
4.841666919179261,578,-2816.2470703125,-269.6160888671875,-828.8956909179688,-222.363525390625,-1090.8046875,380.7255859375,4896.7109375,-5096.291015625,3555.3173828125,13675.5927734375,25527.94921875,11053.265625,83.92477416992188,64.13064575195312,-30.96771240234375,-620.3804931640625,352.14447021484375,-44.625274658203125,1112.480712890625,-590.9623413085938,-81.814453125,0.0,0.0,-603.2015380859375,-10360.0615234375,-3258.44580078125,560.6266479492188,8226.10546875,-7746.810546875,0.0,0.0,-629.7753295898438,-1323.476318359375,-2142.01416015625,-235.9127197265625,815.8072509765625,-1293.1092529296875,3528.251708984375,22.215896606445312,-0.37650999426841736,1.3055307865142822,2.0807785987854004,1.126251459121704,0.20326538383960724,3.8260724544525146,-2.88093638420105,-0.9888420104980469,0.871391236782074,2.0295848846435547,0.22078998386859894,-0.08708320558071136,1.7065796852111816,-0.4103996753692627,-0.6876839399337769,0.2292691469192505,0.30883318185806274,0.2348974347114563,0.9795420169830322,1.754939317703247,-0.986188530921936,0.40934503078460693,1.60817289352417,0.8459092378616333,-0.20947815477848053
4.850000252947211,579,-1309.82861328125,-1077.9097900390625,-1328.825439453125,37.20367431640625,-343.44384765625,211.1708984375,5228.90380859375,-6457.1845703125,2667.760986328125,15439.154296875,22750.576171875,9871.3212890625,37.493194580078125,-1.62689208984375,37.40765380859375,-160.70480346679688,-3.881591796875,-194.28799438476562,981.5779418945312,-306.49383544921875,-101.23828125,0.0,0.0,-575.0188598632812,-9664.3876953125,-3005.95361328125,928.1343994140625,8247.92578125,-7350.62939453125,0.0,0.0,-581.2714233398438,-27.6318359375,-119.60791015625,-271.53240966796875,217.0419921875,-555.0941162109375,2853.248779296875,1322.633544921875,-0.48106610774993896,0.8019366264343262,2.0099427700042725,2.2050082683563232,0.18008479475975037,2.4848508834838867,-4.276663303375244,-1.021649718284607,1.5587631464004517,2.378502368927002,-0.9599435329437256,-0.043822500854730606,2.050100326538086,-0.9715191721916199,-0.9323921203613281,0.6616191864013672,0.4743989109992981,0.22857508063316345,0.3229163587093353,1.4138704538345337,-1.1780259609222412,0.37276703119277954,1.1984864473342896,1.3233742713928223,-1.2614692449569702
4.858333586715162,580,-431.86181640625,-406.355712890625,-1174.234375,87.638671875,-310.97601318359375,-559.89453125,4877.34375,-4742.1982421875,1670.6591796875,21510.1796875,22399.62890625,1829.63916015625,-66.15133666992188,126.79019165039062,108.44828796386719,-18.75469970703125,65.70318603515625,-1193.7122802734375,1501.733154296875,-1364.6912841796875,54.91162109375,0.0,0.0,-763.7197265625,-9574.37890625,-3110.2392578125,1198.0899658203125,6573.009765625,-6942.869140625,0.0,0.0,89.94404602050781,-554.626953125,-1873.28466796875,-111.52384185791016,-87.863525390625,-1291.825927734375,3070.049072265625,663.4820556640625,-0.35824358463287354,0.7329890727996826,1.9450807571411133,1.9999421834945679,0.1838075965642929,2.310356616973877,-3.957442045211792,-0.9001460671424866,1.6152458190917969,2.3076345920562744,-1.1973438262939453,-0.042524948716163635,1.8816163539886475,-0.8735676407814026,-0.8702884316444397,0.7154279947280884,0.4602048099040985,0.2889891564846039,0.08327683806419373,1.2607566118240356,-1.1206190586090088,0.519910991191864,1.3362820148468018,1.32260262966156,-1.5185989141464233
4.866666920483112,581,-1040.357421875,-964.2674560546875,-1230.17822265625,-345.7279357910156,-389.18341064453125,177.65478515625,5223.49169921875,-6109.23095703125,2212.82958984375,20965.859375,20288.1015625,4035.3173828125,29.579147338867188,-1.878936767578125,22.155776977539062,14.08599853515625,-137.3079833984375,-184.6370849609375,1152.4207763671875,-347.7724914550781,-296.7548828125,0.0,0.0,-864.20703125,-9157.4130859375,-2931.02587890625,1227.73486328125,6129.83935546875,-7250.57373046875,0.0,0.0,-592.196533203125,-69.3023681640625,-154.8662109375,-195.6639404296875,157.1378173828125,-586.9112548828125,2600.990966796875,2292.513427734375,-0.09113012254238129,0.7162946462631226,1.394079327583313,2.0223751068115234,0.7536849975585938,1.7402619123458862,-5.019707202911377,-0.9615872502326965,2.2403268814086914,1.8610018491744995,-2.201350450515747,0.032475732266902924,1.533795714378357,-1.369764804840088,-0.7238001227378845,1.002274513244629,0.05360614135861397,0.36118873953819275,-0.28536009788513184,1.0109872817993164,-1.0185589790344238,0.8454961776733398,1.5176975727081299,1.599372386932373,-2.7298128604888916
4.875000254251063,582,295.208984375,545.9877319335938,-1621.7628173828125,91.65108489990234,-820.9345092773438,-1261.2193603515625,4714.92236328125,-4289.068359375,-46.1318359375,22573.37109375,18558.640625,1946.395751953125,-132.5784454345703,-73.27062225341797,147.40223693847656,811.2154541015625,-160.57464599609375,-1605.47119140625,544.8540649414062,-1243.1805419921875,32.16259765625,0.0,0.0,-1536.966064453125,-8063.91650390625,-3727.271240234375,1082.540283203125,4474.98291015625,-7282.1142578125,0.0,0.0,54.50921630859375,-282.6051025390625,-686.66015625,3394.426025390625,7512.1015625,-4530.3251953125,1739.970458984375,1304.97412109375,-0.02123410440981388,0.5367324352264404,1.4533579349517822,1.5610129833221436,0.6919757723808289,1.6150208711624146,-4.620917320251465,-0.6921097040176392,1.7952042818069458,2.1404290199279785,-0.2572650909423828,-2.3820598125457764,-4.840193748474121,2.0401175022125244,-0.5463780164718628,1.114645004272461,-0.11903512477874756,0.22672156989574432,-0.795600414276123,0.9807752966880798,-0.8942582607269287,0.7102802395820618,1.82294499874115,1.5801273584365845,-2.5718512535095215
4.883333588019013,583,-1041.49658203125,-385.508544921875,-660.2266845703125,-495.619384765625,-194.86416625976562,-59.82958984375,4497.44873046875,-4221.615234375,3027.77099609375,20268.916015625,24728.353515625,-1273.4171142578125,13.480889320373535,1.7638206481933594,0.8485584259033203,185.82688903808594,-240.5296630859375,-98.5205078125,1235.715576171875,-499.2608642578125,-228.63623046875,0.0,0.0,-1238.4189453125,-9818.654296875,-1334.4456787109375,1425.833740234375,3162.88330078125,-5756.1875,0.0,0.0,-760.9598388671875,-576.77392578125,-367.02880859375,-36.080810546875,11467.5947265625,-2162.527099609375,2256.25927734375,529.6143798828125,0.300825297832489,0.1519327312707901,0.6883525848388672,2.7793707847595215,1.3036131858825684,1.687873363494873,-4.514271259307861,-0.48750099539756775,1.6166882514953613,0.32865139842033386,3.1094446182250977,0.5186571478843689,-7.680509567260742,-0.015635058283805847,-0.13003244996070862,0.007578372955322266,0.41167840361595154,-0.038347043097019196,0.7084356546401978,-1.0540155172348022,-1.071760892868042,1.7448164224624634,0.4541358947753906,1.043059229850769,-1.7042101621627808
4.891666921786964,584,-121.9404296875,1248.4873046875,-3506.474853515625,-1814.40869140625,-2424.2763671875,-1268.621337890625,3384.627197265625,-2900.940673828125,368.110107421875,23866.49609375,25614.060546875,-3660.615234375,-48.88158416748047,-367.2240295410156,151.87448120117188,1377.52490234375,-762.7080688476562,-268.31884765625,-885.0313720703125,-1044.38232421875,74.3232421875,0.0,0.0,-1353.535400390625,-9683.91796875,873.8072509765625,1683.6871337890625,1511.2388916015625,-4848.27685546875,0.0,0.0,-693.8988647460938,-3311.50927734375,-921.17138671875,1668.726318359375,9561.083984375,-1645.197509765625,1682.34130859375,-831.3665771484375,0.2570921778678894,0.13241071999073029,0.7985528111457825,2.2415244579315186,1.2745885848999023,1.8470066785812378,-4.171402931213379,-0.46642830967903137,1.7071865797042847,0.9753924012184143,1.3662338256835938,-0.7768651247024536,-5.555649757385254,-0.6776691675186157,-0.3901969790458679,0.050949838012456894,0.8378832340240479,0.08004873991012573,0.7969800233840942,-1.2351173162460327,-1.2220278978347778,1.5669543743133545,-0.5375280380249023,1.0131727457046509,-1.647909164428711
4.9000002555549145,585,-301.9033203125,-173.0523681640625,-521.491943359375,-519.8587036132812,-354.9130859375,-133.07797241210938,4916.2529296875,-3180.919677734375,775.89794921875,28304.5625,30809.8828125,-3032.929443359375,-6.062023162841797,3.947174072265625,-4.241004943847656,318.2366943359375,-132.33880615234375,110.615478515625,1003.130126953125,-1107.17041015625,126.97119140625,0.0,0.0,-2117.12451171875,-9548.4912109375,-8.41278076171875,1762.432861328125,741.71630859375,-3290.3505859375,0.0,0.0,-1040.8880615234375,-1193.933349609375,-584.73974609375,1069.4334716796875,10360.3203125,-2100.01611328125,1945.0421142578125,1060.8623046875,-0.4749504327774048,-1.0078418254852295,0.13352316617965698,2.8511509895324707,1.4958138465881348,0.014505330473184586,-4.094538688659668,-1.2409800291061401,1.7367475032806396,0.7120144367218018,0.21478429436683655,-0.2730233371257782,-5.728473663330078,-0.24988636374473572,-1.0879528522491455,-0.8222854137420654,0.6768329739570618,0.6991308927536011,0.6287108659744263,-0.4267883002758026,-1.2172703742980957,2.1018428802490234,-1.7659351825714111,0.7159404158592224,-3.0703835487365723
4.908333589322865,586,-134.997314453125,1767.8927001953125,-2472.24365234375,-526.6390380859375,1106.9373779296875,-648.85009765625,5903.447265625,-420.60760498046875,621.0774536132812,20253.951171875,27444.72265625,-3530.615234375,51.4652214050293,-204.30728149414062,135.18804931640625,-401.78997802734375,809.0560302734375,170.2276611328125,169.0125732421875,-1389.477783203125,40.9150390625,0.0,0.0,-1903.751220703125,-7713.7783203125,1720.88916015625,2414.93115234375,-262.11309814453125,-1669.401611328125,0.0,0.0,-1270.651123046875,-3270.9892578125,234.591796875,4914.2158203125,8211.3525390625,-2547.408447265625,969.4945678710938,256.416259765625,-0.5888487696647644,-1.059422492980957,0.2586173117160797,2.303650379180908,1.300960898399353,-0.052516866475343704,-3.8414502143859863,-1.390062689781189,0.5810343027114868,0.42917653918266296,1.392169713973999,-2.437633752822876,-2.5652236938476562,-0.1701350063085556,-1.0163494348526,-0.3304821252822876,0.7663504481315613,0.33144107460975647,-0.1376686990261078,-0.615023672580719,-1.4778938293457031,1.0539779663085938,-2.49008846282959,0.8472885489463806,-2.375324010848999
4.9166669230908155,587,-661.420654296875,-300.25341796875,-758.109375,-112.03076171875,-156.79898071289062,354.4300842285156,6819.732421875,-1232.69775390625,243.2325439453125,19702.51171875,33579.53515625,1025.486572265625,-30.3367919921875,-12.60528564453125,9.509475708007812,74.080810546875,-226.178466796875,-55.94140625,932.4169921875,-1165.6708984375,199.910888671875,0.0,0.0,-2210.471923828125,-9336.4326171875,694.1517333984375,1973.077880859375,-1616.724853515625,-4689.95068359375,0.0,0.0,-976.440185546875,-1091.82470703125,-408.324951171875,2208.0234375,7041.87109375,-1942.09765625,1806.41845703125,233.26513671875,-0.7815172076225281,-0.2904512584209442,-0.30260613560676575,1.256032109260559,1.0017735958099365,-1.8011400699615479,-3.010591983795166,-1.7665497064590454,1.0024473667144775,0.660146951675415,1.2394169569015503,-0.05802866816520691,-1.360729455947876,-0.6447893381118774,-0.8387433290481567,-1.3028813600540161,-0.019065193831920624,0.553281307220459,1.175351619720459,0.2617669999599457,-1.0127724409103394,2.0772604942321777,0.19472351670265198,0.10650992393493652,-2.1440744400024414
4.925000256858766,588,-288.8878173828125,-813.0908203125,-372.838134765625,398.9014892578125,-2843.34130859375,-303.3856201171875,6686.3916015625,742.682373046875,-171.8447265625,17070.568359375,32071.111328125,-770.5961303710938,-81.52483367919922,19.414520263671875,26.923995971679688,-579.9614868164062,1827.243408203125,229.88934326171875,2316.060302734375,-1382.704833984375,-1105.2344970703125,0.0,0.0,-1620.7161865234375,-8807.6796875,1317.56591796875,3165.103515625,-3669.73388671875,-4954.8076171875,0.0,0.0,-917.485595703125,-1649.1280517578125,1010.413818359375,-440.417724609375,8229.70703125,-2016.823486328125,1022.2093505859375,23.320556640625,-0.7861095666885376,-0.16650471091270447,-0.2165481597185135,0.7943341135978699,0.8605077862739563,-1.7423096895217896,-2.8493876457214355,-1.5805610418319702,1.576212763786316,0.7677392363548279,0.5313820838928223,1.2719699144363403,-2.1109132766723633,-0.5258684158325195,-0.7852878570556641,-0.9440134763717651,0.16154223680496216,0.3871696889400482,0.8957356214523315,0.3200511336326599,-1.283631682395935,2.5396668910980225,0.3780582547187805,0.1596876084804535,-1.796238660812378
4.933333590626717,589,-516.674560546875,764.0489501953125,-620.6171875,28.73974609375,-672.22802734375,545.7434692382812,6251.5029296875,180.9453125,323.940185546875,18656.615234375,35460.7109375,475.0623474121094,-23.2344913482666,15.267364501953125,6.0658111572265625,-51.34046173095703,-132.9921875,-322.8489990234375,835.9286499023438,-368.2620849609375,-138.3624267578125,0.0,0.0,-2605.392578125,-8338.9130859375,1106.5025634765625,2396.02490234375,-4752.90380859375,-4652.95751953125,0.0,0.0,-661.7879638671875,-606.6259765625,-85.0184326171875,982.6017456054688,7906.2626953125,-2056.7177734375,1496.611328125,593.895263671875,-0.5258721113204956,-1.3186461925506592,-0.6472861766815186,1.1058789491653442,0.6213018298149109,-2.4349241256713867,-1.7371883392333984,-1.1996339559555054,1.7860924005508423,0.480461448431015,-0.5785987377166748,0.039373595267534256,-1.672928810119629,-0.46095937490463257,-0.9703068137168884,-1.4390467405319214,-0.045130036771297455,1.1652390956878662,0.4399779736995697,0.44779837131500244,-0.5459480881690979,3.2627053260803223,0.10719088464975357,-0.230754092335701,-2.1234426498413086
4.941666924394667,590,790.0748291015625,-807.002685546875,-689.5478515625,824.6571655273438,-806.1953125,234.68017578125,6101.5107421875,2340.15283203125,-734.1746826171875,14772.73828125,32730.80078125,505.2129821777344,-67.8029556274414,104.33222961425781,-49.23930358886719,2193.439208984375,1444.439208984375,-796.0107421875,-992.0221557617188,-1414.8082275390625,-1263.9901123046875,0.0,0.0,-2328.03369140625,-8154.88134765625,970.114990234375,2613.68994140625,-5803.92333984375,-5017.876953125,0.0,0.0,-715.0316162109375,-990.3369140625,992.7052001953125,245.0825653076172,7430.04150390625,-2038.3275146484375,900.7699584960938,909.0018310546875,-0.5465285778045654,-1.4349298477172852,-0.43095138669013977,0.8938455581665039,0.5599438548088074,-2.282684564590454,-1.5926846265792847,-0.9850519299507141,2.182727098464966,0.6512085795402527,-1.2825393676757812,0.2095479518175125,-0.8691577315330505,-0.37458518147468567,-0.7896252274513245,-1.069545030593872,0.010823443531990051,0.8707658052444458,-0.29719728231430054,0.5390161275863647,-0.6637534499168396,3.1369166374206543,-0.014590233564376831,-0.08379974961280823,-2.163888454437256
4.950000258162618,591,-568.6077270507812,-252.29315185546875,-413.376220703125,65.85977172851562,64.181884765625,412.86016845703125,5726.685546875,929.134765625,-48.5440673828125,14889.609375,28728.6640625,115.44036865234375,-18.798206329345703,-15.9364013671875,-1.56951904296875,-112.670654296875,-109.46435546875,-295.41058349609375,818.1295166015625,-829.841552734375,28.9615478515625,0.0,0.0,-2583.656982421875,-6932.4853515625,1259.7890625,2592.646240234375,-5704.03564453125,-4700.88525390625,0.0,0.0,-530.098388671875,-424.693359375,-18.96746826171875,216.35092163085938,7102.3916015625,-2360.273681640625,1181.252197265625,1447.7855224609375,-0.10466834157705307,-1.7945774793624878,-0.49108317494392395,0.6236985325813293,0.39706045389175415,-2.551102876663208,-0.6482676267623901,-0.687830924987793,2.7993273735046387,0.25423452258110046,-2.2828385829925537,0.22088906168937683,-0.5083596706390381,-0.08239947259426117,-0.7450143098831177,-0.3524908721446991,0.07216797769069672,1.003451943397522,-1.279367446899414,0.24867208302021027,-0.5934526920318604,2.849224805831909,-0.25032979249954224,-0.29903727769851685,-2.457505226135254
4.958333591930568,592,-3142.759033203125,-786.97509765625,-762.5927734375,529.8283081054688,-1587.065185546875,-21.14251708984375,5691.39013671875,1783.70703125,-244.394287109375,14185.0576171875,26694.3515625,-1448.093994140625,-55.00562286376953,127.0536117553711,-78.63175964355469,-1939.1866455078125,1457.322998046875,399.0545959472656,2020.474609375,-649.9527587890625,-2976.285888671875,0.0,0.0,-2708.766845703125,-5423.4541015625,687.6375732421875,2409.51953125,-6691.7412109375,-5246.77734375,0.0,0.0,-273.6991271972656,-124.6591796875,840.1658935546875,-378.5874938964844,6957.71240234375,-2869.144287109375,737.240234375,2237.564208984375,-0.19153882563114166,-1.6788250207901,-0.3213891088962555,0.25304490327835083,0.3572764992713928,-2.4461748600006104,-0.5660157203674316,-0.5454633235931396,3.3074302673339844,0.3297470808029175,-2.919006824493408,0.11120381951332092,-0.1270933300256729,0.10648036003112793,-0.7934063673019409,0.23472291231155396,0.11717543005943298,0.8772690296173096,-1.9325202703475952,0.614180862903595,-0.5876214504241943,2.6669538021087646,-0.4375104606151581,-0.19277027249336243,-2.8056938648223877
4.966666925698519,593,-857.4873046875,177.06289672851562,-795.154296875,706.9659423828125,-288.83740234375,531.7332153320312,5847.763671875,810.3701171875,-300.1210021972656,16362.1923828125,26319.0078125,-2755.1044921875,-12.28546142578125,5.449226379394531,-2.621166229248047,-315.48065185546875,-82.79150390625,-485.5724792480469,526.4814453125,168.260009765625,-197.227294921875,0.0,0.0,-3144.4833984375,-4872.1796875,425.365478515625,2403.488037109375,-7094.19921875,-4408.46630859375,0.0,0.0,-366.4959411621094,-27.27685546875,-86.05097961425781,-180.01458740234375,6624.55908203125,-2745.604736328125,913.8653564453125,2758.314697265625,-0.2741181254386902,-2.239980697631836,-0.5832531452178955,0.4774802029132843,0.42388418316841125,-2.3299505710601807,0.22766782343387604,-0.555281937122345,3.6049540042877197,0.36342689394950867,-3.638782024383545,-0.06247793883085251,0.17796707153320312,-0.009615801274776459,-1.085551142692566,0.2766563296318054,0.3283856511116028,1.1522945165634155,-2.2440924644470215,0.7565500140190125,-0.5503955483436584,2.8181204795837402,-1.0477489233016968,-0.3179987967014313,-3.0226776599884033
