timestamp,timestep,abdomen_x,abdomen_y,abdomen_z,neck_x,neck_y,neck_z,right_shoulder_x,right_shoulder_y,right_shoulder_z,left_shoulder_x,left_shoulder_y,left_shoulder_z,right_hip_x,right_hip_y,right_hip_z,left_hip_x,left_hip_y,left_hip_z,right_elbow,left_elbow,right_knee,left_knee,right_ankle_x,right_ankle_y,right_ankle_z,left_ankle_x,left_ankle_y,left_ankle_z,pos_right_hip_x,pos_right_hip_y,pos_right_hip_z,pos_right_knee,pos_right_ankle_x,pos_right_ankle_y,pos_right_ankle_z,pos_left_hip_x,pos_left_hip_y,pos_left_hip_z,pos_left_knee,pos_left_ankle_x,pos_left_ankle_y,pos_left_ankle_z,vel_right_hip_x,vel_right_hip_y,vel_right_hip_z,vel_right_knee,vel_right_ankle_x,vel_right_ankle_y,vel_right_ankle_z,vel_left_hip_x,vel_left_hip_y,vel_left_hip_z,vel_left_knee,vel_left_ankle_x,vel_left_ankle_y,vel_left_ankle_z,action_right_hip_x,action_right_hip_y,action_right_hip_z,action_right_knee,action_right_ankle_x,action_right_ankle_y,action_right_ankle_z,action_left_hip_x,action_left_hip_y,action_left_hip_z,action_left_knee,action_left_ankle_x,action_left_ankle_y,action_left_ankle_z
0.05000000260770321,0,-200.0,-200.0,200.0,50.0,-50.0,50.0,100.0,-100.0,-100.0,100.0,-100.0,-100.0,-300.0,-300.0,-300.0,-300.0,300.0,-300.0,0.0,0.0,0.0,0.0,150.0,150.0,-150.0,-110.947509765625,150.0,150.0,0.0759316235780716,0.1733943372964859,-0.0231891181319952,0.2572063207626343,0.017114926129579544,-0.06976117938756943,0.43114444613456726,0.20565491914749146,-0.6706295013427734,-0.04382632300257683,0.21371161937713623,0.031074518337845802,-0.31007620692253113,0.2040950357913971,-0.5695346593856812,2.034987449645996,1.3215458393096924,0.40556150674819946,-0.14284475147724152,1.0499013662338257,-1.120072603225708,-0.3498052656650543,0.04347345605492592,2.466247320175171,1.990302562713623,0.10286184400320053,3.41296648979187,-0.5083404779434204,0.16012822091579437,-0.36730536818504333,0.06889806687831879,-0.2843171954154968,0.18736591935157776,-0.2277933657169342,0.10504046082496643,0.048321377485990524,0.1210404559969902,0.3322313129901886,0.06256809830665588,0.03025093674659729,0.05423843115568161,0.17492523789405823
0.06666667014360428,1,99.0009765625,-200.0,200.0,50.0,-50.0,26.30340576171875,100.0,-100.0,100.0,100.0,-100.0,-100.0,34.7646484375,279.7021484375,143.1837158203125,-121.265625,300.0,-300.0,0.0,0.0,0.0,0.0,-150.0,150.0,-150.0,-150.0,-21.089111328125,150.0,0.046554870903491974,0.132093608379364,-0.01230305153876543,0.3477730453014374,0.03583604842424393,0.03589600697159767,0.3845030665397644,0.1765192300081253,-0.6684914827346802,-0.06990427523851395,0.18096178770065308,0.028999675065279007,-0.24359598755836487,0.21033106744289398,-1.5783934593200684,-2.1899967193603516,0.5130944848060608,5.985171794891357,2.110107183456421,5.56616735458374,-2.790520668029785,-2.575667381286621,1.2427423000335693,-1.054525375366211,-3.832287311553955,0.5278154611587524,3.49566650390625,0.18202941119670868,0.16012822091579437,-0.36730536818504333,0.06889806687831879,-0.2843171954154968,0.18736591935157776,-0.2277933657169342,0.10504046082496643,0.048321377485990524,0.1210404559969902,0.3322313129901886,0.06256809830665588,0.03025093674659729,0.05423843115568161,0.17492523789405823
0.08333333767950535,2,-200.0,200.0,-200.0,-50.0,-50.0,-50.0,100.0,100.0,-100.0,-100.0,100.0,100.0,300.0,-300.0,-300.0,300.0,300.0,-300.0,0.0,0.0,0.0,0.0,-150.0,-150.0,73.26806640625,-150.0,150.0,-150.0,0.023765772581100464,0.09784143418073654,-0.0035275674890726805,0.4442319869995117,0.051395002752542496,0.12636514008045197,0.3427986800670624,0.1367156058549881,-0.6374838352203369,-0.09778454899787903,0.0968126580119133,0.0283187348395586,-0.19147814810276031,0.2173888236284256,-1.3100273609161377,-1.8470251560211182,0.4813607633113861,5.519406318664551,2.041879415512085,4.6982598304748535,-2.343855142593384,-2.9069502353668213,1.8250339031219482,-0.9181446433067322,-5.446521282196045,0.30843111872673035,2.8726136684417725,0.35679349303245544,0.1160508394241333,-0.3072720468044281,0.07970651239156723,-0.34515804052352905,0.11004221439361572,-0.28589752316474915,0.0770568996667862,0.04650852084159851,0.12999342381954193,0.14206139743328094,0.08222447335720062,-0.10190402716398239,0.08554690331220627,0.1641094833612442
0.10000000521540642,3,-200.0,200.0,10.0062255859375,-50.0,50.0,6.11370849609375,100.0,-100.0,100.0,100.0,-100.0,-100.0,300.0,-300.0,-193.29031372070312,300.0,300.0,-300.0,0.0,0.0,0.0,0.0,-150.0,150.0,-150.0,-150.0,-104.84521484375,-61.15229034423828,0.01506047137081623,0.04977549985051155,-0.004762230906635523,0.5556996464729309,0.06339898705482483,0.14773835241794586,0.30700889229774475,0.12107701599597931,-0.6142368912696838,-0.13770367205142975,0.014989027753472328,0.0067310938611626625,-0.1377042531967163,0.21957534551620483,-0.37464481592178345,-2.7351760864257812,-0.09739179909229279,6.899847507476807,1.282355546951294,0.9570484757423401,-1.786293387413025,-1.6810039281845093,1.3559949398040771,-1.960811734199524,-4.955409049987793,-0.8465241193771362,3.110919952392578,0.14901256561279297,0.1160508394241333,-0.3072720468044281,0.07970651239156723,-0.34515804052352905,0.11004221439361572,-0.28589752316474915,0.0770568996667862,0.04650852084159851,0.12999342381954193,0.14206139743328094,0.08222447335720062,-0.10190402716398239,0.08554690331220627,0.1641094833612442
0.11666667275130749,4,200.0,-200.0,-200.0,50.0,-50.0,50.0,100.0,100.0,100.0,-100.0,100.0,-100.0,300.0,-300.0,-300.0,300.0,300.0,300.0,0.0,0.0,0.0,0.0,-150.0,-150.0,-150.0,150.0,-95.432861328125,-150.0,0.010872484184801579,0.007080382667481899,-0.007349822670221329,0.67506343126297,0.07501772791147232,0.16641680896282196,0.27811381220817566,0.10476624220609665,-0.6068913340568542,-0.17327986657619476,0.0005343658267520368,-0.013229894451797009,-0.09155280143022537,0.2226993888616562,-0.2615240812301636,-2.48065447807312,-0.12362046539783478,7.571995735168457,1.0261574983596802,0.8564244508743286,-1.5038448572158813,-1.3107084035873413,0.4912085235118866,-1.5330978631973267,0.009605109691619873,-0.7449403405189514,2.691925525665283,0.26319950819015503,0.1032828539609909,-0.24128063023090363,0.11914414912462234,-0.290971040725708,0.12493341416120529,-0.23872405290603638,-0.024685725569725037,0.03689514845609665,0.09025370329618454,0.09336455166339874,0.03159930557012558,-0.03298483416438103,0.0881894901394844,0.09193256497383118
0.13333334028720856,5,-200.0,-200.0,-200.0,-50.0,-50.0,-2.5447845458984375,100.0,-28.03314208984375,100.0,100.0,-100.0,75.0037841796875,104.30120849609375,300.0,-171.1395263671875,300.0,300.0,-49.7884521484375,0.0,0.0,0.0,0.0,-150.0,149.2109375,-112.30517578125,-150.0,-77.642578125,-150.0,0.0168495811522007,-0.04712590202689171,-0.012148788198828697,0.8161711096763611,0.07824110239744186,0.16851522028446198,0.24266193807125092,0.10491503030061722,-0.5887590646743774,-0.18516142666339874,0.0003032910462934524,-0.016368737444281578,-0.04998156428337097,0.21096490323543549,0.3771122395992279,-3.0613179206848145,-0.24811425805091858,8.783880233764648,0.4570322334766388,-0.022892644628882408,-1.8874049186706543,-0.48419249057769775,1.583531379699707,-0.7622407674789429,-0.03829587996006012,-0.024257030338048935,2.260688066482544,-0.6870108246803284,0.1032828539609909,-0.24128063023090363,0.11914414912462234,-0.290971040725708,0.12493341416120529,-0.23872405290603638,-0.024685725569725037,0.03689514845609665,0.09025370329618454,0.09336455166339874,0.03159930557012558,-0.03298483416438103,0.0881894901394844,0.09193256497383118
0.15000000782310963,6,200.0,-200.0,200.0,-50.0,50.0,-37.87352752685547,-100.0,-100.0,100.0,100.0,-100.0,100.0,-300.0,-300.0,300.0,300.0,300.0,300.0,0.0,0.0,0.0,0.0,21.474609375,150.0,-150.0,-150.0,-150.0,150.0,0.02322259545326233,-0.09227627515792847,-0.017098864540457726,0.9563693404197693,0.08210887759923935,0.17015419900417328,0.21336741745471954,0.10155703872442245,-0.5546151399612427,-0.19733811914920807,-1.9569026790122734e-06,-0.019002581015229225,-0.016274426132440567,0.19951783120632172,0.39153915643692017,-2.5266611576080322,-0.2901459336280823,8.358283042907715,0.45601895451545715,-0.03965401276946068,-1.61826753616333,-0.6784454584121704,2.227043390274048,-0.6682559251785278,-0.021591056138277054,0.03117932379245758,1.880012035369873,-0.637496829032898,0.1335231512784958,-0.1688108593225479,0.16910994052886963,-0.23811936378479004,0.08240995556116104,-0.1808805763721466,-0.04044743627309799,0.12238959223031998,0.12374436110258102,0.10633021593093872,-0.03694842383265495,-0.09536398202180862,0.07735512405633926,0.11942054331302643
0.1666666753590107,7,157.67050170898438,-200.0,-200.0,33.38188171386719,15.832550048828125,-50.0,-24.556533813476562,100.0,-100.0,100.0,-100.0,-100.0,-300.0,297.10302734375,-233.78103637695312,300.0,300.0,48.60520935058594,0.0,0.0,0.0,0.0,-150.0,150.0,-105.036376953125,-150.0,-146.0220947265625,-150.0,0.016877474263310432,-0.14865438640117645,-0.013063888065516949,1.1152853965759277,0.08957549929618835,0.17542710900306702,0.17310529947280884,0.10590570420026779,-0.5075003504753113,-0.18984989821910858,-0.00017597948317416012,-0.02976253814995289,0.010844246484339237,0.20021359622478485,-0.39720574021339417,-3.203169107437134,0.2988831698894501,9.715314865112305,0.7603741884231567,0.12476985901594162,-2.1552886962890625,0.13771802186965942,3.284003257751465,0.10371458530426025,-0.02758203260600567,-0.45973873138427734,1.5040974617004395,-0.04416681081056595,0.1335231512784958,-0.1688108593225479,0.16910994052886963,-0.23811936378479004,0.08240995556116104,-0.1808805763721466,-0.04044743627309799,0.12238959223031998,0.12374436110258102,0.10633021593093872,-0.03694842383265495,-0.09536398202180862,0.07735512405633926,0.11942054331302643
0.18333334289491177,8,200.0,-200.0,200.0,50.0,50.0,-50.0,100.0,100.0,100.0,-100.0,100.0,100.0,-300.0,300.0,300.0,300.0,300.0,300.0,0.0,0.0,0.0,0.0,-150.0,-150.0,-150.0,-150.0,-150.0,-4.351238250732422,0.012287880294024944,-0.19745104014873505,-0.010768965817987919,1.257435917854309,0.09930811077356339,0.17973800003528595,0.14188435673713684,0.09802354872226715,-0.4807368516921997,-0.199552521109581,-0.014178462326526642,-0.028265435248613358,0.15690624713897705,0.20224077999591827,0.12775897979736328,-2.8768515586853027,-0.022478178143501282,7.3717193603515625,0.7540042996406555,0.07182842493057251,-1.7872841358184814,-2.244961738586426,-2.498920440673828,-1.6041069030761719,2.100696563720703,4.927361011505127,22.214927673339844,-0.04304701089859009,0.1585102528333664,-0.11705946922302246,0.128322035074234,-0.15402476489543915,0.23056361079216003,-0.3733716607093811,-0.099399134516716,0.2193964123725891,0.09608940780162811,0.03715469315648079,-0.10029403865337372,-0.1507309526205063,0.10016228258609772,0.14148932695388794
0.20000001043081284,9,-200.0,-200.0,-200.0,-2.7380828857421875,-50.0,34.2879638671875,-93.84942626953125,-100.0,-47.536643981933594,-100.0,-100.0,-100.0,165.49014282226562,300.0,12.56817626953125,300.0,300.0,300.0,0.0,0.0,0.0,0.0,-150.0,55.1156005859375,-113.049560546875,-150.0,-150.0,-150.0,0.007347774691879749,-0.1963532418012619,-0.005327292717993259,1.3207106590270996,0.0976829007267952,0.16408856213092804,0.09449118375778198,0.07908356934785843,-0.47795891761779785,-0.19590333104133606,0.016596127301454544,-0.042586617171764374,0.45904451608657837,0.20165857672691345,-0.3870420753955841,-0.060745321214199066,0.49249881505966187,2.870880603790283,0.307730108499527,-0.9756641387939453,-2.246626377105713,-0.4368765652179718,0.8376964330673218,1.0374401807785034,1.2425477504730225,-0.2455013394355774,13.338565826416016,0.8638817071914673,0.1585102528333664,-0.11705946922302246,0.128322035074234,-0.15402476489543915,0.23056361079216003,-0.3733716607093811,-0.099399134516716,0.2193964123725891,0.09608940780162811,0.03715469315648079,-0.10029403865337372,-0.1507309526205063,0.10016228258609772,0.14148932695388794
0.2166666779667139,10,200.0,200.0,200.0,-50.0,50.0,50.0,100.0,-100.0,100.0,100.0,-100.0,-100.0,119.84988403320312,-300.0,300.0,300.0,-184.02294921875,300.0,0.0,0.0,0.0,0.0,-150.0,150.0,150.0,-150.0,150.0,-33.218017578125,0.003919666633009911,-0.19468529522418976,-0.0023846961557865143,1.3024053573608398,0.09814343601465225,0.15108948945999146,0.05828361585736275,0.043472759425640106,-0.4706706404685974,-0.2156236171722412,0.042591389268636703,-0.04864411801099777,0.32823941111564636,0.16894742846488953,-0.296413391828537,0.2801714539527893,0.1530989408493042,-2.8343160152435303,0.2383556216955185,-0.8577079176902771,-1.8886773586273193,-1.7513777017593384,1.5566785335540771,-0.5976854562759399,-0.26587975025177,3.533836841583252,-9.510704040527344,-0.859041154384613,0.2258877456188202,-0.2143361121416092,0.10669129341840744,-0.233036607503891,0.16027593612670898,-0.30689537525177,-0.08943432569503784,0.3632490932941437,0.024150412529706955,0.05541650578379631,-0.007231193128973246,-0.02691696211695671,0.3765011727809906,0.057399265468120575
0.23333334550261497,11,200.0,200.0,-200.0,50.0,50.0,-50.0,84.995361328125,100.0,100.0,100.0,100.0,-100.0,-300.0,-300.0,-156.6572265625,-300.0,300.0,-300.0,0.0,0.0,0.0,0.0,59.68804931640625,-68.34451293945312,60.99420166015625,-150.0,-150.0,-150.0,0.0008971132920123637,-0.2721221148967743,0.020699517801404,1.3041679859161377,0.0872386023402214,0.14473699033260345,0.049708109349012375,0.04929289594292641,-0.4771668612957001,-0.2013559341430664,0.023168601095676422,-0.0030999216251075268,0.30120304226875305,0.17365866899490356,0.07893743366003036,-4.6267523765563965,1.447843313217163,0.7455230951309204,-0.6715711355209351,-0.32380759716033936,-0.6512750387191772,1.1448789834976196,0.6939202547073364,1.1373180150985718,-2.7821919918060303,-0.03631472587585449,6.132312297821045,1.2370699644088745,0.2258877456188202,-0.2143361121416092,0.10669129341840744,-0.233036607503891,0.16027593612670898,-0.30689537525177,-0.08943432569503784,0.3632490932941437,0.024150412529706955,0.05541650578379631,-0.007231193128973246,-0.02691696211695671,0.3765011727809906,0.057399265468120575
0.25000001303851604,12,200.0,-200.0,-200.0,50.0,50.0,50.0,-100.0,100.0,-100.0,100.0,100.0,100.0,-300.0,300.0,-300.0,-300.0,300.0,300.0,0.0,0.0,0.0,0.0,150.0,-150.0,-150.0,150.0,-150.0,-150.0,-0.0008968745823949575,-0.343977689743042,0.04106162115931511,1.316762924194336,0.0777459442615509,0.13903744518756866,0.0409746915102005,0.060276638716459274,-0.4698502719402313,-0.1940828114748001,-8.807882113615051e-05,-0.008916575461626053,0.36054524779319763,0.163187637925148,-0.0019821524620056152,-4.051475524902344,1.078382134437561,0.8677150011062622,-0.5266539454460144,-0.3434475064277649,-0.49619194865226746,0.43213793635368347,0.33937615156173706,0.2573971152305603,0.051791369915008545,-0.3639310896396637,2.586793899536133,-0.25261715054512024,0.19101974368095398,-0.25112825632095337,0.1387699544429779,-0.19479647278785706,0.23086872696876526,-0.22122421860694885,-0.08215416967868805,0.020259059965610504,0.08576879650354385,-0.04445318877696991,-0.05344444140791893,0.030483394861221313,0.21322861313819885,0.07686028629541397
0.2666666805744171,13,-200.0,-200.0,-200.0,-27.675586700439453,-50.0,2.700103759765625,100.0,-100.0,-100.0,-100.0,100.0,100.0,-300.0,270.84130859375,-3.9696044921875,300.0,300.0,103.9110107421875,0.0,0.0,0.0,0.0,-9.472984313964844,44.87109375,-131.3831787109375,136.213623046875,150.0,-150.0,-0.00553486030548811,-0.38616982102394104,0.04987839236855507,1.3121287822723389,0.07959866523742676,0.10546043515205383,0.023662762716412544,0.05727248638868332,-0.44636473059654236,-0.18066048622131348,-0.0022534632589668036,-0.005237220320850611,0.34607404470443726,0.15859243273735046,-0.22238096594810486,-2.4016811847686768,0.4890909790992737,-0.36127302050590515,0.11044884473085403,-1.9472016096115112,-0.8681992888450623,-0.12572912871837616,1.5637176036834717,0.6979658007621765,-0.0899231880903244,0.2527247667312622,-1.0825461149215698,-0.2521514892578125,0.19101974368095398,-0.25112825632095337,0.1387699544429779,-0.19479647278785706,0.23086872696876526,-0.22122421860694885,-0.08215416967868805,0.020259059965610504,0.08576879650354385,-0.04445318877696991,-0.05344444140791893,0.030483394861221313,0.21322861313819885,0.07686028629541397
0.2833333481103182,14,-200.0,200.0,-200.0,-50.0,-50.0,-50.0,-100.0,-100.0,-100.0,-100.0,-100.0,100.0,-300.0,-300.0,300.0,300.0,-300.0,300.0,0.0,0.0,0.0,0.0,150.0,-150.0,59.93310546875,-11.958709716796875,150.0,-150.0,-0.010606750845909119,-0.42229533195495605,0.05701448768377304,1.3010892868041992,0.08100651204586029,0.07666122913360596,0.008847889490425587,0.05524541065096855,-0.42073699831962585,-0.1704169064760208,-0.00392122520133853,0.0037843792233616114,0.3165421485900879,0.1545482724905014,-0.2721153795719147,-2.012263774871826,0.4384593963623047,-0.7582544088363647,0.08785638958215714,-1.6571718454360962,-0.7691305875778198,-0.12755532562732697,1.49943208694458,0.5521280765533447,0.0042115189135074615,0.2782934308052063,-1.6175792217254639,-0.1820974349975586,0.2179528921842575,-0.2447083443403244,0.0961637943983078,-0.17989592254161835,0.20504339039325714,-0.208136647939682,-0.07320652902126312,0.16114909946918488,0.11393167823553085,-0.05996038019657135,-0.04500226676464081,0.029192321002483368,0.2983802258968353,0.07745474576950073
0.30000001564621925,15,-92.94189453125,-200.0,-200.0,0.9908256530761719,23.493072509765625,-17.323333740234375,100.0,100.0,-100.0,100.0,48.50048828125,-33.34296798706055,-300.0,82.55078125,-232.206787109375,300.0,196.0419921875,175.1956787109375,0.0,0.0,0.0,0.0,10.39324951171875,17.76123046875,-79.6158447265625,-150.0,150.0,-150.0,-0.01976037211716175,-0.47714608907699585,0.07110080868005753,1.2959870100021362,0.0864982083439827,0.048000894486904144,-0.0022046510130167007,0.04956704378128052,-0.41619861125946045,-0.15764641761779785,-0.002430366352200508,0.011226101778447628,0.30077695846557617,0.14878450334072113,-0.5396398305892944,-3.0110652446746826,0.8562185764312744,-0.4349287450313568,0.31903785467147827,-1.646665096282959,-0.5368257164955139,-0.29531145095825195,0.4233664274215698,0.6734136939048767,0.06461390107870102,0.4584992825984955,-0.8706650137901306,-0.20320075750350952,0.2179528921842575,-0.2447083443403244,0.0961637943983078,-0.17989592254161835,0.20504339039325714,-0.208136647939682,-0.07320652902126312,0.16114909946918488,0.11393167823553085,-0.05996038019657135,-0.04500226676464081,0.029192321002483368,0.2983802258968353,0.07745474576950073
0.3166666831821203,16,-200.0,200.0,-200.0,-46.000518798828125,-50.0,-50.0,-4.23138427734375,100.0,66.4632568359375,9.58892822265625,-100.0,-100.0,300.0,-300.0,-300.0,300.0,300.0,83.19488525390625,0.0,0.0,0.0,0.0,4.376068115234375,-150.0,-150.0,-150.0,150.0,-150.0,-0.030521098524332047,-0.5226311087608337,0.08213863521814346,1.277099609375,0.09132739156484604,0.02347605675458908,-0.01170932874083519,0.04469158500432968,-0.40688514709472656,-0.1503014862537384,-0.0028508168179541826,0.024892207235097885,0.26532483100891113,0.14262494444847107,-0.5497620701789856,-2.5544068813323975,0.7254857420921326,-1.425573706626892,0.27160102128982544,-1.4015244245529175,-0.4895991086959839,-0.19424791634082794,0.6010280847549438,0.44044846296310425,-0.10031788051128387,0.5514802932739258,-2.0725607872009277,-0.211636483669281,0.19098418951034546,-0.23449303209781647,0.12426664680242538,-0.192744642496109,0.22302749752998352,-0.20613673329353333,-0.0415458008646965,0.15175482630729675,0.11351189017295837,-0.10102705657482147,-0.0745093896985054,-0.003320882096886635,0.3281884789466858,0.05923306941986084
0.3333333507180214,17,-200.0,-200.0,-200.0,-50.0,50.0,-2.243745803833008,100.0,100.0,-100.0,100.0,100.0,-100.0,128.06060791015625,0.15283203125,-167.33969116210938,300.0,300.0,300.0,0.0,0.0,0.0,0.0,14.936126708984375,26.0263671875,-49.4290771484375,-150.0,150.0,-68.76153564453125,-0.035996418446302414,-0.5662912130355835,0.08576539903879166,1.2481120824813843,0.09490799158811569,-0.009045153856277466,-0.025951961055397987,0.04504011943936348,-0.39914554357528687,-0.1480439305305481,-0.004599747713655233,0.032677412033081055,0.22196941077709198,0.13287629187107086,-0.34509986639022827,-2.503039836883545,0.22467628121376038,-1.8041411638259888,0.22657962143421173,-1.8718409538269043,-0.737692654132843,-0.01354235876351595,0.551764190196991,0.07568417489528656,-0.11953215301036835,0.3176620304584503,-2.321929454803467,-0.4417075514793396,0.19098418951034546,-0.23449303209781647,0.12426664680242538,-0.192744642496109,0.22302749752998352,-0.20613673329353333,-0.0415458008646965,0.15175482630729675,0.11351189017295837,-0.10102705657482147,-0.0745093896985054,-0.003320882096886635,0.3281884789466858,0.05923306941986084
0.35000001825392246,18,-47.28515625,-200.0,-200.0,-50.0,50.0,4.332712173461914,-100.0,100.0,-100.0,-100.0,-100.0,-100.0,300.0,-300.0,-228.7108612060547,300.0,300.0,300.0,0.0,0.0,0.0,0.0,-133.37725830078125,-150.0,150.0,-150.0,150.0,150.0,-0.040770966559648514,-0.6046500205993652,0.08803108334541321,1.20972740650177,0.0980546697974205,-0.036907609552145004,-0.037923458963632584,0.045881569385528564,-0.3898369371891022,-0.14723341166973114,-0.005141586065292358,0.041400033980607986,0.1743861734867096,0.12456919252872467,-0.3290146589279175,-2.1719019412994385,0.1573561280965805,-2.4984054565429688,0.16758878529071808,-1.5954169034957886,-0.6299020051956177,0.0366898849606514,0.5906816720962524,0.04531006142497063,-0.08819741755723953,-0.02736377716064453,-2.2924482822418213,-0.38293683528900146,0.1861370950937271,-0.19964566826820374,0.12432657927274704,-0.19418422877788544,0.1896723061800003,-0.17796260118484497,-0.031877972185611725,0.14267030358314514,0.09852408617734909,-0.13610632717609406,-0.0579988993704319,0.011975514702498913,0.31098273396492004,0.07639594376087189
0.36666668578982353,19,200.0,-200.0,-200.0,16.10643768310547,50.0,-3.6791296005249023,100.0,100.0,-100.0,100.0,-75.52978515625,-100.0,300.0,-107.138671875,58.807403564453125,300.0,300.0,300.0,0.0,0.0,0.0,0.0,37.83470153808594,5.208984375,-71.35647583007812,-150.0,150.0,150.0,-0.04301610216498375,-0.6548457145690918,0.08861950784921646,1.1603341102600098,0.09777926653623581,-0.0704893246293068,-0.04474940523505211,0.04910886660218239,-0.4019653797149658,-0.15312805771827698,-0.0024039188865572214,0.0147012397646904,0.17690232396125793,0.10983838886022568,-0.3234226405620575,-2.800790309906006,-0.015799470245838165,-3.3238914012908936,0.02093220129609108,-1.9127064943313599,-0.30005306005477905,-0.09407076239585876,-0.4894839823246002,-0.4904429018497467,0.05645371973514557,0.3209899663925171,-0.8453869819641113,-0.8289633989334106,0.1861370950937271,-0.19964566826820374,0.12432657927274704,-0.19418422877788544,0.1896723061800003,-0.17796260118484497,-0.031877972185611725,0.14267030358314514,0.09852408617734909,-0.13610632717609406,-0.0579988993704319,0.011975514702498913,0.31098273396492004,0.07639594376087189
0.3833333533257246,20,-200.0,-200.0,-200.0,-46.019142150878906,-50.0,-50.0,72.94921875,100.0,100.0,100.0,100.0,-100.0,300.0,300.0,229.0992431640625,300.0,300.0,300.0,0.0,0.0,0.0,0.0,-150.0,-150.0,150.0,-150.0,150.0,150.0,-0.04461449384689331,-0.698691725730896,0.08877628296613693,1.090996503829956,0.09845267981290817,-0.09923789650201797,-0.05001014098525047,0.051873624324798584,-0.40782058238983154,-0.15881776809692383,-0.004365002736449242,0.02116629295051098,0.15956203639507294,0.0974988117814064,-0.15930254757404327,-2.5181691646575928,0.032214995473623276,-4.261647701263428,0.00623572850599885,-1.6341758966445923,-0.25964048504829407,0.2092462033033371,-0.06010660529136658,-0.17978274822235107,-0.11285857856273651,0.711792528629303,-1.3553078174591064,-0.361865371465683,0.19510263204574585,-0.2018589824438095,0.13971735537052155,-0.18303237855434418,0.21602316200733185,-0.16252171993255615,-0.012621846050024033,0.1384337991476059,0.07743918150663376,-0.18264883756637573,-0.03394326940178871,-0.0013571102172136307,0.30371710658073425,0.0695793628692627
0.40000002086162567,21,-200.0,-200.0,-200.0,-50.0,-50.0,-1.1614761352539062,100.0,98.73388671875,-100.0,100.0,41.206787109375,-100.0,300.0,300.0,300.0,300.0,300.0,300.0,0.0,0.0,0.0,0.0,1.495452880859375,22.046630859375,-105.65831756591797,-150.0,150.0,150.0,-0.03556172177195549,-0.715469241142273,0.09137244522571564,0.9971601366996765,0.09492023289203644,-0.13738159835338593,-0.04962219297885895,0.061801522970199585,-0.3994683623313904,-0.16046077013015747,-0.005412194412201643,0.021237993612885475,0.1478423774242401,0.0842139720916748,0.4736184775829315,-0.9718474745750427,-0.06919442117214203,-5.82572078704834,-0.13956612348556519,-2.152029275894165,0.11448876559734344,0.4253517687320709,0.4508609175682068,-0.12702983617782593,0.19315217435359955,0.4126477539539337,-0.920790433883667,-0.6077641844749451,0.19510263204574585,-0.2018589824438095,0.13971735537052155,-0.18303237855434418,0.21602316200733185,-0.16252171993255615,-0.012621846050024033,0.1384337991476059,0.07743918150663376,-0.18264883756637573,-0.03394326940178871,-0.0013571102172136307,0.30371710658073425,0.0695793628692627
0.41666668839752674,22,200.0,-200.0,-200.0,-50.0,-50.0,-30.621612548828125,-100.0,100.0,-100.0,100.0,-100.0,-100.0,300.0,300.0,300.0,300.0,300.0,300.0,0.0,0.0,0.0,0.0,-150.0,-150.0,150.0,-150.0,150.0,150.0,-0.027151335030794144,-0.7291218638420105,0.09346313774585724,0.8888108134269714,0.09310447424650192,-0.16970294713974,-0.04894925281405449,0.06997866183519363,-0.39394521713256836,-0.15917611122131348,-0.004276880994439125,0.023087969049811363,0.13628198206424713,0.07559395581483841,0.4923253357410431,-0.789252519607544,-0.07958106696605682,-6.565281867980957,-0.10339057445526123,-1.8166651725769043,0.12158942222595215,0.4440229833126068,0.5510991811752319,0.028053224086761475,-0.015223324298858643,0.24683967232704163,-1.1481572389602661,-0.4018055200576782,0.20749974250793457,-0.170845165848732,0.13855163753032684,-0.15047504007816315,0.1952439546585083,-0.16012632846832275,-0.004028454422950745,0.16772018373012543,0.04727286845445633,-0.20922644436359406,0.013082046993076801,0.0006345855072140694,0.3004568815231323,0.04318681359291077
0.4333333559334278,23,-88.5328369140625,-200.0,-200.0,-16.188095092773438,-50.0,-25.514923095703125,100.0,100.0,-100.0,100.0,-14.556640625,-100.0,91.5205078125,270.0801086425781,300.0,300.0,300.0,300.0,0.0,0.0,0.0,0.0,-97.4405517578125,-21.943115234375,-150.0,-150.0,150.0,150.0,-0.014162257313728333,-0.736503541469574,0.09880337119102478,0.767533540725708,0.0859324187040329,-0.20459653437137604,-0.03875936567783356,0.0812203586101532,-0.3891790211200714,-0.15376631915569305,-0.0037655741907656193,0.021323181688785553,0.12709777057170868,0.05408896878361702,0.7564221620559692,-0.4439241290092468,-0.0029943305999040604,-7.321840763092041,-0.2792509198188782,-1.951744794845581,0.7029995322227478,0.586251974105835,0.4797140955924988,0.2178172469139099,0.01766575127840042,0.4428679049015045,-1.1228339672088623,-0.9688753485679626,0.20749974250793457,-0.170845165848732,0.13855163753032684,-0.15047504007816315,0.1952439546585083,-0.16012632846832275,-0.004028454422950745,0.16772018373012543,0.04727286845445633,-0.20922644436359406,0.013082046993076801,0.0006345855072140694,0.3004568815231323,0.04318681359291077
0.4500000234693289,24,200.0,-200.0,-200.0,-50.0,-50.0,-50.0,-100.0,100.0,-100.0,100.0,-100.0,-100.0,300.0,300.0,300.0,300.0,300.0,300.0,0.0,0.0,0.0,0.0,-7.171417236328125,-144.8209228515625,-150.0,-150.0,150.0,150.0,-0.0037031888496130705,-0.742157518863678,0.10265746712684631,0.6346961855888367,0.08190310001373291,-0.2342870980501175,-0.029837490990757942,0.09090845286846161,-0.38488495349884033,-0.1472392976284027,-0.0042243520729243755,0.02069590799510479,0.11418204754590988,0.040346089750528336,0.6633201837539673,-0.3684830069541931,-0.015680965036153793,-7.955852508544922,-0.18709668517112732,-1.6462135314941406,0.6250432133674622,0.5730708837509155,0.43233323097229004,0.2737957239151001,-0.01680241897702217,0.19532054662704468,-1.1502503156661987,-0.7044302225112915,0.2067691534757614,-0.15140537917613983,0.13648024201393127,-0.14148589968681335,0.23608744144439697,-0.11973419040441513,0.007825912907719612,0.2056683599948883,0.05974765866994858,-0.2143625169992447,0.01140551082789898,0.003243793733417988,0.33272841572761536,0.024889085441827774
0.46666669100522995,25,-200.0,-200.0,-200.0,-40.40376281738281,-50.0,-11.787399291992188,100.0,100.0,-100.0,100.0,100.0,-100.0,135.683349609375,300.0,300.0,168.960693359375,300.0,300.0,0.0,0.0,0.0,0.0,-144.82608032226562,-4.490234375,-126.27255249023438,-150.0,150.0,150.0,0.015894455835223198,-0.723966658115387,0.10622753947973251,0.46894845366477966,0.07960186153650284,-0.2613212764263153,-0.022612327709794044,0.10548694431781769,-0.3710332214832306,-0.1381712704896927,-0.004774104803800583,0.016932468861341476,0.10197611898183823,0.027374396100640297,1.1750420331954956,1.0130572319030762,-0.23732911050319672,-10.332833290100098,-0.04395795986056328,-1.49833345413208,0.49556779861450195,0.7919327616691589,0.6696208715438843,0.43217670917510986,0.16849535703659058,0.2823999524116516,-1.1274889707565308,-0.5077203512191772,0.2067691534757614,-0.15140537917613983,0.13648024201393127,-0.14148589968681335,0.23608744144439697,-0.11973419040441513,0.007825912907719612,0.2056683599948883,0.05974765866994858,-0.2143625169992447,0.01140551082789898,0.003243793733417988,0.33272841572761536,0.024889085441827774
0.483333358541131,26,200.0,-200.0,200.0,-2.5170745849609375,-50.0,-50.0,100.0,-100.0,-100.0,100.0,-100.0,-100.0,-131.7828369140625,300.0,300.0,300.0,-300.0,300.0,0.0,0.0,0.0,0.0,-150.0,150.0,-54.227783203125,-150.0,150.0,-150.0,0.03358801081776619,-0.706584632396698,0.10882642865180969,0.28499898314476013,0.07816477119922638,-0.2841099500656128,-0.01727476343512535,0.11565280705690384,-0.3653976619243622,-0.12714481353759766,-0.003796963021159172,0.01990080438554287,0.08719853311777115,0.022201741114258766,1.0593674182891846,0.8915717005729675,-0.228881374001503,-10.98897647857666,-0.02484581433236599,-1.2684998512268066,0.41676709055900574,0.5642059445381165,0.4641255736351013,0.584494411945343,0.010206032544374466,0.8630010485649109,-1.1597329378128052,0.01412181556224823,0.22133013606071472,-0.14585183560848236,0.06916777044534683,-0.11916174739599228,0.2351313978433609,-0.09305772930383682,-0.005168963223695755,0.24429641664028168,0.006216522306203842,-0.18386706709861755,0.014087370596826077,0.006098808720707893,0.3181447684764862,-0.005483230575919151
0.5000000260770321,27,200.0,-200.0,200.0,50.0,-50.0,38.326629638671875,100.0,-100.0,-100.0,100.0,100.0,-100.0,-233.3929443359375,214.2021484375,300.0,222.692138671875,-300.0,300.0,0.0,0.0,0.0,0.0,-134.8076171875,-4.86334228515625,-136.03155517578125,-150.0,150.0,150.0,0.04950810596346855,-0.6861792206764221,0.11449447274208069,0.06691395491361618,0.06617578864097595,-0.2946513891220093,-0.011213492602109909,0.12433445453643799,-0.3739197552204132,-0.11157660186290741,-0.002365023596212268,0.029889706522226334,0.07534774392843246,0.009928090497851372,0.9592807292938232,1.2253875732421875,-0.018215253949165344,-13.673319816589355,-0.4790167808532715,-0.5792362093925476,0.4275416433811188,0.6448935866355896,-0.6338908076286316,0.8099606037139893,0.09912987053394318,1.136456847190857,-0.9231936931610107,-0.5562220811843872,0.22133013606071472,-0.14585183560848236,0.06916777044534683,-0.11916174739599228,0.2351313978433609,-0.09305772930383682,-0.005168963223695755,0.24429641664028168,0.006216522306203842,-0.18386706709861755,0.014087370596826077,0.006098808720707893,0.3181447684764862,-0.005483230575919151
0.5166666936129332,28,-200.0,-200.0,-200.0,-50.0,-50.0,50.0,-100.0,-100.0,100.0,100.0,100.0,-100.0,-300.0,300.0,-300.0,-270.9820251464844,-300.0,300.0,0.0,0.0,0.0,0.0,150.0,150.0,150.0,-69.67596435546875,150.0,-8.5784912109375,0.06562056392431259,-0.7035936713218689,0.1238352581858635,-0.0007170333992689848,0.05686799809336662,-0.3034476637840271,-0.00849160272628069,0.1283799707889557,-0.36799803376197815,-0.09365282952785492,-0.005290978588163853,0.023565443232655525,0.06445560604333878,0.005524360574781895,0.9997327327728271,-0.48861515522003174,0.15481778979301453,-0.03993110731244087,-0.39341482520103455,-0.4899113178253174,0.4538830518722534,0.28412067890167236,1.9154177904129028,0.5367349982261658,-0.33956649899482727,-0.4194785952568054,-0.9524511098861694,-0.919977068901062,0.17616447806358337,-0.1922633796930313,0.10793501883745193,-0.1202547699213028,0.19889244437217712,-0.09884949773550034,-0.025209080427885056,0.20988786220550537,0.127378448843956,-0.08644495904445648,0.04045768454670906,-0.023360244929790497,0.3451790511608124,-0.06246812641620636
0.5333333611488342,29,-200.0,-200.0,200.0,-50.0,-50.0,39.52806091308594,-100.0,-100.0,100.0,100.0,-100.0,-80.75146484375,-77.84518432617188,300.0,56.2421875,300.0,-300.0,300.0,0.0,0.0,0.0,0.0,-83.02984619140625,19.7684326171875,146.79684448242188,-150.0,150.0,-25.060791015625,0.07302814722061157,-0.6915653347969055,0.11893920600414276,-0.000576706079300493,0.06840194761753082,-0.2834818661212921,0.001266902661882341,0.11966519057750702,-0.3328217566013336,-0.08220217376947403,-0.004510775208473206,0.03020036406815052,0.043382301926612854,-0.008397366851568222,0.3066760301589966,0.8762426376342773,-0.4828566014766693,0.0026244937907904387,0.7223416566848755,1.1579434871673584,0.4241223633289337,-0.5259122252464294,1.8984602689743042,0.6434645652770996,0.2638925313949585,0.6876695156097412,-1.1222403049468994,-0.766376256942749,0.17616447806358337,-0.1922633796930313,0.10793501883745193,-0.1202547699213028,0.19889244437217712,-0.09884949773550034,-0.025209080427885056,0.20988786220550537,0.127378448843956,-0.08644495904445648,0.04045768454670906,-0.023360244929790497,0.3451790511608124,-0.06246812641620636
0.5500000286847353,30,200.0,-200.0,200.0,50.0,-50.0,-50.0,100.0,-100.0,100.0,100.0,100.0,-100.0,-300.0,300.0,300.0,-300.0,-300.0,300.0,0.0,0.0,0.0,0.0,-150.0,150.0,-14.18951416015625,-150.0,150.0,150.0,0.07918399572372437,-0.6740112900733948,0.11360403895378113,-0.0004359052109066397,0.07813103497028351,-0.26613256335258484,0.009516742080450058,0.1138181984424591,-0.30720630288124084,-0.07322037220001221,0.000496327062137425,0.034255921840667725,0.023802664130926132,-0.025761239230632782,0.2484353482723236,1.0888075828552246,-0.46018388867378235,0.012536799535155296,0.5991067290306091,1.0013809204101562,0.33749908208847046,-0.2779189944267273,1.358655333518982,0.43039625883102417,0.3906710147857666,0.8590105175971985,-1.5180811882019043,-1.021159052848816,0.20427881181240082,-0.2597157657146454,0.07274152338504791,-0.1387389600276947,0.13786417245864868,-0.09758517146110535,0.006475985050201416,0.1760549694299698,0.09897516667842865,-0.01917429454624653,0.030100611969828606,-0.05533256754279137,0.24012476205825806,-0.02706390805542469
0.5666666962206364,31,200.0,-200.0,200.0,50.0,-50.0,48.52062225341797,-100.0,-100.0,100.0,100.0,100.0,100.0,-300.0,300.0,171.8896484375,-28.4725341796875,-300.0,267.2886962890625,0.0,0.0,0.0,0.0,-35.810791015625,1.098388671875,150.0,-150.0,150.0,150.0,0.08226855844259262,-0.6500154137611389,0.11538787186145782,-0.0004857738094870001,0.08197005093097687,-0.2318158596754074,0.013887089677155018,0.10499913990497589,-0.2962739169597626,-0.06622342020273209,0.02878705784678459,0.04564911127090454,-0.01053112093359232,-0.033782072365283966,0.23717248439788818,1.5201839208602905,-0.048470888286828995,0.017490562051534653,0.2480158507823944,1.949079990386963,0.14516453444957733,-0.5061068534851074,0.23211771249771118,0.388014554977417,2.2863705158233643,0.9317175149917603,-2.3056578636169434,-0.4659520387649536,0.20427881181240082,-0.2597157657146454,0.07274152338504791,-0.1387389600276947,0.13786417245864868,-0.09758517146110535,0.006475985050201416,0.1760549694299698,0.09897516667842865,-0.01917429454624653,0.030100611969828606,-0.05533256754279137,0.24012476205825806,-0.02706390805542469
0.5833333637565374,32,-131.556640625,200.0,200.0,21.591354370117188,-50.0,50.0,-100.0,-100.0,100.0,100.0,100.0,100.0,-219.77764892578125,300.0,300.0,-198.55902099609375,-300.0,-223.37994384765625,0.0,0.0,0.0,0.0,-43.29579162597656,150.0,10.62518310546875,-150.0,150.0,147.63734436035156,0.08389872312545776,-0.6234516501426697,0.11642544716596603,-0.0002366221451666206,0.08516426384449005,-0.20248466730117798,0.017758939415216446,0.09512213617563248,-0.300162136554718,-0.06225714832544327,0.07580733299255371,0.05040738731622696,-0.04991817846894264,-0.0410943441092968,0.15998418629169464,1.6016439199447632,-0.0628860592842102,0.013704467564821243,0.20493744313716888,1.6610506772994995,0.12044539302587509,-0.5194380283355713,-0.4468613862991333,0.3150821328163147,2.958348035812378,0.45719778537750244,-2.2533106803894043,-0.3255618214607239,0.23575998842716217,-0.27583906054496765,0.04576147347688675,-0.15796194970607758,0.1481868028640747,-0.09596755355596542,0.02737470343708992,0.13429205119609833,0.09728798270225525,0.0028654225170612335,0.022009244188666344,-0.005480441264808178,0.2115657776594162,-0.0435209721326828
0.6000000312924385,33,152.392333984375,-200.0,200.0,19.327720642089844,-41.072998046875,46.46070861816406,-100.0,-100.0,100.0,100.0,100.0,100.0,-300.0,300.0,271.01104736328125,111.88433837890625,-300.0,-255.141357421875,0.0,0.0,0.0,0.0,-7.054412841796875,14.1778564453125,131.71661376953125,-150.0,150.0,-150.0,0.08640004694461823,-0.5786029696464539,0.1260489970445633,-0.00021712106536142528,0.08756928145885468,-0.171434685587883,0.01933715119957924,0.0848226472735405,-0.3045569658279419,-0.05835682526230812,0.14343035221099854,0.05451246723532677,-0.09906360507011414,-0.04104746878147125,0.3983505368232727,2.733036756515503,0.3092292249202728,0.006028787698596716,0.14926069974899292,1.7569864988327026,-0.0010089060524478555,-0.597051739692688,-0.7886877059936523,0.29455694556236267,4.674496650695801,0.24780993163585663,-2.7626349925994873,0.056617189198732376,0.23575998842716217,-0.27583906054496765,0.04576147347688675,-0.15796194970607758,0.1481868028640747,-0.09596755355596542,0.02737470343708992,0.13429205119609833,0.09728798270225525,0.0028654225170612335,0.022009244188666344,-0.005480441264808178,0.2115657776594162,-0.0435209721326828
0.6166666988283396,34,-200.0,-200.0,200.0,-21.67334747314453,-50.0,-5.198407173156738,-100.0,-100.0,100.0,100.0,100.0,100.0,-300.0,300.0,267.2231140136719,300.0,-300.0,300.0,0.0,0.0,0.0,0.0,53.66731262207031,150.0,32.75021743774414,-150.0,150.0,-150.0,0.08743202686309814,-0.5331012010574341,0.13336622714996338,-7.860729965614155e-05,0.08964776992797852,-0.1448848396539688,0.0207439623773098,0.07297946512699127,-0.32670554518699646,-0.05707408860325813,0.23140205442905426,0.05736992880702019,-0.14547359943389893,-0.041751667857170105,0.28876644372940063,2.703115463256836,0.21714511513710022,0.007721870206296444,0.1316535919904709,1.49921452999115,-0.0055739423260092735,-0.6290895938873291,-1.5754199028015137,0.19618763029575348,5.411439418792725,0.17931364476680756,-2.35784912109375,-0.011700417846441269,0.23448649048805237,-0.25410014390945435,0.023037444800138474,-0.1413177251815796,0.13355311751365662,-0.09878427535295486,0.06741201877593994,0.11027590930461884,0.10265158116817474,0.02211054414510727,0.016504453495144844,0.03311975300312042,0.15700474381446838,-0.05554471164941788
0.6333333663642406,35,-200.0,-200.0,200.0,-6.7286529541015625,5.01043701171875,43.57234191894531,-100.0,-100.0,100.0,100.0,100.0,100.0,-300.0,300.0,126.54852294921875,300.0,-300.0,59.853515625,0.0,0.0,0.0,0.0,-11.094436645507812,23.119140625,126.71611022949219,58.810699462890625,150.0,-68.99142456054688,0.08201291412115097,-0.4854947030544281,0.13954435288906097,-5.279399192659184e-05,0.09236273914575577,-0.11701393127441406,0.020761404186487198,0.058178216218948364,-0.36017972230911255,-0.05474396049976349,0.333493709564209,0.05542765557765961,-0.18826128542423248,-0.04580644518136978,-0.05937689170241356,2.8775672912597656,0.23720498383045197,0.005548612214624882,0.16101917624473572,1.5744560956954956,-0.08774906396865845,-0.6966375112533569,-2.23934006690979,0.3511432707309723,6.253847122192383,-0.25876930356025696,-1.8574461936950684,-0.2572796046733856,0.23448649048805237,-0.25410014390945435,0.023037444800138474,-0.1413177251815796,0.13355311751365662,-0.09878427535295486,0.06741201877593994,0.11027590930461884,0.10265158116817474,0.02211054414510727,0.016504453495144844,0.03311975300312042,0.15700474381446838,-0.05554471164941788
0.6500000339001417,36,-200.0,200.0,-200.0,33.466156005859375,-11.6829833984375,50.0,-100.0,-100.0,100.0,100.0,100.0,100.0,-300.0,300.0,-149.3409423828125,300.0,-300.0,300.0,0.0,0.0,0.0,0.0,150.0,150.0,-150.0,119.99606323242188,150.0,-150.0,0.07676596194505692,-0.4395875930786133,0.14451685547828674,-0.0007034195004962385,0.09165763109922409,-0.09336235374212265,0.021696170791983604,0.0465615876019001,-0.4008271098136902,-0.051905978471040726,0.44051286578178406,0.05829567462205887,-0.22047269344329834,-0.05073561891913414,-0.041052695363759995,2.693286418914795,0.23223373293876648,-0.17362764477729797,-0.5328603982925415,1.3758867979049683,0.18196377158164978,-0.475088506937027,-2.5229604244232178,0.3525039255619049,6.338803768157959,0.1338985115289688,-1.385654330253601,-0.3180869519710541,0.22750531136989594,-0.2271755188703537,-0.01965969428420067,-0.11032114177942276,0.15425071120262146,-0.08904001861810684,0.07889752089977264,0.09538864344358444,0.11484953761100769,0.0468633808195591,0.00016164302360266447,0.07845430076122284,0.09359252452850342,-0.07282017171382904
0.6666667014360428,37,-200.0,-200.0,-200.0,-50.0,50.0,-18.583147048950195,-100.0,100.0,100.0,100.0,-100.0,100.0,-300.0,300.0,-300.0,300.0,-300.0,-300.0,0.0,0.0,0.0,0.0,150.0,-150.0,-150.0,150.0,150.0,-53.859100341796875,0.08390192687511444,-0.4226187467575073,0.1574026495218277,-0.010647537186741829,-0.006095633842051029,-0.055753715336322784,0.026781126856803894,0.045880187302827835,-0.4462258815765381,-0.03413410112261772,0.5606470704078674,0.05920514091849327,-0.23250682651996613,-0.06014997512102127,0.6015568375587463,0.5075016021728516,0.5634174346923828,1.1277133226394653,-2.5157217979431152,4.308879375457764,-0.1117352545261383,0.13514062762260437,-1.837300181388855,1.0210442543029785,6.90255069732666,-0.06807094812393188,0.622445821762085,-0.3682606816291809,0.22750531136989594,-0.2271755188703537,-0.01965969428420067,-0.11032114177942276,0.15425071120262146,-0.08904001861810684,0.07889752089977264,0.09538864344358444,0.11484953761100769,0.0468633808195591,0.00016164302360266447,0.07845430076122284,0.09359252452850342,-0.07282017171382904
0.6833333689719439,38,-200.0,-200.0,-200.0,50.0,-50.0,5.823581695556641,100.0,100.0,100.0,-100.0,-100.0,100.0,-300.0,300.0,300.0,300.0,-300.0,80.042236328125,0.0,0.0,0.0,0.0,150.0,-150.0,150.0,150.0,150.0,150.0,0.09247926622629166,-0.400184690952301,0.16362802684307098,0.001908574835397303,-0.009398562833666801,0.07132939994335175,0.020502829924225807,0.051477570086717606,-0.4649483263492584,-0.025935428217053413,0.6641815304756165,0.06247073784470558,-0.19548679888248444,-0.07356949895620346,0.3041529655456543,2.067943811416626,-0.19489847123622894,-0.11665034294128418,0.2781705856323242,4.8884382247924805,-0.9048807621002197,0.1953907310962677,-1.121206283569336,0.25080984830856323,6.145703315734863,-0.1997741013765335,3.1773319244384766,-1.0435726642608643,0.24586138129234314,-0.19380709528923035,-0.09770173579454422,-0.1292857825756073,0.11707359552383423,-0.09398018568754196,0.025204557925462723,0.1450379639863968,0.14292053878307343,0.033934663981199265,-0.011784237809479237,0.06571570783853531,0.0835670605301857,-0.02226139046251774
0.7000000365078449,39,200.0,-200.0,200.0,49.22069549560547,33.53523254394531,42.250736236572266,-100.0,100.0,100.0,-100.0,-100.0,-100.0,-300.0,300.0,300.0,300.0,-300.0,288.2191162109375,0.0,0.0,0.0,0.0,150.0,-150.0,150.0,-77.30072021484375,-137.182373046875,18.178955078125,0.09277325868606567,-0.38327568769454956,0.16085517406463623,0.00026654847897589207,-0.008796087466180325,0.13814924657344818,-0.01099911518394947,0.05548688396811485,-0.5258228182792664,-0.024633357301354408,0.798332929611206,0.06425328552722931,-0.14061667025089264,-0.06644177436828613,0.035356808453798294,1.0777814388275146,-0.22804224491119385,0.04498277232050896,-0.26318663358688354,3.3644957542419434,-1.7301452159881592,0.30482733249664307,-3.780275583267212,0.11667674034833908,8.463685989379883,0.11309807002544403,3.1302530765533447,0.337725967168808,0.24586138129234314,-0.19380709528923035,-0.09770173579454422,-0.1292857825756073,0.11707359552383423,-0.09398018568754196,0.025204557925462723,0.1450379639863968,0.14292053878307343,0.033934663981199265,-0.011784237809479237,0.06571570783853531,0.0835670605301857,-0.02226139046251774
0.716666704043746,40,-200.0,-200.0,200.0,50.0,50.0,50.0,-100.0,-100.0,-100.0,-100.0,100.0,-100.0,-300.0,300.0,300.0,300.0,-300.0,300.0,0.0,0.0,0.0,0.0,150.0,150.0,150.0,150.0,-150.0,150.0,0.10079888999462128,-0.36899682879447937,0.16326852142810822,0.00026085315039381385,-0.022700443863868713,0.1377270668745041,-0.03258192166686058,0.06891589611768723,-0.590537428855896,-0.018628349527716637,0.9228610396385193,0.06274203211069107,-0.09270238131284714,-0.061643555760383606,0.1925695538520813,1.0867844820022583,-0.0947444885969162,-0.2625127136707306,0.538504421710968,-1.7192914485931396,-1.3100879192352295,0.44852569699287415,-3.7492918968200684,0.19376398622989655,6.993043899536133,0.04638734087347984,2.6944098472595215,0.2927984297275543,0.2834129333496094,-0.13912610709667206,-0.11493434756994247,-0.08262859284877777,0.1355445235967636,-0.04724375903606415,-0.0005056094378232956,0.129822239279747,0.10114456713199615,0.08505278825759888,-0.0633740946650505,0.09769119322299957,0.016339510679244995,0.033661745488643646
0.7333333715796471,41,200.0,-200.0,200.0,-13.54840087890625,20.11670684814453,46.19526672363281,-100.0,100.0,100.0,100.0,-9.1517333984375,-92.20166015625,-300.0,300.0,185.8656005859375,300.0,-300.0,300.0,0.0,0.0,0.0,0.0,150.0,150.0,150.0,-58.89697265625,-150.0,-107.741455078125,0.09238207340240479,-0.35977059602737427,0.17552876472473145,-0.0024914108216762543,-0.019567225128412247,0.11668712645769119,-0.0559665821492672,0.06984776258468628,-0.6577218174934387,-0.01084450539201498,1.0274593830108643,0.06653350591659546,-0.07093483954668045,-0.04423956573009491,-0.568381130695343,0.7891219854354858,0.654082715511322,-0.10175147652626038,0.29952290654182434,-1.3374249935150146,-1.341234564781189,-0.010357514023780823,-3.8322672843933105,0.49970149993896484,6.070375442504883,0.40908199548721313,1.2376418113708496,1.0064244270324707,0.2834129333496094,-0.13912610709667206,-0.11493434756994247,-0.08262859284877777,0.1355445235967636,-0.04724375903606415,-0.0005056094378232956,0.129822239279747,0.10114456713199615,0.08505278825759888,-0.0633740946650505,0.09769119322299957,0.016339510679244995,0.033661745488643646
0.7500000391155481,42,-200.0,-200.0,200.0,50.0,50.0,1.3334579467773438,-100.0,-100.0,100.0,100.0,100.0,100.0,-300.0,300.0,213.909423828125,300.0,300.0,-138.7333984375,0.0,0.0,0.0,0.0,150.0,150.0,150.0,150.0,13.4307861328125,-150.0,0.08212059736251831,-0.3495473861694336,0.18522295355796814,-0.0021049368660897017,-0.02173774130642414,0.1044929176568985,-0.074513740837574,0.0731949731707573,-0.7174099683761597,-0.002505654701963067,1.116297721862793,0.07070396095514297,-0.05337097868323326,-0.029508184641599655,-0.5942611694335938,0.8447440266609192,0.5007003545761108,0.010947335511446,0.2925415635108948,-0.9923122525215149,-1.1635446548461914,0.27211225032806396,-3.3412935733795166,0.5061119198799133,5.07005500793457,0.29827767610549927,0.9896320700645447,0.8360453844070435,0.28099292516708374,-0.17797887325286865,-0.09473323076963425,-0.10743369907140732,0.13571733236312866,-0.050310201942920685,-0.002495642751455307,0.1306389421224594,0.07371050864458084,0.09382914006710052,-0.06111057475209236,0.1395304948091507,0.024358149617910385,0.01693725399672985
0.7666667066514492,43,200.0,-200.0,200.0,34.30938720703125,-50.0,18.938499450683594,-100.0,100.0,100.0,100.0,-100.0,100.0,-300.0,300.0,-300.0,300.0,-300.0,300.0,0.0,0.0,0.0,0.0,150.0,150.0,150.0,22.6004638671875,-134.2470703125,-38.2947998046875,0.06535283476114273,-0.33012884855270386,0.1963638961315155,-0.002081706188619137,-0.02397041954100132,0.09293904900550842,-0.08271662890911102,0.07196210324764252,-0.7555493116378784,-0.0006363799329847097,1.1823596954345703,0.08016791939735413,-0.036610689014196396,-0.021161876618862152,-0.904633104801178,1.4192092418670654,0.7087607979774475,-0.03139317035675049,0.3217375874519348,-1.1633611917495728,-0.4039522111415863,-0.15598580241203308,-2.1163547039031982,0.18890711665153503,3.684699058532715,0.6397582292556763,0.9509023427963257,0.48152589797973633,0.28099292516708374,-0.17797887325286865,-0.09473323076963425,-0.10743369907140732,0.13571733236312866,-0.050310201942920685,-0.002495642751455307,0.1306389421224594,0.07371050864458084,0.09382914006710052,-0.06111057475209236,0.1395304948091507,0.024358149617910385,0.01693725399672985
0.7833333741873503,44,99.19482421875,-200.0,16.67059326171875,5.4381256103515625,50.0,-4.1139984130859375,100.0,-34.9326171875,100.0,100.0,100.0,100.0,-300.0,300.0,-144.6180419921875,300.0,-300.0,300.0,0.0,0.0,0.0,0.0,150.0,150.0,150.0,150.0,-150.0,150.0,0.04833757504820824,-0.3110440969467163,0.20583666861057281,-0.0021579451858997345,-0.02472769096493721,0.07811272144317627,-0.0879889726638794,0.07391081005334854,-0.7898886203765869,0.002341983374208212,1.2349598407745361,0.08985894173383713,-0.022729530930519104,-0.013234125450253487,-0.9327239990234375,1.36741042137146,0.57474285364151,-0.027761010453104973,0.44369643926620483,-1.1462547779083252,-0.32236358523368835,0.09871665388345718,-1.9260503053665161,0.18168242275714874,2.941378355026245,0.5521465539932251,0.7866129875183105,0.3916023373603821,0.2853110134601593,-0.19006483256816864,-0.1465170532464981,-0.09966053813695908,0.07037395238876343,-0.059203051030635834,-0.01123557984828949,0.1381421834230423,0.10411973297595978,0.11276605725288391,-0.043816544115543365,0.18133585155010223,0.02201848290860653,0.049319788813591
0.8000000417232513,45,200.0,-200.0,200.0,47.95941162109375,50.0,17.668350219726562,-100.0,100.0,100.0,100.0,-5.4921875,100.0,-300.0,300.0,-218.42047119140625,300.0,-300.0,146.14410400390625,0.0,0.0,0.0,0.0,150.0,150.0,150.0,-0.31341552734375,-81.0426025390625,-18.683349609375,0.02723507210612297,-0.30036288499832153,0.2136232554912567,-0.0025648155715316534,-0.02434888854622841,0.06564446538686752,-0.09277908504009247,0.07476335018873215,-0.8392801284790039,0.007553472183644772,1.287783145904541,0.10462183505296707,-0.012420067563652992,0.00012763484846800566,-1.2409483194351196,0.924504280090332,0.5398134589195251,0.0032361065968871117,0.4859539866447449,-0.9484183192253113,-0.26717525720596313,0.05542150139808655,-2.964541435241699,0.3686694800853729,3.2559728622436523,0.8529998064041138,0.6176482439041138,0.703662097454071,0.2853110134601593,-0.19006483256816864,-0.1465170532464981,-0.09966053813695908,0.07037395238876343,-0.059203051030635834,-0.01123557984828949,0.1381421834230423,0.10411973297595978,0.11276605725288391,-0.043816544115543365,0.18133585155010223,0.02201848290860653,0.049319788813591
0.8166667092591524,46,-134.03271484375,-200.0,200.0,50.0,50.0,-37.0177116394043,100.0,-100.0,100.0,100.0,100.0,100.0,-300.0,300.0,-300.0,300.0,-300.0,164.1339111328125,0.0,0.0,0.0,0.0,150.0,150.0,150.0,150.0,-150.0,150.0,0.008010276593267918,-0.28917014598846436,0.21997195482254028,-0.001717897248454392,-0.02346864528954029,0.0552905797958374,-0.09590277075767517,0.07964110374450684,-0.8882107138633728,0.014006812125444412,1.3348748683929443,0.11705922335386276,-0.0035420546773821115,0.011179381050169468,-1.162589192390442,0.9933468103408813,0.4347442388534546,-0.028956711292266846,0.5446035861968994,-0.9897741079330444,-0.1823098212480545,0.24931879341602325,-2.7838332653045654,0.331521213054657,2.647918224334717,0.7259218692779541,0.5181743502616882,0.582106351852417,0.27240628004074097,-0.1884547770023346,-0.1760914921760559,-0.09737768024206161,0.05135896056890488,-0.06648486107587814,-0.02453606203198433,0.13555066287517548,0.12616515159606934,0.134163960814476,-0.055764470249414444,0.20695973932743073,-0.0015699875075370073,0.07432901114225388
0.8333333767950535,47,200.0,-200.0,200.0,32.27528381347656,0.305908203125,10.73658561706543,-100.0,100.0,100.0,100.0,-100.0,100.0,-300.0,300.0,-300.0,300.0,-300.0,160.5831298828125,0.0,0.0,0.0,0.0,150.0,150.0,93.59867858886719,-6.60186767578125,-51.5357551574707,-22.41363525390625,-0.012746418826282024,-0.27961355447769165,0.225315660238266,-0.002946781227365136,-0.023134777322411537,0.043284058570861816,-0.09464399516582489,0.08487575501203537,-0.940507709980011,0.018913360312581062,1.3760020732879639,0.13167506456375122,-0.0033164345659315586,0.02561291866004467,-1.2257004976272583,0.8069723844528198,0.4332106411457062,-0.018315069377422333,0.498152494430542,-0.8981173038482666,0.08614079654216766,0.297201931476593,-3.0426981449127197,0.28452154994010925,2.408111095428467,0.8562878966331482,0.04799617826938629,0.8012591004371643,0.27240628004074097,-0.1884547770023346,-0.1760914921760559,-0.09737768024206161,0.05135896056890488,-0.06648486107587814,-0.02453606203198433,0.13555066287517548,0.12616515159606934,0.134163960814476,-0.055764470249414444,0.20695973932743073,-0.0015699875075370073,0.07432901114225388
0.8500000443309546,48,-200.0,-200.0,200.0,-44.84160614013672,50.0,-15.371707916259766,-88.71917724609375,100.0,100.0,14.089865684509277,100.0,100.0,-300.0,300.0,-300.0,-54.09857177734375,-300.0,261.9874572753906,0.0,0.0,0.0,0.0,150.0,150.0,2.5013656616210938,74.37164306640625,-150.0,103.487548828125,-0.03148997575044632,-0.27016812562942505,0.2297280728816986,-0.002199888462200761,-0.021640555933117867,0.033245738595724106,-0.09313521534204483,0.09302201867103577,-0.9892492294311523,0.024739274755120277,1.4076991081237793,0.14431719481945038,-0.003055351786315441,0.0378592424094677,-1.142600417137146,0.8929589986801147,0.3232313394546509,-0.026486404240131378,0.5891066789627075,-0.9295427799224854,0.06402658671140671,0.39541029930114746,-2.747880220413208,0.21412266790866852,1.7110785245895386,0.7326607704162598,0.039547234773635864,0.670084536075592,0.257864385843277,-0.20113371312618256,-0.19583211839199066,-0.09455180168151855,0.03368813917040825,-0.07746977359056473,-0.018931802362203598,0.15093636512756348,0.13665522634983063,0.13509821891784668,-0.06196128576993942,0.21397435665130615,-0.020898351445794106,0.08157393336296082
0.8666667118668556,49,-200.0,-200.0,200.0,-12.861648559570312,-5.354949951171875,1.3866621255874634,-100.0,100.0,100.0,-100.0,-100.0,100.0,-300.0,300.0,-300.0,-300.0,-300.0,145.1981201171875,0.0,0.0,0.0,0.0,150.0,150.0,-150.0,-16.28155517578125,-21.278533935546875,-14.797607421875,-0.049676716327667236,-0.26341357827186584,0.23134079575538635,-0.0023270747624337673,-0.022004278376698494,0.0220884270966053,-0.08891751617193222,0.10214927047491074,-1.040064811706543,0.0305110365152359,1.4314332008361816,0.15632182359695435,-0.00881187804043293,0.049390677362680435,-1.1216211318969727,0.6625616550445557,0.20213967561721802,-0.0021360069513320923,0.4173210859298706,-0.8500130772590637,0.25418561697006226,0.4823823869228363,-2.922210931777954,0.22435030341148376,1.3023316860198975,0.6917243003845215,-0.2945317029953003,0.6579935550689697,0.257864385843277,-0.20113371312618256,-0.19583211839199066,-0.09455180168151855,0.03368813917040825,-0.07746977359056473,-0.018931802362203598,0.15093636512756348,0.13665522634983063,0.13509821891784668,-0.06196128576993942,0.21397435665130615,-0.020898351445794106,0.08157393336296082
0.8833333794027567,50,-200.0,-200.0,200.0,-36.165260314941406,50.0,0.7584805488586426,-100.0,-100.0,100.0,-100.0,100.0,100.0,-300.0,300.0,-300.0,-300.0,-300.0,201.64154052734375,0.0,0.0,0.0,0.0,150.0,150.0,-150.0,30.949951171875,-150.0,52.48095703125,-0.06592200696468353,-0.25611647963523865,0.23241369426250458,-0.002043890068307519,-0.01972965896129608,0.011130866594612598,-0.0851648822426796,0.1121395081281662,-1.0866481065750122,0.03669227659702301,1.444136142730713,0.16659913957118988,-0.013579584658145905,0.05911095812916756,-1.0247348546981812,0.7216782569885254,0.10886748880147934,-0.047507405281066895,0.6148473024368286,-0.9333178400993347,0.1395605206489563,0.46551400423049927,-2.622620105743408,0.20049898326396942,0.5575291514396667,0.5904869437217712,-0.24929991364479065,0.5536191463470459,0.25366878509521484,-0.2170739322900772,-0.19521453976631165,-0.09028184413909912,0.02793528325855732,-0.09305821359157562,-0.007719196379184723,0.15467117726802826,0.13320426642894745,0.15103097259998322,-0.0691298171877861,0.21805697679519653,-0.03312535211443901,0.08526521921157837
0.9000000469386578,51,-200.0,-200.0,200.0,-7.136714935302734,-27.153594970703125,-7.263296604156494,-100.0,100.0,100.0,-100.0,-100.0,100.0,-300.0,300.0,-300.0,-300.0,-300.0,-54.13372802734375,0.0,0.0,0.0,0.0,150.0,150.0,-150.0,-17.92413330078125,-21.883880615234375,-9.2498779296875,-0.08222043514251709,-0.24841825664043427,0.23291555047035217,-0.0020353009458631277,-0.017218561843037605,0.00010057948384201154,-0.08178845047950745,0.11940163373947144,-1.1271711587905884,0.04347105696797371,1.4445511102676392,0.1760663092136383,-0.021133732050657272,0.06792936474084854,-0.9716618061065674,0.6548052430152893,0.11104722321033478,-0.00336248055100441,0.7869774103164673,-0.8843989968299866,0.15303963422775269,0.4071860909461975,-2.2751660346984863,0.2815152108669281,-0.1986721158027649,0.5384659767150879,-0.40552642941474915,0.519305408000946,0.25366878509521484,-0.2170739322900772,-0.19521453976631165,-0.09028184413909912,0.02793528325855732,-0.09305821359157562,-0.007719196379184723,0.15467117726802826,0.13320426642894745,0.15103097259998322,-0.0691298171877861,0.21805697679519653,-0.03312535211443901,0.08526521921157837
0.9166667144745588,52,-92.76123046875,-200.0,200.0,-35.069881439208984,30.819610595703125,30.435863494873047,2.30535888671875,-100.0,100.0,-100.0,-100.0,100.0,-300.0,300.0,-300.0,-300.0,199.854248046875,-95.10836791992188,0.0,0.0,0.0,0.0,150.0,150.0,-150.0,-150.0,-88.54132080078125,150.0,-0.09676194936037064,-0.24105647206306458,0.23254066705703735,-0.002027092734351754,-0.01198357529938221,-0.012509699910879135,-0.08003227412700653,0.12497816234827042,-1.162579894065857,0.04930134862661362,1.43233060836792,0.18419086933135986,-0.027549482882022858,0.07533968985080719,-0.8659247756004333,0.6155071258544922,0.04186280071735382,-0.019233517348766327,1.042623519897461,-0.9437267184257507,0.028690949082374573,0.315917432308197,-1.969301462173462,0.2585385739803314,-0.967227041721344,0.45851266384124756,-0.3454451560974121,0.43863123655319214,0.24331972002983093,-0.21793751418590546,-0.1861400306224823,-0.08958897739648819,0.011082218028604984,-0.09599756449460983,-0.0029775723814964294,0.13992755115032196,0.14804722368717194,0.1606079638004303,-0.06573814153671265,0.20505346357822418,-0.03636755421757698,0.10006695985794067
0.9333333820104599,53,-82.25927734375,-200.0,193.37652587890625,4.354878902435303,-50.0,-12.527198791503906,61.640045166015625,77.31103515625,100.0,-100.0,-100.0,100.0,-300.0,300.0,-300.0,-300.0,-300.0,-158.24908447265625,0.0,0.0,0.0,0.0,150.0,150.0,-150.0,-23.5992431640625,-42.824249267578125,-8.3658447265625,-0.11154261231422424,-0.2340308427810669,0.23053798079490662,-0.0024377659428864717,-0.004318723455071449,-0.02501394785940647,-0.07546825706958771,0.127558633685112,-1.1884772777557373,0.05368456989526749,1.4054152965545654,0.18919385969638824,-0.03378266841173172,0.08484592288732529,-0.8896527290344238,0.5650388598442078,-0.022725937888026237,-0.028313305228948593,1.0320942401885986,-0.9691308736801147,0.194513201713562,0.11606094986200333,-1.3815767765045166,0.2514401376247406,-1.8912230730056763,0.2759704887866974,-0.3230089843273163,0.5560396313667297,0.24331972002983093,-0.21793751418590546,-0.1861400306224823,-0.08958897739648819,0.011082218028604984,-0.09599756449460983,-0.0029775723814964294,0.13992755115032196,0.14804722368717194,0.1606079638004303,-0.06573814153671265,0.20505346357822418,-0.03636755421757698,0.10006695985794067
0.950000049546361,54,200.0,-200.0,200.0,-9.238300323486328,-50.0,47.99757385253906,100.0,-100.0,100.0,-100.0,-100.0,100.0,-300.0,300.0,-300.0,-300.0,-97.54248046875,-135.6537628173828,0.0,0.0,0.0,0.0,150.0,150.0,49.27153015136719,-150.0,-114.34332275390625,-23.77777099609375,-0.1245117262005806,-0.22840166091918945,0.22811083495616913,-0.0026121195405721664,0.001206086715683341,-0.038534268736839294,-0.07345926761627197,0.1282179355621338,-1.2091368436813354,0.05688890814781189,1.3662974834442139,0.193391814827919,-0.039224278181791306,0.09284687787294388,-0.7922810316085815,0.49660277366638184,-0.0864046961069107,-0.019453994929790497,0.9642157554626465,-0.9612743854522705,0.029493875801563263,0.007846280932426453,-1.1138193607330322,0.2256551831960678,-2.5365703105926514,0.24237661063671112,-0.27679866552352905,0.4795977771282196,0.23084501922130585,-0.23514844477176666,-0.17992649972438812,-0.08841869980096817,0.013813847675919533,-0.10305169969797134,0.0014410894364118576,0.1267790049314499,0.16555549204349518,0.15815019607543945,-0.04741951450705528,0.16639812290668488,-0.040045835077762604,0.09935923665761948
0.966666717082262,55,83.5491943359375,-200.0,200.0,10.759468078613281,-50.0,-0.21335601806640625,100.0,-56.10595703125,100.0,-100.0,-100.0,100.0,-300.0,300.0,-300.0,-286.29034423828125,-300.0,-300.0,0.0,0.0,0.0,0.0,150.0,150.0,-140.44940185546875,-31.0277099609375,-37.124481201171875,-29.48089599609375,-0.13686366379261017,-0.2216150015592575,0.22235415875911713,-0.0032136105000972748,0.005969738122075796,-0.0527430959045887,-0.06938773393630981,0.12475467473268509,-1.2216355800628662,0.05946078151464462,1.3162988424301147,0.19099187850952148,-0.045010656118392944,0.09969595819711685,-0.7684404850006104,0.5357109308242798,-0.24925236403942108,-0.0143720842897892,0.8088697195053101,-1.004552960395813,0.15434126555919647,-0.23208433389663696,-0.6370348334312439,0.3127646744251251,-3.1821913719177246,-0.14032495021820068,-0.2863210141658783,0.4160839319229126,0.23084501922130585,-0.23514844477176666,-0.17992649972438812,-0.08841869980096817,0.013813847675919533,-0.10305169969797134,0.0014410894364118576,0.1267790049314499,0.16555549204349518,0.15815019607543945,-0.04741951450705528,0.16639812290668488,-0.040045835077762604,0.09935923665761948
0.9833333846181631,56,200.0,-200.0,200.0,7.0377583503723145,-50.0,25.763614654541016,100.0,-100.0,100.0,-100.0,-100.0,100.0,-300.0,300.0,-300.0,-300.0,27.65045166015625,-300.0,0.0,0.0,0.0,0.0,150.0,150.0,150.0,-150.0,-150.0,-150.0,-0.14732946455478668,-0.21618185937404633,0.2168012112379074,-0.003103128634393215,0.007442961912602186,-0.06720071285963058,-0.06790364533662796,0.11955495178699493,-1.231247067451477,0.060888100415468216,1.2582786083221436,0.18872040510177612,-0.049988873302936554,0.1056215763092041,-0.6592921614646912,0.47238922119140625,-0.2648990750312805,-0.009664300829172134,0.7012470960617065,-0.9940710663795471,0.013143986463546753,-0.29106277227401733,-0.49724486470222473,0.28076425194740295,-3.592076539993286,-0.12256021052598953,-0.24279765784740448,0.37573742866516113,0.22668015956878662,-0.2630785405635834,-0.1665104776620865,-0.09262051433324814,0.0248532984405756,-0.10696789622306824,-0.004017185419797897,0.13010787963867188,0.19655144214630127,0.1615162491798401,-0.029810750856995583,0.13080184161663055,-0.04824395850300789,0.08321733772754669
1.0000000521540642,57,-200.0,-200.0,200.0,-9.17393684387207,-50.0,3.5906448364257812,100.0,-100.0,100.0,-100.0,-100.0,-19.515869140625,-300.0,300.0,-288.82574462890625,-300.0,-300.0,-300.0,0.0,0.0,0.0,0.0,150.0,150.0,150.0,-14.790191650390625,-7.123382568359375,-64.80509948730469,-0.1558021754026413,-0.20820318162441254,0.20959658920764923,-0.003666131990030408,0.01163916103541851,-0.08352627605199814,-0.06599923223257065,0.112314872443676,-1.2321990728378296,0.061828043311834335,1.1902998685836792,0.18122883141040802,-0.056735191494226456,0.1072814092040062,-0.5512783527374268,0.5793129801750183,-0.3510963022708893,-0.027482472360134125,0.8778448104858398,-1.1128572225570679,0.0063377246260643005,-0.4531744718551636,0.03382190689444542,0.3106119930744171,-4.253124713897705,-0.4296276569366455,-0.3526492714881897,0.14567218720912933,0.22668015956878662,-0.2630785405635834,-0.1665104776620865,-0.09262051433324814,0.0248532984405756,-0.10696789622306824,-0.004017185419797897,0.13010787963867188,0.19655144214630127,0.1615162491798401,-0.029810750856995583,0.13080184161663055,-0.04824395850300789,0.08321733772754669
1.0166667196899652,58,200.0,-200.0,3.70440673828125,-25.782373428344727,-50.0,19.451217651367188,100.0,-100.0,100.0,-100.0,-100.0,100.0,-300.0,300.0,-300.0,-300.0,300.0,-300.0,0.0,0.0,0.0,0.0,150.0,150.0,150.0,-150.0,49.796905517578125,-17.093887329101562,-0.16270612180233002,-0.20156727731227875,0.20258362591266632,-0.0035873367451131344,0.015053031034767628,-0.10026410967111588,-0.06697756052017212,0.1032962054014206,-1.2315207719802856,0.06169483810663223,1.1156563758850098,0.17464712262153625,-0.06252649426460266,0.10894203931093216,-0.4599305987358093,0.5302334427833557,-0.3576475977897644,-0.01326834037899971,0.7813605666160583,-1.113409161567688,-0.12949922680854797,-0.5104563236236572,0.08637332916259766,0.29339179396629333,-4.516506671905518,-0.3801002502441406,-0.29787522554397583,0.1480741649866104,0.20954205095767975,-0.2832305133342743,-0.14425504207611084,-0.10294574499130249,0.020624853670597076,-0.10534503310918808,-0.004833430051803589,0.11933428794145584,0.22066985070705414,0.17135311663150787,-0.012825931422412395,0.09033800661563873,-0.045820172876119614,0.08756065368652344
1.0333333872258663,59,-200.0,-200.0,-177.061279296875,-11.617033004760742,-50.0,-1.4758224487304688,100.0,-100.0,100.0,-100.0,-100.0,-100.0,-300.0,300.0,-123.67608642578125,-46.205078125,-300.0,-300.0,0.0,0.0,0.0,0.0,150.0,150.0,150.0,-6.64306640625,-28.959182739257812,-86.85894012451172,-0.16894637048244476,-0.19315223395824432,0.19185838103294373,-0.003679017536342144,0.021997731178998947,-0.11771029233932495,-0.06417134404182434,0.09260787069797516,-1.221598744392395,0.059701912105083466,1.0294781923294067,0.16285888850688934,-0.06658662855625153,0.11148252338171005,-0.4396495819091797,0.621415913105011,-0.5539547801017761,-0.03655379265546799,1.0493993759155273,-1.2197589874267578,0.0350639745593071,-0.679685115814209,0.6870672702789307,0.23384502530097961,-5.358321189880371,-0.676774263381958,-0.18854621052742004,0.18355080485343933,0.20954205095767975,-0.2832305133342743,-0.14425504207611084,-0.10294574499130249,0.020624853670597076,-0.10534503310918808,-0.004833430051803589,0.11933428794145584,0.22066985070705414,0.17135311663150787,-0.012825931422412395,0.09033800661563873,-0.045820172876119614,0.08756065368652344
1.0500000547617674,60,-200.0,-200.0,-200.0,10.259554862976074,-50.0,-2.450042724609375,100.0,-100.0,-100.0,-100.0,-100.0,-12.1649169921875,-300.0,300.0,-300.0,-300.0,300.0,-300.0,0.0,0.0,0.0,0.0,150.0,150.0,150.0,-150.0,-150.0,-40.58917236328125,-0.174003466963768,-0.18640395998954773,0.18194498121738434,-0.0038888384588062763,0.027544567361474037,-0.1368696540594101,-0.06430628150701523,0.08140163123607635,-1.2109520435333252,0.05728266015648842,0.9371440410614014,0.1525740772485733,-0.07016254216432571,0.11388631165027618,-0.3674551844596863,0.5316531658172607,-0.5178139805793762,-0.01857374981045723,0.8508726954460144,-1.195543646812439,-0.07351444661617279,-0.6603454351425171,0.6538254022598267,0.2155078798532486,-5.5046067237854,-0.5728240013122559,-0.16201487183570862,0.18588803708553314,0.184144526720047,-0.3022109866142273,-0.12237858772277832,-0.11095539480447769,0.010565785691142082,-0.10596831142902374,-0.006042402237653732,0.08752289414405823,0.22898434102535248,0.17968960106372833,-0.007776337675750256,0.051890723407268524,-0.05357655882835388,0.09234149754047394
1.0666667222976685,61,-200.0,-200.0,-200.0,50.0,-50.0,-34.72451400756836,100.0,-100.0,100.0,-100.0,-100.0,-100.0,-300.0,300.0,16.8983154296875,223.76318359375,-300.0,-300.0,0.0,0.0,0.0,0.0,150.0,150.0,150.0,0.13812255859375,-71.9434814453125,-150.0,-0.17921020090579987,-0.1802040934562683,0.16752538084983826,-0.0037625522818416357,0.03392689302563667,-0.15488433837890625,-0.06087059900164604,0.06816356629133224,-1.1935831308364868,0.05370963364839554,0.832152247428894,0.13790376484394073,-0.07504534721374512,0.11722880601882935,-0.3701276481151581,0.4551646113395691,-0.8135147094726562,-0.030380729585886,0.8575398325920105,-1.139198899269104,0.027287185192108154,-0.8407571911811829,1.0785812139511108,0.24327728152275085,-6.570842266082764,-0.8357597589492798,-0.21536007523536682,0.2519267201423645,0.184144526720047,-0.3022109866142273,-0.12237858772277832,-0.11095539480447769,0.010565785691142082,-0.10596831142902374,-0.006042402237653732,0.08752289414405823,0.22898434102535248,0.17968960106372833,-0.007776337675750256,0.051890723407268524,-0.05357655882835388,0.09234149754047394
1.0833333898335695,62,200.0,-200.0,-200.0,50.0,-28.569442749023438,8.383407592773438,100.0,-100.0,100.0,-100.0,-100.0,100.0,0.99853515625,-300.0,-300.0,300.0,300.0,-300.0,0.0,0.0,0.0,0.0,150.0,150.0,150.0,150.0,-150.0,123.164794921875,-0.18273597955703735,-0.177084282040596,0.1534462422132492,-0.004115754272788763,0.03804350271821022,-0.1737317144870758,-0.06233041360974312,0.05422014743089676,-1.175478219985962,0.0491618737578392,0.7149502635002136,0.12552623450756073,-0.07939518988132477,0.12059620767831802,-0.319172203540802,0.2926431894302368,-0.7616504430770874,-0.052834801375865936,0.6625903248786926,-1.1937201023101807,-0.14589054882526398,-0.8198809623718262,1.1136914491653442,0.1609477698802948,-7.078926086425781,-0.6968538165092468,-0.20064370334148407,0.24113266170024872,0.15972064435482025,-0.2781001031398773,-0.08423881977796555,-0.17535892128944397,-0.005747025832533836,-0.11468479782342911,-0.032140009105205536,0.08516482263803482,0.20036067068576813,0.20063796639442444,0.013376186601817608,0.08023731410503387,-0.07509583234786987,0.11133833229541779
1.1000000573694706,63,-200.0,-200.0,-200.0,9.0721435546875,-40.746543884277344,-4.213249206542969,100.0,-100.0,100.0,-100.0,-100.0,-100.0,-171.29779052734375,300.0,4.2108154296875,300.0,-164.447998046875,-300.0,0.0,0.0,0.0,0.0,150.0,150.0,150.0,-22.088623046875,-72.39617919921875,-150.0,-0.18294398486614227,-0.18182572722434998,0.137039452791214,-0.003061211435124278,0.04272986203432083,-0.18789172172546387,-0.05102798342704773,0.053235869854688644,-1.149071455001831,0.03284561634063721,0.5780583620071411,0.12093625962734222,-0.0886036679148674,0.1271064132452011,-0.2168542444705963,-0.20029208064079285,-0.9062373638153076,-0.05636460334062576,1.129555106163025,-1.021370768547058,0.5196689963340759,-0.6093944907188416,1.66457998752594,-0.7791364192962646,-8.509876251220703,-0.34984344244003296,-0.492522269487381,0.416721910238266,0.15972064435482025,-0.2781001031398773,-0.08423881977796555,-0.17535892128944397,-0.005747025832533836,-0.11468479782342911,-0.032140009105205536,0.08516482263803482,0.20036067068576813,0.20063796639442444,0.013376186601817608,0.08023731410503387,-0.07509583234786987,0.11133833229541779
1.1166667249053717,64,200.0,-200.0,-176.8548126220703,48.5458984375,-20.059677124023438,-16.831789016723633,100.0,-100.0,100.0,-100.0,-100.0,-43.1024169921875,166.4969482421875,300.0,-300.0,300.0,300.0,-300.0,0.0,0.0,0.0,0.0,150.0,150.0,13.24188232421875,-150.0,-12.588897705078125,150.0,-0.1834568828344345,-0.1889488250017166,0.1238175630569458,-0.003976014442741871,0.04917077720165253,-0.2059936672449112,-0.042912062257528305,0.05230823904275894,-1.122285008430481,0.018590033054351807,0.43191149830818176,0.11447267979383469,-0.09675225615501404,0.1322418749332428,-0.16957660019397736,-0.33210667967796326,-0.7811306118965149,-0.07797674834728241,0.9548101425170898,-1.0399800539016724,0.32834386825561523,-0.5286652445793152,1.5372365713119507,-0.6606393456459045,-8.639867782592773,-0.2850841283798218,-0.44236835837364197,0.3299199342727661,0.13888520002365112,-0.2758731544017792,-0.045528896152973175,-0.20397624373435974,0.02629023976624012,-0.12296714633703232,-0.057247038930654526,0.10220038890838623,0.1850786656141281,0.19621950387954712,-0.00638998718932271,0.03729982674121857,-0.07400931417942047,0.1305450201034546
1.1333333924412727,65,-200.0,-200.0,165.91078186035156,-21.055252075195312,-50.0,12.17738151550293,100.0,-100.0,100.0,-100.0,-100.0,-100.0,-47.28208923339844,300.0,-152.1380615234375,300.0,-300.0,-300.0,0.0,0.0,0.0,0.0,150.0,150.0,-20.035064697265625,-43.21917724609375,-35.495941162109375,-77.75537109375,-0.1812494993209839,-0.19201961159706116,0.10919072479009628,-0.004305586218833923,0.0519273579120636,-0.22335772216320038,-0.03502427786588669,0.052971191704273224,-1.0804728269577026,-0.0009403823642060161,0.2643742561340332,0.10330243408679962,-0.10363850742578506,0.14031128585338593,-0.06727883219718933,-0.05595344305038452,-0.8822548389434814,-0.07304728031158447,0.8532916307449341,-1.1301220655441284,0.2785056233406067,-0.7346996068954468,2.5398144721984863,-0.9886822700500488,-10.241085052490234,-0.6047056317329407,-0.35351571440696716,0.4874938726425171,0.13888520002365112,-0.2758731544017792,-0.045528896152973175,-0.20397624373435974,0.02629023976624012,-0.12296714633703232,-0.057247038930654526,0.10220038890838623,0.1850786656141281,0.19621950387954712,-0.00638998718932271,0.03729982674121857,-0.07400931417942047,0.1305450201034546
1.1500000599771738,66,-200.0,-200.0,-200.0,50.0,-50.0,12.90713882446289,100.0,-100.0,100.0,-100.0,-100.0,100.0,-300.0,300.0,-78.38037109375,300.0,300.0,-300.0,0.0,0.0,0.0,0.0,150.0,150.0,72.46977233886719,-150.0,80.49636840820312,-125.49801635742188,-0.1783873289823532,-0.19603826105594635,0.09664180129766464,-0.004747599363327026,0.05472884327173233,-0.24434979259967804,-0.030619492754340172,0.05220802128314972,-1.0416829586029053,-0.018135590478777885,0.09822091460227966,0.09275013953447342,-0.10943403095006943,0.14796532690525055,0.03827140852808952,-0.14432589709758759,-0.7577130794525146,-0.04461722820997238,0.5832917094230652,-1.1800737380981445,0.13773521780967712,-0.6043180823326111,2.208322525024414,-0.8327910900115967,-9.638885498046875,-0.4876237213611603,-0.29261523485183716,0.46240144968032837,0.1414160430431366,-0.2730841040611267,0.013242329470813274,-0.23022659122943878,0.03566117584705353,-0.148739755153656,-0.06657259166240692,0.09026872366666794,0.16230076551437378,0.1983976662158966,-0.007535677868872881,0.008215812034904957,-0.06858352571725845,0.13124580681324005
1.1666667275130749,67,200.0,-200.0,-200.0,-50.0,50.0,4.71185302734375,100.0,100.0,100.0,-27.91357421875,100.0,-100.0,-300.0,-300.0,-300.0,-240.5943145751953,300.0,-114.6827392578125,0.0,0.0,0.0,0.0,150.0,150.0,-150.0,-90.30126953125,-150.0,-150.0,-0.17608071863651276,-0.19752256572246552,0.087159164249897,-0.0018571936525404453,0.05635129287838936,-0.25933802127838135,-0.021035242825746536,0.05758918449282646,-1.01418137550354,-0.03849434852600098,-0.0012707114219665527,0.08018095046281815,-0.11065524071455002,0.15696600079536438,0.04018203914165497,0.5663339495658875,-0.4412042796611786,0.1547064483165741,0.43008947372436523,-0.7378064393997192,1.1151602268218994,-0.0835910439491272,0.5072399377822876,-1.183976411819458,0.07991671562194824,-0.6369709372520447,0.040790293365716934,0.4554387331008911,0.1414160430431366,-0.2730841040611267,0.013242329470813274,-0.23022659122943878,0.03566117584705353,-0.148739755153656,-0.06657259166240692,0.09026872366666794,0.16230076551437378,0.1983976662158966,-0.007535677868872881,0.008215812034904957,-0.06858352571725845,0.13124580681324005
1.183333395048976,68,200.0,-200.0,200.0,-50.0,50.0,-50.0,-100.0,100.0,-100.0,-100.0,-100.0,100.0,41.6708984375,300.0,-300.0,101.46127319335938,300.0,300.0,0.0,0.0,0.0,0.0,-150.0,150.0,-150.0,-150.0,150.0,30.600982666015625,-0.17739205062389374,-0.19605004787445068,0.08513201773166656,0.01832907274365425,0.08058372884988785,-0.2894311845302582,0.0007918972405605018,0.06671218574047089,-0.9904419779777527,-0.05024263635277748,6.958501762710512e-05,0.06935791671276093,-0.11110911518335342,0.1622835248708725,-0.21263465285301208,0.2174983024597168,-0.08026695996522903,1.4631317853927612,2.44305419921875,-1.9805190563201904,0.9343428611755371,-0.21784032881259918,1.8249554634094238,-0.8780579566955566,0.036439199000597,-0.6096864342689514,-0.033681727945804596,0.2862137258052826,0.05110251158475876,-0.26116806268692017,0.10985416173934937,-0.17516274750232697,0.02658870629966259,-0.12041627615690231,-0.046997155994176865,0.018519969657063484,0.17205573618412018,0.2180762141942978,-0.02999047003686428,-0.041675347834825516,0.023631326854228973,0.13863812386989594
1.200000062584877,69,-67.508544921875,-200.0,-200.0,-18.10663604736328,-50.0,-46.86334991455078,6.87164306640625,-100.0,-100.0,-100.0,-100.0,-100.0,-300.0,-201.273681640625,-300.0,116.57891845703125,300.0,20.9495849609375,0.0,0.0,0.0,0.0,-150.0,150.0,-150.0,-150.0,-150.0,-82.5458984375,-0.1771904081106186,-0.16641958057880402,0.06955848634243011,0.03238701820373535,0.09768713265657425,-0.30890098214149475,0.03677699714899063,0.06710951030254364,-0.9220556020736694,-0.05366089940071106,-0.00020241679158061743,0.05210958421230316,-0.08460461348295212,0.1683468073606491,0.022640647366642952,1.7225522994995117,-0.7140564322471619,0.8791648149490356,1.1587345600128174,-0.6232266426086426,1.938497543334961,-0.23060867190361023,4.377363204956055,-0.1982256919145584,0.012429550290107727,-0.8144857287406921,1.557845950126648,0.3243201673030853,0.05110251158475876,-0.26116806268692017,0.10985416173934937,-0.17516274750232697,0.02658870629966259,-0.12041627615690231,-0.046997155994176865,0.018519969657063484,0.17205573618412018,0.2180762141942978,-0.02999047003686428,-0.041675347834825516,0.023631326854228973,0.13863812386989594
1.216666730120778,70,200.0,200.0,-200.0,50.0,-50.0,50.0,100.0,100.0,-100.0,-100.0,-100.0,100.0,300.0,-300.0,-300.0,-300.0,300.0,-70.96197509765625,0.0,0.0,0.0,0.0,-150.0,150.0,-150.0,-2.33673095703125,150.0,150.0,-0.17831875383853912,-0.13958102464675903,0.0551043301820755,0.045375190675258636,0.10733239352703094,-0.32745110988616943,0.0656207874417305,0.06577989459037781,-0.8466947674751282,-0.05569349229335785,-3.740637475857511e-05,0.03749726340174675,-0.06287490576505661,0.17277847230434418,-0.10107586532831192,1.6665266752243042,-0.6065954566001892,0.44299790263175964,0.6994094848632812,-0.31532183289527893,1.6818536520004272,-0.33016377687454224,4.49951171875,-0.15900443494319916,0.01184135116636753,-0.7455231547355652,1.2637875080108643,0.1962093561887741,0.08184875547885895,-0.309773713350296,0.1936706155538559,-0.17724812030792236,0.14943349361419678,-0.2303541898727417,-0.02746632695198059,0.07761826366186142,0.11416511237621307,0.1873716413974762,-0.015546911396086216,-0.03557969257235527,0.07345599681138992,0.15367411077022552
1.2333333976566792,71,190.63916015625,-200.0,200.0,50.0,50.0,50.0,100.0,100.0,100.0,100.0,100.0,-100.0,-271.48052978515625,-300.0,-202.0697021484375,-75.60595703125,300.0,300.0,0.0,0.0,0.0,0.0,-92.97468566894531,150.0,-150.0,150.0,150.0,-150.0,-0.17234817147254944,-0.12114537507295609,0.04394272342324257,0.08403491228818893,0.11162644624710083,-0.3536544740200043,0.07859654724597931,0.0677662044763565,-0.7969973683357239,-0.06425083428621292,-0.022124825045466423,-0.02395087108016014,-0.06740812957286835,0.17996394634246826,0.24883700907230377,1.1035135984420776,-1.1464258432388306,3.102172613143921,0.16040556132793427,-1.9513695240020752,-0.30051419138908386,-0.7616134881973267,-1.5123114585876465,-1.2465862035751343,5.326530933380127,-4.124189853668213,1.3710980415344238,1.1144623756408691,0.08184875547885895,-0.309773713350296,0.1936706155538559,-0.17724812030792236,0.14943349361419678,-0.2303541898727417,-0.02746632695198059,0.07761826366186142,0.11416511237621307,0.1873716413974762,-0.015546911396086216,-0.03557969257235527,0.07345599681138992,0.15367411077022552
1.2500000651925802,72,-200.0,-200.0,-200.0,-50.0,-50.0,-50.0,100.0,100.0,100.0,100.0,100.0,-100.0,300.0,300.0,-300.0,300.0,-300.0,300.0,0.0,0.0,0.0,0.0,131.76966857910156,150.0,-150.0,-150.0,-150.0,150.0,-0.17104479670524597,-0.11010816693305969,0.029211781919002533,0.17744705080986023,0.09663040935993195,-0.3457018733024597,0.08173449337482452,0.05888841673731804,-0.7731302380561829,-0.07653029263019562,0.0019487261306494474,-0.05545727536082268,0.13901348412036896,0.19144821166992188,0.10139155387878418,0.47098690271377563,-0.4135177731513977,6.6074371337890625,-0.08086878061294556,1.6574482917785645,0.7233057022094727,-0.6758211851119995,3.2387449741363525,-0.5735960006713867,-0.05879557132720947,1.4399092197418213,7.566453456878662,-0.8186737298965454,0.1016898900270462,-0.2931946814060211,0.05095041170716286,-0.19340308010578156,0.22960655391216278,-0.2766755223274231,-0.1425226628780365,0.10311737656593323,0.09553364664316177,0.24101044237613678,-0.07341141998767853,-0.06860203295946121,0.0633239820599556,0.1202194094657898
1.2666667327284813,73,-200.0,-200.0,200.0,-50.0,-50.0,50.0,100.0,-100.0,100.0,-100.0,-66.92133331298828,-100.0,233.34619140625,134.24853515625,6.4881591796875,300.0,123.737060546875,300.0,0.0,0.0,0.0,0.0,150.0,150.0,150.0,-150.0,-150.0,150.0,-0.16001823544502258,-0.07163640856742859,0.014831439591944218,0.22478646039962769,0.09378311038017273,-0.27151021361351013,0.04650495946407318,0.04170330613851547,-0.7312675714492798,-0.09661340713500977,0.012267032638192177,-0.04807814210653305,0.21879664063453674,0.17933467030525208,0.5667521953582764,2.3335063457489014,-0.6476686000823975,1.978806734085083,-0.4515294134616852,4.745729446411133,-1.9782894849777222,-1.2663875818252563,2.037876605987549,-0.5274884700775146,0.8958650231361389,-0.09982249140739441,3.90773344039917,-0.5124789476394653,0.1016898900270462,-0.2931946814060211,0.05095041170716286,-0.19340308010578156,0.22960655391216278,-0.2766755223274231,-0.1425226628780365,0.10311737656593323,0.09553364664316177,0.24101044237613678,-0.07341141998767853,-0.06860203295946121,0.0633239820599556,0.1202194094657898
1.2833334002643824,74,200.0,200.0,200.0,-50.0,50.0,50.0,100.0,100.0,-100.0,-100.0,100.0,100.0,226.4847412109375,-300.0,300.0,300.0,300.0,300.0,0.0,0.0,0.0,0.0,21.8558349609375,150.0,150.0,-150.0,-150.0,150.0,-0.14908123016357422,-0.035762738436460495,0.00599377416074276,0.2455943375825882,0.0957677811384201,-0.20754320919513702,0.027085093781352043,0.03234247490763664,-0.7033922672271729,-0.11338620632886887,0.037172578275203705,-0.051056478172540665,0.2751721143722534,0.15605676174163818,0.6284228563308716,2.0650978088378906,-0.26500368118286133,0.7570819854736328,-0.37159961462020874,5.38692045211792,-1.1435766220092773,-0.7622232437133789,1.5473796129226685,-0.5588027238845825,1.6462184190750122,0.17396597564220428,2.0680103302001953,-1.0353206396102905,0.16381719708442688,-0.2859261631965637,0.11416509002447128,-0.18480072915554047,0.2295178323984146,-0.264369398355484,-0.10503670573234558,0.15875625610351562,0.057787664234638214,0.23844002187252045,-0.027865322306752205,-0.06044526398181915,0.08417411148548126,0.12345757335424423
1.3000000678002834,75,200.0,-200.0,200.0,28.262901306152344,50.0,2.01861572265625,100.0,100.0,100.0,-100.0,100.0,-87.164794921875,13.6951904296875,-7.220458984375,300.0,255.87994384765625,300.0,300.0,0.0,0.0,0.0,0.0,-150.0,150.0,150.0,-150.0,150.0,150.0,-0.1386028230190277,-0.04401848465204239,0.01205094251781702,0.30795660614967346,0.09362785518169403,-0.12434110045433044,0.013483027927577496,0.03598829731345177,-0.6717147827148438,-0.11215232312679291,0.037155188620090485,-0.05197960138320923,0.28589949011802673,0.1504097878932953,0.6474347114562988,-0.5843662023544312,0.19619455933570862,4.325530529022217,0.08062431216239929,5.532444477081299,-1.2019152641296387,-0.3245212733745575,2.414494276046753,-0.10291048884391785,-0.504912257194519,0.28381893038749695,-1.4836573600769043,-0.29470857977867126,0.16381719708442688,-0.2859261631965637,0.11416509002447128,-0.18480072915554047,0.2295178323984146,-0.264369398355484,-0.10503670573234558,0.15875625610351562,0.057787664234638214,0.23844002187252045,-0.027865322306752205,-0.06044526398181915,0.08417411148548126,0.12345757335424423
1.3166667353361845,76,200.0,-200.0,-200.0,50.0,50.0,-49.439208984375,100.0,100.0,100.0,100.0,100.0,-100.0,-49.2071533203125,-300.0,300.0,300.0,-300.0,300.0,0.0,0.0,0.0,0.0,-150.0,-150.0,-28.77728271484375,-150.0,150.0,-12.97796630859375,-0.12802240252494812,-0.052931372076272964,0.017179353162646294,0.37427812814712524,0.0900094285607338,-0.037542205303907394,0.005660810507833958,0.027506647631525993,-0.6261833310127258,-0.1198958083987236,0.012591816484928131,-0.04605751484632492,0.2703298032283783,0.14157645404338837,0.6166515350341797,-0.5663257241249084,0.2541760504245758,3.833240270614624,-0.15731070935726166,4.866357326507568,-0.6633026599884033,-0.6023145914077759,3.0962917804718018,-0.1380130499601364,-1.9586491584777832,0.9880162477493286,-1.5130687952041626,-0.2435656487941742,0.2236083745956421,-0.3040436804294586,0.08902892470359802,-0.18628495931625366,0.24939213693141937,-0.25598540902137756,-0.1347036361694336,0.13361133635044098,-0.009643053635954857,0.20089779794216156,-0.045249879360198975,-0.06757597625255585,0.14247427880764008,0.08314143866300583
1.3333334028720856,77,200.0,-200.0,-200.0,43.179386138916016,50.0,-9.886642456054688,100.0,100.0,100.0,-100.0,100.0,-87.66387939453125,-55.6943359375,70.50537109375,233.0137939453125,-50.217620849609375,300.0,170.98843383789062,0.0,0.0,0.0,0.0,-135.27557373046875,61.773193359375,150.0,-150.0,150.0,150.0,-0.1181592270731926,-0.08104447275400162,0.03738202527165413,0.44739705324172974,0.07641985267400742,0.025992412120103836,-0.004410134628415108,0.02229519560933113,-0.5968270301818848,-0.11850930750370026,-0.0033804462291300297,-0.034622158855199814,0.2465362548828125,0.13200625777244568,0.5217938423156738,-1.6608151197433472,1.0165235996246338,4.592709064483643,-0.7471300959587097,3.5431292057037354,-0.7356631755828857,-0.24666783213615417,1.6345206499099731,0.1785561442375183,-0.23588772118091583,0.28962019085884094,-1.6865373849868774,-0.4573572278022766,0.2236083745956421,-0.3040436804294586,0.08902892470359802,-0.18628495931625366,0.24939213693141937,-0.25598540902137756,-0.1347036361694336,0.13361133635044098,-0.009643053635954857,0.20089779794216156,-0.045249879360198975,-0.06757597625255585,0.14247427880764008,0.08314143866300583
1.3500000704079866,78,200.0,-200.0,200.0,-8.420879364013672,-41.852783203125,-50.0,-100.0,100.0,100.0,100.0,-100.0,100.0,-300.0,-300.0,-300.0,300.0,300.0,300.0,0.0,0.0,0.0,0.0,-101.0009765625,-150.0,-150.0,-46.76959228515625,150.0,72.54782104492188,-0.11066623777151108,-0.10570841282606125,0.054303351789712906,0.5198883414268494,0.06397494673728943,0.0802457332611084,-0.0133068161085248,0.014160898514091969,-0.5761311650276184,-0.121648870408535,-0.0007511131698265672,-0.035215120762586594,0.23562964797019958,0.12188026309013367,0.42676466703414917,-1.4805316925048828,0.8441270589828491,4.291658401489258,-0.6274102330207825,3.0444629192352295,-0.6344262361526489,-0.5263341665267944,1.4272171258926392,0.031091485172510147,0.09833329916000366,0.32043054699897766,-1.1820048093795776,-0.4925825893878937,0.20092518627643585,-0.2761405110359192,0.10076829046010971,-0.157462015748024,0.24379342794418335,-0.2506268322467804,-0.17475050687789917,0.12893375754356384,-0.007238442078232765,0.12250523269176483,-0.06651513278484344,-0.006926565431058407,0.10930708795785904,0.0565459206700325
1.3666667379438877,79,200.0,-200.0,-200.0,16.035388946533203,-50.0,-26.04737091064453,100.0,100.0,100.0,100.0,100.0,100.0,-20.824554443359375,222.474853515625,209.8026123046875,300.0,300.0,300.0,0.0,0.0,0.0,0.0,-118.5418701171875,-9.59814453125,67.13897705078125,-150.0,150.0,-60.983795166015625,-0.11183100193738937,-0.1457114815711975,0.06333376467227936,0.5987066626548767,0.05257068946957588,0.10401162505149841,-0.025563320145010948,0.004805339965969324,-0.5583164095878601,-0.11526765674352646,-0.002448015147820115,-0.03251291438937187,0.2172527015209198,0.11373286694288254,-0.10963328927755356,-2.29075288772583,0.39440813660621643,4.636985778808594,-0.4980603754520416,1.3201912641525269,-0.7316830158233643,-0.34601306915283203,1.2975130081176758,0.5301134586334229,-0.15637683868408203,0.4277159571647644,-1.6519310474395752,-0.29458028078079224,0.20092518627643585,-0.2761405110359192,0.10076829046010971,-0.157462015748024,0.24379342794418335,-0.2506268322467804,-0.17475050687789917,0.12893375754356384,-0.007238442078232765,0.12250523269176483,-0.06651513278484344,-0.006926565431058407,0.10930708795785904,0.0565459206700325
1.3833334054797888,80,200.0,-200.0,-200.0,-50.0,-50.0,0.05702972412109375,-27.14724349975586,100.0,-100.0,100.0,100.0,-100.0,-59.38774108886719,-300.0,222.0938720703125,300.0,300.0,132.93487548828125,0.0,0.0,0.0,0.0,150.0,-150.0,150.0,-150.0,150.0,55.0123291015625,-0.11312772333621979,-0.17977435886859894,0.07112277299165726,0.6658809781074524,0.04382122680544853,0.12400036305189133,-0.03578170761466026,-0.002766700927168131,-0.5393053293228149,-0.1107102707028389,-0.002052274066954851,-0.028250938281416893,0.20009125769138336,0.10759969800710678,-0.11710454523563385,-1.9414987564086914,0.3442753553390503,3.8086130619049072,-0.46219709515571594,1.1039087772369385,-0.6381270289421082,-0.3038542568683624,1.292771577835083,0.43409964442253113,0.010904297232627869,0.46806198358535767,-1.3699910640716553,-0.25994592905044556,0.2030305415391922,-0.3010866045951843,0.10974738746881485,-0.16750429570674896,0.2576465606689453,-0.2738545835018158,-0.13701589405536652,0.1038261130452156,0.014340361580252647,0.06456728279590607,-0.05935778468847275,-0.00222893338650465,0.16212207078933716,0.06188362091779709
1.4000000730156898,81,-200.0,-200.0,-200.0,-2.599414825439453,12.496440887451172,-31.866424560546875,100.0,100.0,-73.8250732421875,52.064453125,100.0,100.0,140.80947875976562,81.91943359375,203.55728149414062,300.0,300.0,11.98968505859375,0.0,0.0,0.0,0.0,-46.25634765625,5.220305919647217,21.723968505859375,-150.0,150.0,-150.0,-0.11570630222558975,-0.23323281109333038,0.07889667898416519,0.7460529804229736,0.03944236412644386,0.12411705404520035,-0.042875856161117554,-0.007454934064298868,-0.5279461741447449,-0.10438352823257446,-0.0022393972612917423,-0.019833963364362717,0.18369174003601074,0.1044183224439621,-0.20778878033161163,-3.065542697906494,0.2773204445838928,5.020918846130371,-0.20388542115688324,-0.006123327184468508,-0.4189901351928711,-0.18425443768501282,1.083829402923584,0.4411953091621399,-0.14554691314697266,0.4585006833076477,-1.3656147718429565,-0.03950665891170502,0.2030305415391922,-0.3010866045951843,0.10974738746881485,-0.16750429570674896,0.2576465606689453,-0.2738545835018158,-0.13701589405536652,0.1038261130452156,0.014340361580252647,0.06456728279590607,-0.05935778468847275,-0.00222893338650465,0.16212207078933716,0.06188362091779709
1.416666740551591,82,-200.0,-200.0,-200.0,-43.16871643066406,-50.0,-50.0,-100.0,100.0,50.431640625,100.0,-100.0,-100.0,-122.08062744140625,-300.0,-127.37721252441406,300.0,300.0,248.64190673828125,0.0,0.0,0.0,0.0,150.0,-150.0,-150.0,-150.0,150.0,150.0,-0.11793610453605652,-0.2793690264225006,0.0847676694393158,0.8205671906471252,0.03630762919783592,0.12418905645608902,-0.048921674489974976,-0.014572974294424057,-0.5120294094085693,-0.10380867123603821,-0.0023965463042259216,-0.018730830401182175,0.17087504267692566,0.09959492087364197,-0.18626771867275238,-2.6191885471343994,0.1847965568304062,4.284682273864746,-0.1707129180431366,-0.007916050031781197,-0.35882461071014404,-0.40459534525871277,1.138118028640747,0.20279669761657715,-0.028810784220695496,0.44326502084732056,-1.2270996570587158,-0.16590720415115356,0.18937942385673523,-0.2608006000518799,0.09187208116054535,-0.17323213815689087,0.24202129244804382,-0.25798362493515015,-0.12131950259208679,0.11611191183328629,0.03713279962539673,0.01794501766562462,-0.07884664833545685,0.007840090431272984,0.18908265233039856,0.08430881798267365
1.433333408087492,83,-200.0,-200.0,-200.0,-22.73699378967285,-14.7724609375,-33.29410171508789,100.0,100.0,-100.0,100.0,100.0,100.0,160.53643798828125,102.54150390625,169.78759765625,300.0,300.0,300.0,0.0,0.0,0.0,0.0,-65.95240783691406,3.46734619140625,-11.0697021484375,-77.90252685546875,150.0,-32.40553283691406,-0.12108030915260315,-0.3412785530090332,0.08731149137020111,0.8943082094192505,0.03667110577225685,0.11079858988523483,-0.0583302304148674,-0.01665364019572735,-0.505950391292572,-0.10306715220212936,-0.00272166496142745,-0.016626965254545212,0.15726545453071594,0.10127273201942444,-0.3192456066608429,-3.501741647720337,-0.013525150716304779,4.326386451721191,0.07969705015420914,-0.7664920687675476,-0.5079444050788879,-0.049376849085092545,0.6907322406768799,0.0955314114689827,-0.11716897785663605,0.3163536489009857,-1.1997374296188354,0.19272494316101074,0.18937942385673523,-0.2608006000518799,0.09187208116054535,-0.17323213815689087,0.24202129244804382,-0.25798362493515015,-0.12131950259208679,0.11611191183328629,0.03713279962539673,0.01794501766562462,-0.07884664833545685,0.007840090431272984,0.18908265233039856,0.08430881798267365
1.450000075623393,84,-200.0,-200.0,-200.0,-50.0,-50.0,-2.3106822967529297,-100.0,100.0,72.89752197265625,100.0,-100.0,-100.0,300.0,-300.0,-240.09429931640625,300.0,300.0,300.0,0.0,0.0,0.0,0.0,70.50369262695312,-150.0,19.7886962890625,-150.0,150.0,150.0,-0.12420431524515152,-0.39415499567985535,0.08901223540306091,0.9520546793937683,0.037588931620121,0.09929867088794708,-0.06608555465936661,-0.019205007702112198,-0.49697452783584595,-0.1051589697599411,-0.002604932524263859,-0.015177033841609955,0.14571239054203033,0.10191231220960617,-0.29869669675827026,-2.969608783721924,-0.05630245804786682,3.129818916320801,0.07895268499851227,-0.656455397605896,-0.4270373284816742,-0.13053932785987854,0.7072270512580872,-0.02195669710636139,-0.028864335268735886,0.42156875133514404,-1.16268789768219,0.0976334735751152,0.17344339191913605,-0.23042093217372894,0.10565120726823807,-0.17721429467201233,0.23312875628471375,-0.2501017451286316,-0.0828699916601181,0.10531430691480637,0.049309518188238144,-0.02690681256353855,-0.07667779922485352,0.005364633165299892,0.2069244682788849,0.08955469727516174
1.4666667431592941,85,-200.0,-200.0,-200.0,-27.965402603149414,1.8933563232421875,-42.847686767578125,83.7879638671875,100.0,-100.0,100.0,100.0,70.943115234375,259.86846923828125,70.01171875,176.52630615234375,300.0,300.0,300.0,0.0,0.0,0.0,0.0,-74.56924438476562,-3.977294921875,-31.447296142578125,-150.0,150.0,-131.3983154296875,-0.12520016729831696,-0.461741179227829,0.08744784444570541,1.0085277557373047,0.03981000557541847,0.07671269029378891,-0.0723264068365097,-0.015292520634829998,-0.49547135829925537,-0.10524317622184753,-0.003458108054473996,-0.01350026298314333,0.1324388086795807,0.10474570095539093,-0.26506879925727844,-3.833878755569458,-0.28303858637809753,3.4176833629608154,0.18334196507930756,-1.2802296876907349,-0.3199169635772705,0.27215203642845154,0.5159984827041626,-0.017350658774375916,-0.14977599680423737,0.32381993532180786,-1.1550073623657227,0.3176290988922119,0.17344339191913605,-0.23042093217372894,0.10565120726823807,-0.17721429467201233,0.23312875628471375,-0.2501017451286316,-0.0828699916601181,0.10531430691480637,0.049309518188238144,-0.02690681256353855,-0.07667779922485352,0.005364633165299892,0.2069244682788849,0.08955469727516174
1.4833334106951952,86,-200.0,-200.0,-200.0,-50.0,-50.0,-50.0,-100.0,100.0,-19.120925903320312,100.0,-100.0,-100.0,300.0,-300.0,118.17715454101562,300.0,300.0,300.0,0.0,0.0,0.0,0.0,9.225448608398438,-150.0,150.0,-133.7913055419922,150.0,-100.71063232421875,-0.12655727565288544,-0.5201505422592163,0.08537132292985916,1.053299069404602,0.04223514720797539,0.05734210088849068,-0.0774431824684143,-0.0122984629124403,-0.4881442189216614,-0.10753294825553894,-0.003356702858582139,-0.01328759640455246,0.12149786204099655,0.1077503114938736,-0.2667240500450134,-3.2720999717712402,-0.30898332595825195,2.4267687797546387,0.1693924516439438,-1.0952352285385132,-0.2669070363044739,0.16268029808998108,0.664149820804596,-0.09385520964860916,0.0004730299115180969,0.3380134701728821,-1.0503302812576294,0.2866251766681671,0.16857892274856567,-0.2135177105665207,0.10682787746191025,-0.1712413728237152,0.21972249448299408,-0.2362489402294159,-0.04699592664837837,0.1075897067785263,0.0572761669754982,-0.07859739661216736,-0.06482920050621033,0.00843991432338953,0.22845378518104553,0.09140408039093018
1.5000000782310963,87,-200.0,-200.0,-200.0,-30.657062530517578,-2.5496597290039062,-31.012615203857422,100.0,100.0,-100.0,100.0,100.0,20.7947998046875,273.0655517578125,60.1767578125,225.3824462890625,300.0,300.0,300.0,0.0,0.0,0.0,0.0,-96.06871032714844,-10.9427490234375,-45.38642120361328,-102.72425842285156,150.0,-15.836227416992188,-0.1250113546848297,-0.5844555497169495,0.08334410935640335,1.0926775932312012,0.04524117335677147,0.02615707367658615,-0.07939030230045319,-0.005866571329534054,-0.4846324324607849,-0.10743393748998642,-0.0031859800219535828,-0.013406408950686455,0.11081454157829285,0.10778595507144928,-0.15207619965076447,-3.643286943435669,-0.35108068585395813,2.3225762844085693,0.23121868073940277,-1.7609829902648926,-0.07167623192071915,0.362667441368103,0.5993441343307495,-0.014705855399370193,-0.07402905076742172,0.3120904862880707,-0.9935284852981567,0.21220184862613678,0.16857892274856567,-0.2135177105665207,0.10682787746191025,-0.1712413728237152,0.21972249448299408,-0.2362489402294159,-0.04699592664837837,0.1075897067785263,0.0572761669754982,-0.07859739661216736,-0.06482920050621033,0.00843991432338953,0.22845378518104553,0.09140408039093018
1.5166667457669973,88,-200.0,-200.0,-200.0,-50.0,-12.961052894592285,-50.0,-100.0,100.0,-100.0,100.0,-100.0,-100.0,300.0,-300.0,35.367431640625,300.0,300.0,300.0,0.0,0.0,0.0,0.0,5.180206298828125,-150.0,150.0,16.295654296875,150.0,148.35140991210938,-0.12455761432647705,-0.6400743722915649,0.08067013323307037,1.1183123588562012,0.04786987975239754,-0.0005826822598464787,-0.0810912624001503,-0.0003159039479214698,-0.4759570360183716,-0.10896950960159302,-0.0033911752980202436,-0.01535766664892435,0.0998687818646431,0.10820933431386948,-0.18841107189655304,-3.1149749755859375,-0.34898728132247925,1.2510881423950195,0.2049434334039688,-1.5037833452224731,-0.05997776240110397,0.27582886815071106,0.7081906199455261,-0.10085472464561462,-0.017172163352370262,0.2685815989971161,-1.0217177867889404,0.13030561804771423,0.16042527556419373,-0.18351712822914124,0.11615275591611862,-0.1578693985939026,0.20927941799163818,-0.2190561294555664,-0.018373392522335052,0.11456333100795746,0.06571470946073532,-0.12271696329116821,-0.04325847700238228,0.01234013307839632,0.2440178245306015,0.09610364586114883
1.5333334133028984,89,-200.0,-200.0,-200.0,-45.55043411254883,-16.90155029296875,-20.507301330566406,100.0,100.0,-100.0,100.0,100.0,-100.0,300.0,98.71630859375,269.3487854003906,300.0,300.0,300.0,0.0,0.0,0.0,0.0,-108.32081604003906,-17.408203125,-42.40235900878906,20.2677001953125,150.0,150.0,-0.1190699115395546,-0.690941333770752,0.07729902118444443,1.131443977355957,0.051178548485040665,-0.03585207462310791,-0.0781409740447998,0.009380597621202469,-0.46674713492393494,-0.10971126705408096,-0.0031903625931590796,-0.018823973834514618,0.0897795557975769,0.10278195887804031,0.06434445828199387,-2.885045289993286,-0.4514009654521942,0.6363740563392639,0.270905077457428,-1.9822843074798584,0.21441051363945007,0.5027843117713928,0.8430333733558655,-0.08436431735754013,-0.031086787581443787,0.29977837204933167,-0.9852251410484314,-0.10832877457141876,0.16042527556419373,-0.18351712822914124,0.11615275591611862,-0.1578693985939026,0.20927941799163818,-0.2190561294555664,-0.018373392522335052,0.11456333100795746,0.06571470946073532,-0.12271696329116821,-0.04325847700238228,0.01234013307839632,0.2440178245306015,0.09610364586114883
1.5500000808387995,90,-15.3976411819458,-200.0,-42.5050048828125,-50.0,25.550418853759766,-31.357505798339844,-100.0,100.0,-100.0,100.0,-100.0,-100.0,300.0,300.0,-300.0,300.0,300.0,300.0,0.0,0.0,0.0,0.0,-6.0355224609375,-150.0,150.0,150.0,150.0,150.0,-0.11483549326658249,-0.7350538372993469,0.0736934095621109,1.1292308568954468,0.053986210376024246,-0.06604491919279099,-0.07566342502832413,0.019017308950424194,-0.45464015007019043,-0.11003808677196503,-0.0034984678495675325,-0.021143222227692604,0.07814651727676392,0.09941349923610687,0.015461200848221779,-2.4738128185272217,-0.41525501012802124,-0.4022461473941803,0.23708616197109222,-1.690340280532837,0.18005025386810303,0.5228220820426941,0.8830910325050354,-0.0868447870016098,-0.007589075714349747,0.1752682328224182,-0.9801833033561707,-0.10430218279361725,0.14041799306869507,-0.14883187413215637,0.14094124734401703,-0.14819633960723877,0.19723932445049286,-0.19274404644966125,0.008401546627283096,0.12988902628421783,0.07369013130664825,-0.16732874512672424,-0.0022125868126749992,0.014293757267296314,0.2490077167749405,0.08174241334199905
1.5666667483747005,91,-200.0,-200.0,-200.0,-42.02079772949219,-50.0,-18.581832885742188,100.0,100.0,-100.0,100.0,40.83251953125,-100.0,300.0,132.4833984375,287.86053466796875,300.0,300.0,300.0,0.0,0.0,0.0,0.0,-141.21180725097656,-30.081787109375,-34.80853271484375,150.0,150.0,150.0,-0.10635049641132355,-0.7699730396270752,0.06604687869548798,1.113290548324585,0.05760544165968895,-0.10441616922616959,-0.06503280252218246,0.03312402591109276,-0.438715398311615,-0.10957027971744537,-0.0037213340401649475,-0.027534496039152145,0.06691306829452515,0.09079025685787201,0.19214001297950745,-1.9833050966262817,-0.6813824772834778,-1.1225985288619995,0.3188574016094208,-2.1420681476593018,0.6498106122016907,0.7422958612442017,1.171127200126648,-0.08357053995132446,-0.031067989766597748,0.1883784830570221,-1.0044496059417725,-0.33867475390434265,0.14041799306869507,-0.14883187413215637,0.14094124734401703,-0.14819633960723877,0.19723932445049286,-0.19274404644966125,0.008401546627283096,0.12988902628421783,0.07369013130664825,-0.16732874512672424,-0.0022125868126749992,0.014293757267296314,0.2490077167749405,0.08174241334199905
1.5833334159106016,92,189.96603393554688,-200.0,180.55645751953125,-50.0,-50.0,-50.0,-100.0,100.0,-100.0,100.0,-100.0,-100.0,300.0,300.0,-103.579345703125,300.0,300.0,300.0,0.0,0.0,0.0,0.0,-150.0,-150.0,150.0,150.0,150.0,150.0,-0.09901180118322372,-0.8004456162452698,0.059178486466407776,1.083473801612854,0.060856547206640244,-0.1371895968914032,-0.055930137634277344,0.04684782400727272,-0.4214651584625244,-0.1076744869351387,-0.003916767425835133,-0.0300500076264143,0.0540999211370945,0.08555570989847183,0.15703999996185303,-1.7053300142288208,-0.5986824035644531,-1.9853591918945312,0.29899606108665466,-1.822974681854248,0.550169050693512,0.7721420526504517,1.1904292106628418,-0.006794102489948273,-0.01269057672470808,0.1593727171421051,-1.0103718042373657,-0.2060842514038086,0.1275285929441452,-0.1389119178056717,0.16777409613132477,-0.13276828825473785,0.19061489403247833,-0.15527212619781494,0.026360614225268364,0.14312544465065002,0.06529275327920914,-0.2011677771806717,0.04385090246796608,0.028023771941661835,0.24755606055259705,0.06420579552650452
1.6000000834465027,93,-159.1885223388672,-200.0,-200.0,-33.774017333984375,-50.0,-20.925926208496094,100.0,100.0,-100.0,100.0,18.18505859375,-100.0,300.0,188.15234375,300.0,300.0,300.0,300.0,0.0,0.0,0.0,0.0,-150.0,-34.79541015625,-31.185302734375,150.0,150.0,150.0,-0.08862674236297607,-0.820462703704834,0.049994662404060364,1.0411194562911987,0.062360603362321854,-0.17474856972694397,-0.0385320745408535,0.06297116726636887,-0.3985264003276825,-0.10228557884693146,-0.004366752691566944,-0.037199217826128006,0.04069370776414871,0.07681720703840256,0.2998492121696472,-1.1290727853775024,-0.764603853225708,-2.6857705116271973,0.2401622235774994,-2.0842936038970947,1.0248091220855713,0.867905855178833,1.5087720155715942,0.1454138606786728,0.00596358347684145,0.04801270365715027,-1.0360362529754639,-0.3960261046886444,0.1275285929441452,-0.1389119178056717,0.16777409613132477,-0.13276828825473785,0.19061489403247833,-0.15527212619781494,0.026360614225268364,0.14312544465065002,0.06529275327920914,-0.2011677771806717,0.04385090246796608,0.028023771941661835,0.24755606055259705,0.06420579552650452
1.6166667509824038,94,200.0,-200.0,200.0,-50.0,-50.0,-50.0,-100.0,100.0,-100.0,100.0,-100.0,-100.0,300.0,300.0,300.0,300.0,300.0,300.0,0.0,0.0,0.0,0.0,-150.0,-150.0,150.0,150.0,150.0,129.23773193359375,-0.07907259464263916,-0.8376563191413879,0.04187317565083504,0.9872614145278931,0.0638098195195198,-0.20671024918556213,-0.023635927587747574,0.07720425724983215,-0.3756530284881592,-0.09568684548139572,-0.004164458252489567,-0.03991172835230827,0.0259561687707901,0.07215550541877747,0.28826576471328735,-0.9541735053062439,-0.6756845116615295,-3.3644773960113525,0.24815332889556885,-1.768281102180481,0.8790102005004883,0.805628776550293,1.5144963264465332,0.22840817272663116,-0.011131959035992622,0.24810290336608887,-1.0987168550491333,-0.20537462830543518,0.13116391003131866,-0.12373806536197662,0.1671411544084549,-0.12639227509498596,0.17622382938861847,-0.12447472661733627,0.033400677144527435,0.15430518984794617,0.06511364132165909,-0.22217096388339996,0.08034639060497284,0.035070471465587616,0.25970926880836487,0.045046061277389526
1.6333334185183048,95,200.0,-200.0,-72.7047119140625,29.800674438476562,-50.0,-11.956466674804688,100.0,-100.0,-100.0,100.0,-100.0,-100.0,300.0,300.0,300.0,300.0,300.0,300.0,0.0,0.0,0.0,0.0,-150.0,-33.6220703125,-31.6453857421875,150.0,150.0,150.0,-0.0676889717578888,-0.8438311815261841,0.0355340801179409,0.9176895618438721,0.06485634297132492,-0.24004432559013367,-0.0033987516071647406,0.09300656616687775,-0.3503682017326355,-0.08825971931219101,-0.003947561606764793,-0.046009354293346405,0.012686891481280327,0.06382524967193604,0.4103156626224518,-0.32238495349884033,-0.6108494400978088,-4.4369683265686035,0.2697646915912628,-1.8355921506881714,1.18345046043396,0.8521995544433594,1.4874931573867798,0.18301095068454742,0.0019930601119995117,0.3280738592147827,-1.0033018589019775,-0.534862756729126,0.13116391003131866,-0.12373806536197662,0.1671411544084549,-0.12639227509498596,0.17622382938861847,-0.12447472661733627,0.033400677144527435,0.15430518984794617,0.06511364132165909,-0.22217096388339996,0.08034639060497284,0.035070471465587616,0.25970926880836487,0.045046061277389526
1.650000086054206,96,200.0,-200.0,200.0,-31.2813720703125,-50.0,-50.0,-100.0,-100.0,-100.0,100.0,-100.0,-100.0,300.0,300.0,300.0,300.0,300.0,300.0,0.0,0.0,0.0,0.0,-150.0,150.0,100.4307861328125,150.0,150.0,150.0,-0.05809873342514038,-0.8477641344070435,0.02979312092065811,0.8321203589439392,0.06612759828567505,-0.2682795226573944,0.013907800428569317,0.10709930956363678,-0.33045080304145813,-0.08195318281650543,-0.0038848002441227436,-0.04528927057981491,-0.0012632738798856735,0.055414896458387375,0.3525647222995758,-0.18772739171981812,-0.5169254541397095,-5.340496063232422,0.25734877586364746,-1.555275321006775,0.998275637626648,0.7886641025543213,1.2281339168548584,0.19536085426807404,-0.0055756946094334126,0.6858510971069336,-1.0298391580581665,-0.45218533277511597,0.14432255923748016,-0.08940692245960236,0.1538221538066864,-0.11825057864189148,0.1813758760690689,-0.11655256897211075,0.005898455157876015,0.15414217114448547,0.035503461956977844,-0.20088882744312286,0.08773387968540192,0.03872989863157272,0.25154128670692444,0.04787962883710861
1.666666753590107,97,200.0,-200.0,200.0,33.41862487792969,-50.0,7.7188568115234375,-100.0,-100.0,-47.05322265625,100.0,100.0,-100.0,179.7286376953125,268.6741943359375,300.0,300.0,300.0,300.0,0.0,0.0,0.0,0.0,-150.0,-16.9755859375,-37.058837890625,150.0,150.0,150.0,-0.04003451392054558,-0.8346133828163147,0.02797187864780426,0.7160786986351013,0.06239419803023338,-0.2863121032714844,0.030515434220433235,0.1284092664718628,-0.30799248814582825,-0.07348455488681793,-0.0034555289894342422,-0.04914269968867302,-0.014765139669179916,0.04898505657911301,0.8851802945137024,0.7987446784973145,-0.4744410514831543,-7.419650554656982,-0.027051912620663643,-0.9788535237312317,0.9521815180778503,1.1853092908859253,1.1986966133117676,0.2595236301422119,0.06717605888843536,0.5510910749435425,-0.9997309446334839,-0.36912211775779724,0.14432255923748016,-0.08940692245960236,0.1538221538066864,-0.11825057864189148,0.1813758760690689,-0.11655256897211075,0.005898455157876015,0.15414217114448547,0.035503461956977844,-0.20088882744312286,0.08773387968540192,0.03872989863157272,0.25154128670692444,0.04787962883710861
1.683333421126008,98,200.0,-200.0,200.0,-50.0,-50.0,-50.0,100.0,-100.0,100.0,100.0,-100.0,-100.0,300.0,300.0,-20.76947021484375,300.0,-300.0,300.0,0.0,0.0,0.0,0.0,-150.0,150.0,150.0,150.0,150.0,-21.230812072753906,-0.02514486573636532,-0.8216019868850708,0.0263199545443058,0.5792223215103149,0.05958936735987663,-0.30145469307899475,0.0443783700466156,0.1461949348449707,-0.2949102818965912,-0.06497075408697128,-0.003079160349443555,-0.04849210008978844,-0.029523098841309547,0.044770028442144394,0.7188372015953064,0.66762775182724,-0.4118686318397522,-8.373713493347168,0.002351852133870125,-0.8379966616630554,0.8302150368690491,0.9409916996955872,0.7934275269508362,0.388647198677063,0.013692295178771019,0.6460461616516113,-1.0785744190216064,0.08389139175415039,0.12188377231359482,-0.06772145628929138,0.11604683846235275,-0.11044537276029587,0.2020007073879242,-0.059082746505737305,0.0011942200362682343,0.17045453190803528,-0.008099978789687157,-0.1590961515903473,0.10295844823122025,0.03283122926950455,0.24187244474887848,0.036745525896549225
1.700000088661909,99,200.0,-200.0,200.0,50.0,-50.0,37.57542419433594,-100.0,-100.0,100.0,100.0,87.01611328125,-100.0,208.2161865234375,300.0,300.0,178.1474609375,-300.0,300.0,0.0,0.0,0.0,0.0,-150.0,-9.818046569824219,-94.02099609375,150.0,150.0,150.0,-0.004498746246099472,-0.7975022792816162,0.01931711658835411,0.40110960602760315,0.05045454949140549,-0.3026672899723053,0.06006002426147461,0.16732904314994812,-0.2893979847431183,-0.053394269198179245,-0.003006364917382598,-0.04733490198850632,-0.04210284724831581,0.0422089584171772,0.9067012071609497,1.486185073852539,-0.7771979570388794,-11.35091495513916,-0.3274399936199188,-0.019186146557331085,0.9190195798873901,1.2635869979858398,0.15613189339637756,0.5020412802696228,0.02837265655398369,0.6567831039428711,-0.8958664536476135,-0.11546514183282852,0.12188377231359482,-0.06772145628929138,0.11604683846235275,-0.11044537276029587,0.2020007073879242,-0.059082746505737305,0.0011942200362682343,0.17045453190803528,-0.008099978789687157,-0.1590961515903473,0.10295844823122025,0.03283122926950455,0.24187244474887848,0.036745525896549225
1.7166667561978102,100,107.569580078125,200.0,200.0,-5.70123291015625,-50.0,-50.0,-100.0,-100.0,-100.0,100.0,-100.0,-100.0,300.0,300.0,300.0,54.143798828125,-300.0,179.16015625,0.0,0.0,0.0,0.0,-150.0,150.0,150.0,150.0,150.0,150.0,0.011532397009432316,-0.7720023393630981,0.013092903420329094,0.1957034468650818,0.041750069707632065,-0.30315786600112915,0.07299961894750595,0.18504658341407776,-0.2956899404525757,-0.04316110908985138,-0.002614750061184168,-0.05803610756993294,-0.05346671864390373,0.040638517588377,0.7036442756652832,1.4933661222457886,-0.6290646195411682,-12.417107582092285,-0.23719912767410278,0.006668817717581987,0.8247648477554321,1.0546588897705078,-0.3307138681411743,0.5093952417373657,-0.016843663528561592,-0.08652973175048828,-0.8549750447273254,-0.0027520693838596344,0.14104829728603363,-0.07565845549106598,0.053170014172792435,-0.12060137093067169,0.24291518330574036,-0.06643448024988174,0.0455949492752552,0.18721863627433777,-0.03713452070951462,-0.10992342233657837,0.12188033759593964,0.06996726244688034,0.2508281171321869,0.04886351525783539
1.7333334237337112,101,200.0,200.0,-200.0,-6.096466064453125,28.89959716796875,50.0,-100.0,-100.0,100.0,100.0,100.0,-100.0,300.0,300.0,12.96449089050293,300.0,-300.0,-300.0,0.0,0.0,0.0,0.0,-150.0,-13.496337890625,-128.428955078125,150.0,150.0,-150.0,0.031087158247828484,-0.7516496181488037,0.014323314651846886,-0.00036877565435133874,0.02913314662873745,-0.2896299958229065,0.08875343203544617,0.20051755011081696,-0.3128507137298584,-0.03142599016427994,0.01192738302052021,-0.06851249188184738,-0.06917592138051987,0.042947541922330856,0.8804289102554321,-2.803220272064209,0.0062319934368133545,-2.760941505432129,-0.37474945187568665,0.7976995706558228,0.9263115525245667,0.1535220742225647,-1.5157390832901,1.1898629665374756,1.2866804599761963,0.3928496241569519,-1.3887909650802612,0.5374425649642944,0.14104829728603363,-0.07565845549106598,0.053170014172792435,-0.12060137093067169,0.24291518330574036,-0.06643448024988174,0.0455949492752552,0.18721863627433777,-0.03713452070951462,-0.10992342233657837,0.12188033759593964,0.06996726244688034,0.2508281171321869,0.04886351525783539
1.7500000912696123,102,-200.0,-200.0,200.0,40.05497741699219,-50.0,50.0,-100.0,-100.0,100.0,100.0,100.0,-100.0,-300.0,300.0,125.66610717773438,-300.0,-300.0,300.0,0.0,0.0,0.0,0.0,150.0,150.0,79.83612060546875,150.0,150.0,-150.0,0.052163269370794296,-0.7435613870620728,0.017977748066186905,-0.0006302506662905216,0.017227571457624435,-0.27797776460647583,0.10116899013519287,0.21770112216472626,-0.29206863045692444,-0.02277439460158348,0.027118371799588203,-0.08326765149831772,-0.09179436415433884,0.039016447961330414,1.1452620029449463,1.022529125213623,-0.29954707622528076,0.005812394432723522,-0.41302576661109924,0.6422895193099976,0.7854984998703003,0.9417179822921753,0.9369848966598511,0.05237622931599617,1.4269859790802002,-0.28874385356903076,-1.859732985496521,-0.5826214551925659,0.1287648230791092,-0.16415439546108246,0.09169881790876389,-0.1159384697675705,0.15229806303977966,-0.049073226749897,0.06502767652273178,0.1734422892332077,0.10116974264383316,-0.023247627541422844,0.13370390236377716,0.027910448610782623,0.22238114476203918,-0.0376230850815773
1.7666667588055134,103,200.0,-200.0,200.0,2.16046142578125,-50.0,38.56256866455078,-100.0,-100.0,100.0,100.0,100.0,100.0,-7.8651123046875,300.0,300.0,-300.0,-300.0,-300.0,0.0,0.0,0.0,0.0,-150.0,65.65771484375,150.0,-76.189697265625,150.0,150.0,0.06714647263288498,-0.7012096643447876,0.016277430579066277,-0.00025174597976729274,0.030230605974793434,-0.24337409436702728,0.11406856775283813,0.22138100862503052,-0.26511985063552856,-0.007957803085446358,0.056505050510168076,-0.06832857429981232,-0.12925007939338684,0.02403540350496769,0.7319879531860352,2.638918876647949,-0.507422149181366,-0.013247992843389511,0.9309073090553284,1.9301214218139648,0.5768964886665344,0.12423065304756165,1.1918158531188965,0.6183024644851685,2.3823070526123047,1.0420513153076172,-2.636370897293091,-1.1233898401260376,0.1287648230791092,-0.16415439546108246,0.09169881790876389,-0.1159384697675705,0.15229806303977966,-0.049073226749897,0.06502767652273178,0.1734422892332077,0.10116974264383316,-0.023247627541422844,0.13370390236377716,0.027910448610782623,0.22238114476203918,-0.0376230850815773
1.7833334263414145,104,-200.0,200.0,200.0,50.0,-50.0,-6.191474914550781,-100.0,-100.0,100.0,100.0,100.0,100.0,-300.0,300.0,300.0,-300.0,-300.0,41.40411376953125,0.0,0.0,0.0,0.0,150.0,150.0,-150.0,150.0,150.0,150.0,0.07947856187820435,-0.6560304760932922,0.013242663815617561,-0.0002179990551667288,0.04131714999675751,-0.21353086829185486,0.12479021400213242,0.22177423536777496,-0.2575822174549103,0.0002771432918962091,0.10687953978776932,-0.06678113341331482,-0.165090873837471,0.008091294206678867,0.5614577531814575,2.6941046714782715,-0.5036361813545227,0.0012882242444902658,0.7684551477432251,1.6645530462265015,0.4850673973560333,0.005205310881137848,0.1676778644323349,0.3525647521018982,3.316474199295044,-0.46873801946640015,-1.7223501205444336,-0.9615873694419861,0.12641911208629608,-0.16408184170722961,0.039586376398801804,-0.1086953729391098,0.0631900355219841,-0.06212162226438522,0.08715640008449554,0.14323508739471436,0.13881537318229675,0.02245967462658882,0.09165875613689423,0.05127542465925217,0.14049117267131805,-0.02974577061831951
1.8000000938773155,105,200.0,-200.0,200.0,50.0,10.65478515625,50.0,-100.0,-100.0,100.0,100.0,100.0,100.0,-7.54608154296875,300.0,189.1759033203125,300.0,-300.0,300.0,0.0,0.0,0.0,0.0,-106.57208251953125,79.85791015625,150.0,150.0,150.0,150.0,0.07686664164066315,-0.5955405235290527,0.00989441853016615,-0.00022442927001975477,0.057079531252384186,-0.1753474622964859,0.1247609555721283,0.2130071371793747,-0.27190008759498596,-0.0003565650258678943,0.2056952863931656,-0.07729855179786682,-0.20820599794387817,-0.01534468587487936,-0.23949912190437317,3.6561379432678223,-0.2945556640625,-0.0004320241278037429,0.9758774638175964,2.1149802207946777,-0.14749929308891296,-0.5326974987983704,-1.4434173107147217,0.1122489720582962,6.771173477172852,-0.9946706295013428,-2.189720392227173,-1.3988896608352661,0.12641911208629608,-0.16408184170722961,0.039586376398801804,-0.1086953729391098,0.0631900355219841,-0.06212162226438522,0.08715640008449554,0.14323508739471436,0.13881537318229675,0.02245967462658882,0.09165875613689423,0.05127542465925217,0.14049117267131805,-0.02974577061831951
1.8166667614132166,106,-200.0,200.0,200.0,50.0,-50.0,38.59446334838867,3.9163818359375,-100.0,100.0,100.0,100.0,100.0,-300.0,300.0,300.0,139.89935302734375,-300.0,300.0,0.0,0.0,0.0,0.0,150.0,150.0,-150.0,150.0,150.0,150.0,0.0738651379942894,-0.5358791351318359,0.006440195720642805,-0.0001484741223976016,0.07037150859832764,-0.1425687074661255,0.12504792213439941,0.20486626029014587,-0.3051363229751587,-0.0021373839117586613,0.32991650700569153,-0.08672939240932465,-0.23129095137119293,-0.03575463593006134,-0.21581721305847168,3.486442804336548,-0.30008286237716675,0.0024528740905225277,0.8616912961006165,1.7973458766937256,-0.10287632793188095,-0.5053606629371643,-2.184281349182129,0.205110102891922,7.652831554412842,-0.5963578820228577,-1.2559494972229004,-1.2208058834075928,0.13569247722625732,-0.17588269710540771,0.01140930037945509,-0.09892116487026215,0.07653709501028061,-0.08290020376443863,0.11771634221076965,0.09536591917276382,0.1807684302330017,0.053307946771383286,0.059863947331905365,0.10390862077474594,0.09421878308057785,-0.015255661681294441
1.8333334289491177,107,-200.0,200.0,-200.0,36.837562561035156,50.0,29.164714813232422,-100.0,100.0,100.0,100.0,100.0,100.0,-300.0,300.0,-300.0,228.2293701171875,300.0,-300.0,0.0,0.0,0.0,0.0,150.0,150.0,-150.0,150.0,150.0,150.0,0.06117060035467148,-0.4862500727176666,0.015130378305912018,-0.018709443509578705,0.03066897764801979,-0.11982639133930206,0.1393319070339203,0.1908140480518341,-0.3550749719142914,-0.0008212628308683634,0.47730812430381775,-0.09446693956851959,-0.23945002257823944,-0.04657939448952675,-0.11874246597290039,1.8086771965026855,1.331130027770996,-2.6044561862945557,-6.117386341094971,0.41793251037597656,2.960130214691162,-0.416226863861084,-3.512577533721924,0.9794577360153198,9.139789581298828,-0.6030594110488892,0.5067520141601562,-0.4023042619228363,0.13569247722625732,-0.17588269710540771,0.01140930037945509,-0.09892116487026215,0.07653709501028061,-0.08290020376443863,0.11771634221076965,0.09536591917276382,0.1807684302330017,0.053307946771383286,0.059863947331905365,0.10390862077474594,0.09421878308057785,-0.015255661681294441
1.8500000964850187,108,200.0,-200.0,-200.0,16.167076110839844,-50.0,50.0,100.0,100.0,100.0,100.0,-100.0,100.0,-300.0,300.0,-300.0,300.0,-300.0,-300.0,0.0,0.0,0.0,0.0,150.0,-150.0,-150.0,-150.0,-150.0,150.0,0.06638887524604797,-0.476920485496521,0.031646400690078735,0.0011928961612284184,0.03152519464492798,0.00529530318453908,0.1444198489189148,0.1922764927148819,-0.3849360942840576,0.011582895182073116,0.602005124092102,-0.0770476907491684,-0.19199606776237488,-0.047214243561029434,-0.011608153581619263,1.8873835802078247,0.3815884590148926,0.6666628122329712,0.7107509970664978,5.685952186584473,0.025429394096136093,0.0009578689932823181,-0.9936277270317078,0.29641419649124146,6.867422580718994,1.5698292255401611,3.8578670024871826,-0.5331190824508667,0.12955093383789062,-0.12819303572177887,-0.10725056380033493,-0.14087402820587158,0.05904519557952881,-0.1069282665848732,0.026816915720701218,0.10866647213697433,0.11349104344844818,0.01974988356232643,0.05780753493309021,0.04735914617776871,-0.00409963633865118,0.023605694994330406
1.8666667640209198,109,-200.0,-200.0,200.0,1.574127197265625,-40.78352355957031,50.0,-100.0,100.0,100.0,100.0,48.8260498046875,100.0,-300.0,300.0,-97.80368041992188,300.0,-300.0,-300.0,0.0,0.0,0.0,0.0,150.0,-150.0,150.0,-150.0,-85.94580078125,-136.150634765625,0.061083972454071045,-0.4578826129436493,0.02716791070997715,0.00022771867224946618,0.019614938646554947,0.08824232965707779,0.12101931869983673,0.1945583075284958,-0.4541540741920471,0.004681473597884178,0.7517777681350708,-0.055716823786497116,-0.163219153881073,-0.03376094996929169,-0.5010011196136475,1.2749907970428467,-0.24840505421161652,0.022748732939362526,-0.47690123319625854,3.9447226524353027,-1.3064013719558716,-0.009786173701286316,-4.313526153564453,-0.023490265011787415,9.484312057495117,1.2215644121170044,1.6284860372543335,0.7860209941864014,0.12955093383789062,-0.12819303572177887,-0.10725056380033493,-0.14087402820587158,0.05904519557952881,-0.1069282665848732,0.026816915720701218,0.10866647213697433,0.11349104344844818,0.01974988356232643,0.05780753493309021,0.04735914617776871,-0.00409963633865118,0.023605694994330406
1.8833334315568209,110,-200.0,-200.0,200.0,50.0,-12.687736511230469,40.10032653808594,100.0,-100.0,100.0,100.0,-100.0,100.0,-300.0,300.0,300.0,-300.0,-300.0,-300.0,0.0,0.0,0.0,0.0,150.0,-150.0,150.0,150.0,-128.1143798828125,-150.0,0.056146927177906036,-0.4365837872028351,0.022437850013375282,0.0009549494134262204,0.0102884192019701,0.16632822155952454,0.1004442423582077,0.19586637616157532,-0.5243797302246094,-0.0012539741583168507,0.9005265235900879,-0.04197678342461586,-0.13859620690345764,-0.022997215390205383,-0.42756718397140503,1.4316344261169434,-0.2941035032272339,-0.03610650449991226,-0.5149824619293213,3.4160356521606445,-1.242720365524292,-0.16799192130565643,-4.2087554931640625,0.07561752945184708,8.876248359680176,0.9434385895729065,1.3582637310028076,0.681189775466919,0.16320286691188812,-0.18507960438728333,-0.10574530810117722,-0.15070107579231262,0.12999506294727325,-0.05552549660205841,0.03502761572599411,0.1435617208480835,0.09588929265737534,0.07793593406677246,0.0073472363874316216,0.07741625607013702,-0.00726610142737627,-0.011602163314819336
1.900000099092722,111,-200.0,-200.0,-200.0,1.7832794189453125,31.482803344726562,8.44769287109375,-100.0,100.0,100.0,100.0,-100.0,100.0,-300.0,300.0,-300.0,-300.0,-300.0,-300.0,0.0,0.0,0.0,0.0,150.0,150.0,-53.2435302734375,51.620849609375,-106.69287109375,-12.729072570800781,0.05535251274704933,-0.4230061173439026,0.031672313809394836,0.0017332463758066297,-0.010221962817013264,0.18592239916324615,0.08510931581258774,0.19836482405662537,-0.596569299697876,-0.001590447616763413,1.0337104797363281,-0.02569369226694107,-0.1186676099896431,-0.022694123908877373,0.1185791939496994,0.8987264037132263,0.5270373821258545,-0.04259786009788513,0.07713192701339722,-0.9153379201889038,-0.7020426988601685,0.09558308124542236,-4.226248264312744,0.37980619072914124,7.530148506164551,1.0225903987884521,1.1402840614318848,0.07605268806219101,0.16320286691188812,-0.18507960438728333,-0.10574530810117722,-0.15070107579231262,0.12999506294727325,-0.05552549660205841,0.03502761572599411,0.1435617208480835,0.09588929265737534,0.07793593406677246,0.0073472363874316216,0.07741625607013702,-0.00726610142737627,-0.011602163314819336
1.916666766628623,112,-200.0,-200.0,200.0,16.034103393554688,50.0,50.0,-100.0,-100.0,100.0,100.0,100.0,100.0,-300.0,300.0,300.0,300.0,103.6962890625,-300.0,0.0,0.0,0.0,0.0,150.0,150.0,-68.22955322265625,150.0,-150.0,150.0,0.05266152694821358,-0.4094541668891907,0.04023394733667374,-0.000909777416381985,-0.011913435533642769,0.1687331199645996,0.07454609125852585,0.19429181516170502,-0.6631940007209778,-0.004580062348395586,1.1368825435638428,-0.010520253330469131,-0.10134517401456833,-0.021535055711865425,-0.3794228434562683,0.9164651036262512,0.3970949053764343,-0.14004163444042206,0.43077051639556885,-1.5625526905059814,-0.6073504686355591,-0.5867431163787842,-3.741245746612549,0.21503297984600067,5.72759485244751,0.9171948432922363,0.9408122301101685,0.1053568497300148,0.20739583671092987,-0.16410081088542938,-0.09544160217046738,-0.171799436211586,0.13466863334178925,-0.013452908024191856,-0.0004448024556040764,0.09768397361040115,0.11137596517801285,0.08104702830314636,0.005627083592116833,0.18277588486671448,-0.026759756729006767,0.0287899449467659
1.933333434164524,113,-200.0,-200.0,-200.0,-50.0,-50.0,-9.932533264160156,-100.0,100.0,100.0,100.0,-100.0,100.0,-300.0,300.0,-300.0,300.0,-300.0,-300.0,0.0,0.0,0.0,0.0,150.0,150.0,-150.0,-21.219970703125,-6.48876953125,38.42962646484375,0.04923363775014877,-0.3920614719390869,0.05887136235833168,-0.002918224548920989,-0.015200350433588028,0.15278862416744232,0.06772622466087341,0.18968375027179718,-0.7066522240638733,-0.014864034950733185,1.215842843055725,0.018838519230484962,-0.09373699873685837,-0.012596048414707184,-0.03721959888935089,1.0849575996398926,1.0105865001678467,0.030793052166700363,-0.19111306965351105,-0.9159347414970398,-0.39599838852882385,-0.47071826457977295,-2.4021012783050537,-0.25756973028182983,4.452592849731445,1.744157314300537,0.4292820692062378,0.4944077134132385,0.20739583671092987,-0.16410081088542938,-0.09544160217046738,-0.171799436211586,0.13466863334178925,-0.013452908024191856,-0.0004448024556040764,0.09768397361040115,0.11137596517801285,0.08104702830314636,0.005627083592116833,0.18277588486671448,-0.026759756729006767,0.0287899449467659
1.9500001017004251,114,-200.0,-200.0,-200.0,-50.0,50.0,-50.0,-100.0,-100.0,100.0,100.0,100.0,100.0,-300.0,300.0,300.0,-300.0,-300.0,13.188873291015625,0.0,0.0,0.0,0.0,150.0,150.0,150.0,6.4249267578125,150.0,-150.0,0.048073649406433105,-0.3754572570323944,0.07465038448572159,-0.0016867906088009477,-0.020451055839657784,0.14210964739322662,0.061462514102458954,0.18896213173866272,-0.7433694005012512,-0.022988565266132355,1.280343770980835,0.045409683138132095,-0.08708517998456955,-0.0037376482505351305,0.01523870974779129,1.1791887283325195,0.7818949222564697,0.012702450156211853,0.053791359066963196,-1.0371438264846802,-0.41587772965431213,-0.23474840819835663,-2.111227035522461,-0.26231467723846436,3.6226677894592285,1.4734750986099243,0.39907312393188477,0.43313029408454895,0.24113723635673523,-0.22255222499370575,-0.1230572834610939,-0.1608014553785324,0.09366484731435776,-0.04129679501056671,-0.003911523148417473,0.12940582633018494,0.10086251050233841,0.05924060568213463,0.034770648926496506,0.1846049726009369,-0.014452577568590641,0.008037958294153214
1.9666667692363262,115,-159.37451171875,-200.0,200.0,5.234275817871094,-2.7498779296875,-16.52190589904785,-100.0,100.0,100.0,100.0,-100.0,100.0,-300.0,300.0,22.071533203125,-15.5087890625,-300.0,-300.0,0.0,0.0,0.0,0.0,150.0,150.0,150.0,-4.201416015625,7.43084716796875,14.48486328125,0.03992708399891853,-0.35721758008003235,0.0918249562382698,-0.001961431000381708,-0.02336352877318859,0.1278320848941803,0.05075671523809433,0.17997311055660248,-0.7833245396614075,-0.025630753487348557,1.337933897972107,0.06810684502124786,-0.07840240746736526,-0.0007524180691689253,-0.4863508343696594,1.2856453657150269,0.8854548931121826,-0.01834917441010475,0.17768119275569916,-1.2168481349945068,-0.7119565606117249,-0.7769190073013306,-2.4155895709991455,0.25669974088668823,3.418011426925659,1.2557766437530518,0.5000698566436768,0.10711482167243958,0.24113723635673523,-0.22255222499370575,-0.1230572834610939,-0.1608014553785324,0.09366484731435776,-0.04129679501056671,-0.003911523148417473,0.12940582633018494,0.10086251050233841,0.05924060568213463,0.034770648926496506,0.1846049726009369,-0.014452577568590641,0.008037958294153214
1.9833334367722273,116,-200.0,-200.0,200.0,-4.032344818115234,50.0,50.0,-100.0,-100.0,100.0,100.0,100.0,100.0,-300.0,300.0,-76.1407470703125,300.0,-300.0,-286.06634521484375,0.0,0.0,0.0,0.0,150.0,150.0,150.0,150.0,-150.0,150.0,0.031721316277980804,-0.3381631672382355,0.10476424545049667,-0.0015694692265242338,-0.025558823719620705,0.11420289427042007,0.04056164249777794,0.1683778017759323,-0.8238418102264404,-0.028445200994610786,1.3885395526885986,0.08712878823280334,-0.07072265446186066,0.001391540514305234,-0.48909467458724976,1.32413649559021,0.6995174288749695,-0.02205340564250946,0.1893271505832672,-1.1728236675262451,-0.6122558116912842,-0.8428841829299927,-2.3498196601867676,0.2995108664035797,2.8895087242126465,1.0657992362976074,0.434306263923645,0.08383842557668686,0.23428091406822205,-0.20521864295005798,-0.11665128916501999,-0.14070814847946167,0.09402228146791458,-0.06702890247106552,-0.023637805134058,0.11263705790042877,0.1315833479166031,0.08808588981628418,0.024971352890133858,0.2076273113489151,-0.024608194828033447,0.04378890246152878
2.0000001043081284,117,-200.0,-200.0,-200.0,-38.18113708496094,-50.0,-38.72859191894531,-100.0,100.0,100.0,100.0,-100.0,100.0,-300.0,300.0,-300.0,300.0,-300.0,-300.0,0.0,0.0,0.0,0.0,150.0,150.0,106.8316650390625,-18.5472412109375,-49.41120910644531,13.528076171875,0.020433489233255386,-0.3175378739833832,0.11784117668867111,-0.0018095934065058827,-0.029792552813887596,0.10187608003616333,0.038424838334321976,0.15562239289283752,-0.856895387172699,-0.028938107192516327,1.4274781942367554,0.10668981820344925,-0.06675951182842255,0.010653494857251644,-0.5876858830451965,1.360303521156311,0.7676825523376465,-0.009099476039409637,0.056907713413238525,-1.0851991176605225,-0.12881073355674744,-0.6991940140724182,-1.8776416778564453,0.4133424162864685,2.1364638805389404,1.1235555410385132,0.23827111721038818,0.4930679500102997,0.23428091406822205,-0.20521864295005798,-0.11665128916501999,-0.14070814847946167,0.09402228146791458,-0.06702890247106552,-0.023637805134058,0.11263705790042877,0.1315833479166031,0.08808588981628418,0.024971352890133858,0.2076273113489151,-0.024608194828033447,0.04378890246152878
2.0166667718440294,118,-200.0,-200.0,-200.0,50.0,25.2720947265625,-50.0,36.320068359375,-100.0,100.0,-100.0,100.0,100.0,-300.0,300.0,151.05767822265625,-103.4559326171875,-300.0,131.84100341796875,0.0,0.0,0.0,0.0,150.0,150.0,150.0,150.0,-56.42369079589844,79.69229125976562,0.01046119537204504,-0.2978074252605438,0.12865017354488373,-0.001654906664043665,-0.03321387618780136,0.08798019587993622,0.036701083183288574,0.14708943665027618,-0.8875007033348083,-0.027897188439965248,1.4550039768218994,0.12352977693080902,-0.0633637085556984,0.018689095973968506,-0.5787172317504883,1.339749813079834,0.5896485447883606,-0.017889082431793213,0.2087719440460205,-1.145457148551941,-0.16900207102298737,-0.5081866383552551,-1.7283681631088257,0.37539470195770264,1.4447693824768066,0.9552146792411804,0.2058575302362442,0.40766146779060364,0.25003236532211304,-0.23105262219905853,-0.14222575724124908,-0.12113756686449051,0.07422277331352234,-0.07745755463838577,-0.03548864275217056,0.1221589595079422,0.11534970998764038,0.11503913998603821,0.047988325357437134,0.22724297642707825,-0.024846497923135757,0.04756245017051697
2.0333334393799305,119,197.20654296875,-200.0,200.0,19.451099395751953,-33.673248291015625,-16.905391693115234,-100.0,100.0,100.0,0.6375579833984375,-100.0,100.0,-300.0,300.0,-155.3851318359375,155.697265625,-300.0,-300.0,0.0,0.0,0.0,0.0,150.0,150.0,150.0,-23.868896484375,2.9555206298828125,23.445709228515625,-0.001520794932730496,-0.2768932282924652,0.13997523486614227,-0.003101383103057742,-0.03748006373643875,0.07274428009986877,0.03456217423081398,0.1364971101284027,-0.9184569120407104,-0.02238624356687069,1.4766433238983154,0.14092394709587097,-0.061304718255996704,0.026180436834692955,-0.6846482753753662,1.3683934211730957,0.6546791195869446,-0.0064764199778437614,0.1325315535068512,-1.1218894720077515,-0.16305837035179138,-0.5530325770378113,-1.8344961404800415,0.6951935291290283,1.2571793794631958,0.991273045539856,0.1334494948387146,0.38183242082595825,0.25003236532211304,-0.23105262219905853,-0.14222575724124908,-0.12113756686449051,0.07422277331352234,-0.07745755463838577,-0.03548864275217056,0.1221589595079422,0.11534970998764038,0.11503913998603821,0.047988325357437134,0.22724297642707825,-0.024846497923135757,0.04756245017051697
2.0500001069158316,120,-200.0,-200.0,-200.0,50.0,45.159210205078125,50.0,100.0,-100.0,100.0,-100.0,100.0,100.0,-300.0,300.0,300.0,23.48455810546875,-300.0,-300.0,0.0,0.0,0.0,0.0,150.0,150.0,150.0,150.0,-150.0,100.23724365234375,-0.011902345344424248,-0.25666823983192444,0.14888247847557068,-0.00239723757840693,-0.040457602590322495,0.05924978107213974,0.032223477959632874,0.1268821656703949,-0.9495748281478882,-0.01685459539294243,1.4920604228973389,0.1556202918291092,-0.05928925797343254,0.03242381289601326,-0.6300614476203918,1.3833926916122437,0.5036295652389526,0.016131918877363205,0.28544607758522034,-1.117111086845398,-0.16936855018138885,-0.5034183263778687,-1.7737679481506348,0.6442493796348572,0.7920070290565491,0.8396693468093872,0.12246795743703842,0.31697341799736023,0.2699083387851715,-0.24048377573490143,-0.15807238221168518,-0.11458287388086319,0.05631277710199356,-0.10100375860929489,-0.04137469455599785,0.12982867658138275,0.12381653487682343,0.1393248438835144,0.04850440099835396,0.24806389212608337,-0.048210687935352325,0.05218822509050369
2.0666667744517326,121,-34.07470703125,-200.0,-200.0,20.536178588867188,-11.72039794921875,-21.75579071044922,-42.37139892578125,100.0,100.0,-100.0,-100.0,100.0,-300.0,300.0,6.3924560546875,-24.07464599609375,-300.0,-300.0,0.0,0.0,0.0,0.0,150.0,150.0,150.0,-8.52685546875,-9.0428466796875,4.62213134765625,-0.02376159280538559,-0.23983849585056305,0.16053004562854767,-0.002533877035602927,-0.04243311285972595,0.04603709280490875,0.028458649292588234,0.11692459136247635,-0.9842674732208252,-0.010415958240628242,1.5012034177780151,0.17130890488624573,-0.06438734382390976,0.03856661915779114,-0.6326931118965149,1.1137453317642212,0.6845688223838806,-0.004337601363658905,0.4951073229312897,-1.0133941173553467,-0.24550987780094147,-0.3761737644672394,-2.0134665966033936,0.7180925607681274,0.43457117676734924,0.8920711278915405,-0.27381396293640137,0.33898526430130005,0.2699083387851715,-0.24048377573490143,-0.15807238221168518,-0.11458287388086319,0.05631277710199356,-0.10100375860929489,-0.04137469455599785,0.12982867658138275,0.12381653487682343,0.1393248438835144,0.04850440099835396,0.24806389212608337,-0.048210687935352325,0.05218822509050369
2.0833334419876337,122,200.0,-200.0,-200.0,9.428874969482422,20.204376220703125,50.0,100.0,-100.0,100.0,-100.0,100.0,100.0,-300.0,300.0,300.0,-300.0,-300.0,-300.0,0.0,0.0,0.0,0.0,150.0,150.0,150.0,40.488037109375,-150.0,150.0,-0.03410521149635315,-0.22356416285037994,0.16987043619155884,-0.002187417121604085,-0.04229574277997017,0.03225209191441536,0.024883301928639412,0.10866981744766235,-1.017395257949829,-0.003916521091014147,1.5015883445739746,0.1845909059047699,-0.06853818148374557,0.04374457150697708,-0.5677701234817505,1.07596755027771,0.5636979937553406,-0.008586227893829346,0.7860527038574219,-1.0703411102294922,-0.21208706498146057,-0.2822587192058563,-1.881441354751587,0.6500904560089111,-0.1669897735118866,0.7565575242042542,-0.22493118047714233,0.2775353491306305,0.288697749376297,-0.25977030396461487,-0.1681521087884903,-0.11532735079526901,0.044106774032115936,-0.106737419962883,-0.031493544578552246,0.1268390417098999,0.11719608306884766,0.1627655327320099,0.045984525233507156,0.25189125537872314,-0.06416123360395432,0.074036605656147
2.1000001095235348,123,89.66552734375,-200.0,-200.0,19.565166473388672,-21.957595825195312,-23.533554077148438,100.0,100.0,100.0,-100.0,-100.0,100.0,-300.0,300.0,95.8973388671875,-300.0,-300.0,-300.0,0.0,0.0,0.0,0.0,150.0,150.0,150.0,-16.57232666015625,-25.14422607421875,1.2464599609375,-0.044007718563079834,-0.2106858789920807,0.18223020434379578,-0.0026151135098189116,-0.039364855736494064,0.01835973933339119,0.021413713693618774,0.10140085965394974,-1.0505906343460083,0.00195853179320693,1.4935002326965332,0.19662874937057495,-0.07689498364925385,0.05255863443017006,-0.5255830883979797,0.8482446670532227,0.7270354628562927,-0.0062315091490745544,0.7757174968719482,-1.0053743124008179,-0.22912773489952087,-0.27568578720092773,-1.8848410844802856,0.6126388311386108,-0.640041708946228,0.6859736442565918,-0.44091495871543884,0.5070719122886658,0.288697749376297,-0.25977030396461487,-0.1681521087884903,-0.11532735079526901,0.044106774032115936,-0.106737419962883,-0.031493544578552246,0.1268390417098999,0.11719608306884766,0.1627655327320099,0.045984525233507156,0.25189125537872314,-0.06416123360395432,0.074036605656147
2.116666777059436,124,200.0,-200.0,-200.0,14.295774459838867,-25.652694702148438,9.292526245117188,100.0,-100.0,100.0,-100.0,63.489990234375,100.0,-300.0,300.0,300.0,-300.0,-300.0,-228.63470458984375,0.0,0.0,0.0,0.0,150.0,150.0,150.0,-150.0,150.0,-123.76849365234375,-0.05240167677402496,-0.19856347143650055,0.19235078990459442,-0.0024440460838377476,-0.038788821548223495,0.005043879617005587,0.01795634813606739,0.09418459981679916,-1.080723524093628,0.007337647955864668,1.4760032892227173,0.20679470896720886,-0.08387062698602676,0.06006576120853424,-0.45612576603889465,0.8002455234527588,0.5975028872489929,-0.00047022290527820587,0.6731931567192078,-0.9908056259155273,-0.22503863275051117,-0.2781135141849518,-1.6971075534820557,0.5612569451332092,-1.235904574394226,0.5897992849349976,-0.36631134152412415,0.42853549122810364,0.3031076490879059,-0.2777375280857086,-0.1662740558385849,-0.1013256311416626,0.048364944756031036,-0.12872499227523804,-0.01372862234711647,0.13421203196048737,0.12601566314697266,0.18281134963035583,0.04266713187098503,0.23449242115020752,-0.05296030268073082,0.06597499549388885
2.133333444595337,125,200.0,-200.0,-200.0,33.548011779785156,-27.1578369140625,-22.427337646484375,100.0,100.0,100.0,-100.0,-100.0,100.0,-300.0,300.0,137.897705078125,-300.0,-300.0,-300.0,0.0,0.0,0.0,0.0,150.0,150.0,150.0,-21.391265869140625,-19.038375854492188,22.882354736328125,-0.0611189641058445,-0.189165398478508,0.20462000370025635,-0.002546480391174555,-0.03652280196547508,-0.007909109815955162,0.015189021825790405,0.08627341687679291,-1.1068189144134521,0.01605857163667679,1.4472893476486206,0.21270810067653656,-0.08651916682720184,0.06477030366659164,-0.47657763957977295,0.625015377998352,0.7176278829574585,-0.018028927966952324,0.7071493268013,-1.0010842084884644,-0.21342143416404724,-0.26831328868865967,-1.4376161098480225,0.7351158857345581,-1.942824125289917,0.3471854031085968,-0.13495899736881256,0.25351306796073914,0.3031076490879059,-0.2777375280857086,-0.1662740558385849,-0.1013256311416626,0.048364944756031036,-0.12872499227523804,-0.01372862234711647,0.13421203196048737,0.12601566314697266,0.18281134963035583,0.04266713187098503,0.23449242115020752,-0.05296030268073082,0.06597499549388885
2.150000112131238,126,200.0,-200.0,-200.0,29.47868537902832,-5.094367980957031,-22.330642700195312,100.0,-100.0,100.0,-100.0,33.028564453125,100.0,-300.0,262.19525146484375,132.5654296875,-300.0,-150.6708984375,-300.0,0.0,0.0,0.0,0.0,150.0,150.0,150.0,-150.0,150.0,-150.0,-0.06866409629583359,-0.1810717135667801,0.21455198526382446,-0.0026249960064888,-0.03695793077349663,-0.02154560014605522,0.011639703996479511,0.07752081751823425,-1.128937005996704,0.02312200888991356,1.4076224565505981,0.21752241253852844,-0.08876179903745651,0.0688643828034401,-0.42686501145362854,0.5477305054664612,0.592976450920105,-0.015217788517475128,0.6164119243621826,-0.9812464714050293,-0.22208139300346375,-0.3123360872268677,-1.2103703022003174,0.6470196843147278,-2.569910764694214,0.28837358951568604,-0.11460158973932266,0.2257591038942337,0.3013927638530731,-0.27865132689476013,-0.16060234606266022,-0.10282391309738159,0.04218423366546631,-0.1382242739200592,0.004678887315094471,0.1322680413722992,0.14387546479701996,0.19603940844535828,0.025738079100847244,0.20654296875,-0.043348293751478195,0.05551286041736603
2.166666779667139,127,200.0,-200.0,-200.0,46.64710998535156,-11.252723693847656,-19.865036010742188,100.0,100.0,100.0,-100.0,-100.0,100.0,-300.0,300.0,-41.89849853515625,-24.0328369140625,-300.0,-300.0,0.0,0.0,0.0,0.0,150.0,150.0,150.0,-3.790200710296631,-26.661270141601562,4.5602264404296875,-0.07677964866161346,-0.1771565079689026,0.22470611333847046,-0.0025992582086473703,-0.033971887081861496,-0.033843982964754105,0.010351660661399364,0.06841640174388885,-1.1468982696533203,0.02855459414422512,1.3551876544952393,0.2171775996685028,-0.0875743180513382,0.07043354958295822,-0.4861297011375427,0.290058970451355,0.5929341316223145,-0.0201377235352993,0.7427718639373779,-0.9542145729064941,-0.1476534903049469,-0.39072829484939575,-0.9296557307243347,0.5732983946800232,-3.3972175121307373,-0.005555487237870693,0.06678205728530884,0.06679068505764008,0.3013927638530731,-0.27865132689476013,-0.16060234606266022,-0.10282391309738159,0.04218423366546631,-0.1382242739200592,0.004678887315094471,0.1322680413722992,0.14387546479701996,0.19603940844535828,0.025738079100847244,0.20654296875,-0.043348293751478195,0.05551286041736603
2.18333344720304,128,200.0,-200.0,-200.0,37.075069427490234,6.253387451171875,-25.789207458496094,100.0,-100.0,100.0,-100.0,-100.0,100.0,-300.0,300.0,-270.10711669921875,8.33331298828125,265.864013671875,-300.0,0.0,0.0,0.0,0.0,150.0,150.0,150.0,-150.0,150.0,53.55693054199219,-0.0840432345867157,-0.1747627854347229,0.23297861218452454,-0.00290787685662508,-0.03359437733888626,-0.04744112119078636,0.00803342554718256,0.059664029628038406,-1.1602799892425537,0.03252973407506943,1.2910583019256592,0.21658603847026825,-0.0867120549082756,0.07181442528963089,-0.4612917900085449,0.20327505469322205,0.5042073130607605,-0.033674098551273346,0.644804835319519,-0.9583785533905029,-0.1458970606327057,-0.3883240520954132,-0.7114535570144653,0.4755856990814209,-4.019172191619873,-0.010881345719099045,0.051674388349056244,0.07546025514602661,0.2930234670639038,-0.28371548652648926,-0.14834631979465485,-0.10270553082227707,0.039892248809337616,-0.15044516324996948,0.010919203981757164,0.12612099945545197,0.16630274057388306,0.18776609003543854,0.019875649362802505,0.18912391364574432,-0.02784835174679756,0.06018504500389099
2.200000114738941,129,200.0,-200.0,-200.0,38.691062927246094,-6.833423614501953,-17.301536560058594,100.0,37.2626953125,100.0,-100.0,-100.0,100.0,-300.0,300.0,-179.79541015625,173.0926513671875,-300.0,-300.0,0.0,0.0,0.0,0.0,150.0,150.0,150.0,-6.6491851806640625,-38.85321044921875,-0.9325485229492188,-0.09142984449863434,-0.17478816211223602,0.23953305184841156,-0.0028123080264776945,-0.03147013485431671,-0.06005285307765007,0.00920997653156519,0.05132703483104706,-1.1670182943344116,0.03583639860153198,1.2132643461227417,0.2134430855512619,-0.08128715306520462,0.07412159442901611,-0.4874798655509949,0.05566582828760147,0.3861216604709625,-0.018341487273573875,0.6602655649185181,-0.9182596206665039,-0.009236296638846397,-0.4008072018623352,-0.2775864005088806,0.41575193405151367,-4.9022722244262695,-0.1481272280216217,0.31212735176086426,0.09993959963321686,0.2930234670639038,-0.28371548652648926,-0.14834631979465485,-0.10270553082227707,0.039892248809337616,-0.15044516324996948,0.010919203981757164,0.12612099945545197,0.16630274057388306,0.18776609003543854,0.019875649362802505,0.18912391364574432,-0.02784835174679756,0.06018504500389099
2.2166667822748423,130,200.0,-200.0,-200.0,50.0,-9.922208786010742,-9.288764953613281,100.0,-100.0,-100.0,-100.0,-100.0,100.0,-300.0,300.0,-300.0,-3.48345947265625,217.896484375,-300.0,0.0,0.0,0.0,0.0,150.0,150.0,66.70791625976562,-129.50827026367188,150.0,150.0,-0.09774840623140335,-0.17640922963619232,0.24484854936599731,-0.0030789640732109547,-0.032739944756031036,-0.07329016923904419,0.008926852606236935,0.04402759671211243,-1.1698499917984009,0.03795062378048897,1.1246247291564941,0.21055129170417786,-0.07690243422985077,0.07616835087537766,-0.438753604888916,-0.02644684910774231,0.32446861267089844,-0.03289288654923439,0.498639315366745,-0.9149715304374695,-0.03968648612499237,-0.36301103234291077,-0.11165487766265869,0.3217814564704895,-5.432779788970947,-0.11792343109846115,0.25456395745277405,0.09966681152582169,0.28260958194732666,-0.2942522466182709,-0.13470442593097687,-0.11075379699468613,0.041850797832012177,-0.17483651638031006,0.008327138610184193,0.11844971776008606,0.18134918808937073,0.1791338324546814,0.007720296271145344,0.17900845408439636,-0.01544512901455164,0.07281223684549332
2.2333334498107433,131,159.42333984375,-200.0,-200.0,27.95488739013672,3.751692771911621,-6.230110168457031,100.0,-43.572998046875,100.0,-100.0,-100.0,100.0,-300.0,300.0,-295.005859375,265.09503173828125,-300.0,-300.0,0.0,0.0,0.0,0.0,150.0,150.0,75.08576202392578,-28.332962036132812,-44.7803955078125,-5.0176544189453125,-0.10315313190221786,-0.17769567668437958,0.24815194308757782,-0.0032615303061902523,-0.033193740993738174,-0.0866796150803566,0.009367186576128006,0.03666609898209572,-1.1658598184585571,0.03781861811876297,1.0238901376724243,0.2067173719406128,-0.06946194171905518,0.08062273263931274,-0.397738516330719,-0.033555708825588226,0.19429077208042145,-0.019639868289232254,0.565007209777832,-0.9103754162788391,-0.05140088126063347,-0.4456486701965332,0.31860044598579407,0.21287275850772858,-6.201587677001953,-0.16787636280059814,0.43717247247695923,0.21480196714401245,0.28260958194732666,-0.2942522466182709,-0.13470442593097687,-0.11075379699468613,0.041850797832012177,-0.17483651638031006,0.008327138610184193,0.11844971776008606,0.18134918808937073,0.1791338324546814,0.007720296271145344,0.17900845408439636,-0.01544512901455164,0.07281223684549332
2.2500001173466444,132,200.0,-200.0,-200.0,50.0,-28.477209091186523,4.589847564697266,100.0,-38.9407958984375,3.18084716796875,-100.0,-100.0,100.0,-300.0,300.0,-300.0,77.44573974609375,300.0,-300.0,0.0,0.0,0.0,0.0,150.0,150.0,-73.26710510253906,-150.0,150.0,150.0,-0.10760850459337234,-0.18038798868656158,0.25094953179359436,-0.0035081813111901283,-0.035248760133981705,-0.1005326583981514,0.008879812434315681,0.030166082084178925,-1.1596273183822632,0.036984268575906754,0.9153513312339783,0.20336511731147766,-0.06335607916116714,0.08457162976264954,-0.3580792248249054,-0.09840404242277145,0.16767065227031708,-0.03838241100311279,0.49485740065574646,-0.9302756190299988,-0.07684504240751266,-0.3919079601764679,0.38189074397087097,0.1528153419494629,-6.512351036071777,-0.12479540705680847,0.35953575372695923,0.1933329552412033,0.26114460825920105,-0.30345237255096436,-0.11597087234258652,-0.13182243704795837,0.04261057823896408,-0.18453159928321838,-0.004987126216292381,0.11177428066730499,0.19178178906440735,0.17849238216876984,-0.003723117522895336,0.1587776243686676,-0.0053635211661458015,0.09166105836629868
2.2666667848825455,133,-200.0,-200.0,-79.01853942871094,6.210716247558594,-27.509490966796875,6.718900680541992,100.0,-100.0,100.0,-100.0,-100.0,100.0,-300.0,300.0,-300.0,300.0,-300.0,-300.0,0.0,0.0,0.0,0.0,150.0,150.0,-150.0,-64.00347900390625,-42.3626708984375,-12.350677490234375,-0.11091824620962143,-0.17901669442653656,0.2497383952140808,-0.0038421740755438805,-0.03513699769973755,-0.11548291891813278,0.009666716679930687,0.023515118286013603,-1.1442668437957764,0.03049236536026001,0.7970037460327148,0.19778914749622345,-0.05532511696219444,0.09196199476718903,-0.2899685800075531,0.17395228147506714,-0.055810246616601944,-0.035166166722774506,0.6188914775848389,-1.024770975112915,-0.014519374817609787,-0.6065237522125244,0.9673366546630859,-0.11010801792144775,-7.140193462371826,-0.25932252407073975,0.4872473478317261,0.37098777294158936,0.26114460825920105,-0.30345237255096436,-0.11597087234258652,-0.13182243704795837,0.04261057823896408,-0.18453159928321838,-0.004987126216292381,0.11177428066730499,0.19178178906440735,0.17849238216876984,-0.003723117522895336,0.1587776243686676,-0.0053635211661458015,0.09166105836629868
2.2833334524184465,134,-32.7386474609375,-200.0,200.0,50.0,-42.820594787597656,24.189273834228516,100.0,38.63134765625,34.22808837890625,-100.0,-100.0,100.0,-300.0,300.0,-300.0,300.0,-277.63037109375,-300.0,0.0,0.0,0.0,0.0,150.0,150.0,-150.0,-150.0,79.4671630859375,150.0,-0.11346128582954407,-0.1785712093114853,0.24883709847927094,-0.004022861365228891,-0.03568308427929878,-0.131320059299469,0.00988209992647171,0.017886415123939514,-1.1291918754577637,0.024799110367894173,0.6770788431167603,0.19268468022346497,-0.04862865433096886,0.09833091497421265,-0.22926577925682068,0.12099557369947433,-0.044059935957193375,-0.018262671306729317,0.4724979102611542,-1.0090235471725464,-0.03514163941144943,-0.5070790648460388,0.8668992519378662,-0.1042322963476181,-7.032828330993652,-0.19885089993476868,0.40994179248809814,0.33153754472732544,0.23975752294063568,-0.30821889638900757,-0.10328198224306107,-0.15870217978954315,0.049294982105493546,-0.1972026526927948,-0.02962169423699379,0.10775323957204819,0.20353975892066956,0.17672263085842133,-0.013620956800878048,0.13326571881771088,-0.00036442861892282963,0.11164294928312302
2.3000001199543476,135,-200.0,-200.0,16.756500244140625,3.495635986328125,-10.12921142578125,13.10904312133789,100.0,-100.0,100.0,-100.0,-100.0,-37.9578857421875,-300.0,300.0,-300.0,300.0,-300.0,-300.0,0.0,0.0,0.0,0.0,150.0,150.0,-150.0,-89.8946533203125,-68.77352905273438,-38.8564453125,-0.11667933315038681,-0.17535436153411865,0.24412062764167786,-0.00447954423725605,-0.034206051379442215,-0.14880995452404022,0.01107884757220745,0.011843139305710793,-1.1102769374847412,0.01278706919401884,0.554537296295166,0.18496659398078918,-0.041361577808856964,0.1081806868314743,-0.26338469982147217,0.27280911803245544,-0.21029141545295715,-0.02183501236140728,0.6554619669914246,-1.0928394794464111,0.04967009276151657,-0.7055676579475403,1.1201376914978027,-0.3809821903705597,-7.230963230133057,-0.37566259503364563,0.46663546562194824,0.5109313130378723,0.23975752294063568,-0.30821889638900757,-0.10328198224306107,-0.15870217978954315,0.049294982105493546,-0.1972026526927948,-0.02962169423699379,0.10775323957204819,0.20353975892066956,0.17672263085842133,-0.013620956800878048,0.13326571881771088,-0.00036442861892282963,0.11164294928312302
2.3166667874902487,136,-200.0,-200.0,200.0,33.615814208984375,-50.0,34.49462127685547,100.0,36.147705078125,-100.0,-100.0,-100.0,100.0,-300.0,300.0,-300.0,300.0,300.0,-300.0,0.0,0.0,0.0,0.0,150.0,150.0,-150.0,-150.0,150.0,129.66339111328125,-0.11959069967269897,-0.17195308208465576,0.2408415526151657,-0.004558950662612915,-0.0330219566822052,-0.16716989874839783,0.013530437834560871,0.006789966020733118,-1.093693733215332,0.0025434326380491257,0.43811270594596863,0.1778048872947693,-0.03513600304722786,0.11657696962356567,-0.238591730594635,0.2702246308326721,-0.17238448560237885,-0.01839243806898594,0.6474126577377319,-1.0967174768447876,0.03299736976623535,-0.5662745237350464,0.9081271290779114,-0.3263532519340515,-6.690889358520508,-0.300188809633255,0.398490846157074,0.4512767791748047,0.2145586609840393,-0.3078608214855194,-0.07595235109329224,-0.17869798839092255,0.05290976166725159,-0.20449304580688477,-0.04231993854045868,0.08844947069883347,0.20931480824947357,0.18908704817295074,-0.03130374848842621,0.096986785531044,0.01439501903951168,0.123916395008564
2.3333334550261497,137,-200.0,-200.0,-200.0,-0.8021774291992188,-11.930221557617188,9.653255462646484,100.0,-100.0,-14.2396240234375,-100.0,-100.0,-100.0,-300.0,300.0,-300.0,300.0,-300.0,-250.29547119140625,0.0,0.0,0.0,0.0,150.0,150.0,-150.0,-109.22930908203125,-107.8031005859375,-36.27264404296875,-0.12466497719287872,-0.1665145456790924,0.23460738360881805,-0.004326803144067526,-0.027441220358014107,-0.18547657132148743,0.019640767946839333,0.0024438882246613503,-1.0693856477737427,-0.01124664582312107,0.3137246370315552,0.16661864519119263,-0.025010759010910988,0.12638840079307556,-0.3882734477519989,0.42777153849601746,-0.3177911043167114,-0.032250262796878815,1.049907922744751,-1.2025837898254395,0.18315303325653076,-0.6799110174179077,1.4750804901123047,-0.5231806635856628,-7.461349010467529,-0.5552226305007935,0.6205480098724365,0.49796897172927856,0.2145586609840393,-0.3078608214855194,-0.07595235109329224,-0.17869798839092255,0.05290976166725159,-0.20449304580688477,-0.04231993854045868,0.08844947069883347,0.20931480824947357,0.18908704817295074,-0.03130374848842621,0.096986785531044,0.01439501903951168,0.123916395008564
2.350000122562051,138,-200.0,-200.0,-62.20068359375,50.0,-39.99395751953125,-23.345409393310547,100.0,100.0,-100.0,-100.0,-100.0,100.0,-300.0,300.0,-300.0,300.0,300.0,-300.0,0.0,0.0,0.0,0.0,150.0,150.0,-150.0,-150.0,-150.0,141.22637939453125,-0.12922973930835724,-0.1612318754196167,0.22915443778038025,-0.004525187890976667,-0.021562548354268074,-0.206114262342453,0.024449480697512627,-0.0008259708993136883,-1.0476398468017578,-0.022691641002893448,0.1948595494031906,0.15620659291744232,-0.01654498279094696,0.13474056124687195,-0.32792431116104126,0.40728113055229187,-0.27199193835258484,-0.03398121893405914,0.8050286769866943,-1.2192456722259521,0.17721344530582428,-0.5288621783256531,1.2153778076171875,-0.44015783071517944,-6.839674949645996,-0.46288546919822693,0.5259010791778564,0.44445279240608215,0.17542514204978943,-0.310481458902359,-0.043913550674915314,-0.19783446192741394,0.05080023407936096,-0.2066950500011444,-0.05043670907616615,0.06697157770395279,0.21020828187465668,0.19689692556858063,-0.04716655611991882,0.06464233249425888,0.01113862730562687,0.137159064412117
2.366666790097952,139,-200.0,-200.0,-200.0,18.438140869140625,-33.37815856933594,7.922290325164795,100.0,-100.0,-100.0,-100.0,-100.0,-100.0,-300.0,300.0,-300.0,300.0,-300.0,-255.88201904296875,0.0,0.0,0.0,0.0,150.0,150.0,-150.0,-93.76910400390625,-150.0,-80.2490234375,-0.1347448080778122,-0.15301308035850525,0.21778039634227753,-0.004443878307938576,-0.014255054295063019,-0.22724810242652893,0.033303651958703995,-0.00521489605307579,-1.016154408454895,-0.03740422800183296,0.06409240514039993,0.14293967187404633,-0.009563849307596684,0.14484408497810364,-0.41796720027923584,0.619806706905365,-0.6139148473739624,-0.042359959334135056,1.060840129852295,-1.35274338722229,0.30173879861831665,-0.7521876692771912,1.926453709602356,-0.5756496787071228,-7.932708263397217,-0.6706348061561584,0.44058841466903687,0.5366913080215454,0.17542514204978943,-0.310481458902359,-0.043913550674915314,-0.19783446192741394,0.05080023407936096,-0.2066950500011444,-0.05043670907616615,0.06697157770395279,0.21020828187465668,0.19689692556858063,-0.04716655611991882,0.06464233249425888,0.01113862730562687,0.137159064412117
2.383333457633853,140,200.0,-200.0,-200.0,-50.0,50.0,50.0,-100.0,100.0,100.0,-100.0,-100.0,100.0,-238.15606689453125,300.0,-300.0,-299.76214599609375,300.0,33.28216552734375,0.0,0.0,0.0,0.0,150.0,150.0,-150.0,-150.0,49.65374755859375,-150.0,-0.13884465396404266,-0.14404283463954926,0.20762650668621063,-0.004212671425193548,-0.014235964976251125,-0.2495434284210205,0.04175880551338196,-0.007397978566586971,-1.0066176652908325,-0.051754698157310486,-0.0009364583529531956,0.13083575665950775,-0.0033953855745494366,0.1539454162120819,-0.2352682650089264,0.9810963869094849,-0.4273712933063507,0.08678863197565079,0.17092832922935486,-1.0915493965148926,0.9414740800857544,-0.21697849035263062,-0.11609768867492676,-0.5792180299758911,0.11682841181755066,-0.5594624280929565,0.4740147292613983,0.44980502128601074,0.12105012685060501,-0.33555036783218384,0.03083125129342079,-0.19655853509902954,0.08894611895084381,-0.2228708565235138,-0.07671880722045898,0.03661034628748894,0.19797343015670776,0.2228095978498459,-0.08327788859605789,0.05608145147562027,0.025178471580147743,0.12398822605609894
2.400000125169754,141,-200.0,-200.0,-200.0,-50.0,-50.0,1.8231582641601562,-100.0,-100.0,-100.0,-100.0,-100.0,-100.0,-265.8779602050781,-270.4189453125,-300.0,300.0,300.0,-219.52398681640625,0.0,0.0,0.0,0.0,-53.121826171875,150.0,-150.0,-14.64947509765625,-150.0,55.733428955078125,-0.14301802217960358,-0.10419661551713943,0.1930166333913803,-0.004553707782179117,-0.0020826959516853094,-0.27495336532592773,0.060110170394182205,-0.011665700003504753,-0.9719957113265991,-0.06191691383719444,2.698488742680638e-06,0.11957596242427826,0.006895010359585285,0.15674395859241486,-0.1774066686630249,2.5505285263061523,-0.5841213464736938,-0.0007174164056777954,2.140357255935669,-1.6914280652999878,0.8434137105941772,-0.670892596244812,2.452850103378296,-0.3305192291736603,0.048824697732925415,-0.595691978931427,0.596488356590271,0.11512596905231476,0.12105012685060501,-0.33555036783218384,0.03083125129342079,-0.19655853509902954,0.08894611895084381,-0.2228708565235138,-0.07671880722045898,0.03661034628748894,0.19797343015670776,0.2228095978498459,-0.08327788859605789,0.05608145147562027,0.025178471580147743,0.12398822605609894
2.416666792705655,142,200.0,-200.0,-200.0,50.0,50.0,-46.26994705200195,100.0,100.0,-100.0,-100.0,-100.0,100.0,-300.0,-300.0,-300.0,-300.0,300.0,15.40545654296875,0.0,0.0,0.0,0.0,150.0,150.0,-150.0,-150.0,-97.77236938476562,150.0,-0.14586524665355682,-0.06647030264139175,0.18067052960395813,-0.004630543757230043,0.0049303933046758175,-0.29395559430122375,0.07743420451879501,-0.0158856064081192,-0.9286454916000366,-0.07005570828914642,2.0753679564222693e-05,0.1098620742559433,0.015079798176884651,0.15857744216918945,-0.025790341198444366,2.129669427871704,-0.5453877449035645,0.005379311740398407,0.16032123565673828,-0.7151505947113037,0.962216854095459,-0.47086095809936523,2.618696451187134,-0.20631098747253418,0.008068650960922241,-0.5119408369064331,0.4951784610748291,0.07820958644151688,0.14912471175193787,-0.3894084393978119,0.05467849597334862,-0.18573284149169922,0.11216923594474792,-0.2553059458732605,-0.04314511641860008,0.04854366183280945,0.17729197442531586,0.22659121453762054,-0.0637829378247261,0.010293723084032536,0.029202822595834732,0.1303928792476654
2.433333460241556,143,-200.0,200.0,-200.0,20.216678619384766,31.526851654052734,0.18686199188232422,100.0,-100.0,-100.0,45.450927734375,-100.0,-100.0,-300.0,-300.0,-300.0,-300.0,300.0,-300.0,0.0,0.0,0.0,0.0,150.0,150.0,-150.0,-17.37957763671875,-150.0,45.95512390136719,-0.14839377999305725,-0.03846393898129463,0.1729438453912735,0.004200697876513004,0.010924446396529675,-0.3158918619155884,0.08846618980169296,-0.02641303837299347,-0.8836544752120972,-0.06963787227869034,-1.0174790986638982e-05,0.09462720900774002,0.024076012894511223,0.1624593734741211,-0.03348983824253082,1.6394201517105103,-0.333940327167511,0.6589783430099487,0.2471519410610199,-1.043501615524292,0.5574209690093994,-0.7168436646461487,2.7670488357543945,0.3056182563304901,0.0003176550380885601,-0.8233098983764648,0.5471341609954834,0.15593089163303375,0.14912471175193787,-0.3894084393978119,0.05467849597334862,-0.18573284149169922,0.11216923594474792,-0.2553059458732605,-0.04314511641860008,0.04854366183280945,0.17729197442531586,0.22659121453762054,-0.0637829378247261,0.010293723084032536,0.029202822595834732,0.1303928792476654
2.4500001277774572,144,-200.0,200.0,200.0,35.82890319824219,6.116401672363281,50.0,100.0,100.0,-100.0,-100.0,-100.0,100.0,-300.0,-300.0,-300.0,300.0,300.0,-300.0,0.0,0.0,0.0,0.0,150.0,150.0,-150.0,-18.6607666015625,-150.0,-150.0,-0.1510877162218094,-0.01368010975420475,0.16590632498264313,0.014436025172472,0.014017400331795216,-0.34059369564056396,0.0983191654086113,-0.03661947697401047,-0.8378211855888367,-0.07105304300785065,8.565867028664798e-05,0.08159007877111435,0.030888432636857033,0.1648874282836914,-0.03858429938554764,1.438508152961731,-0.2779187858104706,0.4426051080226898,0.055165767669677734,-0.9059649705886841,0.6110203862190247,-0.6481520533561707,2.6582531929016113,0.21269799768924713,0.0044252038933336735,-0.7105895280838013,0.4328846335411072,0.07374177873134613,0.1528014838695526,-0.35657164454460144,0.11248333007097244,-0.1998080015182495,0.13682842254638672,-0.2381671667098999,-0.09606961905956268,0.06828014552593231,0.18523716926574707,0.21130095422267914,-0.09055473655462265,0.008501422591507435,0.029082948341965675,0.11396705359220505
2.4666667953133583,145,200.0,189.91259765625,-200.0,50.0,-29.697826385498047,-28.89905548095703,100.0,-100.0,-100.0,100.0,-100.0,-100.0,-300.0,-300.0,-300.0,62.026611328125,300.0,-300.0,0.0,0.0,0.0,0.0,150.0,150.0,-150.0,-32.4849853515625,-150.0,-19.982646942138672,-0.1513308882713318,-0.0025814033579081297,0.16685310006141663,0.05049671605229378,0.018603000789880753,-0.3796636164188385,0.11498822271823883,-0.037501752376556396,-0.7843422889709473,-0.07253516465425491,-0.00010412905248813331,0.07050793617963791,0.03856612369418144,0.16525636613368988,0.045451853424310684,0.608741819858551,0.0008195340633392334,2.462080478668213,0.19885054230690002,-2.0827863216400146,0.6697084903717041,-0.4015887379646301,3.3952271938323975,-0.020926255732774734,-0.010157037526369095,-0.5877041816711426,0.43995973467826843,-0.04384525865316391,0.1528014838695526,-0.35657164454460144,0.11248333007097244,-0.1998080015182495,0.13682842254638672,-0.2381671667098999,-0.09606961905956268,0.06828014552593231,0.18523716926574707,0.21130095422267914,-0.09055473655462265,0.008501422591507435,0.029082948341965675,0.11396705359220505
2.4833334628492594,146,200.0,-200.0,-200.0,50.0,-50.0,-50.0,100.0,100.0,100.0,100.0,100.0,-100.0,300.0,300.0,-300.0,300.0,300.0,-300.0,0.0,0.0,0.0,0.0,150.0,150.0,-150.0,150.0,-150.0,-150.0,-0.1520806849002838,0.0052452245727181435,0.15307052433490753,0.09326568990945816,0.01422494649887085,-0.4092060625553131,0.09934355318546295,-0.055370986461639404,-0.7724298238754272,-0.09046365320682526,-0.004336667712777853,0.024086907505989075,0.13612358272075653,0.1705617755651474,-0.0710400640964508,0.5289978981018066,-0.6838068962097168,3.120687246322632,-1.0520026683807373,-0.7021203637123108,-0.24258846044540405,-1.1086311340332031,0.06524282693862915,0.20189255475997925,1.7265491485595703,-0.4904441833496094,7.676894664764404,0.9046821594238281,0.11933059990406036,-0.3514750003814697,0.1129789724946022,-0.21080966293811798,0.18620994687080383,-0.30040568113327026,-0.1377774477005005,-0.0026738448068499565,0.11035982519388199,0.18667389452457428,-0.048642199486494064,-0.0012885341420769691,-0.008854002691805363,0.1258048713207245
2.5000001303851604,147,-200.0,-200.0,-51.9384765625,-14.574287414550781,-50.0,23.40582275390625,-100.0,-100.0,100.0,-100.0,-100.0,-100.0,-185.6746826171875,17.78955078125,-300.0,300.0,300.0,300.0,0.0,0.0,0.0,0.0,150.0,150.0,-150.0,-150.0,-150.0,150.0,-0.1444513350725174,0.03718235343694687,0.12934055924415588,0.13302668929100037,-0.0121535062789917,-0.38113322854042053,0.08492634445428848,-0.07560692727565765,-0.7429566979408264,-0.10969457030296326,0.0028295700903981924,0.018504932522773743,0.2793661952018738,0.16897355020046234,0.4795900881290436,1.7416143417358398,-0.9751851558685303,2.6923012733459473,-1.141953468322754,3.029575824737549,-0.16903772950172424,-1.2477078437805176,2.409451484680176,-0.47848495841026306,-0.2028008997440338,0.46021509170532227,5.3099517822265625,-0.42808300256729126,0.11933059990406036,-0.3514750003814697,0.1129789724946022,-0.21080966293811798,0.18620994687080383,-0.30040568113327026,-0.1377774477005005,-0.0026738448068499565,0.11035982519388199,0.18667389452457428,-0.048642199486494064,-0.0012885341420769691,-0.008854002691805363,0.1258048713207245
2.5166667979210615,148,-200.0,-200.0,200.0,14.657981872558594,50.0,50.0,100.0,-100.0,-100.0,-100.0,-29.122802734375,100.0,-18.78228759765625,-300.0,300.0,300.0,-300.0,-31.28778076171875,0.0,0.0,0.0,0.0,150.0,150.0,-150.0,-150.0,-150.0,150.0,-0.13808269798755646,0.06260152906179428,0.11014368385076523,0.1766667515039444,-0.015603878535330296,-0.32579028606414795,0.07094339281320572,-0.08774099498987198,-0.7012130618095398,-0.126787468791008,0.0010679910192266107,0.019218280911445618,0.35202062129974365,0.1582327038049698,0.4511966407299042,1.4737762212753296,-1.0716642141342163,2.5463240146636963,0.14705225825309753,3.942639112472534,-1.2099770307540894,-0.9896484613418579,2.5120739936828613,-0.44430169463157654,-0.07051865756511688,-0.022793501615524292,2.967040538787842,-0.49484801292419434,0.1585252285003662,-0.36597388982772827,0.06175563856959343,-0.23594044148921967,0.19057971239089966,-0.26555734872817993,-0.1187160462141037,0.12549656629562378,0.11422932147979736,0.23961640894412994,-0.07464742660522461,0.0033873887732625008,0.04920688644051552,0.13990508019924164
2.5333334654569626,149,-200.0,-200.0,200.0,-46.644264221191406,50.0,31.269861221313477,100.0,-54.9315185546875,100.0,-100.0,-100.0,-100.0,111.31146240234375,-148.740234375,189.63018798828125,300.0,300.0,300.0,0.0,0.0,0.0,0.0,150.0,150.0,-26.486083984375,-150.0,-150.0,82.18490600585938,-0.13165722787380219,0.041946638375520706,0.10127492994070053,0.24017523229122162,-0.016429243609309196,-0.262882798910141,0.04882713779807091,-0.09252417832612991,-0.6866063475608826,-0.14074701070785522,0.0010327399941161275,0.02048010751605034,0.34286049008369446,0.16028094291687012,0.3112564980983734,-1.1866722106933594,-0.6762853860855103,3.954578399658203,-0.08972485363483429,4.547181129455566,-1.5074325799942017,-0.693407416343689,1.2602972984313965,-0.5613024830818176,-0.283642441034317,0.5429756045341492,-1.8537178039550781,0.2789141535758972,0.1585252285003662,-0.36597388982772827,0.06175563856959343,-0.23594044148921967,0.19057971239089966,-0.26555734872817993,-0.1187160462141037,0.12549656629562378,0.11422932147979736,0.23961640894412994,-0.07464742660522461,0.0033873887732625008,0.04920688644051552,0.13990508019924164
2.5500001329928637,150,-200.0,200.0,200.0,12.067474365234375,50.0,50.0,-100.0,100.0,-100.0,-100.0,100.0,-100.0,300.0,-300.0,300.0,300.0,300.0,300.0,0.0,0.0,0.0,0.0,150.0,150.0,145.7501220703125,-150.0,150.0,-150.0,-0.12630341947078705,0.022394439205527306,0.09084013849496841,0.3001522719860077,-0.011666620150208473,-0.1826014518737793,0.020749561488628387,-0.10066623240709305,-0.6679811477661133,-0.15465736389160156,-0.0014130536001175642,0.02147984318435192,0.31586551666259766,0.160354882478714,0.24706022441387177,-1.110336422920227,-0.5920155644416809,3.6065096855163574,0.5721943378448486,5.282082557678223,-1.4494380950927734,-0.5160276889801025,1.2527424097061157,-0.4435807466506958,-0.08948793262243271,0.16258761286735535,-1.9536008834838867,0.08830413222312927,0.19790418446063995,-0.3496783375740051,0.06019507721066475,-0.19259342551231384,0.18632732331752777,-0.2364886999130249,-0.1320858895778656,0.11167438328266144,0.06116470694541931,0.2302301675081253,-0.07983820885419846,-0.045242395251989365,0.07996245473623276,0.065823033452034
2.5666668005287647,151,-200.0,-200.0,-200.0,-50.0,50.0,-32.825897216796875,100.0,100.0,-100.0,-100.0,-100.0,-100.0,276.3284912109375,89.92919921875,35.66746520996094,300.0,300.0,159.22686767578125,0.0,0.0,0.0,0.0,-150.0,-150.0,-150.0,-150.0,62.2252197265625,-150.0,-0.1134176179766655,-0.012381226755678654,0.09447146952152252,0.37352025508880615,2.4255750759039074e-05,-0.09088179469108582,0.0013381501194089651,-0.09996393322944641,-0.654263973236084,-0.14893974363803864,-0.000831367215141654,0.026606986299157143,0.29677724838256836,0.14913921058177948,0.6518167853355408,-2.039299964904785,0.13424885272979736,4.644573211669922,0.8479138612747192,5.669766902923584,-0.9536035656929016,0.10637697577476501,1.0994497537612915,0.3851047158241272,-0.04565901309251785,0.4880160093307495,-1.4869053363800049,-0.42379695177078247,0.19790418446063995,-0.3496783375740051,0.06019507721066475,-0.19259342551231384,0.18632732331752777,-0.2364886999130249,-0.1320858895778656,0.11167438328266144,0.06116470694541931,0.2302301675081253,-0.07983820885419846,-0.045242395251989365,0.07996245473623276,0.065823033452034
2.583333468064666,152,200.0,-200.0,-200.0,25.975074768066406,50.0,-50.0,100.0,100.0,-100.0,100.0,-100.0,-100.0,-300.0,-300.0,-221.82373046875,300.0,172.52490234375,300.0,0.0,0.0,0.0,0.0,-150.0,-150.0,-150.0,-150.0,103.5355224609375,147.10739135742188,-0.10158225893974304,-0.04301457107067108,0.09689456969499588,0.4450516998767853,0.010535970330238342,-0.011598252691328526,-0.015132092870771885,-0.10305310785770416,-0.6386526823043823,-0.14830069243907928,-0.00042484523146413267,0.02901647426187992,0.28359028697013855,0.1372103989124298,0.6044538021087646,-1.7746081352233887,0.01394443679600954,4.1680684089660645,0.5585675835609436,4.4736809730529785,-0.9564107656478882,-0.1619437336921692,1.0647079944610596,0.20584140717983246,0.009471625089645386,0.2734752297401428,-1.2089532613754272,-0.5398534536361694,0.18307508528232574,-0.3018401861190796,0.05041653290390968,-0.14500956237316132,0.17595581710338593,-0.2315337359905243,-0.1767304539680481,0.17038480937480927,0.047308117151260376,0.1811426430940628,-0.11871345341205597,0.009388313628733158,0.0894491970539093,0.06879976391792297
2.600000135600567,153,-147.32275390625,-200.0,-200.0,-15.768302917480469,-47.120819091796875,-29.412429809570312,100.0,-17.428466796875,-100.0,100.0,-100.0,53.87359619140625,165.88455200195312,195.20361328125,211.931396484375,300.0,300.0,300.0,0.0,0.0,0.0,0.0,-48.317291259765625,20.740234375,-15.5760498046875,-150.0,150.0,72.572265625,-0.09424599260091782,-0.08693942427635193,0.09528067708015442,0.5137245059013367,0.016319654881954193,0.0425182543694973,-0.03739311546087265,-0.10238277167081833,-0.6310761570930481,-0.13727489113807678,-0.0014361413195729256,0.031142551451921463,0.2690476179122925,0.12633295357227325,0.2516849637031555,-2.4880428314208984,-0.22226513922214508,3.8995790481567383,0.37437769770622253,3.034407138824463,-1.2700285911560059,0.376701295375824,0.6299461722373962,0.665474534034729,-0.057452984154224396,0.22471947968006134,-1.3639901876449585,-0.3660348653793335,0.18307508528232574,-0.3018401861190796,0.05041653290390968,-0.14500956237316132,0.17595581710338593,-0.2315337359905243,-0.1767304539680481,0.17038480937480927,0.047308117151260376,0.1811426430940628,-0.11871345341205597,0.009388313628733158,0.0894491970539093,0.06879976391792297
2.616666803136468,154,200.0,-200.0,-200.0,-50.0,-50.0,50.0,100.0,-100.0,-71.841064453125,100.0,-100.0,-100.0,-9.154052734375,-300.0,300.0,291.9473876953125,300.0,300.0,0.0,0.0,0.0,0.0,150.0,-150.0,60.5950927734375,-81.94760131835938,150.0,150.0,-0.08864492177963257,-0.12410189211368561,0.0937439575791359,0.5660995244979858,0.0219512190669775,0.08848438411951065,-0.05635060742497444,-0.10044395178556442,-0.6229009032249451,-0.1280687004327774,-0.001449002418667078,0.032516930252313614,0.2536000609397888,0.11894580721855164,0.2103530764579773,-2.09507155418396,-0.2008846402168274,2.8356497287750244,0.2697039842605591,2.5854647159576416,-1.1033462285995483,0.3847924470901489,0.5936650633811951,0.5216528177261353,-0.0077474601566791534,0.21955204010009766,-1.2910101413726807,-0.34797340631484985,0.21435514092445374,-0.3343621492385864,0.08154276758432388,-0.16401344537734985,0.2108781635761261,-0.2558051645755768,-0.12740783393383026,0.13050316274166107,0.07956652343273163,0.1105402261018753,-0.11559231579303741,0.04518808797001839,0.13374555110931396,0.07535338401794434
2.633333470672369,155,200.0,-200.0,-200.0,15.538318634033203,-50.0,-12.138816833496094,100.0,3.019775390625,3.0234375,100.0,-100.0,36.03375244140625,129.6908721923828,133.8818359375,268.6109619140625,300.0,300.0,300.0,0.0,0.0,0.0,0.0,-17.88970947265625,-22.71337890625,-22.1087646484375,-110.53633117675781,150.0,-69.51949310302734,-0.0849260538816452,-0.1707768440246582,0.09994477033615112,0.628617525100708,0.031743694096803665,0.10741335153579712,-0.07161027938127518,-0.09786675125360489,-0.6163148283958435,-0.12012140452861786,-0.0024953107349574566,0.04000450298190117,0.23798014223575592,0.1150437444448471,0.09238769114017487,-2.6662425994873047,0.21676206588745117,3.9415674209594727,0.5313934683799744,1.0679075717926025,-0.8785766959190369,0.2952337861061096,0.7364263534545898,0.4610879719257355,-0.11051324754953384,0.1696246862411499,-1.2895201444625854,-0.03763851523399353,0.21435514092445374,-0.3343621492385864,0.08154276758432388,-0.16401344537734985,0.2108781635761261,-0.2558051645755768,-0.12740783393383026,0.13050316274166107,0.07956652343273163,0.1105402261018753,-0.11559231579303741,0.04518808797001839,0.13374555110931396,0.07535338401794434
2.65000013820827,156,-200.0,-200.0,-200.0,15.141189575195312,-50.0,-50.0,100.0,100.0,-8.0064697265625,100.0,-100.0,-100.0,-300.0,-300.0,-153.6173095703125,300.0,300.0,258.4422912597656,0.0,0.0,0.0,0.0,150.0,-150.0,-29.52117919921875,-150.0,150.0,115.94331359863281,-0.08237364888191223,-0.21088503301143646,0.10481828451156616,0.6882175207138062,0.040067385882139206,0.12343770265579224,-0.08487340807914734,-0.09853345900774002,-0.604778528213501,-0.11661330610513687,-0.0023438804782927036,0.039741575717926025,0.22615759074687958,0.11158482730388641,0.054764002561569214,-2.282151222229004,0.16301275789737701,3.454718828201294,0.46529024839401245,0.9099703431129456,-0.7381086945533752,0.04951395094394684,0.8686834573745728,0.28687164187431335,0.008101135492324829,0.15544283390045166,-1.0862566232681274,-0.10981424897909164,0.19923771917819977,-0.30461278557777405,0.056884851306676865,-0.1755402535200119,0.22051215171813965,-0.2512384355068207,-0.1032247394323349,0.14510859549045563,0.10323313623666763,0.05151801183819771,-0.11549431830644608,0.026918698102235794,0.18701142072677612,0.07929833978414536
2.666666805744171,157,-200.0,-200.0,-200.0,-20.526893615722656,-47.935157775878906,-14.353449821472168,100.0,19.200927734375,-78.6754150390625,100.0,100.0,100.0,198.41152954101562,93.6669921875,121.33016204833984,300.0,300.0,275.4170227050781,0.0,0.0,0.0,0.0,-66.743408203125,-26.385910034179688,-60.9774169921875,-150.0,150.0,-150.0,-0.08611509948968887,-0.2643528878688812,0.10615552961826324,0.7469669580459595,0.050289735198020935,0.11993459612131119,-0.09632288664579391,-0.09710203111171722,-0.6019828915596008,-0.11290574073791504,-0.002712191781029105,0.040337540209293365,0.21331071853637695,0.11700929701328278,-0.3726799488067627,-3.003786325454712,-0.010317642241716385,3.3761069774627686,0.6364021301269531,-0.18724513053894043,-0.5961630940437317,0.26034119725227356,0.40782058238983154,0.2399204969406128,-0.07058324664831161,0.10618798434734344,-1.1407564878463745,0.4799209535121918,0.19923771917819977,-0.30461278557777405,0.056884851306676865,-0.1755402535200119,0.22051215171813965,-0.2512384355068207,-0.1032247394323349,0.14510859549045563,0.10323313623666763,0.05151801183819771,-0.11549431830644608,0.026918698102235794,0.18701142072677612,0.07929833978414536
2.683333473280072,158,-200.0,-200.0,-200.0,-39.789268493652344,-50.0,14.961026191711426,-95.84249877929688,100.0,-100.0,100.0,-100.0,-100.0,-300.0,-300.0,58.22782897949219,300.0,300.0,76.48983764648438,0.0,0.0,0.0,0.0,-52.8447265625,-150.0,-60.68609619140625,-150.0,150.0,-150.0,-0.0898364782333374,-0.3097984194755554,0.1069716289639473,0.7909989953041077,0.05969439446926117,0.11687847226858139,-0.10592985898256302,-0.09635577350854874,-0.5973567962646484,-0.11152338236570358,-0.0020564189180731773,0.04122551158070564,0.2028810977935791,0.12190146744251251,-0.32545047998428345,-2.5513272285461426,-0.03398115187883377,2.3381500244140625,0.5429263710975647,-0.15673144161701202,-0.5099432468414307,0.15003842115402222,0.43803173303604126,0.1651121973991394,0.02889346331357956,0.21877509355545044,-1.0374222993850708,0.4370648264884949,0.19608861207962036,-0.28641197085380554,0.05335761979222298,-0.18619821965694427,0.21300166845321655,-0.26117467880249023,-0.05354088917374611,0.14022524654865265,0.10444586724042892,0.002358097583055496,-0.11618155241012573,0.015596316196024418,0.21697644889354706,0.07419831305742264
2.7000001408159733,159,-200.0,-200.0,-200.0,-0.8053779602050781,-15.722335815429688,-20.58315658569336,100.0,100.0,-100.0,100.0,100.0,100.0,144.6214599609375,45.29296875,63.6160888671875,300.0,300.0,1.404022216796875,0.0,0.0,0.0,0.0,-97.07504272460938,-26.2349853515625,-66.93496704101562,-150.0,150.0,-150.0,-0.09593631327152252,-0.36625123023986816,0.1074204072356224,0.8311632871627808,0.06754086911678314,0.1001448705792427,-0.11427604407072067,-0.09313874691724777,-0.599392294883728,-0.10831844806671143,-0.0029804680962115526,0.04368005320429802,0.18938280642032623,0.13142059743404388,-0.5265273451805115,-3.1730566024780273,-0.0416036993265152,2.317814588546753,0.5030598640441895,-0.9332821369171143,-0.4210282564163208,0.3419727683067322,0.16964226961135864,0.17674601078033447,-0.10715014487504959,0.14623787999153137,-1.1601223945617676,0.7589043378829956,0.19608861207962036,-0.28641197085380554,0.05335761979222298,-0.18619821965694427,0.21300166845321655,-0.26117467880249023,-0.05354088917374611,0.14022524654865265,0.10444586724042892,0.002358097583055496,-0.11618155241012573,0.015596316196024418,0.21697644889354706,0.07419831305742264
2.7166668083518744,160,-200.0,-200.0,-200.0,-50.0,-50.0,-50.0,-100.0,100.0,100.0,100.0,-100.0,-100.0,83.85003662109375,-300.0,-209.70230102539062,300.0,300.0,-2.3698883056640625,0.0,0.0,0.0,0.0,-126.47320556640625,-150.0,80.1483154296875,-150.0,150.0,-150.0,-0.10206787288188934,-0.41459232568740845,0.10735711455345154,0.8585139513015747,0.07451730966567993,0.08581215888261795,-0.12142190337181091,-0.09053710848093033,-0.5984355807304382,-0.10743214935064316,-0.002807296346873045,0.04444659501314163,0.17921915650367737,0.13989673554897308,-0.4760298430919647,-2.705948829650879,-0.0695885643362999,1.3621612787246704,0.43942543864250183,-0.7955083250999451,-0.3601239025592804,0.23844116926193237,0.2248387336730957,0.06655783951282501,-0.003509722650051117,0.154289111495018,-1.003069519996643,0.579695463180542,0.1847725212574005,-0.2638190984725952,0.06054976209998131,-0.1924416869878769,0.2068530023097992,-0.25461313128471375,-0.02410374954342842,0.13818296790122986,0.10258138924837112,-0.044494666159152985,-0.1077447384595871,0.005149863660335541,0.2366350144147873,0.06846656650304794
2.7333334758877754,161,-200.0,-200.0,-200.0,-17.319347381591797,-24.438232421875,-15.57400894165039,100.0,100.0,-100.0,100.0,100.0,100.0,173.7774658203125,55.00732421875,52.13037109375,300.0,300.0,24.850799560546875,0.0,0.0,0.0,0.0,-128.25723266601562,-24.799560546875,-72.29754638671875,-150.0,150.0,-150.0,-0.10729226469993591,-0.46554702520370483,0.1049947664141655,0.8780285716056824,0.07988729327917099,0.06016014516353607,-0.12577271461486816,-0.08552037924528122,-0.5993644595146179,-0.10649613291025162,-0.003290285589173436,0.04513006657361984,0.16788028180599213,0.14880599081516266,-0.47610360383987427,-2.8730664253234863,-0.19829314947128296,1.0628652572631836,0.38728246092796326,-1.4341959953308105,-0.18358172476291656,0.394233763217926,0.2279127538204193,0.04136132448911667,-0.07531072199344635,0.13834340870380402,-1.0680323839187622,0.7002896070480347,0.1847725212574005,-0.2638190984725952,0.06054976209998131,-0.1924416869878769,0.2068530023097992,-0.25461313128471375,-0.02410374954342842,0.13818296790122986,0.10258138924837112,-0.044494666159152985,-0.1077447384595871,0.005149863660335541,0.2366350144147873,0.06846656650304794
2.7500001434236765,162,-200.0,-200.0,-146.6373291015625,-32.6330451965332,-50.0,10.692413330078125,-100.0,100.0,100.0,100.0,-100.0,-100.0,300.0,-223.76708984375,-74.8370361328125,300.0,300.0,78.03321838378906,0.0,0.0,0.0,0.0,-150.0,-150.0,150.0,-150.0,150.0,-150.0,-0.11222682148218155,-0.5095740556716919,0.10261072218418121,0.8849853873252869,0.08452551811933517,0.03822474926710129,-0.1295309215784073,-0.08130945265293121,-0.5971395969390869,-0.10563173145055771,-0.0032406949903815985,0.047332677990198135,0.15746687352657318,0.15933142602443695,-0.4245469868183136,-2.4593379497528076,-0.1968347430229187,0.16074754297733307,0.34471726417541504,-1.2224949598312378,-0.15396641194820404,0.34074485301971436,0.30444449186325073,0.031225305050611496,-0.0053612664341926575,0.197771817445755,-0.9868674874305725,0.6573808193206787,0.1789676398038864,-0.24747495353221893,0.06971179693937302,-0.1906656175851822,0.19963011145591736,-0.2493920624256134,0.00045880675315856934,0.1389377862215042,0.09186279773712158,-0.07983056455850601,-0.07105959951877594,0.003981512971222401,0.2608151435852051,0.07526402920484543
2.7666668109595776,163,-200.0,-200.0,-200.0,-36.89792251586914,-35.95421600341797,-8.51722526550293,100.0,100.0,-100.0,100.0,24.343505859375,88.0457763671875,186.91644287109375,90.10009765625,104.59487915039062,300.0,300.0,185.41757202148438,0.0,0.0,0.0,0.0,-140.61488342285156,-29.7584228515625,-71.3221435546875,-150.0,150.0,-150.0,-0.11333636939525604,-0.5492866635322571,0.09961967170238495,0.8806177973747253,0.08654594421386719,0.009425200521945953,-0.12504994869232178,-0.07407116889953613,-0.5934720635414124,-0.1059100478887558,-0.003403026843443513,0.04648827016353607,0.14743533730506897,0.16581295430660248,-0.22027146816253662,-2.244812250137329,-0.27131348848342896,-0.40844205021858215,0.21923518180847168,-1.6009197235107422,0.32056066393852234,0.44256284832954407,0.4531964063644409,-0.02846521884202957,-0.04215111583471298,0.21804407238960266,-1.0246578454971313,0.5924488306045532,0.1789676398038864,-0.24747495353221893,0.06971179693937302,-0.1906656175851822,0.19963011145591736,-0.2493920624256134,0.00045880675315856934,0.1389377862215042,0.09186279773712158,-0.07983056455850601,-0.07105959951877594,0.003981512971222401,0.2608151435852051,0.07526402920484543
2.7833334784954786,164,-200.0,-200.0,200.0,-50.0,11.391176223754883,5.006938934326172,-35.995361328125,100.0,-100.0,100.0,-100.0,-100.0,300.0,-300.0,-6.47052001953125,300.0,300.0,300.0,0.0,0.0,0.0,0.0,-150.0,-150.0,150.0,-150.0,150.0,-150.0,-0.11444411426782608,-0.5836588740348816,0.09667932987213135,0.8634346127510071,0.08826474845409393,-0.01517495047301054,-0.12128237634897232,-0.06737402826547623,-0.58799147605896,-0.10583838075399399,-0.003536108648404479,0.047529153525829315,0.13672125339508057,0.17292168736457825,-0.20071208477020264,-1.9202122688293457,-0.2508484721183777,-1.2579045295715332,0.206504687666893,-1.3626019954681396,0.27658164501190186,0.42913609743118286,0.4870816469192505,-0.013406507670879364,-0.015059597790241241,0.14926232397556305,-0.9846253395080566,0.533833920955658,0.17453151941299438,-0.21807660162448883,0.09265519678592682,-0.18504983186721802,0.18554843962192535,-0.23107457160949707,0.01966904290020466,0.14198105037212372,0.0898803099989891,-0.11968700587749481,-0.02859501726925373,0.001239578239619732,0.26701444387435913,0.08361322432756424
2.8000001460313797,165,-200.0,-200.0,-200.0,-43.69321060180664,-50.0,-14.490657806396484,100.0,100.0,-100.0,100.0,-48.768310546875,13.84765625,160.29132080078125,135.3349609375,154.13916015625,300.0,300.0,300.0,0.0,0.0,0.0,0.0,-150.0,-47.7232666015625,-78.384521484375,-150.0,150.0,-150.0,-0.1117638424038887,-0.6161937713623047,0.09355086088180542,0.8390790224075317,0.08935214579105377,-0.04746492579579353,-0.10914555937051773,-0.05714338645339012,-0.580545961856842,-0.10526546835899353,-0.004174869041889906,0.04495671018958092,0.1260731965303421,0.17973460257053375,0.009373048320412636,-1.8568687438964844,-0.31300270557403564,-1.5166534185409546,0.20236074924468994,-1.7815299034118652,0.7605971693992615,0.6030727028846741,0.6929461359977722,-0.01939256489276886,-0.06418146938085556,0.17850899696350098,-1.0425124168395996,0.6070469617843628,0.17453151941299438,-0.21807660162448883,0.09265519678592682,-0.18504983186721802,0.18554843962192535,-0.23107457160949707,0.01966904290020466,0.14198105037212372,0.0898803099989891,-0.11968700587749481,-0.02859501726925373,0.001239578239619732,0.26701444387435913,0.08361322432756424
2.8166668135672808,166,10.903701782226562,-200.0,-124.68211364746094,-50.0,-50.0,-44.50031280517578,-100.0,100.0,-100.0,100.0,-100.0,-100.0,300.0,-75.431884765625,-156.17138671875,300.0,300.0,300.0,0.0,0.0,0.0,0.0,-150.0,-150.0,150.0,-150.0,150.0,-150.0,-0.10936052352190018,-0.6446170806884766,0.09058797359466553,0.8055108785629272,0.09039260447025299,-0.07504380494356155,-0.09885067492723465,-0.04753921926021576,-0.5709003806114197,-0.10385536402463913,-0.004184611141681671,0.04495568946003914,0.11496010422706604,0.18770946562290192,0.008196327835321426,-1.5963596105575562,-0.2903762757778168,-2.145538330078125,0.20900468528270721,-1.513540506362915,0.6498166918754578,0.5880401134490967,0.7658526301383972,0.030121974647045135,-0.013841785490512848,0.11958202719688416,-0.9438550472259521,0.5907204151153564,0.1632210910320282,-0.1993439644575119,0.10065879672765732,-0.17854444682598114,0.17201989889144897,-0.21378633379936218,0.03977310657501221,0.14021840691566467,0.08136129379272461,-0.15148106217384338,0.01157903391867876,-0.0025309259071946144,0.2840053141117096,0.07666030526161194
2.833333481103182,167,-193.5018310546875,-200.0,-200.0,-18.879783630371094,-50.0,-23.329017639160156,100.0,100.0,-100.0,100.0,-100.0,-56.128173828125,114.24928283691406,230.59814453125,206.205322265625,300.0,300.0,300.0,0.0,0.0,0.0,0.0,-150.0,-63.1064453125,-83.27783203125,-150.0,150.0,-150.0,-0.10485412180423737,-0.6708542704582214,0.08550675213336945,0.7650983333587646,0.08994508534669876,-0.10756752640008926,-0.08164519816637039,-0.03646890074014664,-0.560509979724884,-0.10171046108007431,-0.004155629780143499,0.042081307619810104,0.10562149435281754,0.1918157935142517,0.1096363291144371,-1.5120288133621216,-0.45038625597953796,-2.453237533569336,0.153097003698349,-1.7774814367294312,1.0507993698120117,0.6621079444885254,0.8130007386207581,0.012832995504140854,-0.03243095800280571,0.07074704766273499,-0.859250009059906,0.30566567182540894,0.1632210910320282,-0.1993439644575119,0.10065879672765732,-0.17854444682598114,0.17201989889144897,-0.21378633379936218,0.03977310657501221,0.14021840691566467,0.08136129379272461,-0.15148106217384338,0.01157903391867876,-0.0025309259071946144,0.2840053141117096,0.07666030526161194
2.850000148639083,168,200.0,-174.202880859375,-200.0,-50.0,-50.0,-50.0,-85.91796875,100.0,-100.0,100.0,-100.0,-100.0,300.0,-300.0,11.0592041015625,300.0,300.0,300.0,0.0,0.0,0.0,0.0,-150.0,-150.0,150.0,-150.0,150.0,-150.0,-0.10079003125429153,-0.6937162280082703,0.0807449221611023,0.7159093022346497,0.089590884745121,-0.13530465960502625,-0.06698241829872131,-0.026111500337719917,-0.5495886206626892,-0.10037633776664734,-0.0042650168761610985,0.04070737212896347,0.09602002054452896,0.19466911256313324,0.07458996772766113,-1.265867829322815,-0.39149370789527893,-3.0856828689575195,0.1676446497440338,-1.517145037651062,0.8913956880569458,0.6002621650695801,0.8123155236244202,-0.011396355926990509,-0.022363297641277313,0.06730180978775024,-0.8477440476417542,0.25936785340309143,0.15705382823944092,-0.15500852465629578,0.12342343479394913,-0.1781812161207199,0.1658306121826172,-0.19531318545341492,0.03857193887233734,0.1461372971534729,0.0646066963672638,-0.1757635623216629,0.037671227008104324,0.0032813409343361855,0.2814113199710846,0.06321606040000916
2.866666816174984,169,147.70404052734375,-200.0,-200.0,-7.08740234375,-50.0,-26.1671142578125,100.0,100.0,-100.0,100.0,-100.0,-100.0,122.16085815429688,154.989013671875,247.2503662109375,300.0,300.0,300.0,0.0,0.0,0.0,0.0,-150.0,-52.6949462890625,-80.1641845703125,-150.0,150.0,-150.0,-0.09276382625102997,-0.7214415073394775,0.07574373483657837,0.6699215769767761,0.08656849712133408,-0.16565868258476257,-0.048853516578674316,-0.011111168190836906,-0.5397703647613525,-0.09962873160839081,-0.004434114787727594,0.034583527594804764,0.08834473043680191,0.1943858116865158,0.2596745193004608,-1.5944042205810547,-0.4788922965526581,-2.5756468772888184,0.030397893860936165,-1.6718461513519287,1.084481120109558,0.8069124817848206,0.9291154742240906,-0.12849830090999603,-0.09764602780342102,0.062103986740112305,-0.8143665790557861,0.15150687098503113,0.15705382823944092,-0.15500852465629578,0.12342343479394913,-0.1781812161207199,0.1658306121826172,-0.19531318545341492,0.03857193887233734,0.1461372971534729,0.0646066963672638,-0.1757635623216629,0.037671227008104324,0.0032813409343361855,0.2814113199710846,0.06321606040000916
2.883333483710885,170,200.0,-200.0,-200.0,-50.0,-50.0,-50.0,-100.0,100.0,-100.0,100.0,-100.0,-100.0,300.0,300.0,-7.27508544921875,300.0,300.0,300.0,0.0,0.0,0.0,0.0,-150.0,-150.0,150.0,-150.0,150.0,-150.0,-0.08654316514730453,-0.7459633350372314,0.07119601964950562,0.621179461479187,0.08420833945274353,-0.19171857833862305,-0.03356194496154785,0.0029931138269603252,-0.5262715220451355,-0.09902358055114746,-0.004641970619559288,0.0318552665412426,0.08010894060134888,0.1950686126947403,0.17780527472496033,-1.3836725950241089,-0.4214574992656708,-2.940157175064087,0.04360369220376015,-1.4323080778121948,0.923765242099762,0.7928079962730408,0.9969420433044434,-0.12376926094293594,-0.009250342845916748,-0.04508650302886963,-0.7136492729187012,0.10275330394506454,0.14884430170059204,-0.1407865434885025,0.11495932191610336,-0.16851922869682312,0.1809893101453781,-0.17079925537109375,0.026818392798304558,0.1554318219423294,0.059415753930807114,-0.18178661167621613,0.05682351067662239,-0.006489682011306286,0.2831483483314514,0.032581523060798645
2.900000151246786,171,-169.66925048828125,-200.0,-182.72021484375,-33.50303649902344,-50.0,-7.9950408935546875,100.0,100.0,-100.0,100.0,-100.0,-100.0,287.5377197265625,291.0303955078125,286.56658935546875,300.0,300.0,300.0,0.0,0.0,0.0,0.0,-150.0,-22.2208251953125,-60.10205078125,-150.0,150.0,-150.0,-0.0777217373251915,-0.763560950756073,0.06533801555633545,0.5603845119476318,0.08099402487277985,-0.21567828953266144,-0.01652677170932293,0.020139819011092186,-0.5134644508361816,-0.09750386327505112,-0.0039243921637535095,0.025205077603459358,0.074119433760643,0.18445512652397156,0.3078067898750305,-0.9662275910377502,-0.5338276028633118,-3.8180251121520996,0.013719233684241772,-1.313878059387207,1.0111225843429565,0.9246181845664978,0.9167811870574951,-0.12653787434101105,-0.007502838969230652,-0.027354508638381958,-0.7042846083641052,-0.5236290693283081,0.14884430170059204,-0.1407865434885025,0.11495932191610336,-0.16851922869682312,0.1809893101453781,-0.17079925537109375,0.026818392798304558,0.1554318219423294,0.059415753930807114,-0.18178661167621613,0.05682351067662239,-0.006489682011306286,0.2831483483314514,0.032581523060798645
2.916666818782687,172,200.0,-200.0,200.0,-50.0,-50.0,-50.0,-100.0,-100.0,-100.0,100.0,-100.0,-100.0,300.0,300.0,300.0,300.0,300.0,300.0,0.0,0.0,0.0,0.0,-150.0,-99.667236328125,90.8065185546875,-150.0,150.0,-150.0,-0.07040085643529892,-0.7776180505752563,0.05997628718614578,0.48681923747062683,0.07873179763555527,-0.2360256016254425,-0.0019980028737336397,0.03680502250790596,-0.5018538236618042,-0.09581167250871658,-0.004053841810673475,0.021468551829457283,0.06578291207551956,0.17433038353919983,0.2532747983932495,-0.7731700539588928,-0.45780643820762634,-4.501970291137695,0.02306615188717842,-1.1141787767410278,0.8597321510314941,0.9522550702095032,0.8309000730514526,-0.10785290598869324,-0.026868727058172226,-0.058302849531173706,-0.7293829321861267,-0.5321131944656372,0.15291272103786469,-0.13022463023662567,0.1171487346291542,-0.1507357954978943,0.1857033371925354,-0.15649592876434326,0.010372281074523926,0.18509487807750702,0.04946907237172127,-0.18550346791744232,0.06581822782754898,-0.014393909834325314,0.28152504563331604,0.023542243987321854
2.9333334863185883,173,200.0,-200.0,200.0,-6.23382568359375,-50.0,5.418853759765625,-100.0,-83.527587890625,100.0,100.0,-19.27197265625,-100.0,300.0,300.0,300.0,300.0,300.0,300.0,0.0,0.0,0.0,0.0,-150.0,-9.73876953125,-56.86859130859375,-150.0,150.0,-150.0,-0.05639045313000679,-0.7741053700447083,0.05578715726733208,0.38967952132225037,0.07517886906862259,-0.2544589638710022,0.012434044852852821,0.05827116593718529,-0.48387670516967773,-0.08940521627664566,-0.0037793717347085476,0.013976103626191616,0.05850322172045708,0.1612621396780014,0.6575842499732971,0.22885483503341675,-0.5012698769569397,-6.160204887390137,-0.057721495628356934,-1.0083225965499878,0.8442825675010681,1.2164498567581177,1.0284370183944702,0.06428814679384232,0.04024375230073929,-0.1375635862350464,-0.720156192779541,-0.7569749355316162,0.15291272103786469,-0.13022463023662567,0.1171487346291542,-0.1507357954978943,0.1857033371925354,-0.15649592876434326,0.010372281074523926,0.18509487807750702,0.04946907237172127,-0.18550346791744232,0.06581822782754898,-0.014393909834325314,0.28152504563331604,0.023542243987321854
2.9500001538544893,174,200.0,-200.0,200.0,-50.0,-50.0,-50.0,-100.0,-100.0,-100.0,100.0,-100.0,-100.0,300.0,300.0,300.0,158.5419921875,300.0,300.0,0.0,0.0,0.0,0.0,-150.0,150.0,-150.0,-150.0,150.0,-150.0,-0.044095177203416824,-0.769446611404419,0.05231521278619766,0.2784302830696106,0.07244335114955902,-0.2699265480041504,0.02457711286842823,0.07786046713590622,-0.4713398218154907,-0.08341244608163834,-0.003739170031622052,0.011221972294151783,0.05003493279218674,0.14822927117347717,0.5864186882972717,0.27332189679145813,-0.4274999499320984,-6.708828926086426,-0.03448820114135742,-0.8428308963775635,0.7267377376556396,1.1250821352005005,0.8215689063072205,0.05555940419435501,-0.03221874684095383,0.31358543038368225,-0.748153805732727,-0.7356827855110168,0.16079305112361908,-0.14752276241779327,0.12697961926460266,-0.1438191682100296,0.19055725634098053,-0.1341899037361145,-0.00732547789812088,0.19322291016578674,0.008390318602323532,-0.16239510476589203,0.05757554993033409,-0.012136678211390972,0.2909994125366211,7.67149031162262e-05
2.9666668213903904,175,200.0,-200.0,200.0,50.0,-50.0,8.161895751953125,-100.0,-100.0,100.0,100.0,34.515625,-100.0,153.6754150390625,300.0,300.0,-300.0,300.0,300.0,0.0,0.0,0.0,0.0,-150.0,-13.249114990234375,-97.02227783203125,-150.0,150.0,-150.0,-0.02520228549838066,-0.74384605884552,0.050983019173145294,0.1400756537914276,0.06362835317850113,-0.2764933705329895,0.03359805792570114,0.09985893964767456,-0.4501074254512787,-0.0729030892252922,-0.004713098984211683,0.007119342684745789,0.04020223766565323,0.13460035622119904,0.9879353642463684,1.496502161026001,-0.43530598282814026,-8.632589340209961,-0.40621817111968994,-0.3412664830684662,0.5525936484336853,1.2142058610916138,1.068335771560669,0.2542341947555542,0.11609170585870743,0.12781855463981628,-0.6808586716651917,-0.8172511458396912,0.16079305112361908,-0.14752276241779327,0.12697961926460266,-0.1438191682100296,0.19055725634098053,-0.1341899037361145,-0.00732547789812088,0.19322291016578674,0.008390318602323532,-0.16239510476589203,0.05757554993033409,-0.012136678211390972,0.2909994125366211,7.67149031162262e-05
2.9833334889262915,176,200.0,-200.0,-10.9556884765625,-41.8475341796875,-50.0,-50.0,100.0,-100.0,-41.0919189453125,100.0,100.0,-100.0,300.0,300.0,300.0,-300.0,300.0,96.024658203125,0.0,0.0,0.0,0.0,-150.0,150.0,-11.00018310546875,-150.0,150.0,-150.0,-0.008725243620574474,-0.7219052314758301,0.05020304024219513,-0.00025164184626191854,0.056116532534360886,-0.28177139163017273,0.04072241857647896,0.11672011762857437,-0.43560370802879333,-0.06368930637836456,-0.003982041031122208,0.005243976134806871,0.028134925290942192,0.12176422029733658,0.8899916410446167,0.7957125902175903,-0.30413171648979187,-7.30161190032959,-0.3411271572113037,-0.27049365639686584,0.5114157199859619,0.8974666595458984,0.8653813600540161,0.31052249670028687,0.030500560998916626,0.5337132215499878,-0.925789475440979,-0.6801087260246277,0.1783926635980606,-0.16773325204849243,0.11237477511167526,-0.1478935182094574,0.21056300401687622,-0.1268118917942047,0.00588635541498661,0.21961085498332977,-0.019565192982554436,-0.12438319623470306,0.06510522961616516,0.021379482001066208,0.30675700306892395,-0.029960384592413902
3.0000001564621925,177,200.0,-200.0,200.0,-10.443191528320312,-50.0,15.960250854492188,-100.0,-100.0,100.0,100.0,100.0,-100.0,-90.944091796875,300.0,300.0,-300.0,-300.0,222.24041748046875,0.0,0.0,0.0,0.0,-138.83355712890625,-1.7772216796875,-119.85772705078125,150.0,150.0,-150.0,0.015102406963706017,-0.7191177010536194,0.05727719888091087,-0.0007270922069437802,0.0446787066757679,-0.27538514137268066,0.047591038048267365,0.13341902196407318,-0.3963426947593689,-0.050768256187438965,-0.006535273510962725,0.004547984339296818,0.014895318076014519,0.1074703112244606,1.2647541761398315,0.8981589674949646,-0.16178157925605774,0.008406924083828926,-0.5305181741714478,0.3674164414405823,0.5377256870269775,0.8329147100448608,2.4850234985351562,0.10788262635469437,0.08559828996658325,-0.14000266790390015,-0.8537201881408691,-1.166572093963623,0.1783926635980606,-0.16773325204849243,0.11237477511167526,-0.1478935182094574,0.21056300401687622,-0.1268118917942047,0.00588635541498661,0.21961085498332977,-0.019565192982554436,-0.12438319623470306,0.06510522961616516,0.021379482001066208,0.30675700306892395,-0.029960384592413902
3.0166668239980936,178,-200.0,-200.0,-200.0,-50.0,-50.0,50.0,-100.0,-100.0,100.0,100.0,100.0,100.0,-50.5404052734375,300.0,186.02052307128906,-300.0,-300.0,300.0,0.0,0.0,0.0,0.0,150.0,150.0,-150.0,-150.0,150.0,-150.0,0.03444821387529373,-0.6994920372962952,0.06095948442816734,-0.0005361174698919058,0.034826625138521194,-0.2700445353984833,0.053929783403873444,0.1443040668964386,-0.35980305075645447,-0.04460804536938667,-0.004016436170786619,0.010852704755961895,-0.0007074502645991743,0.08760762214660645,1.0964992046356201,1.2188799381256104,-0.23203934729099274,0.004175701178610325,-0.4834313690662384,0.3342564105987549,0.4191015362739563,0.5063410997390747,2.065081834793091,0.07086331397294998,0.14715905487537384,0.9038605690002441,-1.1218360662460327,-1.1909931898117065,0.16087687015533447,-0.1964379847049713,0.0791054219007492,-0.13860322535037994,0.15366165339946747,-0.13715997338294983,0.027997884899377823,0.221950963139534,0.07358235865831375,-0.025670118629932404,0.05265375226736069,-0.014698796905577183,0.26703396439552307,-0.074470154941082
3.0333334915339947,179,200.0,-200.0,200.0,23.4276123046875,-28.148223876953125,42.04308319091797,-100.0,-100.0,100.0,100.0,100.0,47.626708984375,69.900390625,300.0,300.0,-300.0,-300.0,-297.4813232421875,0.0,0.0,0.0,0.0,-72.18341064453125,17.858642578125,132.0356903076172,150.0,150.0,-150.0,0.0509345643222332,-0.6793724298477173,0.05936020612716675,-0.0001628627796890214,0.04123257100582123,-0.23722104728221893,0.05634565278887749,0.14663660526275635,-0.3446299731731415,-0.035411618649959564,0.024888986721634865,0.01085793785750866,-0.024086972698569298,0.06371836364269257,0.8615660071372986,1.242391586303711,-0.46315160393714905,0.0046762824058532715,0.4212188720703125,1.8637949228286743,0.05650567263364792,0.14662599563598633,0.5547177791595459,0.4107169210910797,2.2815840244293213,-0.47734835743904114,-1.0134882926940918,-1.3123408555984497,0.16087687015533447,-0.1964379847049713,0.0791054219007492,-0.13860322535037994,0.15366165339946747,-0.13715997338294983,0.027997884899377823,0.221950963139534,0.07358235865831375,-0.025670118629932404,0.05265375226736069,-0.014698796905577183,0.26703396439552307,-0.074470154941082
3.0500001590698957,180,200.0,200.0,200.0,50.0,-50.0,50.0,-100.0,-100.0,100.0,100.0,100.0,100.0,-300.0,300.0,300.0,-300.0,-300.0,59.1346435546875,0.0,0.0,0.0,0.0,150.0,150.0,150.0,150.0,150.0,65.3900146484375,0.06506587564945221,-0.6575485467910767,0.05739009752869606,-0.00015157373854890466,0.04661145061254501,-0.20900823175907135,0.0583781898021698,0.14617285132408142,-0.341744065284729,-0.029111122712492943,0.06944278627634048,0.0034318517427891493,-0.049511976540088654,0.04347069188952446,0.7351125478744507,1.2664971351623535,-0.4190135896205902,0.0026821931824088097,0.3579598367214203,1.5864357948303223,0.020293910056352615,-0.01786060631275177,0.009854927659034729,0.3051261305809021,2.749748945236206,-0.6410530209541321,-1.0773701667785645,-1.1931266784667969,0.15844489634037018,-0.2111840695142746,0.06454391032457352,-0.12865880131721497,0.11971139162778854,-0.09438463300466537,0.05410337820649147,0.15238763391971588,0.11070773750543594,0.013073097914457321,0.07768537849187851,-0.010161434300243855,0.21870513260364532,-0.05023094266653061
3.066666826605797,181,200.0,-200.0,200.0,50.0,-50.0,50.0,-100.0,-100.0,100.0,100.0,100.0,100.0,-125.33578491210938,300.0,300.0,300.0,-300.0,79.5155029296875,0.0,0.0,0.0,0.0,-106.98406982421875,32.5048828125,150.0,150.0,150.0,-33.5391845703125,0.07048071175813675,-0.618870735168457,0.05544089898467064,-0.00038522889371961355,0.056968238204717636,-0.1740235686302185,0.06522180885076523,0.13675574958324432,-0.33770933747291565,-0.02553144283592701,0.13046149909496307,-0.00250486028380692,-0.08255084604024887,0.02827063575387001,0.2928513288497925,2.32962965965271,-0.2890845835208893,0.007669331505894661,0.6830075979232788,1.962855339050293,0.2609134912490845,-0.47341445088386536,-0.1365581452846527,0.2574722468852997,4.105567455291748,-0.565114438533783,-1.7308675050735474,-0.9547941088676453,0.15844489634037018,-0.2111840695142746,0.06454391032457352,-0.12865880131721497,0.11971139162778854,-0.09438463300466537,0.05410337820649147,0.15238763391971588,0.11070773750543594,0.013073097914457321,0.07768537849187851,-0.010161434300243855,0.21870513260364532,-0.05023094266653061
3.083333494141698,182,-200.0,200.0,200.0,37.52845764160156,-50.0,-28.867897033691406,-100.0,-100.0,100.0,100.0,100.0,100.0,-300.0,300.0,300.0,300.0,-300.0,162.97579956054688,0.0,0.0,0.0,0.0,150.0,150.0,35.888519287109375,150.0,150.0,150.0,0.07457020878791809,-0.5800203680992126,0.053596824407577515,-0.00018538118456490338,0.06578755378723145,-0.1441224217414856,0.07133378088474274,0.12822894752025604,-0.3472789525985718,-0.02313707396388054,0.2066342681646347,-0.009017855860292912,-0.11543398350477219,0.01330549269914627,0.22372901439666748,2.2874181270599365,-0.27507415413856506,0.011647379957139492,0.5716173052787781,1.681004285812378,0.23918429017066956,-0.43168652057647705,-0.7532867789268494,0.23678049445152283,4.639176368713379,-0.40949156880378723,-1.575701117515564,-0.9017634391784668,0.17052213847637177,-0.19550324976444244,0.024842333048582077,-0.12553423643112183,0.10277871042490005,-0.09122338145971298,0.08223524689674377,0.13815757632255554,0.13025708496570587,0.026644472032785416,0.07046240568161011,0.052579719573259354,0.15499642491340637,-0.035135626792907715
3.100000161677599,183,-200.0,-200.0,200.0,-9.268241882324219,-28.808349609375,50.0,-100.0,-100.0,100.0,100.0,100.0,100.0,-233.84475708007812,300.0,119.81864929199219,300.0,-300.0,263.3509521484375,0.0,0.0,0.0,0.0,-70.6624755859375,43.9656982421875,150.0,150.0,150.0,150.0,0.07125933468341827,-0.5300778746604919,0.055688634514808655,-0.00013407653023023158,0.07645218074321747,-0.11517571657896042,0.07502370327711105,0.11752168834209442,-0.3677326738834381,-0.02360948547720909,0.3111119270324707,-0.016119608655571938,-0.1521967053413391,-0.000641111982986331,-0.09968072921037674,3.0299506187438965,0.019108470529317856,0.0029900644440203905,0.6611918210983276,1.6249269247055054,0.10200190544128418,-0.5464521646499634,-1.646540641784668,0.18310868740081787,6.789404392242432,-0.6439386010169983,-1.6235663890838623,-0.8515666723251343,0.17052213847637177,-0.19550324976444244,0.024842333048582077,-0.12553423643112183,0.10277871042490005,-0.09122338145971298,0.08223524689674377,0.13815757632255554,0.13025708496570587,0.026644472032785416,0.07046240568161011,0.052579719573259354,0.15499642491340637,-0.035135626792907715
3.1166668292135,184,-200.0,200.0,200.0,18.855140686035156,-50.0,50.0,-73.90103149414062,-100.0,100.0,100.0,100.0,100.0,-300.0,300.0,300.0,300.0,-300.0,300.0,0.0,0.0,0.0,0.0,62.5189208984375,150.0,-150.0,150.0,150.0,150.0,0.0680045560002327,-0.48058122396469116,0.05699869617819786,-2.5996769181801938e-05,0.08550608158111572,-0.09034928679466248,0.07838357239961624,0.10909373313188553,-0.4014488160610199,-0.023316586390137672,0.43091249465942383,-0.02128452993929386,-0.17019641399383545,-0.013776243664324284,-0.08742614090442657,2.9246606826782227,-0.023549044504761696,0.0068534789606928825,0.5736099481582642,1.3871890306472778,0.10597383975982666,-0.3802303373813629,-2.1588330268859863,0.2281445562839508,7.2680253982543945,-0.2535441219806671,-0.7834046483039856,-0.7893508672714233,0.17770765721797943,-0.1799446940422058,-0.016038458794355392,-0.10796570777893066,0.10227303951978683,-0.08665341883897781,0.08538606762886047,0.1135195717215538,0.1416379064321518,0.048146430402994156,0.040510307997465134,0.09823013842105865,0.08928105235099792,-0.03405842185020447
3.133333496749401,185,-200.0,200.0,200.0,28.536178588867188,50.0,47.01258850097656,-100.0,11.74462890625,100.0,100.0,19.2275390625,100.0,-300.0,300.0,-300.0,300.0,300.0,-182.1322021484375,0.0,0.0,0.0,0.0,150.0,37.2813720703125,-150.0,150.0,150.0,2.125,0.059022899717092514,-0.4343555271625519,0.0629502609372139,-0.010267454199492931,0.06372705101966858,-0.06490732729434967,0.08185385167598724,0.10133165866136551,-0.45247143507003784,-0.020242327824234962,0.5728725790977478,-0.026574501767754555,-0.17472121119499207,-0.02409297786653042,-0.0142192542552948,2.6232895851135254,0.7804650664329529,-2.44844126701355,-6.769716262817383,1.540884256362915,1.9641096591949463,0.1537187099456787,-3.4308035373687744,0.6999059915542603,8.808746337890625,-0.469637393951416,0.8233788013458252,-0.23646989464759827,0.17770765721797943,-0.1799446940422058,-0.016038458794355392,-0.10796570777893066,0.10227303951978683,-0.08665341883897781,0.08538606762886047,0.1135195717215538,0.1416379064321518,0.048146430402994156,0.040510307997465134,0.09823013842105865,0.08928105235099792,-0.03405842185020447
3.150000164285302,186,200.0,-200.0,-200.0,50.0,-50.0,-16.952110290527344,100.0,100.0,100.0,12.0933837890625,-100.0,100.0,-300.0,300.0,-300.0,300.0,-300.0,-219.66224670410156,0.0,0.0,0.0,0.0,150.0,-150.0,-150.0,-150.0,-150.0,150.0,0.06727517396211624,-0.42573830485343933,0.07666226476430893,0.0001504290266893804,0.0015316838398575783,0.038003478199243546,0.08546353876590729,0.10800209641456604,-0.4949963092803955,-0.009178431704640388,0.6945716738700867,-0.019198628142476082,-0.13270194828510284,-0.03421444445848465,0.4394289255142212,1.0178754329681396,0.8935008645057678,1.0234476327896118,-0.32994771003723145,7.345073699951172,0.6331424713134766,0.3858656585216522,-1.612652063369751,0.2573930025100708,6.577290058135986,1.1331169605255127,3.550133466720581,-0.38438791036605835,0.17734596133232117,-0.12952572107315063,-0.12314850836992264,-0.12929831445217133,0.1424248069524765,-0.13265979290008545,0.025654617697000504,0.13798077404499054,0.142531156539917,0.012824580073356628,0.04448223486542702,0.031339578330516815,0.011551219038665295,-0.022970030084252357
3.1666668318212032,187,200.0,-200.0,200.0,50.0,-14.89605712890625,50.0,-100.0,23.05712890625,100.0,-46.385955810546875,-100.0,100.0,-300.0,300.0,300.0,300.0,-300.0,300.0,0.0,0.0,0.0,0.0,150.0,-150.0,150.0,-118.709716796875,-150.0,-150.0,0.06461239606142044,-0.41818767786026,0.06841224431991577,0.002070152899250388,0.000726197031326592,0.1344519704580307,0.04925864189863205,0.1123441755771637,-0.5663313269615173,-0.013815898448228836,0.8253217935562134,-0.008860108442604542,-0.1063355877995491,-0.03147079050540924,-0.3350008428096771,0.6831008791923523,-0.5039818286895752,-0.13329780101776123,0.023724347352981567,4.06008768081665,-1.9292316436767578,0.2568656802177429,-4.4536542892456055,-0.06894800812005997,8.09036636352539,0.5203821063041687,1.4618501663208008,0.16027863323688507,0.17734596133232117,-0.12952572107315063,-0.12314850836992264,-0.12929831445217133,0.1424248069524765,-0.13265979290008545,0.025654617697000504,0.13798077404499054,0.142531156539917,0.012824580073356628,0.04448223486542702,0.031339578330516815,0.011551219038665295,-0.022970030084252357
3.1833334993571043,188,-200.0,-200.0,200.0,50.0,50.0,50.0,-100.0,-100.0,100.0,100.0,100.0,-100.0,-300.0,300.0,300.0,300.0,-143.8740234375,235.16473388671875,0.0,0.0,0.0,0.0,150.0,150.0,150.0,150.0,-150.0,150.0,0.06673620641231537,-0.4115017354488373,0.06640677899122238,0.0019679463002830744,-0.017139721661806107,0.1630249321460724,0.02663499489426613,0.12360687553882599,-0.6398435831069946,-0.012445647269487381,0.9432098269462585,-0.005218685604631901,-0.08356360346078873,-0.031216559931635857,0.048130542039871216,0.5181517601013184,-0.22946666181087494,-0.20564565062522888,-0.24027180671691895,-1.0876526832580566,-1.47117018699646,0.5532476902008057,-4.3360724449157715,0.2013268768787384,6.5050177574157715,0.3929262161254883,1.2912819385528564,0.08818763494491577,0.21680107712745667,-0.14864853024482727,-0.10991892218589783,-0.11869140714406967,0.17370107769966125,-0.02277187630534172,-0.011564096435904503,0.12236717343330383,0.12268390506505966,0.054439131170511246,0.0056943511590361595,0.11602216213941574,0.010531236417591572,0.0259227454662323
3.2000001668930054,189,-200.0,-200.0,-200.0,-50.0,-13.665140151977539,-6.397369384765625,-100.0,100.0,100.0,100.0,-55.5660400390625,100.0,-300.0,300.0,300.0,300.0,-300.0,-200.88088989257812,0.0,0.0,0.0,0.0,150.0,150.0,150.0,-21.0216064453125,-35.23358154296875,-10.2137451171875,0.06689148396253586,-0.401846319437027,0.07559450715780258,-0.001029796083457768,-0.022916292771697044,0.14693588018417358,0.007292012684047222,0.1336268186569214,-0.6994998455047607,-0.005221473053097725,1.031561017036438,0.010985394939780235,-0.06709799915552139,-0.02150854654610157,-0.18017010390758514,0.6934226155281067,0.4419216513633728,-0.14022549986839294,0.40283992886543274,-1.2839882373809814,-1.0552341938018799,0.38768255710601807,-3.3163764476776123,0.3827661871910095,4.906482219696045,1.1234720945358276,0.9039123058319092,0.5859484076499939,0.21680107712745667,-0.14864853024482727,-0.10991892218589783,-0.11869140714406967,0.17370107769966125,-0.02277187630534172,-0.011564096435904503,0.12236717343330383,0.12268390506505966,0.054439131170511246,0.0056943511590361595,0.11602216213941574,0.010531236417591572,0.0259227454662323
3.2166668344289064,190,-200.0,-200.0,-200.0,6.75201416015625,50.0,-50.0,-100.0,-100.0,100.0,100.0,100.0,100.0,-300.0,300.0,300.0,-300.0,-220.1630859375,-300.0,0.0,0.0,0.0,0.0,150.0,150.0,150.0,150.0,-150.0,-46.558837890625,0.06383252888917923,-0.3921416699886322,0.08197469264268875,-0.0007850622059777379,-0.02506987191736698,0.13835929334163666,-0.009220694191753864,0.1413470208644867,-0.7498627305030823,0.00019801734015345573,1.1014885902404785,0.0264824777841568,-0.053783319890499115,-0.012579704634845257,-0.2050112783908844,0.7516687512397766,0.26641595363616943,0.028438083827495575,0.058884210884571075,-0.6930457949638367,-1.0288900136947632,0.4251639246940613,-2.7708380222320557,0.28820377588272095,3.9303951263427734,0.950165867805481,0.7273845672607422,0.5066176652908325,0.2367277443408966,-0.19281908869743347,-0.09786791354417801,-0.14097163081169128,0.11103381216526031,-0.007028302177786827,-0.02298443391919136,0.11722911149263382,0.11143891513347626,0.052126821130514145,0.01859680935740471,0.15744435787200928,-0.012009763158857822,0.024364344775676727
3.2333335019648075,191,-200.0,-200.0,-200.0,-12.195785522460938,-50.0,-9.998123168945312,-100.0,100.0,100.0,100.0,-100.0,100.0,-300.0,300.0,297.793212890625,134.95526123046875,-300.0,-300.0,0.0,0.0,0.0,0.0,150.0,150.0,150.0,-3.896240234375,30.298126220703125,1.485260009765625,0.056519925594329834,-0.37272316217422485,0.09357964247465134,-0.0014189777430146933,-0.030274471268057823,0.12920638918876648,-0.019794534891843796,0.14324046671390533,-0.7804412245750427,0.00016295806562993675,1.1548795700073242,0.045918360352516174,-0.04938039556145668,-0.005772195290774107,-0.40893176198005676,1.2567511796951294,0.6343873739242554,-0.026583896949887276,0.07692264020442963,-0.9359064102172852,-0.6231729984283447,-0.10792316496372223,-1.750794768333435,0.07876995950937271,3.0143775939941406,1.1929699182510376,0.23679295182228088,0.39661622047424316,0.2367277443408966,-0.19281908869743347,-0.09786791354417801,-0.14097163081169128,0.11103381216526031,-0.007028302177786827,-0.02298443391919136,0.11722911149263382,0.11143891513347626,0.052126821130514145,0.01859680935740471,0.15744435787200928,-0.012009763158857822,0.024364344775676727
3.2500001695007086,192,-200.0,-200.0,-200.0,-50.0,50.0,50.0,-100.0,-100.0,100.0,100.0,100.0,100.0,-300.0,300.0,300.0,57.4161376953125,-300.0,-72.53431701660156,0.0,0.0,0.0,0.0,150.0,150.0,150.0,150.0,150.0,150.0,0.04924018308520317,-0.3544963598251343,0.10282161086797714,-0.0013119454961270094,-0.032095469534397125,0.11864860355854034,-0.028706787154078484,0.14381952583789825,-0.8088094592094421,-0.00026020914083346725,1.197400450706482,0.06362646818161011,-0.04545015096664429,0.0005937259993515909,-0.4489176571369171,1.2460073232650757,0.4820377826690674,-0.03307417407631874,0.3035120964050293,-0.9681978821754456,-0.5494036674499512,-0.16504424810409546,-1.5968085527420044,0.06009107828140259,2.35650897026062,1.0153279304504395,0.21656133234500885,0.33999648690223694,0.24579490721225739,-0.20018664002418518,-0.12256995588541031,-0.13065677881240845,0.062127627432346344,-0.05120120942592621,-0.02113867923617363,0.13032466173171997,0.11836059391498566,0.05958838388323784,0.02941833809018135,0.209156334400177,-0.0017721813637763262,0.0617951974272728
3.2666668370366096,193,-200.0,-200.0,-98.54981994628906,-37.414649963378906,-20.313629150390625,-22.725830078125,-100.0,100.0,100.0,100.0,-100.0,100.0,-300.0,300.0,138.042724609375,300.0,-300.0,-300.0,0.0,0.0,0.0,0.0,150.0,150.0,150.0,-18.464599609375,12.6689453125,17.50726318359375,0.03695281594991684,-0.3411045968532562,0.11421472579240799,-0.0016135447658598423,-0.035072457045316696,0.1099410131573677,-0.03145696595311165,0.1405409574508667,-0.8411650657653809,-6.181810022098944e-05,1.235073447227478,0.08671490103006363,-0.03949322924017906,0.013613616116344929,-0.6848429441452026,0.9822006821632385,0.6713149547576904,-0.011868316680192947,0.17615965008735657,-0.8302760720252991,-0.18767490983009338,-0.2764647603034973,-1.9068927764892578,0.21861568093299866,2.2372241020202637,1.3392443656921387,0.3498530983924866,0.7114095687866211,0.24579490721225739,-0.20018664002418518,-0.12256995588541031,-0.13065677881240845,0.062127627432346344,-0.05120120942592621,-0.02113867923617363,0.13032466173171997,0.11836059391498566,0.05958838388323784,0.02941833809018135,0.209156334400177,-0.0017721813637763262,0.0617951974272728
3.2833335045725107,194,-109.3701171875,-200.0,-200.0,50.0,39.120086669921875,-50.0,100.0,-100.0,100.0,100.0,100.0,100.0,-300.0,300.0,300.0,-98.31021118164062,-300.0,84.58560180664062,0.0,0.0,0.0,0.0,150.0,150.0,150.0,150.0,-150.0,150.0,0.026623910292983055,-0.3276245594024658,0.12337063252925873,-0.0013472976861521602,-0.03811391070485115,0.10131005942821503,-0.034218717366456985,0.13952399790287018,-0.8733381032943726,0.0014644114999100566,1.266287922859192,0.10667447745800018,-0.03409707546234131,0.024873161688447,-0.6505951285362244,0.9960430860519409,0.5212395787239075,-0.036787718534469604,0.29502972960472107,-0.9064003825187683,-0.18822787702083588,-0.18163514137268066,-1.8297916650772095,0.22434160113334656,1.7119606733322144,1.139197826385498,0.3173504173755646,0.5962618589401245,0.2553975582122803,-0.21165679395198822,-0.14053623378276825,-0.1141974925994873,0.048750706017017365,-0.0759507417678833,-0.03956161066889763,0.11929574608802795,0.11953044682741165,0.102129265666008,0.036601997911930084,0.232901930809021,-0.011081160046160221,0.07411311566829681
3.300000172108412,195,200.0,-200.0,200.0,37.61042022705078,-41.59014892578125,-11.575004577636719,-100.0,100.0,100.0,100.0,-100.0,100.0,-300.0,300.0,227.01263427734375,209.18206787109375,-300.0,-300.0,0.0,0.0,0.0,0.0,150.0,150.0,150.0,-23.1063232421875,-0.32861328125,6.61688232421875,0.013305969536304474,-0.31311213970184326,0.13352873921394348,-0.002325204899534583,-0.03940552473068237,0.09279248118400574,-0.03631586953997612,0.13499853014945984,-0.905967116355896,0.0059743295423686504,1.2927347421646118,0.12736918032169342,-0.032427143305540085,0.03705849125981331,-0.7797243595123291,1.0346205234527588,0.5856322050094604,-0.01021444983780384,0.2816872000694275,-0.8151059746742249,-0.1991775780916214,-0.3152722120285034,-1.90109121799469,0.4763012230396271,1.5435153245925903,1.1854156255722046,0.1118151918053627,0.6584550142288208,0.2553975582122803,-0.21165679395198822,-0.14053623378276825,-0.1141974925994873,0.048750706017017365,-0.0759507417678833,-0.03956161066889763,0.11929574608802795,0.11953044682741165,0.102129265666008,0.036601997911930084,0.232901930809021,-0.011081160046160221,0.07411311566829681
3.316666839644313,196,-200.0,-200.0,-200.0,50.0,37.1405029296875,16.196575164794922,100.0,-100.0,100.0,-100.0,100.0,100.0,-300.0,300.0,300.0,-34.912109375,-300.0,-300.0,0.0,0.0,0.0,0.0,150.0,150.0,150.0,150.0,-150.0,134.29010009765625,0.0016216383082792163,-0.29895806312561035,0.1413697600364685,-0.001883179065771401,-0.04181095212697983,0.0842776671051979,-0.03888043761253357,0.1304110437631607,-0.9379110336303711,0.010212933644652367,1.312306523323059,0.14492444694042206,-0.03075152263045311,0.0473160482943058,-0.7362272143363953,1.0316590070724487,0.45785799622535706,-0.01181325688958168,0.2888557016849518,-0.8659157752990723,-0.1982472836971283,-0.3194880485534668,-1.7946534156799316,0.4517202377319336,1.0147594213485718,1.0068212747573853,0.10283111780881882,0.5542036294937134,0.268972784280777,-0.22633208334445953,-0.15197239816188812,-0.10915451496839523,0.04241429641842842,-0.09834679216146469,-0.0404418520629406,0.13135014474391937,0.12835757434368134,0.10777519643306732,0.03949425742030144,0.25027698278427124,-0.03667213395237923,0.08197267353534698
3.333333507180214,197,-91.83056640625,-200.0,-200.0,-2.6128616333007812,-50.0,-24.256858825683594,-100.0,100.0,100.0,-100.0,-100.0,100.0,-300.0,300.0,300.0,-74.24575805664062,-300.0,-300.0,0.0,0.0,0.0,0.0,150.0,150.0,150.0,-12.0718994140625,16.197479248046875,-7.82855224609375,-0.011267093941569328,-0.2875180244445801,0.15061961114406586,-0.0019464259967207909,-0.044673431664705276,0.07525768876075745,-0.041946932673454285,0.1256958395242691,-0.9702138304710388,0.01552282553166151,1.324262022972107,0.16256417334079742,-0.03709127753973007,0.057401224970817566,-0.76331627368927,0.8628209829330444,0.5708165168762207,-0.0019297115504741669,0.2915104925632477,-0.8124324083328247,-0.17491468787193298,-0.2494526207447052,-1.8240901231765747,0.5083808302879333,0.5961512923240662,1.0057876110076904,-0.34727656841278076,0.5773738026618958,0.268972784280777,-0.22633208334445953,-0.15197239816188812,-0.10915451496839523,0.04241429641842842,-0.09834679216146469,-0.0404418520629406,0.13135014474391937,0.12835757434368134,0.10777519643306732,0.03949425742030144,0.25027698278427124,-0.03667213395237923,0.08197267353534698
3.350000174716115,198,200.0,-200.0,-200.0,19.11278533935547,14.476715087890625,34.21436309814453,100.0,-100.0,100.0,-100.0,100.0,100.0,-300.0,300.0,300.0,-300.0,-300.0,-300.0,0.0,0.0,0.0,0.0,150.0,150.0,150.0,-82.89910888671875,-150.0,129.67437744140625,-0.022382084280252457,-0.2761783003807068,0.15818674862384796,-0.0017676249844953418,-0.046134788542985916,0.0660938173532486,-0.044520437717437744,0.12213015556335449,-1.0002697706222534,0.02063688263297081,1.3274673223495483,0.17757751047611237,-0.04232191666960716,0.06595853716135025,-0.6947083473205566,0.8518528938293457,0.43963369727134705,-0.00654248520731926,0.36387816071510315,-0.83990079164505,-0.20258879661560059,-0.22839221358299255,-1.6666841506958008,0.46304550766944885,0.021950893104076385,0.8551074862480164,-0.2895790636539459,0.4867858290672302,0.2880561649799347,-0.24965377151966095,-0.15223826467990875,-0.11125563085079193,0.0381665900349617,-0.12090376764535904,-0.032008953392505646,0.1389923393726349,0.11987332254648209,0.12180745601654053,0.03923070430755615,0.2443225085735321,-0.05134178698062897,0.09020744264125824
3.366666842252016,199,200.0,-200.0,-200.0,24.232345581054688,-50.0,-24.1578369140625,-51.593017578125,100.0,100.0,-100.0,-100.0,100.0,-300.0,300.0,300.0,-300.0,-300.0,-300.0,0.0,0.0,0.0,0.0,150.0,150.0,150.0,-9.19012451171875,7.63348388671875,-14.01446533203125,-0.03373074531555176,-0.26746317744255066,0.16879211366176605,-0.0017885616980493069,-0.04822243005037308,0.05713491886854172,-0.046869680285453796,0.11769051104784012,-1.027483344078064,0.02557208389043808,1.3209093809127808,0.1894792765378952,-0.0510752834379673,0.07479647547006607,-0.6818150877952576,0.6644799113273621,0.6246764063835144,-0.008108902722597122,0.2839161455631256,-0.8166751265525818,-0.1901332587003708,-0.2962190508842468,-1.487810492515564,0.47875767946243286,-0.5694159269332886,0.6717666387557983,-0.48160016536712646,0.5237986445426941,0.2880561649799347,-0.24965377151966095,-0.15223826467990875,-0.11125563085079193,0.0381665900349617,-0.12090376764535904,-0.032008953392505646,0.1389923393726349,0.11987332254648209,0.12180745601654053,0.03923070430755615,0.2443225085735321,-0.05134178698062897,0.09020744264125824
3.383333509787917,200,200.0,-200.0,-84.82164001464844,-4.563762664794922,-50.0,32.79851531982422,100.0,-100.0,100.0,-100.0,100.0,100.0,-300.0,300.0,300.0,-300.0,-300.0,-300.0,0.0,0.0,0.0,0.0,150.0,150.0,150.0,-52.06597900390625,146.47930908203125,30.58782958984375,-0.0431654192507267,-0.2595408260822296,0.17722003161907196,-0.0018534358823671937,-0.04959965869784355,0.047382939606904984,-0.050307177007198334,0.11282120645046234,-1.0513991117477417,0.02978949248790741,1.3042222261428833,0.19953890144824982,-0.0584152489900589,0.0823262557387352,-0.6081458330154419,0.6146359443664551,0.5100098252296448,-0.05025549232959747,0.42743563652038574,-0.8901812434196472,-0.2144511193037033,-0.3353220224380493,-1.3092007637023926,0.43568506836891174,-1.1861122846603394,0.5732142329216003,-0.4009356200695038,0.4487352669239044,0.3015153706073761,-0.2615855038166046,-0.15064723789691925,-0.10256343334913254,0.03540915995836258,-0.14262977242469788,-0.009408533573150635,0.1386069804430008,0.12917207181453705,0.13710184395313263,0.03482755646109581,0.24094471335411072,-0.04465220868587494,0.09301187843084335
3.400000177323818,201,200.0,-200.0,-200.0,42.67522048950195,-50.0,-20.34276580810547,100.0,100.0,100.0,-100.0,-100.0,100.0,-300.0,300.0,300.0,-300.0,-300.0,-300.0,0.0,0.0,0.0,0.0,150.0,150.0,150.0,-19.763916015625,-11.883590698242188,7.647613525390625,-0.05307873710989952,-0.25726965069770813,0.18880057334899902,-0.0017432966269552708,-0.04718676581978798,0.039518922567367554,-0.05118996277451515,0.10702048987150192,-1.0726186037063599,0.03579980507493019,1.2755385637283325,0.2076285481452942,-0.06256003677845001,0.08930446207523346,-0.5515599846839905,0.24411830306053162,0.6539173126220703,-0.01544887199997902,0.723862886428833,-0.7148783206939697,-0.16672995686531067,-0.28060951828956604,-1.1056581735610962,0.5234829783439636,-1.9613070487976074,0.46412894129753113,-0.22129006683826447,0.3989723026752472,0.3015153706073761,-0.2615855038166046,-0.15064723789691925,-0.10256343334913254,0.03540915995836258,-0.14262977242469788,-0.009408533573150635,0.1386069804430008,0.12917207181453705,0.13710184395313263,0.03482755646109581,0.24094471335411072,-0.04465220868587494,0.09301187843084335
3.4166668448597193,202,200.0,-200.0,-200.0,-50.0,-37.43031311035156,10.475135803222656,100.0,-100.0,100.0,-100.0,-100.0,100.0,-300.0,300.0,131.4810791015625,-211.6907958984375,-300.0,-300.0,0.0,0.0,0.0,0.0,150.0,150.0,150.0,-150.0,107.5078125,-150.0,-0.06142529845237732,-0.2555672228336334,0.19792567193508148,-0.0020132565405219793,-0.04652513936161995,0.02952626347541809,-0.05415072292089462,0.0999726876616478,-1.0896247625350952,0.04022560641169548,1.235581874847412,0.21430672705173492,-0.06612736731767654,0.09531760960817337,-0.510795533657074,0.1745319366455078,0.5636236071586609,-0.03557613119482994,0.7630712985992432,-0.8107260465621948,-0.16711418330669403,-0.3438912034034729,-0.9059643149375916,0.4669235646724701,-2.585860252380371,0.3938682973384857,-0.18804866075515747,0.3443058431148529,0.2895568609237671,-0.2593063712120056,-0.15232044458389282,-0.09711211919784546,0.039329830557107925,-0.1332082450389862,0.024963753297924995,0.13756327331066132,0.1476116180419922,0.1507570594549179,0.020329874008893967,0.21509860455989838,-0.039351996034383774,0.08042161911725998
3.4333335123956203,203,200.0,-200.0,-200.0,39.674678802490234,-32.56993865966797,-15.215034484863281,100.0,100.0,100.0,-100.0,-100.0,100.0,-300.0,300.0,195.82525634765625,38.5469970703125,-300.0,-300.0,0.0,0.0,0.0,0.0,150.0,150.0,150.0,-12.504226684570312,-16.872032165527344,-8.204864501953125,-0.070052370429039,-0.2590554356575012,0.20579591393470764,-0.0021136351861059666,-0.0412960946559906,0.02149396762251854,-0.052825167775154114,0.09213925153017044,-1.1054329872131348,0.04404890909790993,1.1849961280822754,0.21587321162223816,-0.06734918057918549,0.09807804226875305,-0.5432112216949463,-0.10632815957069397,0.4474872648715973,-0.01697828620672226,0.8666794300079346,-0.7088334560394287,-0.031723205000162125,-0.4111393094062805,-0.8070467710494995,0.4591595530509949,-3.2396631240844727,0.10468723624944687,-0.06728863716125488,0.1492772251367569,0.2895568609237671,-0.2593063712120056,-0.15232044458389282,-0.09711211919784546,0.039329830557107925,-0.1332082450389862,0.024963753297924995,0.13756327331066132,0.1476116180419922,0.1507570594549179,0.020329874008893967,0.21509860455989838,-0.039351996034383774,0.08042161911725998
3.4500001799315214,204,200.0,-200.0,-200.0,-9.940055847167969,-50.0,-50.0,100.0,-100.0,100.0,-100.0,-100.0,100.0,-300.0,300.0,-71.08111572265625,-90.2548828125,-300.0,-300.0,0.0,0.0,0.0,0.0,150.0,150.0,150.0,-150.0,150.0,-150.0,-0.07748095691204071,-0.2628929018974304,0.21202711760997772,-0.002404303988441825,-0.03929545357823372,0.012146356515586376,-0.053437527269124985,0.08409634232521057,-1.117470145225525,0.04666472226381302,1.1249269247055054,0.21695291996002197,-0.06850031763315201,0.1005282923579216,-0.5091919302940369,-0.13412392139434814,0.385795921087265,-0.031236466020345688,0.7580142021179199,-0.745410144329071,-0.04178836941719055,-0.4270392060279846,-0.624774158000946,0.3867749571800232,-3.7308809757232666,0.08233826607465744,-0.06175484508275986,0.14401555061340332,0.2802291512489319,-0.27238988876342773,-0.14421695470809937,-0.09399892389774323,0.04890992492437363,-0.145233154296875,0.039498526602983475,0.13532890379428864,0.16315802931785583,0.14965234696865082,0.007146568037569523,0.1864319145679474,-0.013846355490386486,0.06697376072406769
3.4666668474674225,205,200.0,-200.0,-200.0,38.36159133911133,-41.39329528808594,-10.067150115966797,100.0,35.94677734375,100.0,-100.0,-100.0,100.0,-300.0,300.0,-15.794952392578125,300.0,-300.0,-300.0,0.0,0.0,0.0,0.0,150.0,150.0,150.0,-15.743499755859375,-6.926605224609375,-1.5722885131835938,-0.08730394393205643,-0.265981525182724,0.21706163883209229,-0.002829462755471468,-0.03560961037874222,0.0026873406022787094,-0.052870262414216995,0.07283536344766617,-1.122921347618103,0.04857906699180603,1.0535805225372314,0.21334309875965118,-0.06194161996245384,0.10010717064142227,-0.6287625432014465,-0.08926244080066681,0.30328649282455444,-0.01627645641565323,0.7578390836715698,-0.738379716873169,-0.06194569915533066,-0.599087119102478,-0.20764446258544922,0.42680639028549194,-4.432265758514404,-0.16738168895244598,0.3596298396587372,-0.06456950306892395,0.2802291512489319,-0.27238988876342773,-0.14421695470809937,-0.09399892389774323,0.04890992492437363,-0.145233154296875,0.039498526602983475,0.13532890379428864,0.16315802931785583,0.14965234696865082,0.007146568037569523,0.1864319145679474,-0.013846355490386486,0.06697376072406769
3.4833335150033236,206,200.0,-200.0,-200.0,50.0,-50.0,-9.091348648071289,100.0,-100.0,100.0,-100.0,-100.0,100.0,-300.0,300.0,-300.0,266.15765380859375,-63.07893371582031,-300.0,0.0,0.0,0.0,0.0,150.0,150.0,150.0,-150.0,92.13540649414062,66.55043029785156,-0.09572888910770416,-0.2696024179458618,0.22086766362190247,-0.0027963349130004644,-0.03456908464431763,-0.006952864117920399,-0.05389685556292534,0.06271078437566757,-1.125519871711731,0.049530498683452606,0.9755315184593201,0.21008805930614471,-0.05653716251254082,0.09992021322250366,-0.5760588645935059,-0.08258839696645737,0.2601364254951477,-0.024292171001434326,0.680361270904541,-0.7768222689628601,-0.05654133856296539,-0.5476179122924805,-0.09403064846992493,0.33357512950897217,-4.712655067443848,-0.14763261377811432,0.29896438121795654,-0.03219407796859741,0.26375168561935425,-0.2820982336997986,-0.12618277966976166,-0.09453090280294418,0.048935599625110626,-0.16097432374954224,0.03013712540268898,0.12035836279392242,0.18305282294750214,0.14164549112319946,0.000702168676070869,0.17337103188037872,-0.00968840066343546,0.07341625541448593
3.5000001825392246,207,200.0,-200.0,-200.0,32.92106628417969,-36.34339141845703,-5.612798690795898,100.0,-69.536865234375,100.0,-100.0,-100.0,100.0,-300.0,300.0,-203.879638671875,300.0,-300.0,-300.0,0.0,0.0,0.0,0.0,150.0,150.0,150.0,-10.976898193359375,-32.752716064453125,-38.057220458984375,-0.10473919659852982,-0.2719307839870453,0.2220507264137268,-0.002844899892807007,-0.029850775375962257,-0.01744595542550087,-0.05095298960804939,0.05213795602321625,-1.1206504106521606,0.05011602118611336,0.8865907192230225,0.2053966522216797,-0.05035325884819031,0.10122017562389374,-0.6132354736328125,-0.03946945071220398,0.08961202204227448,-0.017823349684476852,0.8952786326408386,-0.8098337650299072,0.06533469259738922,-0.5805972218513489,0.3930457830429077,0.309838205575943,-5.475309371948242,-0.22885015606880188,0.3461107909679413,0.046093691140413284,0.26375168561935425,-0.2820982336997986,-0.12618277966976166,-0.09453090280294418,0.048935599625110626,-0.16097432374954224,0.03013712540268898,0.12035836279392242,0.18305282294750214,0.14164549112319946,0.000702168676070869,0.17337103188037872,-0.00968840066343546,0.07341625541448593
3.5166668500751257,208,200.0,-200.0,99.0020751953125,50.0,-30.57202911376953,20.524185180664062,100.0,-19.0791015625,-100.0,-100.0,-100.0,100.0,-300.0,300.0,-300.0,278.2567138671875,-262.7180480957031,-300.0,0.0,0.0,0.0,0.0,150.0,150.0,150.0,-150.0,94.990966796875,150.0,-0.11261928826570511,-0.27501922845840454,0.22283999621868134,-0.0028569530695676804,-0.0275721438229084,-0.02836047299206257,-0.049561258405447006,0.043221160769462585,-1.1139329671859741,0.050018664449453354,0.7925747632980347,0.2013348489999771,-0.04537739232182503,0.1024756133556366,-0.5654662251472473,-0.031650394201278687,0.08738695830106735,-0.03113633394241333,0.7182742357254028,-0.834183931350708,0.08123838156461716,-0.5090586543083191,0.4309190809726715,0.22536909580230713,-5.58039665222168,-0.18217992782592773,0.2807081937789917,0.049582794308662415,0.23879076540470123,-0.2935037612915039,-0.11115199327468872,-0.10546155273914337,0.06273307651281357,-0.18007269501686096,0.01950046420097351,0.11385998874902725,0.1917782425880432,0.13830974698066711,-0.012200911529362202,0.15165188908576965,-0.00469671655446291,0.08961612731218338
3.5333335176110268,209,-200.0,-200.0,-200.0,4.055473327636719,-32.01137161254883,1.5259990692138672,100.0,-100.0,80.61102294921875,-100.0,-100.0,-26.03369140625,-300.0,300.0,-300.0,300.0,-300.0,-215.96743774414062,0.0,0.0,0.0,0.0,150.0,150.0,119.69575500488281,-33.345733642578125,-42.507568359375,-40.58256530761719,-0.1202039048075676,-0.27519068121910095,0.22005635499954224,-0.00346434791572392,-0.024259349331259727,-0.041187550872564316,-0.04488445445895195,0.0345253087580204,-1.1011286973953247,0.04708129167556763,0.6917062997817993,0.19472655653953552,-0.039655186235904694,0.1068670004606247,-0.5404953956604004,0.08169279992580414,-0.12744726240634918,-0.019853811711072922,0.8058810234069824,-0.8832146525382996,0.17403343319892883,-0.5653123259544373,0.8156813979148865,0.08787478506565094,-6.059736251831055,-0.33007094264030457,0.34347623586654663,0.21802213788032532,0.23879076540470123,-0.2935037612915039,-0.11115199327468872,-0.10546155273914337,0.06273307651281357,-0.18007269501686096,0.01950046420097351,0.11385998874902725,0.1917782425880432,0.13830974698066711,-0.012200911529362202,0.15165188908576965,-0.00469671655446291,0.08961612731218338
3.550000185146928,210,95.7916259765625,-200.0,200.0,14.036056518554688,-41.06719207763672,13.268426895141602,100.0,-69.1661376953125,-100.0,-100.0,-100.0,100.0,-300.0,300.0,-300.0,300.0,-300.0,-300.0,0.0,0.0,0.0,0.0,150.0,150.0,-150.0,-150.0,133.37319946289062,132.12266540527344,-0.12655210494995117,-0.2759082019329071,0.2176864594221115,-0.0032218776177614927,-0.023238511756062508,-0.05340390279889107,-0.04145561158657074,0.027550088241696358,-1.0885326862335205,0.04450201988220215,0.5917189717292786,0.189009428024292,-0.03493807464838028,0.11066678911447525,-0.48034849762916565,0.11016668379306793,-0.10333368182182312,-0.01423686370253563,0.6954057812690735,-0.8883295059204102,0.1652497798204422,-0.4659934341907501,0.7381384968757629,0.05097179487347603,-5.807997703552246,-0.26136162877082825,0.28367045521736145,0.19767649471759796,0.21626166999340057,-0.2991086542606354,-0.10203816741704941,-0.1287405788898468,0.07012027502059937,-0.19563955068588257,-0.002150985412299633,0.10653036087751389,0.19451282918453217,0.15360186994075775,-0.027543265372514725,0.12144054472446442,0.002639761893078685,0.10167445987462997
3.566666852682829,211,-200.0,-200.0,63.89520263671875,-15.906463623046875,-30.4693603515625,11.775449752807617,100.0,-100.0,-84.86297607421875,-75.224853515625,-100.0,-100.0,-300.0,300.0,-300.0,300.0,-300.0,-168.27841186523438,0.0,0.0,0.0,0.0,150.0,150.0,-150.0,-58.02490234375,-48.404052734375,-33.21929931640625,-0.13158273696899414,-0.2735177278518677,0.21194930374622345,-0.003627140773460269,-0.01941055804491043,-0.06736662238836288,-0.03773970156908035,0.02172606997191906,-1.073693871498108,0.03670361638069153,0.49282100796699524,0.17967122793197632,-0.028854481875896454,0.1162918284535408,-0.4055834412574768,0.3029114902019501,-0.2822691798210144,-0.023784369230270386,0.8485265970230103,-0.9855754375457764,0.18478333950042725,-0.5939921736717224,0.9031364917755127,-0.22207370400428772,-5.795180797576904,-0.47435352206230164,0.3814651072025299,0.28571417927742004,0.21626166999340057,-0.2991086542606354,-0.10203816741704941,-0.1287405788898468,0.07012027502059937,-0.19563955068588257,-0.002150985412299633,0.10653036087751389,0.19451282918453217,0.15360186994075775,-0.027543265372514725,0.12144054472446442,0.002639761893078685,0.10167445987462997
3.58333352021873,212,-200.0,-200.0,200.0,-27.033130645751953,-31.467086791992188,-6.082544803619385,100.0,-100.0,-100.0,-100.0,-100.0,100.0,-300.0,300.0,-300.0,300.0,-95.883056640625,-300.0,0.0,0.0,0.0,0.0,150.0,150.0,-150.0,-150.0,150.0,150.0,-0.1360456347465515,-0.2706014811992645,0.20736952126026154,-0.0035699247382581234,-0.014994381926953793,-0.0821310356259346,-0.0338175892829895,0.01709383726119995,-1.0611064434051514,0.030280351638793945,0.4015207886695862,0.17153315246105194,-0.023642534390091896,0.12103142589330673,-0.3546088635921478,0.3319343328475952,-0.22473135590553284,-0.011341001838445663,0.854854941368103,-0.9914255142211914,0.192046657204628,-0.4760836362838745,0.7175657153129578,-0.18873469531536102,-5.203189849853516,-0.393061101436615,0.3272040784358978,0.2560184895992279,0.18816232681274414,-0.2937202453613281,-0.08502591401338577,-0.15346817672252655,0.06982218474149704,-0.19923388957977295,-0.028138063848018646,0.09488658607006073,0.20226332545280457,0.1666920781135559,-0.041826508939266205,0.07497765868902206,0.019645152613520622,0.11489446461200714
3.600000187754631,213,-200.0,-200.0,-156.66455078125,-23.268062591552734,-20.57941436767578,5.627652645111084,100.0,-100.0,-100.0,-66.552001953125,-100.0,-100.0,-300.0,300.0,-300.0,300.0,-300.0,-106.64892578125,0.0,0.0,0.0,0.0,150.0,150.0,-150.0,-77.004638671875,-99.7659912109375,-20.201507568359375,-0.14094696938991547,-0.2648220956325531,0.19907578825950623,-0.003676131134852767,-0.006906900089234114,-0.09791450202465057,-0.0268667321652174,0.013854033313691616,-1.0442761182785034,0.01840735413134098,0.30931398272514343,0.15767914056777954,-0.013895540498197079,0.12799613177776337,-0.3983982503414154,0.5007870197296143,-0.42022207379341125,-0.03062162548303604,1.1437536478042603,-1.1028790473937988,0.31903302669525146,-0.571867823600769,1.0332971811294556,-0.48496484756469727,-5.456361293792725,-0.7244279384613037,0.6031774878501892,0.341897189617157,0.18816232681274414,-0.2937202453613281,-0.08502591401338577,-0.15346817672252655,0.06982218474149704,-0.19923388957977295,-0.028138063848018646,0.09488658607006073,0.20226332545280457,0.1666920781135559,-0.041826508939266205,0.07497765868902206,0.019645152613520622,0.11489446461200714
3.616666855290532,214,-157.1475830078125,-200.0,200.0,-32.98435592651367,-50.0,-4.0212578773498535,100.0,-89.67279052734375,-100.0,-100.0,-100.0,100.0,-300.0,300.0,-300.0,300.0,150.214111328125,-300.0,0.0,0.0,0.0,0.0,150.0,150.0,-150.0,-150.0,-9.13800048828125,150.0,-0.14535745978355408,-0.25894129276275635,0.19177863001823425,-0.003745780326426029,0.0005339637282304466,-0.11485549807548523,-0.02097075618803501,0.011599177494645119,-1.0296796560287476,0.008684316650032997,0.2241889089345932,0.14537537097930908,-0.005713245365768671,0.13373881578445435,-0.349384069442749,0.499571830034256,-0.3565613329410553,-0.014381354674696922,0.9850738048553467,-1.0766032934188843,0.3079918622970581,-0.45108363032341003,0.8344699144363403,-0.4087844491004944,-4.845794200897217,-0.609311580657959,0.5080687999725342,0.30914708971977234,0.14568813145160675,-0.2913268804550171,-0.06857211887836456,-0.1711442619562149,0.05795557051897049,-0.202012836933136,-0.04188571125268936,0.07514145970344543,0.20523537695407867,0.17846977710723877,-0.04787178710103035,0.03599351644515991,0.023072591051459312,0.12914741039276123
3.633333522826433,215,-200.0,-200.0,-5.99285888671875,-15.643330574035645,-42.41082763671875,9.174814224243164,100.0,-100.0,-100.0,-69.281982421875,-100.0,-100.0,-286.46710205078125,300.0,-300.0,300.0,-300.0,-48.67584228515625,0.0,0.0,0.0,0.0,150.0,150.0,-150.0,-70.774169921875,-111.04238891601562,-33.94122314453125,-0.14940476417541504,-0.2462121844291687,0.17748987674713135,-0.005079674534499645,0.008387602865695953,-0.1353028416633606,-0.011832869611680508,0.008231507614254951,-1.0080918073654175,-0.005328238010406494,0.13770586252212524,0.12912677228450775,0.0022488520480692387,0.1415693163871765,-0.3492151200771332,0.8240010738372803,-0.7073507905006409,-0.03439250588417053,1.0170118808746338,-1.2432371377944946,0.4665893018245697,-0.5968444347381592,1.273244023323059,-0.5744168162345886,-5.070441722869873,-0.8525823354721069,0.517376184463501,0.4171640872955322,0.14568813145160675,-0.2913268804550171,-0.06857211887836456,-0.1711442619562149,0.05795557051897049,-0.202012836933136,-0.04188571125268936,0.07514145970344543,0.20523537695407867,0.17846977710723877,-0.04787178710103035,0.03599351644515991,0.023072591051459312,0.12914741039276123
3.6500001903623343,216,-200.0,-200.0,200.0,-6.885846138000488,-50.0,-6.976728439331055,100.0,100.0,-100.0,-100.0,-100.0,100.0,-300.0,300.0,-300.0,300.0,149.816650390625,-300.0,0.0,0.0,0.0,0.0,150.0,150.0,-150.0,-150.0,-150.0,-150.0,-0.152852401137352,-0.23425887525081635,0.1658230870962143,-0.004528596065938473,0.012149868533015251,-0.154342383146286,-0.0023694434203207493,0.0055520362220704556,-0.9894274473190308,-0.017076030373573303,0.060990024358034134,0.11508018523454666,0.008997653611004353,0.14812912046909332,-0.29685214161872864,0.8531318306922913,-0.6378644704818726,0.010083947330713272,0.8446751832962036,-1.1806763410568237,0.3736497163772583,-0.48867353796958923,1.053979516029358,-0.4882168173789978,-4.285207271575928,-0.7151150703430176,0.4354546368122101,0.36334866285324097,0.11845270544290543,-0.300231009721756,-0.05075886473059654,-0.18221831321716309,0.05832593888044357,-0.2124749720096588,-0.05173163488507271,0.05834587663412094,0.19997934997081757,0.20273393392562866,-0.045996058732271194,0.004074966534972191,0.015166823752224445,0.11956185847520828
3.6666668578982353,217,-200.0,-200.0,200.0,9.271978378295898,-50.0,14.072967529296875,100.0,-100.0,-100.0,61.3671875,-100.0,-100.0,-300.0,300.0,-300.0,300.0,300.0,235.11590576171875,0.0,0.0,0.0,0.0,150.0,150.0,-150.0,-58.54754638671875,-129.98416137695312,-77.9757080078125,-0.15653932094573975,-0.21583350002765656,0.14949645102024078,-0.0051996102556586266,0.01950976438820362,-0.176112100481987,0.00697643356397748,0.000930579612031579,-0.9699994325637817,-0.03071049600839615,-0.0007813753909431398,0.0982646644115448,0.012721153907477856,0.1518319696187973,-0.2977975904941559,1.1776611804962158,-0.8768830299377441,-0.03864911571145058,1.0550262928009033,-1.2836146354675293,0.2860174775123596,-0.755271852016449,0.2519979476928711,-0.6693123579025269,-1.383190631866455,-0.888881266117096,0.2774031162261963,0.21912533044815063,0.11845270544290543,-0.300231009721756,-0.05075886473059654,-0.18221831321716309,0.05832593888044357,-0.2124749720096588,-0.05173163488507271,0.05834587663412094,0.19997934997081757,0.20273393392562866,-0.045996058732271194,0.004074966534972191,0.015166823752224445,0.11956185847520828
3.6833335254341364,218,200.0,-200.0,-105.3990478515625,50.0,-38.45553207397461,50.0,100.0,-100.0,100.0,100.0,-100.0,100.0,-300.0,-230.02001953125,-300.0,300.0,300.0,-300.0,0.0,0.0,0.0,0.0,150.0,150.0,-150.0,150.0,-150.0,150.0,-0.15898481011390686,-0.19583839178085327,0.13550931215286255,-0.0037906686775386333,0.022165777161717415,-0.19389751553535461,0.01930362544953823,-0.0005000494420528412,-0.9632863402366638,-0.04047048091888428,-0.0006790733314119279,0.08403518050909042,0.016693279147148132,0.15468783676624298,-0.214632049202919,1.363468885421753,-0.7090924978256226,0.017121508717536926,0.9715128540992737,-1.225982427597046,0.5865561962127686,-0.4286203682422638,0.5637959837913513,-0.3722318708896637,0.012704539112746716,-0.7614932656288147,0.294332355260849,0.175948366522789,0.13464495539665222,-0.26151958107948303,0.032569851726293564,-0.1942932903766632,0.06931226700544357,-0.21497049927711487,-0.09182482957839966,0.0420144721865654,0.15142567455768585,0.2518669068813324,-0.03506563976407051,0.026327989995479584,-0.0013469366822391748,0.1488359570503235
3.7000001929700375,219,200.0,-200.0,-200.0,45.10472106933594,-50.0,-15.767120361328125,100.0,-100.0,100.0,4.077392578125,-100.0,-100.0,-300.0,-300.0,-300.0,300.0,300.0,91.8863525390625,0.0,0.0,0.0,0.0,-150.0,150.0,-150.0,-10.5220947265625,-150.0,-92.9534912109375,-0.1620829701423645,-0.17610454559326172,0.13048654794692993,0.008979761973023415,0.046104252338409424,-0.21856525540351868,0.0409480445086956,0.009387529455125332,-0.9338474273681641,-0.04769228771328926,-0.00029849898419342935,0.075697161257267,0.017320437356829643,0.16456691920757294,-0.24558523297309875,1.2568978071212769,-0.12231914699077606,0.8593193888664246,2.3044137954711914,-1.728395700454712,1.0511703491210938,0.08350509405136108,2.0740740299224854,-0.6163774132728577,0.03886283189058304,-0.47208333015441895,0.05132337659597397,0.5135899186134338,0.13464495539665222,-0.26151958107948303,0.032569851726293564,-0.1942932903766632,0.06931226700544357,-0.21497049927711487,-0.09182482957839966,0.0420144721865654,0.15142567455768585,0.2518669068813324,-0.03506563976407051,0.026327989995479584,-0.0013469366822391748,0.1488359570503235
3.7166668605059385,220,200.0,-200.0,-143.5225830078125,-43.127227783203125,-50.0,50.0,100.0,100.0,-100.0,-100.0,-100.0,100.0,300.0,116.8511962890625,-300.0,-300.0,300.0,-121.064697265625,0.0,0.0,0.0,0.0,150.0,150.0,-150.0,-150.0,150.0,-150.0,-0.16660922765731812,-0.15721869468688965,0.12589725852012634,0.019977468997240067,0.059490613639354706,-0.2411971092224121,0.060961462557315826,0.01639019325375557,-0.8964244723320007,-0.055448923259973526,-0.0001378168526571244,0.06839075684547424,0.01664060913026333,0.1717429757118225,-0.2512706518173218,1.1266448497772217,-0.1306963711977005,0.36698365211486816,0.37773314118385315,-0.5172033905982971,1.2091659307479858,0.07656324654817581,2.287949562072754,-0.5428735017776489,0.009865833446383476,-0.42987287044525146,-0.012262612581253052,0.3810930848121643,0.11732902377843857,-0.31842902302742004,0.10774903744459152,-0.20201025903224945,0.153569296002388,-0.257803350687027,-0.06128740683197975,0.08118145167827606,0.10876783728599548,0.19554223120212555,-0.05324595049023628,-0.00048186350613832474,0.01834222860634327,0.11128395795822144
3.7333335280418396,221,-200.0,-200.0,-200.0,-36.52259826660156,-50.0,6.53466796875,100.0,-100.0,99.133544921875,13.3310546875,-100.0,-100.0,-143.71090698242188,-300.0,-300.0,-300.0,300.0,-300.0,0.0,0.0,0.0,0.0,150.0,150.0,-150.0,26.229248046875,-150.0,66.98040771484375,-0.1651248037815094,-0.13485227525234222,0.12068528681993484,0.04122404009103775,0.05570247024297714,-0.26713111996650696,0.08251453936100006,0.02105771005153656,-0.8395180106163025,-0.06042132526636124,0.00031125039095059037,0.05750926211476326,0.021901771426200867,0.1689690351486206,0.10055232048034668,1.2593141794204712,-0.23784363269805908,1.5681151151657104,0.12275679409503937,-1.2797359228134155,1.114897608757019,-0.1861501932144165,3.666872262954712,-0.3721148669719696,-0.002090959809720516,-0.6030279994010925,0.30385392904281616,-0.19432468712329865,0.11732902377843857,-0.31842902302742004,0.10774903744459152,-0.20201025903224945,0.153569296002388,-0.257803350687027,-0.06128740683197975,0.08118145167827606,0.10876783728599548,0.19554223120212555,-0.05324595049023628,-0.00048186350613832474,0.01834222860634327,0.11128395795822144
3.7500001955777407,222,200.0,200.0,-200.0,-50.0,24.77863311767578,-25.50922393798828,100.0,100.0,-100.0,100.0,-100.0,-83.490478515625,-233.32066345214844,-300.0,-300.0,-73.92999267578125,300.0,-300.0,0.0,0.0,0.0,0.0,18.23614501953125,150.0,-150.0,-150.0,150.0,150.0,-0.16413357853889465,-0.1150924414396286,0.11576930433511734,0.06836439669132233,0.061744511127471924,-0.29735663533210754,0.09880618751049042,0.02089899219572544,-0.7765929698944092,-0.06760347634553909,0.00027650268748402596,0.048189252614974976,0.025510936975479126,0.16580717265605927,0.11518222093582153,1.166076421737671,-0.19817231595516205,1.47551429271698,0.3453717529773712,-1.3872802257537842,0.8772344589233398,-0.3819468021392822,3.7536075115203857,-0.34617626667022705,-0.004439587704837322,-0.5035757422447205,0.22483298182487488,-0.21531616151332855,0.09156399220228195,-0.3164987564086914,0.15329135954380035,-0.21673564612865448,0.1971193104982376,-0.2469474971294403,-0.07874894142150879,0.07096007466316223,0.09346191585063934,0.18310876190662384,-0.05743762478232384,-0.04173888638615608,0.05690983310341835,0.1242344006896019
3.7666668631136417,223,134.503173828125,200.0,127.05425262451172,20.783241271972656,50.0,8.581104278564453,100.0,-100.0,100.0,100.0,-100.0,-100.0,-300.0,-300.0,-300.0,22.82977294921875,300.0,-300.0,0.0,0.0,0.0,0.0,-150.0,150.0,-150.0,-64.7332763671875,-150.0,79.86930084228516,-0.161230206489563,-0.10596189647912979,0.10958230495452881,0.1137486919760704,0.06937864422798157,-0.3337196707725525,0.12244229763746262,0.02207222767174244,-0.7078430652618408,-0.0750189796090126,0.0003407331241760403,0.0338619239628315,0.040993012487888336,0.16707579791545868,0.17247459292411804,0.5116325616836548,-0.3314986824989319,2.9749457836151123,0.5401021242141724,-1.8666729927062988,1.2585415840148926,-0.44997167587280273,4.268007278442383,-0.44935181736946106,-0.016198448836803436,-0.7192173600196838,0.9035972356796265,-0.005817681550979614,0.09156399220228195,-0.3164987564086914,0.15329135954380035,-0.21673564612865448,0.1971193104982376,-0.2469474971294403,-0.07874894142150879,0.07096007466316223,0.09346191585063934,0.18310876190662384,-0.05743762478232384,-0.04173888638615608,0.05690983310341835,0.1242344006896019
3.783333530649543,224,-200.0,-200.0,200.0,-50.0,50.0,-50.0,100.0,100.0,100.0,-100.0,100.0,-100.0,300.0,-300.0,-300.0,300.0,300.0,300.0,0.0,0.0,0.0,0.0,150.0,150.0,-150.0,150.0,-150.0,150.0,-0.15923728048801422,-0.10001771152019501,0.0971556231379509,0.16344965994358063,0.0728311762213707,-0.36859437823295593,0.12614578008651733,0.01834515668451786,-0.665820837020874,-0.09763847291469574,-0.023454364389181137,-0.007881850004196167,0.051851462572813034,0.15825921297073364,0.09164443612098694,0.3937598466873169,-1.2174477577209473,2.793026924133301,-0.18524090945720673,-1.6150106191635132,-0.8118781447410583,-1.0636345148086548,-0.9663364887237549,-2.0594804286956787,1.394559383392334,-1.661473035812378,0.775743842124939,-1.032080888748169,0.05498699098825455,-0.2540415823459625,0.17451903223991394,-0.19720761477947235,0.22434082627296448,-0.23113542795181274,-0.1301143616437912,0.10803523659706116,0.09483108669519424,0.17684495449066162,-0.1023867055773735,-0.1056060791015625,0.047423847019672394,0.14484623074531555
3.800000198185444,225,-200.0,-200.0,-200.0,-50.0,-50.0,-50.0,-100.0,-100.0,100.0,-100.0,-100.0,-100.0,94.74319458007812,-260.26806640625,-300.0,300.0,300.0,209.78900146484375,0.0,0.0,0.0,0.0,150.0,150.0,-150.0,-150.0,-150.0,-150.0,-0.15462660789489746,-0.13021443784236908,0.08515427261590958,0.2751044034957886,0.05988915264606476,-0.3735950291156769,0.13897854089736938,0.020448070019483566,-0.6640602946281433,-0.10278646647930145,0.0029209465719759464,-0.03968759998679161,0.215531587600708,0.17860089242458344,0.21623347699642181,-1.8808071613311768,-0.6716352105140686,7.9237141609191895,0.07218348979949951,0.6330089569091797,0.8854830861091614,-0.024599701166152954,2.1792445182800293,-0.18235008418560028,-0.33292949199676514,0.647946298122406,5.508098602294922,0.5710471868515015,0.05498699098825455,-0.2540415823459625,0.17451903223991394,-0.19720761477947235,0.22434082627296448,-0.23113542795181274,-0.1301143616437912,0.10803523659706116,0.09483108669519424,0.17684495449066162,-0.1023867055773735,-0.1056060791015625,0.047423847019672394,0.14484623074531555
3.816666865721345,226,-200.0,-200.0,-200.0,-13.387603759765625,-50.0,50.0,100.0,100.0,92.61737060546875,100.0,100.0,-100.0,300.0,300.0,300.0,240.63302612304688,-300.0,300.0,0.0,0.0,0.0,0.0,-31.051666259765625,150.0,-150.0,-49.621795654296875,-150.0,-150.0,-0.15091177821159363,-0.16282039880752563,0.06275345385074615,0.41655847430229187,0.054252732545137405,-0.3180234730243683,0.11841728538274765,0.02021140418946743,-0.6222530603408813,-0.11211085319519043,-0.001316771493293345,-0.033619485795497894,0.28688618540763855,0.1816089004278183,0.05359997600317001,-1.7105674743652344,-1.5481364727020264,8.684884071350098,-0.35299673676490784,3.6173834800720215,-1.4357527494430542,-0.4263395667076111,2.570669412612915,-0.47730210423469543,0.04452049732208252,-0.16402408480644226,3.6552443504333496,0.30568721890449524,0.1124698743224144,-0.3064348101615906,0.07738563418388367,-0.20059669017791748,0.18926894664764404,-0.2545579969882965,-0.17538386583328247,0.07295805960893631,0.015511199831962585,0.20627912878990173,-0.06528175622224808,-0.051902540028095245,0.14061549305915833,0.055566832423210144
3.833333533257246,227,200.0,-200.0,200.0,-21.20728302001953,34.5265998840332,50.0,100.0,-100.0,100.0,-100.0,1.7869873046875,-100.0,241.99530029296875,-203.65283203125,300.0,300.0,263.458984375,300.0,0.0,0.0,0.0,0.0,150.0,-150.0,150.0,-150.0,150.0,150.0,-0.14003215730190277,-0.15441399812698364,0.04606293886899948,0.4981105923652649,0.04874556139111519,-0.22384348511695862,0.0799470767378807,0.001520324731245637,-0.5893605351448059,-0.12895137071609497,0.01719210483133793,-0.03670138493180275,0.28718486428260803,0.15863873064517975,0.5436224341392517,0.6373579502105713,-0.9533658027648926,3.789544105529785,-0.6080659031867981,6.459850311279297,-1.8969089984893799,-1.6087757349014282,1.460282564163208,-0.6433936953544617,1.4167017936706543,0.4260810911655426,-2.275010585784912,-1.4580023288726807,0.1124698743224144,-0.3064348101615906,0.07738563418388367,-0.20059669017791748,0.18926894664764404,-0.2545579969882965,-0.17538386583328247,0.07295805960893631,0.015511199831962585,0.20627912878990173,-0.06528175622224808,-0.051902540028095245,0.14061549305915833,0.055566832423210144
3.850000200793147,228,200.0,-200.0,200.0,50.0,50.0,50.0,100.0,100.0,100.0,100.0,-100.0,-100.0,224.1060791015625,-300.0,300.0,300.0,300.0,300.0,0.0,0.0,0.0,0.0,-150.0,-150.0,89.2750244140625,-150.0,150.0,150.0,-0.1297297179698944,-0.14696599543094635,0.03337222337722778,0.5467388033866882,0.045493386685848236,-0.14174826443195343,0.0509176142513752,-0.01115257479250431,-0.56325364112854,-0.13858933746814728,0.03542197868227959,-0.02690226584672928,0.24937652051448822,0.13749194145202637,0.6099362969398499,0.4603128731250763,-0.7438985705375671,2.2929391860961914,-0.0941624641418457,6.220522403717041,-1.4266455173492432,-0.7253230810165405,1.6374012231826782,-0.06451649963855743,0.962458610534668,0.728078305721283,-2.6788504123687744,-0.8853627443313599,0.22425925731658936,-0.3020148277282715,0.09947166591882706,-0.1705879420042038,0.23419910669326782,-0.2518981099128723,-0.19217942655086517,0.17941975593566895,0.013117069378495216,0.20987506210803986,-0.06012921780347824,-0.06254656612873077,0.146085724234581,0.059702321887016296
3.866666868329048,229,200.0,-200.0,-200.0,28.432601928710938,12.276641845703125,-29.51531982421875,-64.8433837890625,100.0,100.0,-28.927261352539062,-100.0,-100.0,-90.07568359375,157.916259765625,300.0,-190.65567016601562,288.6357421875,-154.6494140625,0.0,0.0,0.0,0.0,-150.0,91.47705078125,110.7066650390625,-150.0,150.0,-150.0,-0.11824935674667358,-0.17890341579914093,0.050999708473682404,0.6094769835472107,0.041194282472133636,-0.06027313321828842,0.03022511675953865,-0.010484030470252037,-0.5432860851287842,-0.12569856643676758,0.02767394669353962,-0.013434356078505516,0.22909435629844666,0.13234511017799377,0.6779162287712097,-1.9064357280731201,0.8416383862495422,3.9874138832092285,-0.13834325969219208,4.5522141456604,-1.2384231090545654,0.18938571214675903,1.7558387517929077,0.7001634836196899,-1.131405234336853,0.8575132489204407,-1.1254688501358032,-0.1697780042886734,0.22425925731658936,-0.3020148277282715,0.09947166591882706,-0.1705879420042038,0.23419910669326782,-0.2518981099128723,-0.19217942655086517,0.17941975593566895,0.013117069378495216,0.20987506210803986,-0.06012921780347824,-0.06254656612873077,0.146085724234581,0.059702321887016296
3.8833335358649492,230,200.0,200.0,-200.0,50.0,-20.87255859375,-8.8359375,8.6724853515625,100.0,-100.0,100.0,100.0,100.0,-300.0,-300.0,-200.634765625,300.0,-300.0,300.0,0.0,0.0,0.0,0.0,-150.0,-150.0,-150.0,-150.0,150.0,81.59814453125,-0.1084509789943695,-0.2064240723848343,0.0660330280661583,0.6677128076553345,0.037992123514413834,0.009011681191623211,0.013485194183886051,-0.01388729177415371,-0.51637864112854,-0.11974680423736572,0.003973447717726231,-0.012527436017990112,0.22758425772190094,0.12348811328411102,0.5972039103507996,-1.6091549396514893,0.6906884908676147,3.2852108478546143,-0.12079909443855286,3.8814759254455566,-1.0536094903945923,-0.21540147066116333,1.7009485960006714,0.42543020844459534,-1.4617853164672852,0.4052218198776245,-0.5464413166046143,-0.40853187441825867,0.20602089166641235,-0.3035077154636383,0.08052242547273636,-0.146993488073349,0.22918488085269928,-0.24849477410316467,-0.13141123950481415,0.11557231098413467,-0.0005027651786804199,0.1384756714105606,-0.08233816921710968,-0.02111118659377098,0.1561415046453476,0.06428278982639313
3.9000002034008503,231,200.0,-159.282470703125,-200.0,50.0,50.0,-12.376602172851562,100.0,100.0,100.0,79.8868408203125,100.0,100.0,-128.06396484375,-16.075439453125,252.07452392578125,300.0,275.543212890625,300.0,0.0,0.0,0.0,0.0,-132.0164337158203,11.017578125,26.4512939453125,-150.0,150.0,150.0,-0.10480289906263351,-0.23765109479427338,0.07395699620246887,0.7173026204109192,0.03240643069148064,0.04797285050153732,-0.005463614594191313,-0.021503407508134842,-0.5046445727348328,-0.11201009154319763,-0.0014436059864237905,-0.0065705724991858006,0.215280219912529,0.11173699051141739,0.1347108781337738,-1.8271578550338745,0.34807318449020386,2.8472890853881836,-0.2141231894493103,2.169198989868164,-1.1181045770645142,-0.18069100379943848,0.7155871987342834,0.6314578652381897,-0.039811134338378906,0.3467711806297302,-1.1564360857009888,-0.4478057324886322,0.20602089166641235,-0.3035077154636383,0.08052242547273636,-0.146993488073349,0.22918488085269928,-0.24849477410316467,-0.13141123950481415,0.11557231098413467,-0.0005027651786804199,0.1384756714105606,-0.08233816921710968,-0.02111118659377098,0.1561415046453476,0.06428278982639313
3.9166668709367514,232,200.0,-200.0,-200.0,-50.0,-50.0,-50.0,-47.260009765625,100.0,100.0,100.0,-100.0,-100.0,-300.0,-300.0,300.0,300.0,300.0,300.0,0.0,0.0,0.0,0.0,150.0,-150.0,-150.0,-150.0,150.0,150.0,-0.10320506244897842,-0.2653543949127197,0.08101212978363037,0.7546945214271545,0.027770761400461197,0.08087901026010513,-0.021774940192699432,-0.028036117553710938,-0.49597856402397156,-0.10578207671642303,-0.0009704621625132859,-0.004132992122322321,0.20439134538173676,0.10360254347324371,0.062605120241642,-1.603286623954773,0.309582382440567,1.9869437217712402,-0.23041078448295593,1.8370401859283447,-0.9610171914100647,-0.23353350162506104,0.6294673085212708,0.48092448711395264,-0.065777987241745,0.459730863571167,-1.2049400806427002,-0.3801766633987427,0.2118871659040451,-0.2920547127723694,0.09632133692502975,-0.15496498346328735,0.27971628308296204,-0.24709317088127136,-0.14232781529426575,0.1314471960067749,0.020281018689274788,0.05608169361948967,-0.10549192875623703,0.0005284184589982033,0.16121920943260193,0.06140203773975372
3.9333335384726524,233,2.50634765625,-200.0,-200.0,17.837051391601562,-6.348289489746094,-27.187519073486328,100.0,100.0,100.0,100.0,100.0,100.0,7.612701416015625,125.19970703125,162.279296875,300.0,300.0,102.71051025390625,0.0,0.0,0.0,0.0,-62.48600769042969,3.8837738037109375,-5.44970703125,-150.0,150.0,-150.0,-0.10514601320028305,-0.31301406025886536,0.08899950981140137,0.8003659844398499,0.026814201846718788,0.08514811843633652,-0.04056941345334053,-0.031581811606884,-0.49622759222984314,-0.09784868359565735,-0.0025703127030283213,0.003443374764174223,0.19021984934806824,0.10275035351514816,-0.17936205863952637,-2.733875274658203,0.34715524315834045,2.8349099159240723,-0.0012303541880100965,0.22182081639766693,-1.0624953508377075,-0.005610823631286621,0.29299497604370117,0.5309772491455078,-0.1494193822145462,0.5139308571815491,-1.1730231046676636,0.156465083360672,0.2118871659040451,-0.2920547127723694,0.09632133692502975,-0.15496498346328735,0.27971628308296204,-0.24709317088127136,-0.14232781529426575,0.1314471960067749,0.020281018689274788,0.05608169361948967,-0.10549192875623703,0.0005284184589982033,0.16121920943260193,0.06140203773975372
3.9500002060085535,234,-200.0,-200.0,-200.0,-39.89923858642578,-50.0,-43.18281936645508,-100.0,100.0,-100.0,100.0,100.0,-100.0,-199.49551391601562,-300.0,-200.83367919921875,300.0,300.0,58.6314697265625,0.0,0.0,0.0,0.0,150.0,-150.0,12.3785400390625,-150.0,150.0,-150.0,-0.10756874829530716,-0.354288786649704,0.09571544826030731,0.8401898741722107,0.026324599981307983,0.08858690410852432,-0.05658484250307083,-0.03565656766295433,-0.4928833842277527,-0.09321584552526474,-0.002323838183656335,0.00595961045473814,0.18122974038124084,0.10270032286643982,-0.1821717768907547,-2.348937511444092,0.27196481823921204,2.221935510635376,-0.0030845291912555695,0.17865347862243652,-0.9104430675506592,-0.12765952944755554,0.3869394063949585,0.3646353483200073,-0.02205103635787964,0.4658004641532898,-0.9790623784065247,0.10341773182153702,0.19866199791431427,-0.2721894085407257,0.07505113631486893,-0.1637497842311859,0.28103211522102356,-0.25667721033096313,-0.10547655820846558,0.10833262652158737,0.03801118582487106,-0.0020000115036964417,-0.1049579381942749,-0.0008559105917811394,0.22343048453330994,0.05846196413040161
3.9666668735444546,235,-200.0,-200.0,-200.0,-31.550704956054688,9.801963806152344,-24.154247283935547,100.0,100.0,-51.442626953125,100.0,100.0,100.0,109.7991943359375,88.06640625,91.5964584350586,300.0,300.0,117.30865478515625,0.0,0.0,0.0,0.0,-64.93037414550781,5.10833740234375,-15.87445068359375,-150.0,150.0,-150.0,-0.11111798882484436,-0.41097497940063477,0.09910005331039429,0.8803696036338806,0.02842021733522415,0.07475387305021286,-0.07017073780298233,-0.03728686645627022,-0.49986937642097473,-0.08886849880218506,-0.0027569876983761787,0.010862719267606735,0.17286401987075806,0.10511285811662674,-0.3266197443008423,-3.2129807472229004,0.06798980385065079,2.375291109085083,0.17051248252391815,-0.7903940677642822,-0.7499288320541382,0.06114671379327774,-0.110285684466362,0.2870248854160309,-0.11892655491828918,0.45224806666374207,-0.9211737513542175,0.3192828893661499,0.19866199791431427,-0.2721894085407257,0.07505113631486893,-0.1637497842311859,0.28103211522102356,-0.25667721033096313,-0.10547655820846558,0.10833262652158737,0.03801118582487106,-0.0020000115036964417,-0.1049579381942749,-0.0008559105917811394,0.22343048453330994,0.05846196413040161
3.9833335410803556,236,-200.0,-200.0,-200.0,-30.44652557373047,-50.0,-50.0,-100.0,100.0,93.017578125,100.0,-100.0,-100.0,176.53680419921875,-300.0,-300.0,300.0,300.0,251.20236206054688,0.0,0.0,0.0,0.0,93.67436218261719,-150.0,-128.78131103515625,-150.0,150.0,-150.0,-0.11479347199201584,-0.45973318815231323,0.10138647258281708,0.9094022512435913,0.030472300946712494,0.06286556273698807,-0.08171983063220978,-0.039097338914871216,-0.5036645531654358,-0.08764083683490753,-0.0025439425371587276,0.012976628728210926,0.16673023998737335,0.10676921904087067,-0.3178137242794037,-2.747899055480957,0.013990964740514755,1.4842228889465332,0.15251481533050537,-0.6760120987892151,-0.6376655697822571,-0.028722494840621948,-0.042992040514945984,0.129500612616539,-0.019873537123203278,0.3870449364185333,-0.8574653267860413,0.1701001226902008,0.1787959784269333,-0.24151991307735443,0.07822515070438385,-0.16781184077262878,0.25996384024620056,-0.23558661341667175,-0.07449071109294891,0.12443575263023376,0.051469191908836365,-0.05685602128505707,-0.11224578320980072,-0.013008545152842999,0.21513676643371582,0.06135174632072449
4.000000208616257,237,-200.0,-200.0,-200.0,-38.75088882446289,-15.41888427734375,-29.50017547607422,100.0,100.0,-100.0,100.0,100.0,100.0,178.6221923828125,121.736328125,62.130157470703125,300.0,300.0,300.0,0.0,0.0,0.0,0.0,-90.33180236816406,-3.176025390625,-26.44110107421875,-150.0,150.0,-150.0,-0.11667214334011078,-0.5151820778846741,0.09931942820549011,0.9339547157287598,0.03411320969462395,0.037100136280059814,-0.0930781438946724,-0.0377262644469738,-0.5116169452667236,-0.087731271982193,-0.0032026416156440973,0.016459012404084206,0.15813693404197693,0.10779845714569092,-0.30024024844169617,-3.13974666595459,-0.2464522123336792,1.4071928262710571,0.27668139338493347,-1.4597868919372559,-0.613391101360321,0.1945587545633316,-0.15621191263198853,0.028113652020692825,-0.1329946517944336,0.49093103408813477,-0.935443103313446,0.2832905352115631,0.1787959784269333,-0.24151991307735443,0.07822515070438385,-0.16781184077262878,0.25996384024620056,-0.23558661341667175,-0.07449071109294891,0.12443575263023376,0.051469191908836365,-0.05685602128505707,-0.11224578320980072,-0.013008545152842999,0.21513676643371582,0.06135174632072449
4.016666876152158,238,-200.0,-200.0,-200.0,-50.0,-36.23065185546875,-50.0,-100.0,100.0,100.0,100.0,-100.0,-100.0,300.0,-206.404296875,-214.82785034179688,300.0,300.0,300.0,0.0,0.0,0.0,0.0,-141.2083740234375,-150.0,150.0,-150.0,150.0,-150.0,-0.11888093501329422,-0.5631739497184753,0.09703981131315231,0.9474124908447266,0.03728211298584938,0.014989287592470646,-0.10279309004545212,-0.0352843776345253,-0.5155683755874634,-0.08853551745414734,-0.0030690706335008144,0.018175484612584114,0.15186814963817596,0.10977555066347122,-0.30886587500572205,-2.689122200012207,-0.24528667330741882,0.5751610994338989,0.2426934391260147,-1.2464983463287354,-0.5222333073616028,0.19799673557281494,-0.03544948995113373,-0.02008640021085739,-0.013765841722488403,0.35661670565605164,-0.7726675868034363,0.23513704538345337,0.16777357459068298,-0.2232111245393753,0.08292632550001144,-0.1740621030330658,0.2481636106967926,-0.2187524437904358,-0.04498443379998207,0.12360040098428726,0.047009944915771484,-0.10558992624282837,-0.08272912353277206,-0.020293503999710083,0.23354209959506989,0.0688818022608757
4.033333543688059,239,-200.0,-200.0,-200.0,-50.0,-48.58659362792969,-17.609458923339844,100.0,100.0,-100.0,100.0,45.454833984375,97.5635986328125,291.5973815917969,146.965087890625,129.8448486328125,300.0,300.0,300.0,0.0,0.0,0.0,0.0,-111.66177368164062,-4.48828125,-25.80298614501953,-150.0,150.0,-150.0,-0.11702405661344528,-0.6066575050354004,0.09273900091648102,0.9499821662902832,0.039098601788282394,-0.017754346132278442,-0.10488659143447876,-0.029032519087195396,-0.5188367366790771,-0.09242613613605499,-0.0029230755753815174,0.019076284021139145,0.14603860676288605,0.10873417556285858,-0.10576267540454865,-2.4598686695098877,-0.4028010070323944,0.019962333142757416,0.1987442672252655,-1.845720648765564,-0.08373314142227173,0.3494168221950531,0.06549638509750366,-0.21757659316062927,-0.03683147579431534,0.39316344261169434,-0.7838838696479797,0.15955397486686707,0.16777357459068298,-0.2232111245393753,0.08292632550001144,-0.1740621030330658,0.2481636106967926,-0.2187524437904358,-0.04498443379998207,0.12360040098428726,0.047009944915771484,-0.10558992624282837,-0.08272912353277206,-0.020293503999710083,0.23354209959506989,0.0688818022608757
4.05000021122396,240,-200.0,-200.0,12.4248046875,-50.0,5.861194610595703,-22.472572326660156,-100.0,100.0,14.170196533203125,100.0,-100.0,-100.0,300.0,252.234375,-48.8251953125,300.0,300.0,300.0,0.0,0.0,0.0,0.0,-39.19927978515625,-150.0,150.0,-150.0,150.0,-150.0,-0.11573468893766403,-0.644334614276886,0.08856575191020966,0.9401542544364929,0.04065810516476631,-0.04576302319765091,-0.10668203234672546,-0.02245495840907097,-0.5192476511001587,-0.09562469273805618,-0.0031775517854839563,0.019876662641763687,0.13894551992416382,0.10880636423826218,-0.11995874345302582,-2.1058735847473145,-0.3651893138885498,-0.8116492033004761,0.1790742576122284,-1.5727496147155762,-0.07045335322618484,0.37026286125183105,0.14877653121948242,-0.19347769021987915,-0.011386815458536148,0.2804665267467499,-0.781143069267273,0.14619874954223633,0.16125592589378357,-0.2062530666589737,0.1045052632689476,-0.16417594254016876,0.22993183135986328,-0.21073582768440247,-0.02860327810049057,0.13094376027584076,0.052659355103969574,-0.14337459206581116,-0.04098186269402504,-0.030000563710927963,0.24528621137142181,0.06775957345962524
4.066666878759861,241,-200.0,-200.0,-200.0,-44.783973693847656,-50.0,-16.77996063232422,100.0,100.0,-100.0,100.0,-100.0,-100.0,300.0,192.77001953125,228.40472412109375,300.0,300.0,300.0,0.0,0.0,0.0,0.0,-141.07684326171875,-14.949951171875,-22.752899169921875,-150.0,150.0,-49.58796310424805,-0.10960333794355392,-0.6752513647079468,0.08354655653238297,0.9203222990036011,0.04276203364133835,-0.08035581558942795,-0.09947182983160019,-0.012177837081253529,-0.5158394575119019,-0.09765489399433136,-0.0036386961583048105,0.018377630040049553,0.13196979463100433,0.10436443984508514,0.14749544858932495,-1.7621110677719116,-0.47628316283226013,-1.2734177112579346,0.24693991243839264,-1.9359900951385498,0.44235920906066895,0.5394304394721985,0.42309707403182983,-0.17553386092185974,-0.03350828215479851,0.3200094401836395,-0.8282208442687988,-0.054268673062324524,0.16125592589378357,-0.2062530666589737,0.1045052632689476,-0.16417594254016876,0.22993183135986328,-0.21073582768440247,-0.02860327810049057,0.13094376027584076,0.052659355103969574,-0.14337459206581116,-0.04098186269402504,-0.030000563710927963,0.24528621137142181,0.06775957345962524
4.083333546295762,242,-103.77777099609375,-200.0,200.0,-50.0,-33.87876892089844,-27.553390502929688,-100.0,100.0,-100.0,100.0,-100.0,-100.0,300.0,300.0,-102.2474365234375,300.0,300.0,300.0,0.0,0.0,0.0,0.0,-116.71827697753906,-150.0,150.0,-150.0,150.0,-150.0,-0.10427326709032059,-0.7023001909255981,0.07896863669157028,0.8911296725273132,0.04475068673491478,-0.10989927500486374,-0.09328041225671768,-0.002520486246794462,-0.5101520419120789,-0.09853111952543259,-0.0037620211951434612,0.01882566325366497,0.12382165342569351,0.10245053470134735,0.12722653150558472,-1.5190237760543823,-0.4234314560890198,-1.8793761730194092,0.23188023269176483,-1.6472675800323486,0.37453168630599976,0.5461384654045105,0.5248463153839111,-0.09823797643184662,-0.0035819076001644135,0.22518302500247955,-0.8185171484947205,0.03294181078672409,0.15008065104484558,-0.19919666647911072,0.13553570210933685,-0.15778173506259918,0.20657336711883545,-0.18727150559425354,-0.004123929888010025,0.13719290494918823,0.055150166153907776,-0.17690101265907288,0.0024325931444764137,-0.03247157484292984,0.25221723318099976,0.051180481910705566
4.100000213831663,243,-200.0,-200.0,-200.0,-44.036415100097656,-50.0,-14.128715515136719,100.0,100.0,-100.0,100.0,-100.0,-100.0,300.0,277.4122314453125,270.73529052734375,300.0,300.0,300.0,0.0,0.0,0.0,0.0,-150.0,-17.806396484375,-14.82049560546875,-150.0,150.0,-150.0,-0.09618067741394043,-0.7182394862174988,0.07220093905925751,0.8526516556739807,0.04686807468533516,-0.14469191431999207,-0.07895749062299728,0.008325536735355854,-0.49574461579322815,-0.09743374586105347,-0.00442863255739212,0.015653060749173164,0.11474592983722687,0.09882725030183792,0.27889588475227356,-0.9065179228782654,-0.5727470517158508,-2.392517328262329,0.27848416566848755,-1.9337974786758423,0.8364735841751099,0.571192741394043,1.0002936124801636,-0.006206490099430084,0.005170578137040138,0.19291028380393982,-0.9014943838119507,-0.04830501973628998,0.15008065104484558,-0.19919666647911072,0.13553570210933685,-0.15778173506259918,0.20657336711883545,-0.18727150559425354,-0.004123929888010025,0.13719290494918823,0.055150166153907776,-0.17690101265907288,0.0024325931444764137,-0.03247157484292984,0.25221723318099976,0.051180481910705566
4.116666881367564,244,53.17098617553711,-200.0,200.0,-50.0,-50.0,-50.0,-100.0,100.0,-100.0,100.0,-100.0,-100.0,300.0,300.0,-20.8416748046875,300.0,300.0,300.0,0.0,0.0,0.0,0.0,-150.0,-150.0,150.0,-150.0,150.0,-150.0,-0.08827506750822067,-0.7320252060890198,0.06627532839775085,0.8064655661582947,0.04882228747010231,-0.1742628663778305,-0.06668037921190262,0.017649900168180466,-0.4803315997123718,-0.09478526562452316,-0.004186688922345638,0.016250144690275192,0.10390878468751907,0.09823601692914963,0.29348334670066833,-0.7671442627906799,-0.506975531578064,-2.819993734359741,0.2742527425289154,-1.6373931169509888,0.7145142555236816,0.5347479581832886,1.0950701236724854,0.09971385449171066,-0.00018450617790222168,0.23363980650901794,-0.9700906276702881,0.0904819667339325,0.1402428299188614,-0.19267089664936066,0.15250103175640106,-0.14430740475654602,0.19242163002490997,-0.15993338823318481,0.019427472725510597,0.1578623652458191,0.049278486520051956,-0.1854889988899231,0.03787242993712425,-0.03198786452412605,0.26822710037231445,0.018030840903520584
4.133333548903465,245,95.66356658935547,-200.0,-200.0,-16.1024169921875,-50.0,-9.557380676269531,100.0,100.0,-100.0,100.0,-67.49853515625,-100.0,300.0,263.7559814453125,255.15380859375,300.0,300.0,300.0,0.0,0.0,0.0,0.0,-150.0,-21.8350830078125,-11.9893798828125,-150.0,150.0,-150.0,-0.07967101782560349,-0.7399901151657104,0.058896325528621674,0.7544988989830017,0.04964699223637581,-0.20188547670841217,-0.048835448920726776,0.02603030763566494,-0.45971915125846863,-0.08757248520851135,-0.004413058049976826,0.012971978634595871,0.0930282399058342,0.09515248239040375,0.3141106367111206,-0.4378994405269623,-0.5937531590461731,-3.1752583980560303,0.22890698909759521,-1.523223638534546,1.027616024017334,0.5028242468833923,1.3543357849121094,0.3438030183315277,0.006737543269991875,0.12827715277671814,-0.9730616211891174,-0.04668496549129486,0.1402428299188614,-0.19267089664936066,0.15250103175640106,-0.14430740475654602,0.19242163002490997,-0.15993338823318481,0.019427472725510597,0.1578623652458191,0.049278486520051956,-0.1854889988899231,0.03787242993712425,-0.03198786452412605,0.26822710037231445,0.018030840903520584
4.150000216439366,246,200.0,-200.0,177.7181396484375,-21.88763427734375,-50.0,-50.0,100.0,-100.0,-100.0,100.0,-100.0,-100.0,274.5859375,137.22900390625,300.0,300.0,300.0,300.0,0.0,0.0,0.0,0.0,-150.0,-150.0,150.0,-150.0,150.0,-150.0,-0.07153534889221191,-0.7466149926185608,0.05227241665124893,0.6955708265304565,0.050300803035497665,-0.22532416880130768,-0.03360045328736305,0.03289509937167168,-0.4395274519920349,-0.08017055690288544,-0.00406299252063036,0.012705730274319649,0.08065589517354965,0.094507597386837,0.31196534633636475,-0.39057108759880066,-0.5312563180923462,-3.5530762672424316,0.23140424489974976,-1.2909024953842163,0.8777292966842651,0.44712015986442566,1.3164836168289185,0.36872798204421997,-0.005420628935098648,0.2254025638103485,-1.0441348552703857,0.03885236382484436,0.1523650586605072,-0.15720775723457336,0.14738748967647552,-0.14540597796440125,0.16263927519321442,-0.14787045121192932,-0.008113313466310501,0.162075474858284,0.03988281637430191,-0.1931777000427246,0.059976108372211456,-0.012040930800139904,0.2678472697734833,-0.0024411967024207115
4.166666883975267,247,200.0,-200.0,-26.9205322265625,45.21174621582031,-50.0,0.590850830078125,100.0,-100.0,-100.0,100.0,-100.0,-100.0,-54.91619873046875,300.0,300.0,300.0,300.0,300.0,0.0,0.0,0.0,0.0,-150.0,-21.4075927734375,-19.5347900390625,-150.0,150.0,-150.0,-0.06226205825805664,-0.7542507648468018,0.04964100569486618,0.6345245242118835,0.048955973237752914,-0.24739289283752441,-0.015944020822644234,0.04254932701587677,-0.42272791266441345,-0.07500317692756653,-0.003299886593595147,0.008136700838804245,0.07223284989595413,0.08873671293258667,0.41092896461486816,-0.4150446355342865,-0.3311644196510315,-3.7054152488708496,0.1539723426103592,-1.2161349058151245,1.0139119625091553,0.5547106266021729,1.1420103311538696,0.13601474463939667,-0.04885341227054596,0.1257990002632141,-0.8636796474456787,-0.34056973457336426,0.1523650586605072,-0.15720775723457336,0.14738748967647552,-0.14540597796440125,0.16263927519321442,-0.14787045121192932,-0.008113313466310501,0.162075474858284,0.03988281637430191,-0.1931777000427246,0.059976108372211456,-0.012040930800139904,0.2678472697734833,-0.0024411967024207115
4.1833335515111685,248,179.1892852783203,-200.0,68.11279296875,-50.0,-50.0,-35.30598449707031,-100.0,-100.0,-100.0,100.0,-100.0,-100.0,300.0,300.0,206.50277709960938,300.0,300.0,300.0,0.0,0.0,0.0,0.0,-150.0,150.0,61.42681884765625,-150.0,150.0,-150.0,-0.055418506264686584,-0.7598499655723572,0.04729413613677025,0.5644145011901855,0.04841599240899086,-0.2661949396133423,-0.0009602610371075571,0.05223898962140083,-0.40777409076690674,-0.07185771316289902,-0.0037175314500927925,0.004747426137328148,0.06265804916620255,0.08106394112110138,0.3142155408859253,-0.30377376079559326,-0.26553648710250854,-4.285673141479492,0.13737723231315613,-1.0363928079605103,0.8596380352973938,0.5791704058647156,0.9740042090415955,0.06674088537693024,-0.03910306841135025,0.06403586268424988,-0.848877489566803,-0.4153963327407837,0.1513335406780243,-0.1411784589290619,0.12646697461605072,-0.14569509029388428,0.20246769487857819,-0.12748298048973083,-0.00027331896126270294,0.1675950288772583,0.018218712881207466,-0.16374222934246063,0.06471848487854004,-0.006713687442243099,0.2589404284954071,0.0019672196358442307
4.2000002190470695,249,-146.55308532714844,-200.0,200.0,-25.678726196289062,-50.0,7.581939697265625,-100.0,-100.0,100.0,100.0,-0.87890625,39.37109375,274.1644287109375,300.0,300.0,300.0,300.0,300.0,0.0,0.0,0.0,0.0,-150.0,12.4117431640625,-25.6641845703125,-83.02035522460938,150.0,-150.0,-0.03730621561408043,-0.7541216015815735,0.04515056684613228,0.4655095338821411,0.044835157692432404,-0.27408286929130554,0.013078575022518635,0.07080921530723572,-0.393149197101593,-0.06570923328399658,-0.003632545005530119,-0.001334620057605207,0.053939707577228546,0.07837698608636856,0.9444519281387329,0.4076625108718872,-0.48412007093429565,-6.410749435424805,-0.07845713943243027,-0.4136275351047516,0.7952508926391602,1.0626466274261475,0.7502144575119019,0.1474086195230484,0.0676376149058342,0.015489548444747925,-0.8006126284599304,-0.17444157600402832,0.1513335406780243,-0.1411784589290619,0.12646697461605072,-0.14569509029388428,0.20246769487857819,-0.12748298048973083,-0.00027331896126270294,0.1675950288772583,0.018218712881207466,-0.16374222934246063,0.06471848487854004,-0.006713687442243099,0.2589404284954071,0.0019672196358442307
4.216666886582971,250,200.0,-200.0,200.0,24.72869873046875,-50.0,-50.0,-100.0,-100.0,100.0,100.0,-100.0,-100.0,300.0,300.0,300.0,300.0,-300.0,300.0,0.0,0.0,0.0,0.0,-150.0,150.0,-8.73992919921875,-150.0,150.0,-150.0,-0.020887058228254318,-0.7471845746040344,0.043070703744888306,0.34790360927581787,0.04160062596201897,-0.28051891922950745,0.02467454969882965,0.08542326092720032,-0.38572898507118225,-0.058944474905729294,-0.00308603304438293,-0.00041915042675100267,0.04427512362599373,0.07786686718463898,0.8581050634384155,0.412715882062912,-0.4474214017391205,-7.194097995758057,-0.041755758225917816,-0.33842748403549194,0.693533718585968,0.8714575171470642,0.5260260701179504,0.26920467615127563,-0.020972315222024918,0.6318120956420898,-0.8760629892349243,0.0901687890291214,0.17038698494434357,-0.1493847668170929,0.09515298157930374,-0.12175673246383667,0.2061711698770523,-0.07578655332326889,-0.01446729525923729,0.19883368909358978,-0.044500045478343964,-0.12229748070240021,0.06679629534482956,-0.007273859344422817,0.26820632815361023,-0.01790802739560604
4.233333554118872,251,200.0,-200.0,200.0,50.0,-50.0,41.91136169433594,-100.0,-100.0,100.0,100.0,100.0,-100.0,26.3876953125,300.0,300.0,-145.64208984375,300.0,90.71136474609375,0.0,0.0,0.0,0.0,-150.0,-10.967559814453125,-111.49285888671875,-150.0,150.0,-150.0,-0.000420826836489141,-0.7377796173095703,0.045405566692352295,0.20587490499019623,0.02816198766231537,-0.2739189863204956,0.035660162568092346,0.1022813469171524,-0.38706499338150024,-0.045223407447338104,-0.0032554350327700377,0.003023901954293251,0.03720434755086899,0.07170385122299194,1.0982784032821655,0.6126258969306946,-0.2777995467185974,-8.914440155029297,-0.5711144804954529,0.4008178114891052,0.6733464002609253,1.0334669351577759,-0.17020493745803833,0.5623190402984619,0.01345793902873993,0.6113799214363098,-0.6495289206504822,-0.34645771980285645,0.17038698494434357,-0.1493847668170929,0.09515298157930374,-0.12175673246383667,0.2061711698770523,-0.07578655332326889,-0.01446729525923729,0.19883368909358978,-0.044500045478343964,-0.12229748070240021,0.06679629534482956,-0.007273859344422817,0.26820632815361023,-0.01790802739560604
4.250000221654773,252,200.0,-102.5234375,200.0,31.69317626953125,-50.0,-9.468338012695312,100.0,-100.0,-100.0,100.0,100.0,-100.0,300.0,300.0,300.0,300.0,-155.77313232421875,40.46112060546875,0.0,0.0,0.0,0.0,-102.12042236328125,150.0,17.50164794921875,45.059173583984375,150.0,-150.0,0.016410434618592262,-0.7265647053718567,0.04750225320458412,0.05103922262787819,0.017222831025719643,-0.2680009603500366,0.044503696262836456,0.11544584482908249,-0.3944370150566101,-0.034210868179798126,-0.002938623307272792,-0.0007624675054103136,0.029159655794501305,0.06595844030380249,0.9371882081031799,0.644096851348877,-0.206439808011055,-9.28030776977539,-0.4668876826763153,0.3553703725337982,0.6307997107505798,0.7857933640480042,-0.38201138377189636,0.49881187081336975,-0.002260655164718628,0.355229914188385,-0.6975303888320923,-0.2902699410915375,0.18693137168884277,-0.12872304022312164,0.07346207648515701,-0.12070828676223755,0.2388552874326706,-0.08351793140172958,0.014115327037870884,0.21911469101905823,-0.03664793074131012,-0.10682977735996246,0.07814498245716095,0.036948785185813904,0.2669059932231903,-0.015292178839445114
4.266666889190674,253,-200.0,-200.0,200.0,1.8853912353515625,-50.0,20.227035522460938,-100.0,100.0,100.0,100.0,100.0,-0.60693359375,-300.0,300.0,300.0,-254.7935791015625,-300.0,181.15463256835938,0.0,0.0,0.0,0.0,-150.0,3.3492431640625,-135.541015625,150.0,150.0,-150.0,0.043130822479724884,-0.7298980355262756,0.057362742722034454,-0.000488657911773771,0.008587304502725601,-0.25855332612991333,0.053631220012903214,0.13281109929084778,-0.3827252984046936,-0.019964076578617096,-0.004832299891859293,-0.010850464925169945,0.02290291339159012,0.06279093027114868,1.5683568716049194,0.16680335998535156,-0.04137016087770462,-0.01301945373415947,-0.3152039051055908,0.5316259860992432,0.6730793714523315,1.062132477760315,1.716843605041504,0.2744917869567871,-0.12849558889865875,-0.27472639083862305,-0.5745126605033875,-0.6303005218505859,0.18693137168884277,-0.12872304022312164,0.07346207648515701,-0.12070828676223755,0.2388552874326706,-0.08351793140172958,0.014115327037870884,0.21911469101905823,-0.03664793074131012,-0.10682977735996246,0.07814498245716095,0.036948785185813904,0.2669059932231903,-0.015292178839445114
4.283333556726575,254,-200.0,-200.0,-200.0,-23.801605224609375,26.7225341796875,50.0,-100.0,-100.0,100.0,100.0,100.0,100.0,-300.0,300.0,201.48419189453125,-300.0,-300.0,300.0,0.0,0.0,0.0,0.0,150.0,150.0,16.15240478515625,-150.0,150.0,-150.0,0.06555026769638062,-0.7199918627738953,0.0641685351729393,-0.0004025799862574786,0.0014592923689633608,-0.25078943371772766,0.06192845106124878,0.1463989019393921,-0.3612968325614929,-0.013863837346434593,-0.0033011629711836576,-0.012124286033213139,0.011079204268753529,0.0496322326362133,1.277131199836731,0.7404119968414307,-0.1506786346435547,0.0065100849606096745,-0.3154650628566742,0.4611761271953583,0.5029301047325134,0.6681280136108398,1.1299471855163574,0.09902070462703705,0.20534895360469818,0.6278620362281799,-0.8225200176239014,-0.821745753288269,0.16826185584068298,-0.2124704271554947,0.07285794615745544,-0.11891704052686691,0.16363929212093353,-0.07757734507322311,0.0317360982298851,0.20068231225013733,0.08073832839727402,-0.031030816957354546,0.08138222992420197,0.0022293729707598686,0.2194429188966751,-0.061803773045539856
4.300000224262476,255,-192.01416015625,-200.0,200.0,-7.968048095703125,-50.0,44.59547424316406,-100.0,-100.0,100.0,100.0,100.0,100.0,-105.9132080078125,300.0,300.0,-300.0,-300.0,-279.20587158203125,0.0,0.0,0.0,0.0,-103.49761962890625,38.8916015625,133.1142578125,-150.0,150.0,-39.3687744140625,0.08233815431594849,-0.6884647011756897,0.06495565176010132,-0.0001485794928157702,0.013811119832098484,-0.22240696847438812,0.06951182335615158,0.14648054540157318,-0.34060269594192505,-0.004197782836854458,0.016842186450958252,0.0011362918885424733,-0.018630795180797577,0.03042498789727688,0.909893274307251,1.9534744024276733,-0.39388296008110046,-0.007903620600700378,0.7976973056793213,1.5943814516067505,0.3250279128551483,-0.03824722766876221,0.7737860679626465,0.41435569524765015,1.8891854286193848,0.9727903604507446,-2.0265047550201416,-1.1328376531600952,0.16826185584068298,-0.2124704271554947,0.07285794615745544,-0.11891704052686691,0.16363929212093353,-0.07757734507322311,0.0317360982298851,0.20068231225013733,0.08073832839727402,-0.031030816957354546,0.08138222992420197,0.0022293729707598686,0.2194429188966751,-0.061803773045539856
4.316666891798377,256,-200.0,200.0,200.0,50.0,-50.0,26.908424377441406,-100.0,-100.0,100.0,100.0,100.0,100.0,-300.0,300.0,300.0,-300.0,-300.0,-284.4755859375,0.0,0.0,0.0,0.0,150.0,150.0,-127.48997497558594,150.0,150.0,150.0,0.09629880636930466,-0.6543019413948059,0.06443536281585693,-0.000157093585585244,0.024362577125430107,-0.19798223674297333,0.07580685615539551,0.14397262036800385,-0.3370639383792877,0.0009693675092421472,0.05763450264930725,0.003593676956370473,-0.05127649009227753,0.012275932356715202,0.7592512965202332,2.0086593627929688,-0.40375158190727234,0.0008806083351373672,0.6741926670074463,1.3659995794296265,0.2592427730560303,-0.154168963432312,-0.028983309864997864,0.24433964490890503,2.654515266418457,-0.2526167035102844,-1.6576626300811768,-1.0835071802139282,0.16369163990020752,-0.22194959223270416,0.03668174520134926,-0.12623946368694305,0.09194459021091461,-0.0704130008816719,0.04936792328953743,0.16413052380084991,0.1269170045852661,0.01541142538189888,0.06489143520593643,0.02176828682422638,0.1600484997034073,-0.044600024819374084
4.333333559334278,257,200.0,-200.0,200.0,43.9201545715332,-34.834991455078125,50.0,-100.0,-100.0,100.0,100.0,100.0,100.0,-256.4966735839844,300.0,300.0,300.0,-300.0,256.0556945800781,0.0,0.0,0.0,0.0,-78.681884765625,59.419189453125,150.0,150.0,150.0,150.0,0.09789825975894928,-0.6010571718215942,0.06319719552993774,-0.00027943658642470837,0.0407659150660038,-0.1641577184200287,0.07748257368803024,0.13190056383609772,-0.34214985370635986,-0.001809462090022862,0.1330912858247757,-0.001990225398913026,-0.09559932351112366,-0.003658665344119072,0.10713016241788864,3.2153756618499756,-0.28263843059539795,0.0009255874902009964,0.9900755286216736,1.8856021165847778,-0.029886215925216675,-0.7040915489196777,-0.8681342601776123,-0.04234042018651962,5.256710052490234,-0.5247235894203186,-2.4914791584014893,-0.9720804691314697,0.16369163990020752,-0.22194959223270416,0.03668174520134926,-0.12623946368694305,0.09194459021091461,-0.0704130008816719,0.04936792328953743,0.16413052380084991,0.1269170045852661,0.01541142538189888,0.06489143520593643,0.02176828682422638,0.1600484997034073,-0.044600024819374084
4.350000226870179,258,-200.0,200.0,200.0,-29.885326385498047,-50.0,50.0,-100.0,-100.0,100.0,100.0,100.0,100.0,-300.0,300.0,300.0,300.0,-300.0,229.9420928955078,0.0,0.0,0.0,0.0,150.0,150.0,-150.0,150.0,150.0,150.0,0.09837214648723602,-0.548040509223938,0.061454370617866516,-0.0001519475772511214,0.054669301956892014,-0.13512860238552094,0.0791950672864914,0.12050385773181915,-0.36551105976104736,-0.005721721798181534,0.23192138969898224,-0.007241800427436829,-0.13536521792411804,-0.019638467580080032,0.0659191906452179,3.110107183456421,-0.29814767837524414,0.009983766824007034,0.8534429669380188,1.6061757802963257,-0.005419543478637934,-0.659537136554718,-1.6250009536743164,-0.006037021987140179,6.0376739501953125,-0.2538061738014221,-2.1318111419677734,-0.9233748912811279,0.18634575605392456,-0.21819226443767548,0.01574987918138504,-0.12732575833797455,0.07765436172485352,-0.07704757153987885,0.07416427135467529,0.12486386299133301,0.15307505428791046,0.027259547263383865,0.042417045682668686,0.08122342824935913,0.10689544677734375,-0.02865705080330372
4.36666689440608,259,-200.0,-200.0,200.0,21.608497619628906,-12.90411376953125,50.0,-100.0,-100.0,100.0,100.0,100.0,100.0,-300.0,300.0,133.77490234375,300.0,-300.0,192.12814331054688,0.0,0.0,0.0,0.0,-59.4432373046875,69.919677734375,136.45791625976562,150.0,150.0,150.0,0.08837935328483582,-0.4894947111606598,0.06590788811445236,-0.00016580070951022208,0.070810966193676,-0.10730914026498795,0.07594431191682816,0.10336653888225555,-0.39626234769821167,-0.010716205462813377,0.34880614280700684,-0.011962258256971836,-0.17285878956317902,-0.026708541437983513,-0.3799428343772888,3.4906747341156006,0.17116186022758484,0.008074414916336536,0.9467625617980957,1.5354206562042236,-0.28627145290374756,-0.9105131030082703,-2.1551644802093506,0.0659070760011673,7.294131278991699,-0.49571502208709717,-1.5710910558700562,-0.5075883865356445,0.18634575605392456,-0.21819226443767548,0.01574987918138504,-0.12732575833797455,0.07765436172485352,-0.07704757153987885,0.07416427135467529,0.12486386299133301,0.15307505428791046,0.027259547263383865,0.042417045682668686,0.08122342824935913,0.10689544677734375,-0.02865705080330372
4.383333561941981,260,200.0,200.0,-200.0,50.0,-50.0,50.0,100.0,100.0,-100.0,-100.0,100.0,100.0,-300.0,-200.94580078125,189.958740234375,-90.04116821289062,-300.0,300.0,0.0,0.0,0.0,0.0,150.0,150.0,-150.0,150.0,150.0,-150.0,0.08030050247907639,-0.43671900033950806,0.07477130740880966,-0.013454601168632507,0.03725789859890938,-0.08688828349113464,0.08616437762975693,0.09170179814100266,-0.43771037459373474,-0.011719861067831516,0.4726893901824951,-0.014406988397240639,-0.19407746195793152,-0.0349511094391346,0.08157873153686523,2.774074077606201,1.129677414894104,-2.8733460903167725,-8.63762378692627,0.9445036053657532,3.233039379119873,-0.1496734619140625,-2.806330442428589,0.3498828113079071,7.325206279754639,-0.11236098408699036,-0.6450208425521851,-0.45066964626312256,0.2514721155166626,-0.24538107216358185,-0.12144922465085983,-0.06412144750356674,0.23000478744506836,-0.1940901279449463,-0.0068477243185043335,0.1380477249622345,0.14026755094528198,0.03960898146033287,0.044016897678375244,0.10172602534294128,0.09698911756277084,-0.15629597008228302
4.400000229477882,261,-200.0,-200.0,-200.0,21.246917724609375,50.0,26.401782989501953,-87.9197998046875,100.0,100.0,-100.0,-100.0,100.0,-300.0,300.0,-150.26318359375,-300.0,-300.0,-300.0,0.0,0.0,0.0,0.0,150.0,-150.0,150.0,150.0,150.0,48.3194580078125,0.08379625529050827,-0.4406522512435913,0.09816036373376846,-0.0031288685277104378,-0.02711675316095352,-0.009347238577902317,0.07392118871212006,0.09670306742191315,-0.5164838433265686,0.012561474926769733,0.6286672949790955,-0.005462103523313999,-0.16987496614456177,-0.06663478910923004,0.163895845413208,0.46679359674453735,1.0937199592590332,1.2466328144073486,-0.18359601497650146,5.897940635681152,-0.8559587001800537,0.44348639249801636,-3.747077465057373,1.3764750957489014,9.33035659790039,0.0966031551361084,2.9502100944519043,-1.558122158050537,0.2514721155166626,-0.24538107216358185,-0.12144922465085983,-0.06412144750356674,0.23000478744506836,-0.1940901279449463,-0.0068477243185043335,0.1380477249622345,0.14026755094528198,0.03960898146033287,0.044016897678375244,0.10172602534294128,0.09698911756277084,-0.15629597008228302
4.4166668970137835,262,200.0,-200.0,-200.0,-50.0,-32.430755615234375,50.0,-100.0,-100.0,100.0,-100.0,-100.0,-100.0,-300.0,300.0,300.0,300.0,-300.0,-300.0,0.0,0.0,0.0,0.0,150.0,-150.0,150.0,-150.0,-150.0,150.0,0.0860670879483223,-0.4255913197994232,0.10977703332901001,0.0016072574071586132,-0.02722872793674469,0.09759911149740219,0.05115837603807449,0.10015968978404999,-0.5793561935424805,0.03098716214299202,0.7769562602043152,0.009385273791849613,-0.1175789013504982,-0.08994157612323761,0.1136578619480133,1.1920963525772095,0.37290966510772705,-0.04794430732727051,-0.10970887541770935,4.814550876617432,-1.4917010068893433,0.1615530252456665,-3.779458522796631,1.1002076864242554,8.949833869934082,0.9942770004272461,3.0173354148864746,-1.307280421257019,0.2362578958272934,-0.15007284283638,-0.13893480598926544,-0.1654379814863205,0.1926136463880539,-0.06438647955656052,0.010724717751145363,0.17984133958816528,0.1332828402519226,0.039226990193128586,0.016839293763041496,0.04922473058104515,-0.014470473863184452,-0.015274347737431526
4.4333335645496845,263,-200.0,-200.0,-200.0,0.6013870239257812,50.0,25.312545776367188,-100.0,100.0,100.0,100.0,-100.0,-63.321502685546875,-300.0,300.0,300.0,300.0,-300.0,-209.87042236328125,0.0,0.0,0.0,0.0,150.0,-150.0,150.0,-150.0,-150.0,-150.0,0.08530137687921524,-0.4113512933254242,0.11032887548208237,0.002626019064337015,-0.035507604479789734,0.1602574586868286,0.013208631426095963,0.10101478546857834,-0.6555687189102173,0.014582153409719467,0.928806722164154,0.011159398593008518,-0.10160639882087708,-0.08019202202558517,0.28065842390060425,0.9145862460136414,0.007128111086785793,0.09369035065174103,-1.3241331577301025,0.916853666305542,-2.1312499046325684,0.10932429134845734,-4.640597343444824,-0.5851278305053711,9.014056205749512,0.5721756219863892,0.9701089859008789,0.7456842064857483,0.2362578958272934,-0.15007284283638,-0.13893480598926544,-0.1654379814863205,0.1926136463880539,-0.06438647955656052,0.010724717751145363,0.17984133958816528,0.1332828402519226,0.039226990193128586,0.016839293763041496,0.04922473058104515,-0.014470473863184452,-0.015274347737431526
4.450000232085586,264,-200.0,-200.0,200.0,50.0,50.0,33.67231750488281,-100.0,-100.0,85.208984375,100.0,100.0,-100.0,-300.0,300.0,300.0,300.0,300.0,300.0,0.0,0.0,0.0,0.0,150.0,150.0,150.0,150.0,150.0,150.0,0.08754096180200577,-0.3983144462108612,0.11467111855745316,3.644308162620291e-05,-0.0403006449341774,0.1521078646183014,-0.013103295117616653,0.10794354975223541,-0.7286228537559509,0.003865527920424938,1.0508099794387817,0.015135804191231728,-0.08724461495876312,-0.07099691778421402,-0.18588748574256897,0.927361011505127,0.07267630845308304,-0.2455253303050995,0.7389697432518005,-1.5191504955291748,-1.6122348308563232,-0.27548593282699585,-4.158759593963623,-0.477291464805603,6.6859893798828125,0.3173298239707947,0.7715455889701843,0.6050347089767456,0.25776398181915283,-0.1617526113986969,-0.09045527130365372,-0.1334930658340454,0.12650075554847717,-0.05116704851388931,-0.04566066712141037,0.08960326015949249,0.11133133620023727,0.057247694581747055,-0.0041902558878064156,0.12684200704097748,0.005334111861884594,0.04533342272043228
4.466666899621487,265,-200.0,-200.0,-200.0,-50.0,-50.0,-28.738372802734375,-100.0,100.0,100.0,100.0,-100.0,100.0,-300.0,300.0,-166.182373046875,300.0,-300.0,150.87469482421875,0.0,0.0,0.0,0.0,150.0,150.0,150.0,15.8587646484375,-150.0,-25.9896240234375,0.07731741666793823,-0.3844664394855499,0.12972088158130646,-0.0007809859234839678,-0.04203416407108307,0.13976189494132996,-0.019528742879629135,0.10618721693754196,-0.7705346345901489,-0.0008851310121826828,1.1269961595535278,0.030265506356954575,-0.07046616077423096,-0.05085675045847893,-0.5046958923339844,0.988290548324585,0.8916992545127869,-0.060365792363882065,0.05965235084295273,-0.9525696635246277,-0.3408125638961792,-0.33567148447036743,-2.1605021953582764,-0.11066111922264099,3.952066421508789,1.0117918252944946,0.9451490044593811,1.1642216444015503,0.25776398181915283,-0.1617526113986969,-0.09045527130365372,-0.1334930658340454,0.12650075554847717,-0.05116704851388931,-0.04566066712141037,0.08960326015949249,0.11133133620023727,0.057247694581747055,-0.0041902558878064156,0.12684200704097748,0.005334111861884594,0.04533342272043228
4.483333567157388,266,200.0,-200.0,-200.0,-50.0,50.0,-50.0,-100.0,-100.0,100.0,100.0,100.0,100.0,-300.0,300.0,9.82373046875,-300.0,-300.0,-217.18527221679688,0.0,0.0,0.0,0.0,150.0,150.0,150.0,150.0,-150.0,-150.0,0.0673488974571228,-0.37170615792274475,0.14179867506027222,-0.0010274876840412617,-0.045178692787885666,0.12988661229610443,-0.025905922055244446,0.10843245685100555,-0.8023871779441833,-0.003610932966694236,1.1798622608184814,0.045704569667577744,-0.056937310844659805,-0.0324123315513134,-0.5119795799255371,0.9222037196159363,0.6675511598587036,-0.02570641227066517,0.24457505345344543,-0.8522917032241821,-0.42602843046188354,0.05597449839115143,-1.7261825799942017,-0.10892882943153381,2.8425374031066895,0.8545825481414795,0.78537917137146,0.980880856513977,0.2577052414417267,-0.22689713537693024,-0.0899958536028862,-0.14794693887233734,0.10166109353303909,-0.04473276808857918,-0.01513197273015976,0.10638171434402466,0.1002524271607399,0.0673075020313263,0.03157026693224907,0.18241871893405914,0.0027687090914696455,0.032136280089616776
4.500000234693289,267,200.0,-200.0,-91.27554321289062,33.789794921875,-11.741973876953125,-23.84146499633789,-100.0,100.0,100.0,100.0,-100.0,100.0,-300.0,300.0,29.784423828125,300.0,-300.0,-300.0,0.0,0.0,0.0,0.0,150.0,150.0,150.0,5.2042236328125,-48.62017822265625,19.1529541015625,0.05439082905650139,-0.35266566276550293,0.15166591107845306,-0.0016237326199188828,-0.05087541043758392,0.11985260248184204,-0.02553332969546318,0.10696737468242645,-0.822562575340271,-0.005923200864344835,1.2200655937194824,0.06728923320770264,-0.047382090240716934,-0.020228896290063858,-0.73907870054245,1.2807401418685913,0.557266116142273,0.0157430712133646,0.09486040472984314,-0.89353346824646,-0.06672508269548416,-0.32287153601646423,-1.1751346588134766,-0.017102576792240143,2.3123958110809326,1.2328505516052246,0.5694053769111633,0.6342819929122925,0.2577052414417267,-0.22689713537693024,-0.0899958536028862,-0.14794693887233734,0.10166109353303909,-0.04473276808857918,-0.01513197273015976,0.10638171434402466,0.1002524271607399,0.0673075020313263,0.03157026693224907,0.18241871893405914,0.0027687090914696455,0.032136280089616776
4.51666690222919,268,-200.0,-200.0,-200.0,50.0,50.0,28.930545806884766,100.0,-100.0,100.0,100.0,100.0,100.0,-300.0,300.0,300.0,138.77664184570312,-300.0,300.0,0.0,0.0,0.0,0.0,150.0,150.0,150.0,150.0,-150.0,150.0,0.042527589946985245,-0.334847092628479,0.1591382771730423,-0.001243325648829341,-0.05314837023615837,0.10987485200166702,-0.025881800800561905,0.10587242990732193,-0.8425554633140564,-0.00761799793690443,1.2528547048568726,0.08593422174453735,-0.03919719159603119,-0.009910140186548233,-0.7127260565757751,1.2369883060455322,0.4262288212776184,-0.021461177617311478,0.2752123475074768,-0.9450042843818665,-0.0848439633846283,-0.2831624746322632,-1.139393925666809,-0.003902110503986478,1.8000259399414062,1.0512179136276245,0.48718300461769104,0.5357617139816284,0.2718408703804016,-0.23458363115787506,-0.12754686176776886,-0.12009575217962265,0.058987632393836975,-0.09158558398485184,-0.03175788000226021,0.11926895380020142,0.12829390168190002,0.08126536011695862,0.03913440555334091,0.2224566489458084,-0.005221239291131496,0.0651048868894577
4.533333569765091,269,-36.921875,-200.0,114.9013671875,6.331535339355469,8.16705322265625,-18.17987060546875,-100.0,100.0,100.0,100.0,-100.0,100.0,-300.0,300.0,103.18341064453125,-72.48580932617188,-300.0,-300.0,0.0,0.0,0.0,0.0,150.0,150.0,150.0,-17.544921875,-16.407501220703125,22.36700439453125,0.028981439769268036,-0.3231371343135834,0.16862843930721283,-0.0018888972699642181,-0.05641059949994087,0.1007474884390831,-0.02638411894440651,0.10401347279548645,-0.8726348280906677,-0.0025835849810391665,1.285232424736023,0.10805487632751465,-0.03528549149632454,0.005558353383094072,-0.7903533577919006,0.897713840007782,0.5793167352676392,-0.005440089851617813,0.23688355088233948,-0.8004454970359802,-0.05079667270183563,-0.14166539907455444,-1.8118116855621338,0.39994513988494873,1.9734961986541748,1.2643226385116577,0.26693257689476013,0.8339331746101379,0.2718408703804016,-0.23458363115787506,-0.12754686176776886,-0.12009575217962265,0.058987632393836975,-0.09158558398485184,-0.03175788000226021,0.11926895380020142,0.12829390168190002,0.08126536011695862,0.03913440555334091,0.2224566489458084,-0.005221239291131496,0.0651048868894577
4.550000237300992,270,-200.0,-200.0,-184.48135375976562,50.0,37.18243408203125,-7.710411071777344,100.0,-100.0,100.0,100.0,100.0,100.0,-300.0,300.0,300.0,-237.66433715820312,-300.0,-111.495849609375,0.0,0.0,0.0,0.0,150.0,150.0,150.0,150.0,-150.0,150.0,0.01747594214975834,-0.31134018301963806,0.17631542682647705,-0.0014449107693508267,-0.059122420847415924,0.09281440079212189,-0.026863109320402145,0.10323057323694229,-0.9036123156547546,0.002585153328254819,1.3130357265472412,0.1268460899591446,-0.03160052001476288,0.018607646226882935,-0.7256566286087036,0.9132000803947449,0.4463138282299042,-0.022715698927640915,0.2874334454536438,-0.848875880241394,-0.08545000851154327,-0.11216506361961365,-1.755397081375122,0.3761846423149109,1.519950032234192,1.075069546699524,0.23884440958499908,0.7050241231918335,0.282196044921875,-0.24026931822299957,-0.1507982760667801,-0.11124374717473984,0.05877161771059036,-0.09402149170637131,-0.042476315051317215,0.12048161029815674,0.13761134445667267,0.10694792866706848,0.04087461903691292,0.2556656301021576,-0.032594386488199234,0.07808568328619003
4.566666904836893,271,144.82177734375,-200.0,200.0,11.923583984375,-36.59033203125,-12.918598175048828,-100.0,100.0,100.0,-57.05523681640625,-100.0,100.0,-300.0,300.0,107.8572998046875,-190.18161010742188,-300.0,-300.0,0.0,0.0,0.0,0.0,150.0,150.0,150.0,-21.38671875,4.315032958984375,-3.412109375,0.0050371852703392506,-0.2999250292778015,0.18578194081783295,-0.0024504386819899082,-0.0616418719291687,0.0840938612818718,-0.02728700079023838,0.1014360636472702,-0.9367557764053345,0.008329889737069607,1.3379151821136475,0.14806051552295685,-0.03688960522413254,0.03228796645998955,-0.7191216945648193,0.8628451824188232,0.5767576098442078,-0.012669425457715988,0.2682414650917053,-0.769100546836853,-0.045755863189697266,-0.12184430658817291,-1.9379034042358398,0.4508761763572693,1.4678524732589722,1.215382695198059,-0.2606367766857147,0.7703796625137329,0.282196044921875,-0.24026931822299957,-0.1507982760667801,-0.11124374717473984,0.05877161771059036,-0.09402149170637131,-0.042476315051317215,0.12048161029815674,0.13761134445667267,0.10694792866706848,0.04087461903691292,0.2556656301021576,-0.032594386488199234,0.07808568328619003
4.583333572372794,272,-200.0,-200.0,-200.0,50.0,33.223419189453125,23.672821044921875,100.0,-100.0,100.0,-100.0,100.0,100.0,-300.0,300.0,300.0,-300.0,-300.0,-300.0,0.0,0.0,0.0,0.0,150.0,150.0,150.0,68.63916015625,-150.0,53.06011962890625,-0.005510109476745129,-0.2885799705982208,0.19356274604797363,-0.001990145305171609,-0.06388605386018753,0.07626239210367203,-0.027622736990451813,0.09985575079917908,-0.9692941904067993,0.01384005043655634,1.3568179607391357,0.16614755988121033,-0.04103190824389458,0.04392503947019577,-0.6608163118362427,0.8860979080200195,0.4445097744464874,-0.0005794577300548553,0.3306674361228943,-0.7987649440765381,-0.08334911614656448,-0.1517459750175476,-1.8313026428222656,0.4215313494205475,0.9843606948852539,1.032886028289795,-0.20628775656223297,0.6527364253997803,0.29680800437927246,-0.26412758231163025,-0.16606071591377258,-0.11275966465473175,0.049343932420015335,-0.11676716059446335,-0.04249560460448265,0.13695751130580902,0.1292974203824997,0.11183169484138489,0.04431146755814552,0.26301249861717224,-0.0560268871486187,0.08152405917644501
4.600000239908695,273,39.22509765625,-200.0,-69.42758178710938,8.134513854980469,-41.27362060546875,-17.982398986816406,-100.0,100.0,100.0,-100.0,-100.0,100.0,-300.0,300.0,300.0,-300.0,-300.0,-300.0,0.0,0.0,0.0,0.0,150.0,150.0,150.0,-15.3883056640625,11.692138671875,-17.1861572265625,-0.015882812440395355,-0.2813117504119873,0.20240652561187744,-0.0018445593304932117,-0.0671854019165039,0.0681331530213356,-0.029209407046437263,0.09744114428758621,-1.0052862167358398,0.019202103838324547,1.369757056236267,0.1827063113451004,-0.05161343142390251,0.05424414202570915,-0.6393036246299744,0.6311784982681274,0.5268926620483398,-0.0027029886841773987,0.2610509693622589,-0.7512872219085693,-0.11862729489803314,-0.18560248613357544,-2.0504748821258545,0.4602831304073334,0.6670971512794495,0.940626323223114,-0.569707989692688,0.6108468174934387,0.29680800437927246,-0.26412758231163025,-0.16606071591377258,-0.11275966465473175,0.049343932420015335,-0.11676716059446335,-0.04249560460448265,0.13695751130580902,0.1292974203824997,0.11183169484138489,0.04431146755814552,0.26301249861717224,-0.0560268871486187,0.08152405917644501
4.616666907444596,274,200.0,-200.0,135.63925170898438,-9.869186401367188,-9.61395263671875,50.0,84.5858154296875,-100.0,100.0,-100.0,100.0,100.0,-300.0,300.0,300.0,-300.0,-300.0,-300.0,0.0,0.0,0.0,0.0,150.0,150.0,150.0,-64.82562255859375,-122.07611083984375,52.717041015625,-0.02458260953426361,-0.27382269501686096,0.2096184939146042,-0.0016459976322948933,-0.0686136782169342,0.06002553552389145,-0.030919445678591728,0.09442581236362457,-1.0387840270996094,0.02405712381005287,1.374187707901001,0.19677390158176422,-0.06034577265381813,0.06302409619092941,-0.5633686184883118,0.6392834782600403,0.41175931692123413,-0.01833556592464447,0.37966492772102356,-0.7788896560668945,-0.1520632803440094,-0.24827691912651062,-1.8657065629959106,0.4362885355949402,0.08545199781656265,0.7989991307258606,-0.4724734127521515,0.5181227326393127,0.31475645303726196,-0.28298795223236084,-0.1604844629764557,-0.10906467586755753,0.05305236577987671,-0.13454952836036682,-0.030868995934724808,0.13935409486293793,0.13048306107521057,0.12753000855445862,0.03922790661454201,0.2588019073009491,-0.0615910179913044,0.08554030954837799
4.633333574980497,275,200.0,-200.0,-200.0,33.17951202392578,-50.0,-24.667312622070312,33.1607666015625,100.0,100.0,-100.0,-100.0,100.0,-300.0,300.0,300.0,-300.0,-300.0,-300.0,0.0,0.0,0.0,0.0,150.0,150.0,150.0,-14.5906982421875,-13.7333984375,-5.50164794921875,-0.03340546041727066,-0.26866981387138367,0.2202838510274887,-0.0016205011634156108,-0.06917773187160492,0.05227498710155487,-0.03220471739768982,0.08978530764579773,-1.067383885383606,0.02989949658513069,1.366943359375,0.20811618864536285,-0.069199338555336,0.07122495025396347,-0.49732181429862976,0.41060227155685425,0.6254989504814148,-0.013967793434858322,0.5344133377075195,-0.7084218263626099,-0.12714561820030212,-0.2426106333732605,-1.5525740385055542,0.5133005380630493,-0.6748184561729431,0.6417380571365356,-0.478484570980072,0.4869195818901062,0.31475645303726196,-0.28298795223236084,-0.1604844629764557,-0.10906467586755753,0.05305236577987671,-0.13454952836036682,-0.030868995934724808,0.13935409486293793,0.13048306107521057,0.12753000855445862,0.03922790661454201,0.2588019073009491,-0.0615910179913044,0.08554030954837799
4.650000242516398,276,200.0,-200.0,-42.609619140625,-16.967626571655273,-24.117202758789062,-10.085784912109375,100.0,-100.0,100.0,-100.0,-100.0,100.0,-300.0,300.0,300.0,-300.0,-300.0,-300.0,0.0,0.0,0.0,0.0,150.0,150.0,150.0,-150.0,150.0,-88.295166015625,-0.04080880805850029,-0.26433050632476807,0.229051411151886,-0.0017144588055089116,-0.06999410688877106,0.043303459882736206,-0.034406013786792755,0.08356757462024689,-1.0914416313171387,0.03430340066552162,1.3480292558670044,0.2176675647497177,-0.07668470591306686,0.07824380695819855,-0.4308711886405945,0.34183335304260254,0.5268803238868713,-0.023236142471432686,0.6945597529411316,-0.763502299785614,-0.14931988716125488,-0.31183046102523804,-1.3098276853561401,0.4610130786895752,-1.3575770854949951,0.5466682314872742,-0.40084388852119446,0.4164368808269501,0.31430888175964355,-0.2820400595664978,-0.16261494159698486,-0.10112481564283371,0.051158610731363297,-0.13114723563194275,0.0027319733053445816,0.14311087131500244,0.15450336039066315,0.1439972221851349,0.030815044417977333,0.2475157082080841,-0.05378110334277153,0.08034464716911316
4.6666669100522995,277,200.0,-200.0,-200.0,34.30052185058594,-50.0,-19.299217224121094,100.0,100.0,100.0,-100.0,-100.0,100.0,-300.0,300.0,197.2880859375,-284.53887939453125,-300.0,-300.0,0.0,0.0,0.0,0.0,150.0,150.0,150.0,-17.314788818359375,-14.422149658203125,2.76580810546875,-0.04812159389257431,-0.26487693190574646,0.23837994039058685,-0.0019667837768793106,-0.06597230583429337,0.03550253063440323,-0.03377147391438484,0.07661978155374527,-1.1129093170166016,0.0389842726290226,1.3171440362930298,0.22401146590709686,-0.08065133541822433,0.08325368165969849,-0.4434146285057068,0.07015851140022278,0.5311998724937439,-0.021804597228765488,0.8381543159484863,-0.7291271686553955,-0.05951819568872452,-0.3655641973018646,-1.1231504678726196,0.4921402335166931,-2.0981316566467285,0.3669739365577698,-0.21342401206493378,0.2868724465370178,0.31430888175964355,-0.2820400595664978,-0.16261494159698486,-0.10112481564283371,0.051158610731363297,-0.13114723563194275,0.0027319733053445816,0.14311087131500244,0.15450336039066315,0.1439972221851349,0.030815044417977333,0.2475157082080841,-0.05378110334277153,0.08034464716911316
4.683333577588201,278,200.0,-200.0,-171.59588623046875,-50.0,-50.0,-22.851593017578125,100.0,-100.0,100.0,-100.0,-100.0,100.0,-300.0,300.0,-64.53118896484375,-221.57989501953125,-300.0,-300.0,0.0,0.0,0.0,0.0,150.0,150.0,150.0,-150.0,150.0,-150.0,-0.054349903017282486,-0.26579537987709045,0.24589064717292786,-0.00230024172924459,-0.0643216222524643,0.026103436946868896,-0.0348367840051651,0.06856313347816467,-1.1299316883087158,0.042275603860616684,1.2756081819534302,0.22917009890079498,-0.08409354835748672,0.08760377019643784,-0.4087647497653961,0.0313623808324337,0.44853314757347107,-0.02806304581463337,0.7300059795379639,-0.7395893931388855,-0.08679820597171783,-0.4185676574707031,-0.9069164991378784,0.43921107053756714,-2.6625406742095947,0.30773645639419556,-0.18320226669311523,0.25195083022117615,0.30466631054878235,-0.2894458770751953,-0.1552414745092392,-0.10312242805957794,0.05900844931602478,-0.13657185435295105,0.027130434289574623,0.13576100766658783,0.17114485800266266,0.14681844413280487,0.02215314842760563,0.21859513223171234,-0.031060034409165382,0.06788782775402069
4.700000245124102,279,200.0,-200.0,-200.0,45.257144927978516,-50.0,-13.550430297851562,100.0,46.175537109375,100.0,-100.0,-100.0,100.0,-300.0,300.0,-5.2418212890625,274.734375,-300.0,-300.0,0.0,0.0,0.0,0.0,150.0,150.0,150.0,-15.749353408813477,-11.580535888671875,17.08074188232422,-0.06208803877234459,-0.2676817774772644,0.2517978549003601,-0.002441579708829522,-0.061245571821928024,0.017664795741438866,-0.033391643315553665,0.05796508491039276,-1.1409388780593872,0.043645698577165604,1.2221791744232178,0.22898472845554352,-0.08020024746656418,0.08900894969701767,-0.501616358757019,-0.011506155133247375,0.3549679219722748,-0.01962784305214882,0.7359848022460938,-0.7344194054603577,0.003323165699839592,-0.6013311147689819,-0.5182911157608032,0.4090474843978882,-3.414409637451172,0.013019557110965252,0.2157985270023346,0.042897630482912064,0.30466631054878235,-0.2894458770751953,-0.1552414745092392,-0.10312242805957794,0.05900844931602478,-0.13657185435295105,0.027130434289574623,0.13576100766658783,0.17114485800266266,0.14681844413280487,0.02215314842760563,0.21859513223171234,-0.031060034409165382,0.06788782775402069
4.716666912660003,280,200.0,-200.0,-200.0,30.926748275756836,-50.0,-49.24842071533203,100.0,-6.23974609375,2.0424346923828125,-100.0,-100.0,100.0,-300.0,300.0,-300.0,46.1158447265625,-300.0,-300.0,0.0,0.0,0.0,0.0,150.0,150.0,150.0,-150.0,150.0,-136.50946044921875,-0.06882163882255554,-0.2702081501483917,0.25663185119628906,-0.0026194287929683924,-0.06064962223172188,0.008116485550999641,-0.0332813486456871,0.04784619063138962,-1.1482841968536377,0.044126223772764206,1.1598695516586304,0.2285001575946808,-0.07703646272420883,0.09029871225357056,-0.46788185834884644,-0.03757784515619278,0.30693674087524414,-0.027236903086304665,0.6743901371955872,-0.7611774206161499,-0.01295454055070877,-0.5732024908065796,-0.3574022352695465,0.3365994691848755,-3.8452043533325195,0.003590893466025591,0.17715804278850555,0.055720891803503036,0.2934645414352417,-0.3051880896091461,-0.14429672062397003,-0.10374115407466888,0.06462123245000839,-0.15455517172813416,0.028768662363290787,0.12304281443357468,0.19349612295627594,0.14147710800170898,0.01656738854944706,0.1959637999534607,-0.013519142754375935,0.060130566358566284
4.733333580195904,281,200.0,-200.0,-200.0,44.26878356933594,-40.66477584838867,-5.641936302185059,100.0,-41.669921875,100.0,-100.0,-100.0,100.0,-300.0,300.0,-161.58477783203125,300.0,-300.0,-300.0,0.0,0.0,0.0,0.0,150.0,150.0,150.0,-9.427352905273438,-10.266448974609375,3.9672088623046875,-0.07717496156692505,-0.27233433723449707,0.2594301402568817,-0.002805422991514206,-0.057643547654151917,-0.001760890823788941,-0.031152617186307907,0.03535035252571106,-1.1494879722595215,0.04400733858346939,1.0867424011230469,0.22455282509326935,-0.06904181092977524,0.08997450023889542,-0.5648368000984192,-0.01547478511929512,0.18386945128440857,-0.013865705579519272,0.7494520545005798,-0.7813018560409546,0.03509921580553055,-0.7140843868255615,0.0413171760737896,0.3666073977947235,-4.538339138031006,-0.1851731687784195,0.43982836604118347,-0.0636260062456131,0.2934645414352417,-0.3051880896091461,-0.14429672062397003,-0.10374115407466888,0.06462123245000839,-0.15455517172813416,0.028768662363290787,0.12304281443357468,0.19349612295627594,0.14147710800170898,0.01656738854944706,0.1959637999534607,-0.013519142754375935,0.060130566358566284
4.750000247731805,282,200.0,-200.0,-31.54931640625,50.0,-50.0,-0.0035991668701171875,100.0,91.450927734375,-100.0,-100.0,-100.0,100.0,-300.0,300.0,-300.0,285.42828369140625,67.80534362792969,-300.0,0.0,0.0,0.0,0.0,150.0,150.0,150.0,-150.0,150.0,146.39794921875,-0.08459515124559402,-0.27501964569091797,0.26167532801628113,-0.002872759709134698,-0.05701452121138573,-0.012258355505764484,-0.030098002403974533,0.024257086217403412,-1.1482795476913452,0.043155454099178314,1.0075194835662842,0.22102300822734833,-0.06244814023375511,0.08989014476537704,-0.524738073348999,-0.025753170251846313,0.17355705797672272,-0.023694409057497978,0.6360775828361511,-0.8026971220970154,0.05046626925468445,-0.6331737041473389,0.11718033999204636,0.28244417905807495,-4.767369270324707,-0.15866541862487793,0.36558717489242554,-0.03642477095127106,0.27184242010116577,-0.317154198884964,-0.12447080761194229,-0.10808834433555603,0.07301940023899078,-0.17475339770317078,0.02150333672761917,0.11106566339731216,0.21304602921009064,0.13188670575618744,0.00799177773296833,0.17827185988426208,-0.004566830582916737,0.07092021405696869
4.766666915267706,283,19.7396240234375,-200.0,-200.0,15.332338333129883,-42.41780471801758,-2.5739126205444336,100.0,-100.0,100.0,-100.0,-100.0,100.0,-300.0,300.0,-300.0,300.0,-300.0,-300.0,0.0,0.0,0.0,0.0,150.0,150.0,150.0,-18.113677978515625,-25.6827392578125,-11.999916076660156,-0.0917036309838295,-0.27439191937446594,0.26047483086586,-0.0029066510032862425,-0.054781731218099594,-0.023767700418829918,-0.0254234429448843,0.013391481712460518,-1.1383739709854126,0.041199151426553726,0.9188820719718933,0.21542830765247345,-0.05411481484770775,0.09206836670637131,-0.5052483081817627,0.16469550132751465,-0.02984662353992462,-0.02209264412522316,0.7605758905410767,-0.8827400207519531,0.20407718420028687,-0.6655861735343933,0.673607349395752,0.21172063052654266,-5.416720867156982,-0.2716172933578491,0.47588375210762024,0.0800212100148201,0.27184242010116577,-0.317154198884964,-0.12447080761194229,-0.10808834433555603,0.07301940023899078,-0.17475339770317078,0.02150333672761917,0.11106566339731216,0.21304602921009064,0.13188670575618744,0.00799177773296833,0.17827185988426208,-0.004566830582916737,0.07092021405696869
4.783333582803607,284,200.0,-200.0,200.0,16.250728607177734,-32.220184326171875,21.06888771057129,100.0,-16.87939453125,-100.0,-100.0,-100.0,100.0,-300.0,300.0,-300.0,210.28240966796875,-300.0,-300.0,0.0,0.0,0.0,0.0,150.0,150.0,37.69476318359375,-150.0,7.74249267578125,150.0,-0.09784547984600067,-0.27458456158638,0.2596847414970398,-0.003048848593607545,-0.05393296480178833,-0.035895153880119324,-0.021550172939896584,0.0046626608818769455,-1.1278982162475586,0.03935078904032707,0.8270250558853149,0.21056820452213287,-0.047228485345840454,0.09401469677686691,-0.44221433997154236,0.1190560907125473,-0.009874923154711723,-0.016108039766550064,0.6312516927719116,-0.8618553280830383,0.1850605309009552,-0.5387148261070251,0.6316145062446594,0.15805767476558685,-5.434038162231445,-0.21726374328136444,0.3958781659603119,0.07835269719362259,0.2508365213871002,-0.32824692130088806,-0.1124524176120758,-0.12555786967277527,0.0877462849020958,-0.19523945450782776,0.002263648435473442,0.10623007267713547,0.21696625649929047,0.1340959519147873,0.00017573207151144743,0.15479841828346252,-0.003627868602052331,0.08799450844526291
4.800000250339508,285,-200.0,-200.0,-125.5545654296875,-5.516368865966797,-35.121002197265625,6.473308563232422,100.0,-100.0,32.2586669921875,-75.374755859375,-100.0,-91.363037109375,-300.0,300.0,-300.0,300.0,-300.0,-300.0,0.0,0.0,0.0,0.0,150.0,150.0,-51.664337158203125,-37.2239990234375,-34.30999755859375,-27.3580322265625,-0.102059505879879,-0.2722344398498535,0.2550945580005646,-0.0033511724323034286,-0.05311596021056175,-0.049203526228666306,-0.016803620383143425,-0.003296380629763007,-1.1132500171661377,0.033676110208034515,0.7308445572853088,0.20301738381385803,-0.041179269552230835,0.09914670139551163,-0.35539549589157104,0.26326996088027954,-0.2303922176361084,-0.023476887494325638,0.7074778079986572,-0.9609718322753906,0.21557551622390747,-0.6318000555038452,0.9147104024887085,-0.03746345266699791,-5.747195720672607,-0.37664443254470825,0.37208372354507446,0.26104244589805603,0.2508365213871002,-0.32824692130088806,-0.1124524176120758,-0.12555786967277527,0.0877462849020958,-0.19523945450782776,0.002263648435473442,0.10623007267713547,0.21696625649929047,0.1340959519147873,0.00017573207151144743,0.15479841828346252,-0.003627868602052331,0.08799450844526291
4.816666917875409,286,-200.0,-200.0,200.0,7.789192199707031,-47.14006042480469,-13.554938316345215,100.0,-100.0,-100.0,-100.0,-100.0,100.0,-300.0,300.0,-300.0,300.0,-222.8846435546875,-300.0,0.0,0.0,0.0,0.0,150.0,150.0,-150.0,-150.0,150.0,104.01010131835938,-0.10550753027200699,-0.2702210247516632,0.25147706270217896,-0.003319874871522188,-0.05212744325399399,-0.06286609917879105,-0.012610595673322678,-0.009714072570204735,-1.099785566329956,0.028903411701321602,0.6369783282279968,0.19654850661754608,-0.036099087446928024,0.10356178134679794,-0.2914312183856964,0.2524269223213196,-0.18029455840587616,-0.008825775235891342,0.6422921419143677,-0.9402284622192383,0.2023899406194687,-0.5168771147727966,0.7808855772018433,-0.04194280505180359,-5.4448018074035645,-0.3025805652141571,0.31567662954330444,0.2330615520477295,0.23290207982063293,-0.33260026574134827,-0.09640936553478241,-0.15151897072792053,0.09388294816017151,-0.21093407273292542,-0.018821682780981064,0.09987916797399521,0.21673133969306946,0.14151524007320404,-0.00497491704300046,0.11315002292394638,0.006941070780158043,0.09736309945583344
4.83333358541131,287,-200.0,-200.0,-90.3125,-24.474201202392578,-23.750625610351562,9.243219375610352,100.0,-100.0,-100.0,-69.38232421875,-100.0,-100.0,-300.0,300.0,-300.0,300.0,-300.0,-300.0,0.0,0.0,0.0,0.0,150.0,150.0,-150.0,-59.81451416015625,-50.12823486328125,-18.82110595703125,-0.10808636248111725,-0.2648674547672272,0.24498319625854492,-0.0034636249765753746,-0.04950101301074028,-0.07794763147830963,-0.007229830604046583,-0.014946209266781807,-1.0819895267486572,0.01868014968931675,0.5410942435264587,0.18480488657951355,-0.02867545373737812,0.10926329344511032,-0.2548322081565857,0.4406927227973938,-0.3365749418735504,-0.026078052818775177,0.8459045886993408,-1.0612138509750366,0.24574695527553558,-0.6260960102081299,1.0906643867492676,-0.32427480816841125,-5.6851911544799805,-0.6109465956687927,0.4637586176395416,0.28323689103126526,0.23290207982063293,-0.33260026574134827,-0.09640936553478241,-0.15151897072792053,0.09388294816017151,-0.21093407273292542,-0.018821682780981064,0.09987916797399521,0.21673133969306946,0.14151524007320404,-0.00497491704300046,0.11315002292394638,0.006941070780158043,0.09736309945583344
4.850000252947211,288,-200.0,-200.0,200.0,-3.8678359985351562,-50.0,34.48748779296875,100.0,-100.0,-100.0,-100.0,-100.0,100.0,-300.0,300.0,-300.0,300.0,300.0,-300.0,0.0,0.0,0.0,0.0,150.0,150.0,-150.0,-150.0,-18.861114501953125,150.0,-0.11012261360883713,-0.25967681407928467,0.23961937427520752,-0.003422023728489876,-0.04661848396062851,-0.09366319328546524,-0.0023653937969356775,-0.019199980422854424,-1.0663399696350098,0.010161158628761768,0.45049336552619934,0.17443758249282837,-0.022336989641189575,0.11407501995563507,-0.2024928480386734,0.4380825161933899,-0.28505784273147583,-0.012633513659238815,0.7418334484100342,-1.0435166358947754,0.22224658727645874,-0.5230634212493896,0.9007251858711243,-0.2754429876804352,-5.199079990386963,-0.511664867401123,0.3990597724914551,0.26390916109085083,0.19390234351158142,-0.33040282130241394,-0.06860114634037018,-0.17132924497127533,0.08328958600759506,-0.2122601568698883,-0.04507772997021675,0.08764579892158508,0.22107814252376556,0.14953909814357758,-0.004714656621217728,0.07494380325078964,0.008293847553431988,0.11096537113189697
4.866666920483112,289,-200.0,-200.0,-84.4547119140625,-18.133285522460938,-37.09889221191406,11.341279983520508,100.0,-100.0,-100.0,-63.111328125,-100.0,-100.0,-300.0,300.0,-300.0,300.0,-300.0,-274.7298583984375,0.0,0.0,0.0,0.0,150.0,150.0,-150.0,-58.20501708984375,-92.69656372070312,-46.228973388671875,-0.11150818318128586,-0.24799329042434692,0.22737468779087067,-0.0040635010227561,-0.04057270288467407,-0.11204523593187332,0.006951522547751665,-0.023430202156305313,-1.0406286716461182,-0.0026773957069963217,0.35315585136413574,0.16000770032405853,-0.016226135194301605,0.12107376009225845,-0.18152497708797455,0.7572609782218933,-0.6256582736968994,-0.03286771476268768,1.0005123615264893,-1.208103060722351,0.46439576148986816,-0.6399375200271606,1.5612331628799438,-0.4724796414375305,-5.837152481079102,-0.7644738554954529,0.40238481760025024,0.3789735734462738,0.19390234351158142,-0.33040282130241394,-0.06860114634037018,-0.17132924497127533,0.08328958600759506,-0.2122601568698883,-0.04507772997021675,0.08764579892158508,0.22107814252376556,0.14953909814357758,-0.004714656621217728,0.07494380325078964,0.008293847553431988,0.11096537113189697
4.883333588019013,290,-200.0,-200.0,200.0,13.362930297851562,-50.0,27.640605926513672,100.0,-93.99476623535156,-100.0,-100.0,-100.0,100.0,-300.0,300.0,-300.0,300.0,-23.83984375,-300.0,0.0,0.0,0.0,0.0,150.0,150.0,-150.0,-150.0,-150.0,10.756927490234375,-0.11253509670495987,-0.23736216127872467,0.21749217808246613,-0.003900568699464202,-0.037935372442007065,-0.13061490654945374,0.016136428341269493,-0.027175746858119965,-1.0175001621246338,-0.013686271384358406,0.26129189133644104,0.14736077189445496,-0.011033786460757256,0.12715992331504822,-0.1472412496805191,0.7372345328330994,-0.5533366799354553,-0.01679295487701893,0.7734988331794739,-1.168253779411316,0.38597285747528076,-0.5377956628799438,1.3205748796463013,-0.40028226375579834,-5.2314229011535645,-0.6362361907958984,0.34178370237350464,0.344527006149292,0.16448023915290833,-0.33076512813568115,-0.05405798181891441,-0.18546061217784882,0.07122841477394104,-0.21315565705299377,-0.05530508980154991,0.07538332045078278,0.2229354977607727,0.1672467440366745,0.0015874950913712382,0.039944928139448166,0.0011675830464810133,0.11641882359981537
4.9000002555549145,291,-200.0,-200.0,200.0,-2.0491790771484375,-44.082733154296875,21.16468048095703,100.0,-100.0,-100.0,-51.767333984375,-100.0,-100.0,-300.0,300.0,-300.0,300.0,-300.0,-193.38140869140625,0.0,0.0,0.0,0.0,150.0,150.0,-150.0,-51.25030517578125,-94.33859252929688,-68.78143310546875,-0.11334627121686935,-0.22180838882923126,0.20270782709121704,-0.004478375427424908,-0.03451075404882431,-0.15090900659561157,0.027289852499961853,-0.0311373732984066,-0.9898539185523987,-0.02707555517554283,0.1719687283039093,0.13143910467624664,-0.008738663978874683,0.13334092497825623,-0.14961418509483337,1.047285795211792,-0.775984525680542,-0.043658699840307236,0.8400958776473999,-1.3200231790542603,0.5709422826766968,-0.65205979347229,1.631548285484314,-0.5101313591003418,-5.186751365661621,-0.8513644337654114,0.19212856888771057,0.3521272838115692,0.16448023915290833,-0.33076512813568115,-0.05405798181891441,-0.18546061217784882,0.07122841477394104,-0.21315565705299377,-0.05530508980154991,0.07538332045078278,0.2229354977607727,0.1672467440366745,0.0015874950913712382,0.039944928139448166,0.0011675830464810133,0.11641882359981537
4.9166669230908155,292,200.0,-200.0,-200.0,50.0,-23.090913772583008,50.0,100.0,-100.0,-93.89947509765625,100.0,-100.0,100.0,-300.0,-300.0,-300.0,300.0,300.0,-300.0,0.0,0.0,0.0,0.0,150.0,150.0,-150.0,150.0,-150.0,150.0,-0.11289328336715698,-0.2081729620695114,0.18840989470481873,-0.004393924027681351,-0.03181072324514389,-0.16995982825756073,0.03435317426919937,-0.035642027854919434,-0.967157244682312,-0.038497764617204666,0.09092707186937332,0.11769692599773407,-0.006272885482758284,0.1391824632883072,-0.03819887340068817,0.8779086470603943,-0.7715704441070557,-0.014054987579584122,0.6110275983810425,-1.203237533569336,0.32182231545448303,-0.6303335428237915,1.318183422088623,-0.40088292956352234,-4.775826454162598,-0.7122202515602112,0.19496044516563416,0.3332338035106659,0.1807534247636795,-0.29396045207977295,-0.005773692391812801,-0.21778881549835205,0.06271766126155853,-0.21507403254508972,-0.09275569021701813,0.07254689186811447,0.17472530901432037,0.1964668482542038,0.0026022447273135185,0.07185745984315872,-0.04300817847251892,0.14461132884025574
4.933333590626717,293,200.0,55.530029296875,200.0,50.0,-50.0,6.214290618896484,100.0,-100.0,100.0,100.0,-100.0,-100.0,-300.0,187.51141357421875,-300.0,300.0,300.0,249.1806640625,0.0,0.0,0.0,0.0,150.0,150.0,-150.0,-35.548004150390625,-150.0,-150.0,-0.11466755717992783,-0.20174138247966766,0.18182145059108734,-0.002473061438649893,-0.02646229788661003,-0.18404392898082733,0.04685652256011963,-0.031119290739297867,-0.9398221969604492,-0.05435098707675934,-0.0011092659551650286,0.11263907700777054,-0.014792378060519695,0.15060819685459137,-0.22620798647403717,0.43216919898986816,-0.3984736204147339,-0.07694007456302643,1.079937219619751,-1.1798235177993774,0.36435598134994507,-0.4508984386920929,0.7988203763961792,-1.0308711528778076,-3.481076240539551,-0.3428797125816345,-0.4443882405757904,0.7119336128234863,0.1807534247636795,-0.29396045207977295,-0.005773692391812801,-0.21778881549835205,0.06271766126155853,-0.21507403254508972,-0.09275569021701813,0.07254689186811447,0.17472530901432037,0.1964668482542038,0.0026022447273135185,0.07185745984315872,-0.04300817847251892,0.14461132884025574
4.950000258162618,294,200.0,-200.0,177.33251953125,-50.0,-50.0,7.7574920654296875,-100.0,100.0,-100.0,-100.0,-100.0,100.0,167.72979736328125,300.0,-300.0,221.8169403076172,300.0,-182.4754638671875,0.0,0.0,0.0,0.0,150.0,150.0,-150.0,-150.0,150.0,-150.0,-0.11807838827371597,-0.19287437200546265,0.17786307632923126,0.0005666851066052914,-0.015236432664096355,-0.20308540761470795,0.0623566135764122,-0.02439003624022007,-0.9333000779151917,-0.06699459999799728,-0.0003455016703810543,0.10618191212415695,-0.021499233320355415,0.16036100685596466,-0.3138566315174103,0.6182433366775513,-0.035664476454257965,0.3311372399330139,1.700390100479126,-1.2981120347976685,0.9332311153411865,-0.0007039159536361694,0.8231719136238098,-0.7088719606399536,0.05130753666162491,-0.30566704273223877,-0.3531268239021301,0.5366009473800659,0.12275604158639908,-0.3088279068470001,0.0466868095099926,-0.22113996744155884,0.08884234726428986,-0.19901329278945923,-0.043715957552194595,0.06151748076081276,0.16918376088142395,0.21155904233455658,-0.029712200164794922,0.031217623502016068,-0.007536757737398148,0.13216033577919006
4.966666925698519,295,-200.0,-200.0,-200.0,-14.576362609863281,-50.0,-8.746170043945312,100.0,-100.0,-100.0,-61.7916259765625,-100.0,-100.0,-300.0,-300.0,-300.0,300.0,300.0,-64.415283203125,0.0,0.0,0.0,0.0,150.0,150.0,-150.0,7.9842529296875,-150.0,23.968093872070312,-0.11905260384082794,-0.1682717651128769,0.16622097790241241,0.0026719351299107075,0.0010045691160485148,-0.22169733047485352,0.08434347808361053,-0.02097616344690323,-0.8983582854270935,-0.07974430918693542,0.00012766661529894918,0.09472568333148956,-0.017692476511001587,0.16406066715717316,0.034899644553661346,1.4162395000457764,-0.5585489273071289,0.13232453167438507,0.45594048500061035,-0.18716228008270264,1.3149195909500122,-0.18804453313350677,2.32307767868042,-0.6500595211982727,0.005860656499862671,-0.6273141503334045,0.2514719069004059,0.18378353118896484,0.12275604158639908,-0.3088279068470001,0.0466868095099926,-0.22113996744155884,0.08884234726428986,-0.19901329278945923,-0.043715957552194595,0.06151748076081276,0.16918376088142395,0.21155904233455658,-0.029712200164794922,0.031217623502016068,-0.007536757737398148,0.13216033577919006
4.98333359323442,296,200.0,200.0,-200.0,50.0,50.0,50.0,100.0,100.0,-100.0,-100.0,-100.0,71.0350341796875,-33.34821701049805,-300.0,-300.0,-68.92724609375,300.0,-132.68658447265625,0.0,0.0,0.0,0.0,150.0,150.0,-150.0,50.1192626953125,150.0,-7.80029296875,-0.12016288191080093,-0.14626577496528625,0.15575829148292542,0.0030617283191531897,0.006622003391385078,-0.23912106454372406,0.10328781604766846,-0.018654026091098785,-0.8576525449752808,-0.09044568240642548,7.793193799443543e-05,0.08497358113527298,-0.015026909299194813,0.16690658032894135,-0.003922614268958569,1.3135490417480469,-0.5200942158699036,-0.05916549637913704,0.29942587018013,-0.7412097454071045,1.0241373777389526,-0.24795790016651154,2.468142509460449,-0.5209105014801025,-0.00105810328386724,-0.5415745973587036,0.181659996509552,0.13800714910030365,0.1398773491382599,-0.3362566828727722,0.11978308111429214,-0.2222004532814026,0.15633362531661987,-0.25444865226745605,-0.06780730187892914,0.07416617125272751,0.12637457251548767,0.19112735986709595,-0.032216645777225494,0.03360383212566376,0.0141858896240592,0.12893454730510712
5.000000260770321,297,-33.51904296875,-200.0,-200.0,-0.8236236572265625,-22.095550537109375,1.7449188232421875,100.0,-100.0,100.0,95.81982421875,-100.0,-100.0,-300.0,-300.0,-300.0,0.90283203125,300.0,-300.0,0.0,0.0,0.0,0.0,150.0,150.0,-150.0,-12.15557861328125,-150.0,35.068572998046875,-0.11720344424247742,-0.127322256565094,0.1516861468553543,0.02445394918322563,0.007483717519789934,-0.2687274217605591,0.12033190578222275,-0.015763020142912865,-0.8002386689186096,-0.09550702571868896,0.00025653737247921526,0.07693015784025192,-0.005317735951393843,0.1692706048488617,0.19124539196491241,1.0415115356445312,-0.1970124989748001,1.5788687467575073,0.007908971048891544,-1.4560770988464355,0.9417518377304077,-0.3174934387207031,3.696949005126953,-0.27379146218299866,-0.010101979598402977,-0.40679529309272766,0.5437400937080383,0.07695675641298294,0.1398773491382599,-0.3362566828727722,0.11978308111429214,-0.2222004532814026,0.15633362531661987,-0.25444865226745605,-0.06780730187892914,0.07416617125272751,0.12637457251548767,0.19112735986709595,-0.032216645777225494,0.03360383212566376,0.0141858896240592,0.12893454730510712
5.016666928306222,298,-115.445556640625,200.0,-200.0,-50.0,-50.0,-50.0,100.0,100.0,-100.0,100.0,-100.0,-8.5911865234375,-300.0,-300.0,-300.0,-300.0,300.0,-300.0,0.0,0.0,0.0,0.0,150.0,150.0,-150.0,-150.0,150.0,28.96441078186035,-0.11549516767263412,-0.1111811101436615,0.148553267121315,0.05283430963754654,0.009945581667125225,-0.30315539240837097,0.13570038974285126,-0.01736190915107727,-0.7368195056915283,-0.10304306447505951,0.00021730823209509254,0.07011103630065918,0.0018173974240198731,0.1703791320323944,0.14221550524234772,0.9310733079910278,-0.1578817218542099,1.5339370965957642,0.03728785365819931,-1.609468698501587,0.7907785773277283,-0.47458064556121826,3.7814784049987793,-0.27185267210006714,-0.00034640543162822723,-0.3596018850803375,0.4100923240184784,0.022725936025381088,0.12795992195606232,-0.36459049582481384,0.1659238040447235,-0.24573208391666412,0.20252038538455963,-0.2561188340187073,-0.08509323000907898,0.07760889083147049,0.11585886776447296,0.14849990606307983,-0.0454055555164814,-0.006826487369835377,0.05901740863919258,0.12546296417713165
5.033333595842123,299,166.7799072265625,-200.0,200.0,50.0,50.0,50.0,100.0,100.0,100.0,100.0,100.0,-11.0899658203125,-287.7756652832031,-300.0,-300.0,300.0,300.0,300.0,0.0,0.0,0.0,0.0,150.0,150.0,-150.0,47.145782470703125,150.0,150.0,-0.11368449032306671,-0.10558509826660156,0.1388119012117386,0.0960318073630333,0.009839075617492199,-0.3438683748245239,0.13581590354442596,-0.02297397330403328,-0.687811553478241,-0.12251957505941391,-0.02831585519015789,0.03338243439793587,0.01257708203047514,0.16585011780261993,0.05107416957616806,0.2939586639404297,-1.1868209838867188,2.6197218894958496,-0.5036696791648865,-2.020449638366699,-1.3792040348052979,-1.5936541557312012,0.2739710807800293,-1.9599865674972534,-1.366786003112793,-0.4464535713195801,0.3163778781890869,-1.3271855115890503,0.12795992195606232,-0.36459049582481384,0.1659238040447235,-0.24573208391666412,0.20252038538455963,-0.2561188340187073,-0.08509323000907898,0.07760889083147049,0.11585886776447296,0.14849990606307983,-0.0454055555164814,-0.006826487369835377,0.05901740863919258,0.12546296417713165
5.050000263378024,300,-200.0,-200.0,-200.0,-47.69837951660156,-50.0,-50.0,100.0,100.0,100.0,-100.0,100.0,-100.0,300.0,300.0,-300.0,300.0,300.0,-300.0,0.0,0.0,0.0,0.0,150.0,150.0,-150.0,-150.0,-150.0,-150.0,-0.11323051154613495,-0.10344710946083069,0.12535947561264038,0.1718806028366089,-0.0033927359618246555,-0.3604380488395691,0.12998022139072418,-0.0371231846511364,-0.6813013553619385,-0.1417452096939087,0.002530648373067379,0.014964155852794647,0.16048453748226166,0.1697363257408142,-0.009569641202688217,-0.0327758863568306,-0.3922371566295624,5.629480838775635,-0.6212138533592224,-0.0808783769607544,0.4673764407634735,-0.8078190684318542,2.0861167907714844,-0.1784621626138687,0.32913339138031006,0.33210185170173645,5.693322658538818,0.3047943115234375,0.14642219245433807,-0.3715589940547943,0.0720808282494545,-0.23995473980903625,0.2159223109483719,-0.3052627444267273,-0.129799485206604,0.04782065749168396,0.06875680387020111,0.19146502017974854,-0.047894660383462906,0.0015023695304989815,0.020881513133645058,0.11913597583770752
5.066666930913925,301,-200.0,-200.0,200.0,-50.0,-50.0,50.0,-100.0,-100.0,100.0,-100.0,-100.0,-100.0,35.54705810546875,9.6083984375,-300.0,300.0,289.464599609375,300.0,0.0,0.0,0.0,0.0,150.0,150.0,-150.0,-150.0,-150.0,150.0,-0.10610616207122803,-0.07602807879447937,0.11451172083616257,0.21972660720348358,-0.021511394530534744,-0.3249390125274658,0.10712170600891113,-0.054222334176301956,-0.6438875794410706,-0.15755991637706757,0.008243503049015999,0.01501122023910284,0.21418944001197815,0.1644124537706375,0.4649960696697235,1.6257352828979492,-0.5815839767456055,2.1480190753936768,-0.9677936434745789,2.7843103408813477,-1.0441136360168457,-1.2763748168945312,1.805250883102417,-0.43023213744163513,0.44425123929977417,0.13658440113067627,2.988024950027466,-0.4315466582775116,0.14642219245433807,-0.3715589940547943,0.0720808282494545,-0.23995473980903625,0.2159223109483719,-0.3052627444267273,-0.129799485206604,0.04782065749168396,0.06875680387020111,0.19146502017974854,-0.047894660383462906,0.0015023695304989815,0.020881513133645058,0.11913597583770752
5.083333598449826,302,-200.0,-200.0,200.0,22.742555618286133,50.0,50.0,100.0,-100.0,89.1731185913086,100.0,-100.0,100.0,-300.0,-300.0,300.0,300.0,300.0,300.0,0.0,0.0,0.0,0.0,150.0,150.0,-150.0,-150.0,-150.0,150.0,-0.09673783928155899,-0.05130917578935623,0.10323040932416916,0.2453688234090805,-0.02492908202111721,-0.29217955470085144,0.08753977715969086,-0.06528683751821518,-0.6190441250801086,-0.17251785099506378,0.021409817039966583,0.016090456396341324,0.2599833905696869,0.1484619826078415,0.5890101194381714,1.3830755949020386,-0.6075185537338257,1.1525142192840576,-0.7237051129341125,3.308579921722412,-0.9919606447219849,-0.8531098365783691,1.3859604597091675,-0.40098845958709717,0.9022848606109619,0.03994351625442505,1.0546914339065552,-0.712177574634552,0.20443730056285858,-0.33046576380729675,0.09781594574451447,-0.21465721726417542,0.1938149780035019,-0.27236294746398926,-0.12810523808002472,0.14069725573062897,0.04036293923854828,0.2200000137090683,-0.056896090507507324,-0.01826394721865654,0.025091255083680153,0.15162473917007446
5.100000265985727,303,200.0,-200.0,-2.694580078125,29.592941284179688,50.0,-3.523956298828125,100.0,66.649658203125,100.0,-40.2794189453125,31.310813903808594,-18.06591796875,-36.49687194824219,-45.7080078125,-251.8926544189453,300.0,300.0,300.0,0.0,0.0,0.0,0.0,150.0,150.0,-150.0,-150.0,-150.0,102.79510498046875,-0.09295788407325745,-0.0728052631020546,0.10870629549026489,0.30346453189849854,-0.03729826584458351,-0.24353353679180145,0.06906483322381973,-0.06583898514509201,-0.6018719673156738,-0.172125905752182,0.01390671357512474,0.01674538478255272,0.25099289417266846,0.152353897690773,0.14050787687301636,-1.2794100046157837,0.26751938462257385,3.646519184112549,-0.9281699061393738,3.885988473892212,-0.8608087301254272,-0.21376046538352966,1.6838854551315308,0.15739236772060394,-1.0750066041946411,0.5905325412750244,-1.6006555557250977,0.5038360953330994,0.20443730056285858,-0.33046576380729675,0.09781594574451447,-0.21465721726417542,0.1938149780035019,-0.27236294746398926,-0.12810523808002472,0.14069725573062897,0.04036293923854828,0.2200000137090683,-0.056896090507507324,-0.01826394721865654,0.025091255083680153,0.15162473917007446
5.116666933521628,304,200.0,200.0,-200.0,4.754905700683594,50.0,50.0,-100.0,100.0,-100.0,-100.0,100.0,-100.0,300.0,-300.0,300.0,300.0,300.0,300.0,0.0,0.0,0.0,0.0,150.0,150.0,-150.0,-150.0,150.0,-150.0,-0.09049413353204727,-0.09270749986171722,0.1114172488451004,0.35989582538604736,-0.04079894348978996,-0.1714126616716385,0.04764822870492935,-0.07012087851762772,-0.5761449337005615,-0.17484186589717865,-0.0029953361954540014,0.022063149139285088,0.227354496717453,0.15531505644321442,0.09286142885684967,-1.1223490238189697,0.16105376183986664,3.450565814971924,0.1235211193561554,4.383646488189697,-0.9175776243209839,-0.24213507771492004,1.3412460088729858,0.00245453417301178,-0.29398196935653687,0.4113262891769409,-1.9913690090179443,0.2969423532485962,0.23154057562351227,-0.3455336391925812,0.09303157031536102,-0.1950174868106842,0.20583884418010712,-0.27100327610969543,-0.09630762040615082,0.09099896252155304,0.03274569660425186,0.1871711015701294,-0.05747723951935768,-0.029603533446788788,0.1220536157488823,0.06937216967344284
5.1333336010575294,305,-200.0,-200.0,-200.0,-34.561302185058594,50.0,-37.9652099609375,100.0,100.0,-79.87841796875,-100.0,-100.0,-100.0,209.41729736328125,72.953369140625,75.7000732421875,160.2353515625,300.0,-105.52215576171875,0.0,0.0,0.0,0.0,-125.52374267578125,-149.25341796875,-108.8408203125,-150.0,150.0,-150.0,-0.0831015482544899,-0.127174511551857,0.12079799175262451,0.43378621339797974,-0.029843304306268692,-0.09740767627954483,0.029904808849096298,-0.07112402468919754,-0.5638980269432068,-0.16446428000926971,-0.001677288906648755,0.028932079672813416,0.21250180900096893,0.14651356637477875,0.3211391270160675,-2.0343663692474365,0.4054059386253357,4.862620830535889,0.7508853673934937,4.697751998901367,-1.0066001415252686,0.021985774859786034,1.0734467506408691,0.654182493686676,0.0017287582159042358,0.4671615958213806,-1.2218132019042969,-0.293830931186676,0.23154057562351227,-0.3455336391925812,0.09303157031536102,-0.1950174868106842,0.20583884418010712,-0.27100327610969543,-0.09630762040615082,0.09099896252155304,0.03274569660425186,0.1871711015701294,-0.05747723951935768,-0.029603533446788788,0.1220536157488823,0.06937216967344284
5.1500002685934305,306,96.74945068359375,-200.0,-200.0,-2.7327613830566406,50.0,-50.0,100.0,-100.0,100.0,100.0,-100.0,-100.0,-92.36175537109375,-300.0,-300.0,300.0,300.0,300.0,0.0,0.0,0.0,0.0,-72.925048828125,-150.0,-150.0,-150.0,150.0,150.0,-0.07687611132860184,-0.15759781002998352,0.12747152149677277,0.5097978115081787,-0.019199475646018982,-0.029207950457930565,0.013850339688360691,-0.07675297558307648,-0.5477563738822937,-0.1614755094051361,-0.001137140323407948,0.03067636489868164,0.20015233755111694,0.13635602593421936,0.2922988831996918,-1.7568304538726807,0.2634408473968506,4.452495574951172,0.6108220219612122,3.8549551963806152,-0.8673183917999268,-0.34610170125961304,1.1077789068222046,0.287026584148407,-0.05870644003152847,0.24839702248573303,-1.2484643459320068,-0.571175754070282,0.194879949092865,-0.2949039340019226,0.08770086616277695,-0.1649516075849533,0.18920111656188965,-0.23543676733970642,-0.16001327335834503,0.16614468395709991,0.03391797095537186,0.1649232655763626,-0.0956144630908966,0.008840915746986866,0.1121465414762497,0.09090603142976761
5.166666936129332,307,-200.0,-200.0,-200.0,-26.7958984375,-50.0,-28.125598907470703,100.0,55.8046875,-100.0,100.0,-100.0,79.32028198242188,198.32595825195312,185.740234375,116.916259765625,300.0,300.0,300.0,0.0,0.0,0.0,0.0,-85.65234375,6.354736328125,-76.6531982421875,-150.0,150.0,150.0,-0.07264603674411774,-0.19546444714069366,0.1242450475692749,0.5795741677284241,-0.011181117035448551,0.022894451394677162,-0.008103050291538239,-0.07954271137714386,-0.5362043380737305,-0.15564388036727905,-0.002423215191811323,0.034124333411455154,0.18578466773033142,0.1274970918893814,0.08088288456201553,-2.136939287185669,-0.26089945435523987,3.916612148284912,0.541745126247406,2.931809425354004,-1.1871066093444824,0.0773782953619957,0.8499506115913391,0.5000243782997131,-0.10805448144674301,0.4705893397331238,-1.4024064540863037,-0.22749446332454681,0.194879949092865,-0.2949039340019226,0.08770086616277695,-0.1649516075849533,0.18920111656188965,-0.23543676733970642,-0.16001327335834503,0.16614468395709991,0.03391797095537186,0.1649232655763626,-0.0956144630908966,0.008840915746986866,0.1121465414762497,0.09090603142976761
5.183333603665233,308,200.0,-200.0,-200.0,-25.738842010498047,-50.0,50.0,100.0,100.0,-100.0,100.0,-100.0,-100.0,-274.1909484863281,-300.0,300.0,300.0,300.0,300.0,0.0,0.0,0.0,0.0,150.0,-150.0,52.9169921875,-150.0,150.0,140.79598999023438,-0.06932821869850159,-0.22741886973381042,0.12162752449512482,0.6325870752334595,-0.00361798913218081,0.06705836951732635,-0.02666504867374897,-0.07947427779436111,-0.5246946215629578,-0.14915163815021515,-0.002084913197904825,0.03785533457994461,0.17130930721759796,0.1225217953324318,0.05789041146636009,-1.7982717752456665,-0.2248978316783905,2.9050662517547607,0.41025057435035706,2.497565507888794,-1.0333123207092285,0.19037485122680664,0.8081382513046265,0.4684704542160034,-0.003353305160999298,0.37338003516197205,-1.226462721824646,-0.13674810528755188,0.21325546503067017,-0.32641905546188354,0.09519489109516144,-0.1759183257818222,0.22476306557655334,-0.26589250564575195,-0.1054687350988388,0.1280658096075058,0.053360313177108765,0.0839104950428009,-0.08979567140340805,0.025873739272356033,0.17424239218235016,0.0867556631565094
5.200000271201134,309,-15.6873779296875,-200.0,-200.0,14.040607452392578,21.45235824584961,-30.669410705566406,100.0,100.0,-84.4981689453125,100.0,-97.88818359375,30.3846435546875,218.1166229248047,24.87109375,99.55874633789062,300.0,300.0,219.92205810546875,0.0,0.0,0.0,0.0,-18.072265625,-19.034912109375,-36.7490234375,-150.0,150.0,-137.746337890625,-0.07003666460514069,-0.2796117663383484,0.12425091862678528,0.6998199224472046,0.005653061904013157,0.08141347765922546,-0.04103229194879532,-0.07862255722284317,-0.5224920511245728,-0.13982369005680084,-0.002432971727102995,0.046325307339429855,0.1574791967868805,0.12085463106632233,-0.22143806517124176,-2.965266704559326,0.05381781607866287,4.2852678298950195,0.5180283188819885,0.8134421706199646,-0.8113914728164673,0.1975737065076828,0.532253623008728,0.5351167321205139,-0.1337352991104126,0.30589115619659424,-1.1400363445281982,0.12299755960702896,0.21325546503067017,-0.32641905546188354,0.09519489109516144,-0.1759183257818222,0.22476306557655334,-0.26589250564575195,-0.1054687350988388,0.1280658096075058,0.053360313177108765,0.0839104950428009,-0.08979567140340805,0.025873739272356033,0.17424239218235016,0.0867556631565094
5.216666938737035,310,-100.81951904296875,-200.0,-200.0,-27.167688369750977,-50.0,-50.0,100.0,100.0,-100.0,100.0,-100.0,-100.0,-157.31228637695312,-300.0,-264.56378173828125,300.0,300.0,157.62982177734375,0.0,0.0,0.0,0.0,150.0,-150.0,-150.0,-150.0,150.0,129.93695068359375,-0.07169890403747559,-0.3245614469051361,0.1256929636001587,0.762893557548523,0.014052744954824448,0.09351843595504761,-0.053483907133340836,-0.08046215772628784,-0.5150948166847229,-0.13644148409366608,-0.002423712518066168,0.04643592610955238,0.1479935199022293,0.1186404898762703,-0.2256166636943817,-2.5344948768615723,-0.0005338802002370358,3.6015255451202393,0.4551241397857666,0.6929288506507874,-0.6865493655204773,-0.053211405873298645,0.6168656349182129,0.26888179779052734,-0.02199622243642807,0.28111904859542847,-1.0323889255523682,-0.044010601937770844,0.1980709284543991,-0.2823586165904999,0.08764506131410599,-0.19212116301059723,0.22563359141349792,-0.26074326038360596,-0.08358557522296906,0.13707353174686432,0.08050414174795151,0.006251927465200424,-0.10967719554901123,0.014431684277951717,0.20302186906337738,0.08993902802467346
5.233333606272936,311,-200.0,-200.0,-200.0,-20.200040817260742,-39.52371597290039,-27.290454864501953,100.0,100.0,-100.0,100.0,7.146484375,100.0,242.77890014648438,86.53515625,12.408584594726562,300.0,300.0,300.0,0.0,0.0,0.0,0.0,-79.41485595703125,-25.233642578125,-53.2325439453125,-150.0,150.0,-150.0,-0.07521209120750427,-0.3827187418937683,0.12401540577411652,0.8255119919776917,0.025003734976053238,0.0814860463142395,-0.0683637335896492,-0.07907085120677948,-0.5158464312553406,-0.13545508682727814,-0.003367912955582142,0.048673342913389206,0.13602127134799957,0.12236114591360092,-0.42324841022491455,-3.2711985111236572,-0.1448942869901657,3.688138961791992,0.6623026132583618,-0.6728115677833557,-0.8012909889221191,0.20909830927848816,0.2997841238975525,0.1331435889005661,-0.13150474429130554,0.3488246500492096,-1.127010703086853,0.503171980381012,0.1980709284543991,-0.2823586165904999,0.08764506131410599,-0.19212116301059723,0.22563359141349792,-0.26074326038360596,-0.08358557522296906,0.13707353174686432,0.08050414174795151,0.006251927465200424,-0.10967719554901123,0.014431684277951717,0.20302186906337738,0.08993902802467346
5.250000273808837,312,-200.0,-200.0,-200.0,-50.0,-50.0,-25.354679107666016,-100.0,100.0,-100.0,100.0,-100.0,-100.0,101.75714111328125,-300.0,-300.0,300.0,300.0,300.0,0.0,0.0,0.0,0.0,-97.17913818359375,-150.0,76.25054931640625,-150.0,150.0,-150.0,-0.07906462997198105,-0.43242204189300537,0.12223008275032043,0.8749989867210388,0.03477907180786133,0.0710824504494667,-0.08103873580694199,-0.0771617665886879,-0.5125763416290283,-0.13552841544151306,-0.0032570762559771538,0.050265926867723465,0.12564653158187866,0.12703073024749756,-0.3995523452758789,-2.7781331539154053,-0.1578277051448822,2.692957878112793,0.5767840147018433,-0.5727425813674927,-0.6841045022010803,0.16440528631210327,0.3744380474090576,0.03982865437865257,-0.0009607672691345215,0.29709306359291077,-0.9670483469963074,0.37260082364082336,0.18312658369541168,-0.27484580874443054,0.07809855788946152,-0.19274106621742249,0.22390758991241455,-0.26310378313064575,-0.035900361835956573,0.13539618253707886,0.08019211888313293,-0.04550919681787491,-0.10226944088935852,0.0014216853305697441,0.24449405074119568,0.06801118701696396
5.266666941344738,313,-200.0,-200.0,-200.0,-22.574844360351562,-8.346622467041016,-20.82645034790039,100.0,100.0,-100.0,100.0,40.7406005859375,100.0,272.3145751953125,31.7587890625,-25.28912353515625,300.0,300.0,300.0,0.0,0.0,0.0,0.0,-104.35128784179688,-24.4989013671875,-46.1400146484375,-150.0,150.0,-150.0,-0.08273939043283463,-0.4881885349750519,0.11774881929159164,0.9174803495407104,0.04275240749120712,0.047408200800418854,-0.09027611464262009,-0.07407498359680176,-0.5152552723884583,-0.13393528759479523,-0.0032247828785330057,0.05435137078166008,0.11611808091402054,0.12691231071949005,-0.4620310366153717,-3.1284546852111816,-0.3080834150314331,2.4488470554351807,0.5033094882965088,-1.3264164924621582,-0.4849248230457306,0.2853967249393463,0.16689279675483704,0.0967479795217514,-0.09540798515081406,0.32060927152633667,-0.9734265208244324,0.20409289002418518,0.18312658369541168,-0.27484580874443054,0.07809855788946152,-0.19274106621742249,0.22390758991241455,-0.26310378313064575,-0.035900361835956573,0.13539618253707886,0.08019211888313293,-0.04550919681787491,-0.10226944088935852,0.0014216853305697441,0.24449405074119568,0.06801118701696396
5.283333608880639,314,-200.0,-200.0,-200.0,-50.0,-15.946056365966797,-31.174705505371094,-100.0,100.0,100.0,100.0,-100.0,-100.0,300.0,-300.0,-59.8580322265625,300.0,300.0,300.0,0.0,0.0,0.0,0.0,-58.84295654296875,-150.0,150.0,-150.0,150.0,-150.0,-0.08702811598777771,-0.535965621471405,0.11319831758737564,0.9460071921348572,0.04958073049783707,0.027101680636405945,-0.0982988029718399,-0.07104041427373886,-0.5143179297447205,-0.13371282815933228,-0.0032423411030322313,0.05602624639868736,0.1070142611861229,0.12842945754528046,-0.458591103553772,-2.6600308418273926,-0.29836249351501465,1.4038679599761963,0.43515196442604065,-1.1332015991210938,-0.4179252088069916,0.2296024113893509,0.19790196418762207,0.017802923917770386,0.003819745033979416,0.2794642448425293,-0.9042689800262451,0.18286490440368652,0.17975546419620514,-0.2583658993244171,0.09989259392023087,-0.18799202144145966,0.2211727499961853,-0.24742284417152405,-0.016822809353470802,0.14393360912799835,0.08399648219347,-0.09082867205142975,-0.08971023559570312,-0.01687406376004219,0.27085205912590027,0.06501356512308121
5.30000027641654,315,-200.0,-200.0,-200.0,-28.5775203704834,-0.5726470947265625,-15.09759521484375,100.0,100.0,-100.0,100.0,-16.87255859375,37.64404296875,300.0,31.35888671875,83.3421630859375,300.0,300.0,300.0,0.0,0.0,0.0,0.0,-116.92056274414062,-24.450439453125,-40.20695495605469,-150.0,150.0,-150.0,-0.08673929423093796,-0.5855128169059753,0.10906578600406647,0.968671977519989,0.05563535541296005,-0.0030711537692695856,-0.10248570889234543,-0.06406383961439133,-0.513836145401001,-0.1328764259815216,-0.003937264438718557,0.05711337551474571,0.0965367779135704,0.1255054920911789,-0.22067594528198242,-2.8182871341705322,-0.34034764766693115,1.3589072227478027,0.42528799176216125,-1.6917366981506348,-0.19264687597751617,0.41567739844322205,0.3633274435997009,0.009780999273061752,-0.09967201203107834,0.3341355323791504,-1.0196359157562256,0.04756823182106018,0.17975546419620514,-0.2583658993244171,0.09989259392023087,-0.18799202144145966,0.2211727499961853,-0.24742284417152405,-0.016822809353470802,0.14393360912799835,0.08399648219347,-0.09082867205142975,-0.08971023559570312,-0.01687406376004219,0.27085205912590027,0.06501356512308121
5.316666943952441,316,-200.0,-200.0,-200.0,-50.0,38.46464538574219,-20.465438842773438,18.5093994140625,100.0,-100.0,100.0,-100.0,-100.0,300.0,-282.5068359375,18.432373046875,300.0,300.0,300.0,0.0,0.0,0.0,0.0,-150.0,-150.0,150.0,-150.0,150.0,-150.0,-0.08701259642839432,-0.6289016008377075,0.10494847595691681,0.9822765588760376,0.06080013886094093,-0.0289530698210001,-0.10613726079463959,-0.05792978033423424,-0.5085058212280273,-0.1322798728942871,-0.004273928236216307,0.05899447947740555,0.0859842374920845,0.1256561130285263,-0.22132453322410583,-2.4358456134796143,-0.3187631666660309,0.6208453178405762,0.36733007431030273,-1.445789098739624,-0.1672883778810501,0.3818770945072174,0.4922945499420166,0.009911112487316132,-0.006470216438174248,0.2447744756937027,-0.8883602619171143,0.10269157588481903,0.17629650235176086,-0.24464793503284454,0.11406170576810837,-0.18184082210063934,0.2075725644826889,-0.22216612100601196,0.0005390029400587082,0.13820014894008636,0.08007805049419403,-0.132565438747406,-0.047730881720781326,-0.026851963251829147,0.2946639657020569,0.06250230222940445
5.333333611488342,317,-200.0,-200.0,-200.0,-43.22886657714844,-50.0,-12.036750793457031,100.0,100.0,-100.0,100.0,-100.0,-100.0,300.0,122.366943359375,164.33868408203125,300.0,300.0,300.0,0.0,0.0,0.0,0.0,-141.26902770996094,-28.479248046875,-39.23846435546875,-150.0,150.0,-145.62168884277344,-0.08323037624359131,-0.6688496470451355,0.1012134775519371,0.9888929128646851,0.06438153982162476,-0.0628693476319313,-0.10044117271900177,-0.049080900847911835,-0.5014284253120422,-0.13232648372650146,-0.004381618462502956,0.05825268104672432,0.07669404149055481,0.11935748159885406,-0.005203995853662491,-2.271911144256592,-0.36629801988601685,0.3369758427143097,0.31804051995277405,-1.8915272951126099,0.37220489978790283,0.45403972268104553,0.697904646396637,-0.06126604229211807,-0.05831480026245117,0.2651624083518982,-0.9293506145477295,-0.1937991976737976,0.17629650235176086,-0.24464793503284454,0.11406170576810837,-0.18184082210063934,0.2075725644826889,-0.22216612100601196,0.0005390029400587082,0.13820014894008636,0.08007805049419403,-0.132565438747406,-0.047730881720781326,-0.026851963251829147,0.2946639657020569,0.06250230222940445
5.350000279024243,318,-200.0,-200.0,-192.68017578125,-50.0,-37.12213134765625,-27.272972106933594,-100.0,100.0,-100.0,100.0,-100.0,-100.0,300.0,86.15869140625,-193.861572265625,300.0,300.0,300.0,0.0,0.0,0.0,0.0,-41.4886474609375,-150.0,150.0,-150.0,150.0,-150.0,-0.08048084378242493,-0.7036055326461792,0.09740491211414337,0.9852591156959534,0.06750593334436417,-0.09190139174461365,-0.09562000632286072,-0.041084174066782,-0.4907955229282379,-0.13207243382930756,-0.004624446853995323,0.05908916890621185,0.06594781577587128,0.11607885360717773,-0.03065016120672226,-1.9549751281738281,-0.32876190543174744,-0.4117223024368286,0.2800692617893219,-1.6151798963546753,0.3128803074359894,0.4544570744037628,0.7911439538002014,-0.02649988979101181,-0.01747356727719307,0.1590760499238968,-0.9074426889419556,-0.10622788220643997,0.16369493305683136,-0.22782491147518158,0.14650321006774902,-0.17089375853538513,0.20417210459709167,-0.20442074537277222,0.023928454145789146,0.15241500735282898,0.08775067329406738,-0.17820170521736145,-0.007412247359752655,-0.048173174262046814,0.29867449402809143,0.04372081160545349
5.366666946560144,319,-200.0,-200.0,-200.0,-47.63719177246094,-50.0,-15.258941650390625,100.0,100.0,-100.0,100.0,-100.0,-100.0,300.0,164.2998046875,175.66552734375,300.0,300.0,300.0,0.0,0.0,0.0,0.0,-150.0,-39.632080078125,-35.51361083984375,-150.0,150.0,-150.0,-0.0751042440533638,-0.7332103848457336,0.0914984717965126,0.9760012626647949,0.07136084139347076,-0.12960860133171082,-0.0831080973148346,-0.03172934055328369,-0.47428402304649353,-0.1287074238061905,-0.005070110782980919,0.057110611349344254,0.05427250266075134,0.11075534671545029,0.1031036227941513,-1.7043873071670532,-0.484679639339447,-0.5816320776939392,0.3674972355365753,-2.0905556678771973,0.7585778832435608,0.5181541442871094,1.2149357795715332,0.14136363565921783,-0.06347239762544632,0.24342605471611023,-1.010180115699768,-0.1510964334011078,0.16369493305683136,-0.22782491147518158,0.14650321006774902,-0.17089375853538513,0.20417210459709167,-0.20442074537277222,0.023928454145789146,0.15241500735282898,0.08775067329406738,-0.17820170521736145,-0.007412247359752655,-0.048173174262046814,0.29867449402809143,0.04372081160545349
5.3833336140960455,320,-52.66619873046875,-200.0,200.0,-50.0,-50.0,-50.0,-100.0,100.0,-100.0,100.0,-100.0,-100.0,300.0,300.0,-158.116943359375,300.0,300.0,300.0,0.0,0.0,0.0,0.0,-150.0,-150.0,150.0,-150.0,150.0,-150.0,-0.06994099915027618,-0.7593721151351929,0.08611806482076645,0.9591115117073059,0.07481922954320908,-0.1617925763130188,-0.0723751038312912,-0.023280814290046692,-0.45490169525146484,-0.12469371408224106,-0.005001225974410772,0.058440301567316055,0.04202244058251381,0.10861802846193314,0.10862547159194946,-1.4772937297821045,-0.4382842779159546,-1.1212687492370605,0.34117525815963745,-1.7790582180023193,0.6444206833839417,0.5005090236663818,1.3137348890304565,0.19681359827518463,0.003966387361288071,0.18187960982322693,-0.9589927196502686,-0.015713512897491455,0.15153644979000092,-0.22454722225666046,0.16917650401592255,-0.16470867395401,0.19606849551200867,-0.16799971461296082,0.03426350653171539,0.16372767090797424,0.08469699323177338,-0.20438580214977264,0.027076542377471924,-0.05884303152561188,0.31388261914253235,0.020258067175745964
5.400000281631947,321,40.696624755859375,-200.0,-200.0,-29.812362670898438,-50.0,-15.345947265625,100.0,58.5625,-100.0,100.0,-100.0,-100.0,300.0,300.0,231.4244384765625,300.0,300.0,300.0,0.0,0.0,0.0,0.0,-150.0,-38.64697265625,-37.1148681640625,-150.0,150.0,-150.0,-0.06374477595090866,-0.7789408564567566,0.07837072014808655,0.935449481010437,0.07735709846019745,-0.1966995745897293,-0.05600946396589279,-0.014963931404054165,-0.4296673834323883,-0.11813454329967499,-0.0051154145039618015,0.05645474046468735,0.02914695255458355,0.10554378479719162,0.1723933219909668,-1.1606806516647339,-0.5874367952346802,-1.464827537536621,0.317762166261673,-1.9232040643692017,0.9705432653427124,0.49617892503738403,1.61530601978302,0.33634674549102783,0.0047547221183776855,0.12234747409820557,-0.9771059155464172,-0.12842196226119995,0.15153644979000092,-0.22454722225666046,0.16917650401592255,-0.16470867395401,0.19606849551200867,-0.16799971461296082,0.03426350653171539,0.16372767090797424,0.08469699323177338,-0.20438580214977264,0.027076542377471924,-0.05884303152561188,0.31388261914253235,0.020258067175745964
5.416666949167848,322,200.0,-200.0,169.36904907226562,-18.994613647460938,-50.0,-19.46142578125,100.0,-67.471923828125,-100.0,100.0,-100.0,-100.0,300.0,-300.0,300.0,300.0,300.0,300.0,0.0,0.0,0.0,0.0,-150.0,99.93115234375,150.0,-150.0,150.0,-150.0,-0.05725815147161484,-0.7963896989822388,0.07163392007350922,0.9042479395866394,0.07945793867111206,-0.22641964256763458,-0.04200003296136856,-0.007619512267410755,-0.40426355600357056,-0.11241455376148224,-0.005183496978133917,0.05688667297363281,0.015322617255151272,0.10243093967437744,0.17912383377552032,-0.9621075391769409,-0.5187696814537048,-1.9848437309265137,0.3021453619003296,-1.6331707239151,0.8271378874778748,0.41664963960647583,1.6260572671890259,0.26875945925712585,-0.01664862409234047,0.20641875267028809,-1.0319222211837769,-0.1340743899345398,0.16191644966602325,-0.19588683545589447,0.17744801938533783,-0.1636858731508255,0.17433342337608337,-0.15039977431297302,0.015105728060007095,0.15780119597911835,0.059007737785577774,-0.19846011698246002,0.055352866649627686,-0.057306207716464996,0.3060423731803894,0.017054133117198944
5.433333616703749,323,200.0,-200.0,-174.03012084960938,34.58757019042969,-50.0,-5.916023254394531,100.0,24.1845703125,-100.0,100.0,-100.0,-100.0,148.67083740234375,263.4210205078125,300.0,300.0,300.0,300.0,0.0,0.0,0.0,0.0,-150.0,-35.6370849609375,-48.0081787109375,-150.0,150.0,-150.0,-0.047545529901981354,-0.8192715048789978,0.06820588558912277,0.8704169392585754,0.07716715335845947,-0.24986858665943146,-0.02397298999130726,0.003757017431780696,-0.3834097981452942,-0.10791714489459991,-0.004968445748090744,0.05424613878130913,0.003250196110457182,0.09694942831993103,0.3961203396320343,-1.2933059930801392,-0.4011956453323364,-2.0032691955566406,0.06410543620586395,-1.2803757190704346,1.0544966459274292,0.628940761089325,1.4757646322250366,0.1428212970495224,-0.081917405128479,0.09602604806423187,-0.9682332277297974,-0.2358596920967102,0.16191644966602325,-0.19588683545589447,0.17744801938533783,-0.1636858731508255,0.17433342337608337,-0.15039977431297302,0.015105728060007095,0.15780119597911835,0.059007737785577774,-0.19846011698246002,0.055352866649627686,-0.057306207716464996,0.3060423731803894,0.017054133117198944
5.45000028423965,324,200.0,-200.0,200.0,-50.0,-50.0,-50.0,-100.0,-100.0,-100.0,100.0,-100.0,-100.0,300.0,300.0,300.0,300.0,300.0,300.0,0.0,0.0,0.0,0.0,-150.0,150.0,122.701416015625,-150.0,150.0,-150.0,-0.03972410783171654,-0.8384654521942139,0.06533274799585342,0.8297683596611023,0.07536645978689194,-0.2698536813259125,-0.008685211651027203,0.013936581090092659,-0.36112597584724426,-0.10395552217960358,-0.0048434678465127945,0.05193335935473442,-0.0091779213398695,0.09297740459442139,0.3250306248664856,-1.087480068206787,-0.33990877866744995,-2.502173900604248,0.06722038984298706,-1.09212064743042,0.9031787514686584,0.5692655444145203,1.4779174327850342,0.13581499457359314,-0.011291205883026123,0.09715470671653748,-0.964777410030365,-0.195815771818161,0.17177484929561615,-0.17823515832424164,0.16654638946056366,-0.16197536885738373,0.2057427614927292,-0.1272452175617218,0.006080243736505508,0.16210559010505676,0.038614898920059204,-0.1871635764837265,0.06613393127918243,-0.06534053385257721,0.31529590487480164,-0.004491342231631279
5.466666951775551,325,200.0,-200.0,200.0,-1.352630615234375,-50.0,4.533256530761719,-100.0,-100.0,100.0,100.0,-99.01904296875,-57.3115234375,300.0,300.0,300.0,300.0,300.0,300.0,0.0,0.0,0.0,0.0,-150.0,-9.62713623046875,-57.24755859375,-150.0,150.0,-150.0,-0.02325369231402874,-0.8510202169418335,0.06504981219768524,0.7711964249610901,0.0705869123339653,-0.2837582230567932,0.006738692056387663,0.030488373711705208,-0.3384127914905548,-0.09642104059457779,-0.005096289329230785,0.04866183549165726,-0.022242464125156403,0.08966033905744553,0.8362043499946594,-0.6822755336761475,-0.3952508270740509,-3.812103509902954,-0.11153244972229004,-0.7472991943359375,0.9059748649597168,0.9206549525260925,1.3428908586502075,0.24741892516613007,0.01776449754834175,0.1956651210784912,-0.9383968114852905,-0.2033393383026123,0.17177484929561615,-0.17823515832424164,0.16654638946056366,-0.16197536885738373,0.2057427614927292,-0.1272452175617218,0.006080243736505508,0.16210559010505676,0.038614898920059204,-0.1871635764837265,0.06613393127918243,-0.06534053385257721,0.31529590487480164,-0.004491342231631279
5.483333619311452,326,200.0,-200.0,200.0,1.660308837890625,-50.0,-50.0,-100.0,-100.0,-100.0,100.0,-100.0,-100.0,300.0,300.0,300.0,300.0,300.0,300.0,0.0,0.0,0.0,0.0,-150.0,150.0,-150.0,-150.0,150.0,-150.0,-0.008624211885035038,-0.8597396016120911,0.06476964056491852,0.6974654197692871,0.06655360013246536,-0.2953360676765442,0.019772719591856003,0.0442296601831913,-0.3203146457672119,-0.08989393711090088,-0.004267152398824692,0.052413459867239,-0.035215239971876144,0.08564896136522293,0.7338404655456543,-0.48978087306022644,-0.36221349239349365,-4.576261520385742,-0.07709408551454544,-0.6213730573654175,0.7852778434753418,0.7525565028190613,1.1505918502807617,0.2500961720943451,0.02861083298921585,0.8477028608322144,-0.9947201609611511,-0.2021479457616806,0.18145763874053955,-0.17735907435417175,0.15342922508716583,-0.15391385555267334,0.2249075472354889,-0.11165054887533188,-0.01626761630177498,0.19514669477939606,-0.004375169053673744,-0.16426345705986023,0.059351976960897446,-0.07464617490768433,0.3306008279323578,-0.029064001515507698
5.500000286847353,327,200.0,-200.0,200.0,33.29374694824219,-50.0,17.000823974609375,-100.0,-100.0,100.0,100.0,100.0,-100.0,277.4775390625,300.0,300.0,-101.01123046875,300.0,-42.03204345703125,0.0,0.0,0.0,0.0,-150.0,-13.621200561523438,-114.8516845703125,-150.0,150.0,-150.0,0.014306370168924332,-0.8546481728553772,0.06660456955432892,0.597611129283905,0.05619620159268379,-0.29862457513809204,0.029869958758354187,0.06283736974000931,-0.2999192178249359,-0.07896623015403748,-0.004921505227684975,0.057756077498197556,-0.04947734251618385,0.07865533977746964,1.2087604999542236,0.304800808429718,-0.433417409658432,-6.381239414215088,-0.4538521468639374,-0.15549948811531067,0.6302372813224792,1.0357587337493896,1.0581027269363403,0.44378891587257385,0.0548112615942955,0.771306574344635,-0.9889732599258423,-0.34943467378616333,0.18145763874053955,-0.17735907435417175,0.15342922508716583,-0.15391385555267334,0.2249075472354889,-0.11165054887533188,-0.01626761630177498,0.19514669477939606,-0.004375169053673744,-0.16426345705986023,0.059351976960897446,-0.07464617490768433,0.3306008279323578,-0.029064001515507698
5.516666954383254,328,200.0,-200.0,200.0,-40.57060241699219,-50.0,33.93534851074219,100.0,-100.0,100.0,100.0,-100.0,-100.0,300.0,300.0,300.0,300.0,-300.0,177.5831298828125,0.0,0.0,0.0,0.0,-150.0,150.0,49.0841064453125,-150.0,150.0,-150.0,0.03418140485882759,-0.8489917516708374,0.06807582825422287,0.4806213676929474,0.047892339527606964,-0.3013457953929901,0.03804231807589531,0.07611208409070969,-0.28786930441856384,-0.06831227988004684,-0.004050038289278746,0.06486418098211288,-0.06418638676404953,0.07687017321586609,1.0914640426635742,0.30300092697143555,-0.39135029911994934,-7.154627323150635,-0.37490957975387573,-0.12176275998353958,0.5727601647377014,0.7666207551956177,0.7799955606460571,0.5054794549942017,0.010909907519817352,0.9720667004585266,-1.0175451040267944,-0.02617705427110195,0.20669104158878326,-0.16237126290798187,0.12072902172803879,-0.1360618770122528,0.2425672709941864,-0.0797976478934288,-0.014409473165869713,0.2274785041809082,-0.03457782417535782,-0.13985960185527802,0.07133448868989944,-0.07415526360273361,0.31487566232681274,-0.027863727882504463
5.533333621919155,329,200.0,-200.0,200.0,50.0,-50.0,41.02809143066406,-100.0,-100.0,100.0,100.0,100.0,-100.0,-97.116455078125,237.170654296875,300.0,-252.1861572265625,-230.46212768554688,-300.0,0.0,0.0,0.0,0.0,-150.0,-21.69390869140625,-150.0,-150.0,150.0,-150.0,0.0591420941054821,-0.8381703495979309,0.07624416798353195,0.3362981081008911,0.035164766013622284,-0.2966028153896332,0.04791912063956261,0.09356207400560379,-0.28232401609420776,-0.05406273156404495,-0.004258695524185896,0.064916230738163,-0.0772094875574112,0.07274183630943298,1.4387915134429932,0.659583568572998,-0.1686190515756607,-9.093408584594727,-0.5542575716972351,0.29984819889068604,0.6567955613136292,1.0126515626907349,0.19023871421813965,0.6440412998199463,0.01637415960431099,0.5125086307525635,-0.9154164791107178,-0.16750511527061462,0.20669104158878326,-0.16237126290798187,0.12072902172803879,-0.1360618770122528,0.2425672709941864,-0.0797976478934288,-0.014409473165869713,0.2274785041809082,-0.03457782417535782,-0.13985960185527802,0.07133448868989944,-0.07415526360273361,0.31487566232681274,-0.027863727882504463
5.550000289455056,330,200.0,-200.0,200.0,31.787322998046875,-50.0,15.546707153320312,-100.0,-100.0,-100.0,100.0,-100.0,-100.0,300.0,300.0,300.0,300.0,-300.0,-300.0,0.0,0.0,0.0,0.0,-91.95147705078125,-34.283599853515625,79.15740966796875,-150.0,150.0,-150.0,0.07930640131235123,-0.825750470161438,0.08271491527557373,0.1749342530965805,0.02505730465054512,-0.2923336923122406,0.055654168128967285,0.10614537447690964,-0.28542718291282654,-0.042406901717185974,-0.00355577003210783,0.05727510526776314,-0.0888727530837059,0.07001403719186783,1.195062279701233,0.6815301775932312,-0.1347522735595703,-9.722952842712402,-0.43877413868904114,0.2709875702857971,0.5853413939476013,0.7092359066009521,-0.15989486873149872,0.5508456230163574,0.021661177277565002,0.07618677616119385,-0.8511807322502136,-0.13630381226539612,0.20570586621761322,-0.131817027926445,0.09389828890562057,-0.13702958822250366,0.26747944951057434,-0.0766504630446434,0.014226135797798634,0.22431093454360962,-0.02563450299203396,-0.13971145451068878,0.08672869205474854,-0.0409017875790596,0.31075283885002136,-0.019958296790719032
5.566666956990957,331,200.0,200.0,200.0,21.524673461914062,38.54718017578125,50.0,-100.0,-100.0,100.0,100.0,100.0,-100.0,33.825439453125,300.0,300.0,300.0,-300.0,-300.0,0.0,0.0,0.0,0.0,-150.0,-16.4154052734375,-117.78814697265625,-150.0,150.0,-150.0,0.1062701940536499,-0.8081542253494263,0.0889371708035469,-4.9448932259110734e-05,0.018013846129179,-0.2888343036174774,0.06533017009496689,0.1207505539059639,-0.290905624628067,-0.03119657188653946,-0.003144147340208292,0.048202674835920334,-0.09993460029363632,0.07049646228551865,1.4925893545150757,0.13933885097503662,-0.23313108086585999,-8.798294067382812,-0.2671172618865967,0.22040075063705444,0.6604487895965576,0.644207239151001,-0.579659104347229,0.6517782807350159,0.1205124482512474,0.33930492401123047,-0.8091620802879333,0.14548973739147186,0.20570586621761322,-0.131817027926445,0.09389828890562057,-0.13702958822250366,0.26747944951057434,-0.0766504630446434,0.014226135797798634,0.22431093454360962,-0.02563450299203396,-0.13971145451068878,0.08672869205474854,-0.0409017875790596,0.31075283885002136,-0.019958296790719032
5.583333624526858,332,-200.0,-200.0,-200.0,-33.50090026855469,-50.0,50.0,-100.0,-100.0,100.0,100.0,100.0,-100.0,-300.0,300.0,-300.0,-300.0,-300.0,42.8575439453125,0.0,0.0,0.0,0.0,150.0,150.0,81.26873779296875,-150.0,150.0,-150.0,0.1351814568042755,-0.8195558786392212,0.0982511043548584,-0.00039502905565313995,0.009165285155177116,-0.2857990562915802,0.07239986211061478,0.1307724267244339,-0.27059146761894226,-0.01904316619038582,-0.006316929589956999,0.03920378163456917,-0.11416436731815338,0.07163945585489273,1.5590102672576904,0.10895847529172897,-0.1600780189037323,-0.0058067552745342255,-0.22758305072784424,0.16490119695663452,0.5648927688598633,0.6270923018455505,1.4981160163879395,0.2726510763168335,0.007282719016075134,-0.3333515226840973,-1.035474419593811,-0.14778167009353638,0.17055094242095947,-0.20026880502700806,0.108186274766922,-0.12511642277240753,0.18175017833709717,-0.05732108652591705,0.061877693980932236,0.1784646064043045,0.07012365758419037,-0.05738517642021179,0.0973893404006958,-0.04509451985359192,0.2651195824146271,-0.04420052468776703
5.600000292062759,333,-200.0,-200.0,200.0,-0.61651611328125,-50.0,50.0,-100.0,-100.0,100.0,100.0,100.0,100.0,-300.0,300.0,300.0,300.0,-300.0,-291.489990234375,0.0,0.0,0.0,0.0,-136.7352294921875,42.20556640625,110.9415283203125,-150.0,150.0,-150.0,0.15015146136283875,-0.7920581102371216,0.09642494469881058,-0.0002949492773041129,0.01869269460439682,-0.2597334682941437,0.08200761675834656,0.12803004682064056,-0.23811973631381989,-0.00945440586656332,-0.0007687027682550251,0.0556095652282238,-0.1354735642671585,0.05840010941028595,0.6790758967399597,1.7329412698745728,-0.5939396023750305,-0.00020052865147590637,0.6667302846908569,1.458786964416504,0.4429208040237427,-0.15337783098220825,1.4696600437164307,0.3712789714336395,0.9245716333389282,0.510658860206604,-1.1898075342178345,-0.8673642873764038,0.17055094242095947,-0.20026880502700806,0.108186274766922,-0.12511642277240753,0.18175017833709717,-0.05732108652591705,0.061877693980932236,0.1784646064043045,0.07012365758419037,-0.05738517642021179,0.0973893404006958,-0.04509451985359192,0.2651195824146271,-0.04420052468776703
5.6166669595986605,334,-200.0,200.0,200.0,50.0,-21.69110107421875,-8.126693725585938,-100.0,-100.0,100.0,100.0,100.0,100.0,-300.0,300.0,300.0,-300.0,-300.0,273.9149169921875,0.0,0.0,0.0,0.0,150.0,150.0,-150.0,-150.0,150.0,-150.0,0.16067947447299957,-0.759684681892395,0.09288261830806732,-0.00014787557302042842,0.026796426624059677,-0.23738938570022583,0.08993279188871384,0.1250261515378952,-0.22476346790790558,-0.004985501058399677,0.027898645028471947,0.05744791030883789,-0.1643480658531189,0.04362102225422859,0.4632701873779297,1.9234482049942017,-0.5817309021949768,0.006729443557560444,0.5529839396476746,1.2517600059509277,0.355288565158844,-0.16767340898513794,0.4642610549926758,0.16800090670585632,2.0374197959899902,-0.3156471252441406,-1.436537265777588,-0.83786940574646,0.1795894056558609,-0.25328680872917175,0.06509410589933395,-0.11484237015247345,0.11507303267717361,-0.07595116645097733,0.09690140187740326,0.1483178585767746,0.1066703051328659,0.0003972575068473816,0.04797780513763428,-0.01860038936138153,0.18380145728588104,-0.04117640107870102
5.6333336271345615,335,-200.0,-200.0,200.0,24.50670623779297,-6.40655517578125,50.0,-100.0,100.0,100.0,100.0,100.0,100.0,-300.0,300.0,300.0,300.0,-300.0,-105.30535888671875,0.0,0.0,0.0,0.0,-44.20233154296875,60.67041015625,150.0,-150.0,150.0,-12.2208251953125,0.1620042473077774,-0.6993696093559265,0.09297343343496323,-6.787347228964791e-05,0.039623603224754333,-0.20197713375091553,0.08612972497940063,0.11204832792282104,-0.21928870677947998,0.0008721998892724514,0.10218051075935364,0.05645241215825081,-0.20936019718647003,0.027772458270192146,0.07151363790035248,3.646973133087158,-0.3695610761642456,-0.006730079650878906,0.7593865990638733,1.9744532108306885,-0.3306647837162018,-0.7627473473548889,-0.49809616804122925,0.33004528284072876,5.578258514404297,-0.3379656970500946,-2.664111852645874,-0.8419909477233887,0.1795894056558609,-0.25328680872917175,0.06509410589933395,-0.11484237015247345,0.11507303267717361,-0.07595116645097733,0.09690140187740326,0.1483178585767746,0.1066703051328659,0.0003972575068473816,0.04797780513763428,-0.01860038936138153,0.18380145728588104,-0.04117640107870102
5.650000294670463,336,-200.0,-200.0,200.0,50.0,-50.0,43.726402282714844,-100.0,-100.0,100.0,100.0,100.0,100.0,-300.0,300.0,300.0,97.622314453125,-300.0,-101.0224609375,0.0,0.0,0.0,0.0,150.0,150.0,-150.0,150.0,150.0,150.0,0.1600891649723053,-0.6387937664985657,0.09107939153909683,-6.93968468112871e-05,0.05050448700785637,-0.17166513204574585,0.08300888538360596,0.09914243966341019,-0.24114152789115906,0.002748483093455434,0.21260948479175568,0.053594037890434265,-0.24699178338050842,0.013545638881623745,-0.079106405377388,3.546790361404419,-0.40184786915779114,0.0017249493394047022,0.6673921942710876,1.676935076713562,-0.2772309184074402,-0.7511969208717346,-1.6291965246200562,0.23120936751365662,6.909043312072754,-0.29588454961776733,-2.058297872543335,-0.7488078474998474,0.22510014474391937,-0.27730923891067505,0.04345916584134102,-0.11952140927314758,0.09091602265834808,-0.09765533357858658,0.09967906773090363,0.12649288773536682,0.13761404156684875,0.030139844864606857,0.0269374568015337,0.03656166046857834,0.12101250141859055,-0.03416569530963898
5.666666962206364,337,-200.0,-200.0,200.0,42.59659957885742,-37.76251220703125,50.0,-100.0,-100.0,100.0,100.0,100.0,100.0,-300.0,300.0,264.03472900390625,300.0,-300.0,-300.0,0.0,0.0,0.0,0.0,-55.49468994140625,79.4248046875,150.0,150.0,150.0,-150.0,0.14677266776561737,-0.5737682580947876,0.10102970898151398,-0.00019122275989502668,0.0648583322763443,-0.13758526742458344,0.07594898343086243,0.07821375876665115,-0.2728922963142395,0.004256427753716707,0.34466418623924255,0.04874994605779648,-0.2740567922592163,0.010618971660733223,-0.4422168433666229,3.915135383605957,0.38673391938209534,0.007818135432898998,0.8409357666969299,1.88518488407135,-0.5161510705947876,-1.138783574104309,-2.2672085762023926,0.3415869474411011,8.280622482299805,-0.406878799200058,-1.0426055192947388,-0.1955777406692505,0.22510014474391937,-0.27730923891067505,0.04345916584134102,-0.11952140927314758,0.09091602265834808,-0.09765533357858658,0.09967906773090363,0.12649288773536682,0.13761404156684875,0.030139844864606857,0.0269374568015337,0.03656166046857834,0.12101250141859055,-0.03416569530963898
5.683333629742265,338,200.0,200.0,-200.0,50.0,-50.0,50.0,100.0,100.0,-100.0,-100.0,-100.0,100.0,-300.0,87.57275390625,-84.590576171875,300.0,-300.0,-300.0,0.0,0.0,0.0,0.0,150.0,150.0,-150.0,150.0,150.0,-150.0,0.13424551486968994,-0.5144460797309875,0.11546596884727478,-0.018524255603551865,0.019019242376089096,-0.11826576292514801,0.0877428650856018,0.06298600882291794,-0.31836917996406555,0.008417574688792229,0.48772695660591125,0.04334386810660362,-0.27853983640670776,0.008181758224964142,0.03370419144630432,3.268725872039795,1.6566157341003418,-4.201580047607422,-11.50838565826416,-0.09543895721435547,4.857553482055664,-0.3635447025299072,-3.2133874893188477,0.6712132692337036,8.547526359558105,-0.417203813791275,0.42894285917282104,-0.14495165646076202,0.29816266894340515,-0.2066042274236679,-0.09217552840709686,-0.10021849721670151,0.2491825520992279,-0.2249823808670044,0.00786183774471283,0.1542889028787613,0.15078967809677124,0.039559219032526016,0.020710783079266548,0.061309151351451874,0.10822371393442154,-0.12726899981498718
5.700000297278166,339,-200.0,-200.0,-200.0,-10.393585205078125,-40.2994384765625,41.41067123413086,-100.0,-100.0,36.8597412109375,-100.0,-100.0,100.0,-300.0,300.0,-163.937744140625,-300.0,-300.0,-300.0,0.0,0.0,0.0,0.0,150.0,-150.0,150.0,150.0,61.3203125,-150.0,0.13993194699287415,-0.515799880027771,0.1499032974243164,-0.003927483223378658,-0.030296292155981064,-0.037541165947914124,0.07911290228366852,0.07561400532722473,-0.39436471462249756,0.025180397555232048,0.6589630842208862,0.04536990076303482,-0.23582755029201508,-0.014033676125109196,0.493644654750824,0.9597573280334473,1.3584047555923462,1.123847484588623,0.3245369791984558,5.7067670822143555,-1.0148674249649048,0.787311315536499,-3.4970359802246094,0.6758670806884766,10.08965015411377,-0.6537188291549683,4.382509231567383,-1.1986368894577026,0.29816266894340515,-0.2066042274236679,-0.09217552840709686,-0.10021849721670151,0.2491825520992279,-0.2249823808670044,0.00786183774471283,0.1542889028787613,0.15078967809677124,0.039559219032526016,0.020710783079266548,0.061309151351451874,0.10822371393442154,-0.12726899981498718
5.716666964814067,340,160.3013916015625,-200.0,-200.0,-50.0,-39.183349609375,50.0,-100.0,-100.0,100.0,-100.0,-100.0,-100.0,-300.0,300.0,300.0,300.0,-300.0,-300.0,0.0,0.0,0.0,0.0,150.0,-150.0,150.0,-141.94277954101562,-150.0,150.0,0.14592313766479492,-0.4975977838039398,0.16945071518421173,0.001047009602189064,-0.0293047446757555,0.07497837394475937,0.055644262582063675,0.08839066326618195,-0.454664409160614,0.0340353287756443,0.8172178864479065,0.0472729317843914,-0.16949446499347687,-0.03929213806986809,0.419983446598053,1.5007517337799072,0.7528233528137207,-0.023830026388168335,-0.12868323922157288,5.002613544464111,-1.30901300907135,0.4286388158798218,-3.664950370788574,0.31694456934928894,9.54033088684082,0.17174704372882843,3.737901210784912,-1.5229575634002686,0.3029179573059082,-0.14583994448184967,-0.13454030454158783,-0.18029481172561646,0.20784761011600494,-0.06454029679298401,0.06481139361858368,0.18588978052139282,0.1022217646241188,0.0034091994166374207,0.03449835628271103,0.04971439391374588,0.013546795584261417,-0.022126751020550728
5.733333632349968,341,-200.0,-200.0,-200.0,-50.0,50.0,28.3785400390625,-100.0,100.0,100.0,-100.0,46.9836540222168,-100.0,-300.0,300.0,300.0,300.0,-300.0,-300.0,0.0,0.0,0.0,0.0,150.0,-150.0,150.0,-150.0,-107.927001953125,-44.91314697265625,0.14582650363445282,-0.48270076513290405,0.17264613509178162,0.0017695561982691288,-0.03383275493979454,0.14724236726760864,0.009723353199660778,0.09874817728996277,-0.5418504476547241,0.019796915352344513,0.9886023998260498,0.04673956707119942,-0.1389620304107666,-0.03769924119114876,0.02221401035785675,1.0928370952606201,0.06522901356220245,-0.02294490486383438,-0.14243613183498383,3.4333789348602295,-2.433562755584717,0.3569149374961853,-5.281327247619629,-0.7074347734451294,10.363968849182129,0.1931234747171402,1.7438840866088867,0.10723881423473358,0.3029179573059082,-0.14583994448184967,-0.13454030454158783,-0.18029481172561646,0.20784761011600494,-0.06454029679298401,0.06481139361858368,0.18588978052139282,0.1022217646241188,0.0034091994166374207,0.03449835628271103,0.04971439391374588,0.013546795584261417,-0.022126751020550728
5.750000299885869,342,-200.0,-200.0,-200.0,50.0,50.0,0.6071929931640625,-100.0,-100.0,-100.0,100.0,100.0,-100.0,-300.0,300.0,300.0,103.81689453125,-300.0,300.0,0.0,0.0,0.0,0.0,150.0,-150.0,150.0,150.0,150.0,150.0,0.1485326737165451,-0.4680338501930237,0.1786378026008606,0.0025181975215673447,-0.04681931808590889,0.18362408876419067,-0.023014292120933533,0.1128663569688797,-0.626849889755249,0.00890430063009262,1.1391140222549438,0.044983379542827606,-0.1122894138097763,-0.037554241716861725,0.4592236280441284,0.9688300490379333,0.22910147905349731,-0.07941631972789764,-0.5150465369224548,-0.34988582134246826,-1.8932543992996216,0.6590103507041931,-5.0810089111328125,-0.5138968229293823,8.542919158935547,0.031041834503412247,1.5393400192260742,0.04282810911536217,0.3109719157218933,-0.15881772339344025,-0.13550464808940887,-0.09227441996335983,0.1496955305337906,-0.07569978386163712,0.019559035077691078,0.1743793934583664,0.10061974078416824,0.027871664613485336,-0.006435801275074482,0.06744302809238434,0.029226792976260185,0.003600441850721836
5.76666696742177,343,200.0,-200.0,-200.0,-5.9142608642578125,20.76742172241211,18.20667266845703,-100.0,100.0,100.0,100.0,-100.0,100.0,-300.0,300.0,300.0,300.0,-211.6044921875,-33.4306640625,0.0,0.0,0.0,0.0,150.0,150.0,150.0,-1.518280029296875,-150.0,-28.537628173828125,0.1401340216398239,-0.4584936797618866,0.1932460367679596,0.0001349286612821743,-0.045971814543008804,0.17129307985305786,-0.043676018714904785,0.11561838537454605,-0.7076291441917419,0.015242992900311947,1.2494899034500122,0.046774011105298996,-0.0836857259273529,-0.03098684921860695,-0.5555331707000732,0.8555264472961426,0.7124045491218567,-0.16631631553173065,0.6308488845825195,-1.453243374824524,-1.3596947193145752,-0.12833094596862793,-4.511922836303711,0.5187131762504578,5.978732585906982,0.2398465871810913,1.5823369026184082,0.3850439190864563,0.3109719157218933,-0.15881772339344025,-0.13550464808940887,-0.09227441996335983,0.1496955305337906,-0.07569978386163712,0.019559035077691078,0.1743793934583664,0.10061974078416824,0.027871664613485336,-0.006435801275074482,0.06744302809238434,0.029226792976260185,0.003600441850721836
5.783333634957671,344,-200.0,-200.0,200.0,50.0,50.0,-29.259613037109375,-100.0,-100.0,100.0,100.0,100.0,100.0,-300.0,300.0,-289.01300048828125,300.0,300.0,-300.0,0.0,0.0,0.0,0.0,150.0,150.0,150.0,150.0,-150.0,150.0,0.12619008123874664,-0.4470283091068268,0.20156574249267578,-0.0010353063698858023,-0.04332704097032547,0.1546505093574524,-0.0649033859372139,0.1123235747218132,-0.7761375308036804,0.019907338544726372,1.3296654224395752,0.049315035343170166,-0.060647059231996536,-0.025226326659321785,-0.8167606592178345,0.9339266419410706,0.5435840487480164,-0.019578397274017334,0.36761850118637085,-1.0726932287216187,-1.1574820280075073,-0.2633444368839264,-3.7520058155059814,0.5207390189170837,4.406301021575928,0.20959621667861938,1.277103066444397,0.3500176668167114,0.27578943967819214,-0.17775225639343262,-0.08067421615123749,-0.12739700078964233,0.16386908292770386,-0.04912765324115753,0.015314219519495964,0.14360974729061127,0.11640984565019608,0.07306595146656036,-0.022268151864409447,0.14979428052902222,0.0011498339008539915,0.033864282071590424
5.800000302493572,345,-147.11083984375,-200.0,-200.0,-1.5965423583984375,-50.0,-14.466976165771484,-100.0,100.0,100.0,100.0,-100.0,100.0,-300.0,300.0,-300.0,300.0,-300.0,106.72471618652344,0.0,0.0,0.0,0.0,150.0,150.0,150.0,-15.87646484375,-150.0,-27.77532958984375,0.10657905042171478,-0.4205377995967865,0.21091727912425995,-0.0015712524764239788,-0.04802057147026062,0.14305317401885986,-0.062745101749897,0.10242769122123718,-0.8047976493835449,0.012020432390272617,1.3740874528884888,0.06383388489484787,-0.0491027757525444,-0.014560849405825138,-0.9327952861785889,1.7537392377853394,0.6490480303764343,0.020605415105819702,0.12301906943321228,-1.149327039718628,0.17261606454849243,-0.6721450090408325,-1.4099617004394531,-0.11295482516288757,2.156503438949585,0.944158136844635,0.6498019099235535,0.6426815390586853,0.27578943967819214,-0.17775225639343262,-0.08067421615123749,-0.12739700078964233,0.16386908292770386,-0.04912765324115753,0.015314219519495964,0.14360974729061127,0.11640984565019608,0.07306595146656036,-0.022268151864409447,0.14979428052902222,0.0011498339008539915,0.033864282071590424
5.816666970029473,346,-200.0,-200.0,122.03006744384766,-38.61164855957031,50.0,-50.0,100.0,-100.0,100.0,100.0,100.0,100.0,-300.0,300.0,-256.96820068359375,300.0,-300.0,300.0,0.0,0.0,0.0,0.0,150.0,150.0,150.0,150.0,-144.97634887695312,150.0,0.08730244636535645,-0.39585933089256287,0.2185411900281906,-0.0018856787355616689,-0.04889587312936783,0.1260065883398056,-0.06020442768931389,0.09991014748811722,-0.8257680535316467,0.007516042795032263,1.3996236324310303,0.07793790847063065,-0.04002940654754639,-0.00418021809309721,-0.9919491410255432,1.6925410032272339,0.4757924973964691,-0.022859860211610794,0.31518834829330444,-1.256632685661316,0.08752840012311935,-0.24698662757873535,-1.1352492570877075,-0.11993404477834702,1.2655744552612305,0.7950320243835449,0.5240153074264526,0.5179928541183472,0.2830633521080017,-0.22443141043186188,-0.1356106847524643,-0.12194623798131943,0.08109073340892792,-0.07446754723787308,0.004711597226560116,0.1368376761674881,0.1052776351571083,0.07321006059646606,0.023662343621253967,0.19055047631263733,-0.00014555570669472218,0.04400111734867096
5.833333637565374,347,200.0,-200.0,200.0,44.64448165893555,19.3182373046875,-12.784407615661621,-100.0,100.0,100.0,100.0,-100.0,100.0,-300.0,300.0,-300.0,300.0,-300.0,-255.42628479003906,0.0,0.0,0.0,0.0,150.0,150.0,150.0,-21.416748046875,11.115509033203125,27.6304931640625,0.06711894273757935,-0.3751492202281952,0.2249957174062729,-0.003011246444657445,-0.054122377187013626,0.10982873290777206,-0.053292132914066315,0.09852537512779236,-0.8568477630615234,0.008852425962686539,1.42506742477417,0.09630434960126877,-0.03470150753855705,0.005918462760746479,-1.1275126934051514,1.4919060468673706,0.4694730043411255,-0.012281093746423721,0.3787466287612915,-1.1730308532714844,0.4090656042098999,-0.2111101746559143,-1.9686979055404663,0.2197931855916977,1.6527280807495117,1.051086187362671,0.33452048897743225,0.5310747027397156,0.2830633521080017,-0.22443141043186188,-0.1356106847524643,-0.12194623798131943,0.08109073340892792,-0.07446754723787308,0.004711597226560116,0.1368376761674881,0.1052776351571083,0.07321006059646606,0.023662343621253967,0.19055047631263733,-0.00014555570669472218,0.04400111734867096
5.850000305101275,348,-200.0,-200.0,200.0,50.0,18.63531494140625,-50.0,100.0,-100.0,100.0,100.0,100.0,100.0,-300.0,300.0,-91.48434448242188,124.13285827636719,-300.0,238.21746826171875,0.0,0.0,0.0,0.0,150.0,150.0,150.0,150.0,-150.0,150.0,0.04898557439446449,-0.3550166189670563,0.23006416857242584,-0.0019438774324953556,-0.054834164679050446,0.0977146178483963,-0.04722972214221954,0.09970230609178543,-0.8915709853172302,0.011332819238305092,1.4486950635910034,0.11190277338027954,-0.02974843792617321,0.014518720097839832,-1.03743577003479,1.5031208992004395,0.3268500566482544,0.03160156309604645,0.3550493121147156,-1.06035315990448,0.28863224387168884,-0.07497376203536987,-2.0126147270202637,0.20256869494915009,1.3226362466812134,0.8954812288284302,0.2969316244125366,0.43915778398513794,0.28683653473854065,-0.22404365241527557,-0.16689638793468475,-0.10416828095912933,0.06135725975036621,-0.08433159440755844,-0.0246865414083004,0.1418939232826233,0.13350795209407806,0.10296238958835602,0.025922691449522972,0.23567558825016022,-0.03493853285908699,0.0683976486325264
5.8666669726371765,349,200.0,-200.0,200.0,39.441551208496094,-3.45538330078125,-9.654150009155273,-100.0,100.0,100.0,100.0,-100.0,100.0,-300.0,300.0,-300.0,105.7964859008789,-300.0,-231.27288818359375,0.0,0.0,0.0,0.0,150.0,150.0,150.0,-23.9891357421875,-6.362335205078125,0.841796875,0.02876579388976097,-0.33648526668548584,0.2361404150724411,-0.002661809790879488,-0.056943364441394806,0.08522996306419373,-0.04022352769970894,0.09928780049085617,-0.9334912300109863,0.016417359933257103,1.4705477952957153,0.13223420083522797,-0.035806041210889816,0.026857780292630196,-1.1364173889160156,1.3645201921463013,0.4574033319950104,-0.0073200250044465065,0.305862158536911,-1.033511996269226,0.3968753218650818,-0.0601610392332077,-2.5286240577697754,0.4248616695404053,1.324955701828003,1.1665815114974976,-0.30715906620025635,0.685698926448822,0.28683653473854065,-0.22404365241527557,-0.16689638793468475,-0.10416828095912933,0.06135725975036621,-0.08433159440755844,-0.0246865414083004,0.1418939232826233,0.13350795209407806,0.10296238958835602,0.025922691449522972,0.23567558825016022,-0.03493853285908699,0.0683976486325264
5.883333640173078,350,-200.0,-200.0,200.0,35.07807922363281,17.8370361328125,-2.393294334411621,100.0,-1.91552734375,100.0,100.0,100.0,100.0,-300.0,300.0,-173.83676147460938,-300.0,-300.0,-232.04812622070312,0.0,0.0,0.0,0.0,150.0,150.0,150.0,150.0,-150.0,150.0,0.010685078799724579,-0.318387895822525,0.24096854031085968,-0.002007624600082636,-0.05780263617634773,0.0733548179268837,-0.03400687873363495,0.10092546045780182,-0.9762316942214966,0.022127686068415642,1.485588550567627,0.14956670999526978,-0.04058939963579178,0.03728221729397774,-1.0540430545806885,1.3736685514450073,0.33663371205329895,-0.0215471088886261,0.41471269726753235,-1.0792237520217896,0.3000149130821228,0.03984786570072174,-2.4459028244018555,0.38639765977859497,0.7428691387176514,0.9954574108123779,-0.2479238510131836,0.5704400539398193,0.29111361503601074,-0.23595689237117767,-0.18275873363018036,-0.10307132452726364,0.05554646998643875,-0.08739928901195526,-0.02740420401096344,0.15828800201416016,0.12951815128326416,0.11008626222610474,0.01933661289513111,0.2672804296016693,-0.06264732778072357,0.07946696132421494
5.900000307708979,351,-200.0,-200.0,26.3355712890625,-10.041465759277344,-38.92755126953125,-20.350725173950195,-100.0,100.0,100.0,-19.3192138671875,-100.0,100.0,-300.0,300.0,-300.0,-300.0,-300.0,-249.3634033203125,0.0,0.0,0.0,0.0,150.0,150.0,150.0,-29.403564453125,13.0015869140625,8.341796875,-0.005505497567355633,-0.30277925729751587,0.24669146537780762,-0.0020003500394523144,-0.06133934482932091,0.06068193167448044,-0.027342021465301514,0.10516885668039322,-1.0203166007995605,0.0278452318161726,1.493427038192749,0.16936950385570526,-0.053144071251153946,0.048000164330005646,-0.904453456401825,1.1678550243377686,0.40638941526412964,0.018657565116882324,0.2289670705795288,-0.9544563293457031,0.37037962675094604,0.21572540700435638,-2.545776128768921,0.33929580450057983,0.3692415654659271,1.1309186220169067,-0.6826476454734802,0.6222867369651794,0.29111361503601074,-0.23595689237117767,-0.18275873363018036,-0.10307132452726364,0.05554646998643875,-0.08739928901195526,-0.02740420401096344,0.15828800201416016,0.12951815128326416,0.11008626222610474,0.01933661289513111,0.2672804296016693,-0.06264732778072357,0.07946696132421494
5.91666697524488,352,200.0,-200.0,-152.052490234375,32.334693908691406,50.0,36.1314697265625,62.94140625,-100.0,100.0,-100.0,100.0,100.0,-300.0,300.0,152.25076293945312,-300.0,-300.0,-216.05270385742188,0.0,0.0,0.0,0.0,150.0,150.0,150.0,-28.6435546875,-150.0,60.89337158203125,-0.01901453360915184,-0.2875986397266388,0.2511841654777527,-0.001595349283888936,-0.06268247961997986,0.04852703586220741,-0.02207181602716446,0.11044953763484955,-1.0619500875473022,0.0338674858212471,1.4906400442123413,0.18624769151210785,-0.06352660059928894,0.05705048143863678,-0.796631932258606,1.1466070413589478,0.28084057569503784,-0.027604762464761734,0.39936041831970215,-1.0689008235931396,0.20935329794883728,0.20378196239471436,-2.353215217590332,0.31565576791763306,-0.3776434361934662,0.9622510671615601,-0.5691405534744263,0.5194026231765747,0.30535149574279785,-0.25902849435806274,-0.18955157697200775,-0.09969618916511536,0.0505659356713295,-0.10005418956279755,-0.03154735639691353,0.16332554817199707,0.13196025788784027,0.1352328062057495,0.010200985707342625,0.26735469698905945,-0.08636412769556046,0.08186470717191696
5.933333642780781,353,-63.452880859375,-200.0,-13.0731201171875,21.3592529296875,-34.826812744140625,-20.340049743652344,-25.130615234375,100.0,100.0,-100.0,-100.0,100.0,-300.0,300.0,-198.07598876953125,-300.0,-300.0,-300.0,0.0,0.0,0.0,0.0,150.0,150.0,150.0,-20.835693359375,-2.779052734375,-0.76507568359375,-0.03206191211938858,-0.2754882574081421,0.2578355073928833,-0.001768335816450417,-0.06190742924809456,0.03628433123230934,-0.020859962329268456,0.11254832148551941,-1.1020723581314087,0.04089321941137314,1.4760968685150146,0.20066264271736145,-0.07916751503944397,0.06506744027137756,-0.7052518725395203,0.8748699426651001,0.4181390106678009,0.004772782325744629,0.695635199546814,-0.953503429889679,0.003124427981674671,0.1123286783695221,-2.2614080905914307,0.44489985704421997,-1.089945673942566,0.8112879395484924,-0.8639718294143677,0.49304014444351196,0.30535149574279785,-0.25902849435806274,-0.18955157697200775,-0.09969618916511536,0.0505659356713295,-0.10005418956279755,-0.03154735639691353,0.16332554817199707,0.13196025788784027,0.1352328062057495,0.010200985707342625,0.26735469698905945,-0.08636412769556046,0.08186470717191696
5.950000310316682,354,200.0,-200.0,11.38525390625,-28.827850341796875,-6.35443115234375,47.146400451660156,72.94873046875,-100.0,100.0,-100.0,-100.0,100.0,-300.0,300.0,235.6090087890625,-300.0,300.0,-300.0,0.0,0.0,0.0,0.0,150.0,150.0,150.0,-150.0,62.4471435546875,52.602569580078125,-0.0434502549469471,-0.2642349302768707,0.2626352906227112,-0.0017654334660619497,-0.05932752415537834,0.022685231640934944,-0.02127719670534134,0.11157798022031784,-1.1375614404678345,0.046245455741882324,1.4485634565353394,0.2128700464963913,-0.09235019981861115,0.07188781350851059,-0.6283364295959473,0.8029577732086182,0.31903910636901855,-0.015147963538765907,0.8514184355735779,-1.0233908891677856,-0.07713831961154938,-0.040502987802028656,-1.978991985321045,0.42998507618904114,-1.8893630504608154,0.6861090064048767,-0.7284206748008728,0.4198276400566101,0.3174864947795868,-0.26242318749427795,-0.17346973717212677,-0.09523028135299683,0.03525024652481079,-0.09674077481031418,-0.011367008090019226,0.15423035621643066,0.15534983575344086,0.15240074694156647,0.010437713004648685,0.24767038226127625,-0.08320531249046326,0.08484145998954773
5.966666977852583,355,54.330810546875,-200.0,-200.0,21.565372467041016,-50.0,-31.060340881347656,100.0,100.0,100.0,-100.0,-100.0,100.0,-300.0,300.0,-117.5655517578125,-300.0,-210.2568359375,-300.0,0.0,0.0,0.0,0.0,150.0,150.0,150.0,-22.930694580078125,-26.222900390625,7.34814453125,-0.0551789253950119,-0.255176842212677,0.26990532875061035,-0.0017654257826507092,-0.05132191255688667,0.009834947995841503,-0.02019304782152176,0.10875362902879715,-1.1625196933746338,0.05183297395706177,1.4036844968795776,0.22022902965545654,-0.1023535281419754,0.07849615812301636,-0.6357548832893372,0.6605856418609619,0.45180732011795044,-0.02718614786863327,1.0492057800292969,-1.043738603591919,-0.04087035730481148,-0.1424306333065033,-1.289034366607666,0.4513365924358368,-3.02502703666687,0.4113188683986664,-0.5510082244873047,0.3932361304759979,0.3174864947795868,-0.26242318749427795,-0.17346973717212677,-0.09523028135299683,0.03525024652481079,-0.09674077481031418,-0.011367008090019226,0.15423035621643066,0.15534983575344086,0.15240074694156647,0.010437713004648685,0.24767038226127625,-0.08320531249046326,0.08484145998954773
5.983333645388484,356,200.0,-200.0,58.1796875,17.96172523498535,-50.0,47.26074981689453,100.0,-100.0,100.0,-100.0,-100.0,100.0,-300.0,300.0,-300.0,-300.0,300.0,-300.0,0.0,0.0,0.0,0.0,150.0,150.0,150.0,-150.0,150.0,-36.939178466796875,-0.06536342948675156,-0.24805553257465363,0.27535226941108704,-0.0022537328768521547,-0.04727158322930336,-0.004654833115637302,-0.021321812644600868,0.10399436950683594,-1.1813832521438599,0.05570452660322189,1.3442673683166504,0.2262071967124939,-0.11103660613298416,0.08409518003463745,-0.5673009157180786,0.5240800380706787,0.34615957736968994,-0.0203324556350708,0.7829607129096985,-0.9968328475952148,-0.13085992634296417,-0.24011662602424622,-0.9976887702941895,0.40344998240470886,-3.7760748863220215,0.3522830307483673,-0.4708344042301178,0.3485272526741028,0.3052108585834503,-0.27419471740722656,-0.15738067030906677,-0.09113024920225143,0.04294825345277786,-0.10053124278783798,0.008071706630289555,0.13395553827285767,0.17138822376728058,0.15966546535491943,0.018764929845929146,0.21181467175483704,-0.06217075511813164,0.08288146555423737
6.000000312924385,357,200.0,-200.0,-200.0,36.962379455566406,-50.0,-13.1317138671875,100.0,100.0,100.0,-100.0,-100.0,100.0,-300.0,300.0,-134.80874633789062,-300.0,-300.0,-300.0,0.0,0.0,0.0,0.0,150.0,150.0,150.0,-37.143310546875,-30.94631576538086,13.684844970703125,-0.07460298389196396,-0.2409224659204483,0.27764806151390076,-0.0024619463365525007,-0.04381348192691803,-0.018618086352944374,-0.018419049680233,0.09651126712560654,-1.1893802881240845,0.05974597856402397,1.2696590423583984,0.22576549649238586,-0.11218027025461197,0.088770791888237,-0.5494407415390015,0.5142763257026672,0.18087373673915863,-0.032960616052150726,0.7239694595336914,-1.102386474609375,0.08838972449302673,-0.40147238969802856,-0.33035919070243835,0.46201589703559875,-4.742275714874268,-0.007123148068785667,-0.044784318655729294,0.2575933337211609,0.3052108585834503,-0.27419471740722656,-0.15738067030906677,-0.09113024920225143,0.04294825345277786,-0.10053124278783798,0.008071706630289555,0.13395553827285767,0.17138822376728058,0.15966546535491943,0.018764929845929146,0.21181467175483704,-0.06217075511813164,0.08288146555423737
6.016666980460286,358,200.0,-200.0,200.0,0.08032989501953125,-50.0,-15.761711120605469,100.0,-100.0,100.0,-100.0,-100.0,100.0,-300.0,300.0,-300.0,-300.0,218.4168243408203,-300.0,0.0,0.0,0.0,0.0,150.0,150.0,150.0,-150.0,150.0,-144.85125732421875,-0.08237512409687042,-0.23635335266590118,0.27940452098846436,-0.0027612096164375544,-0.045288510620594025,-0.033522285521030426,-0.01754467748105526,0.08816464245319366,-1.193393588066101,0.062219422310590744,1.183467984199524,0.22497126460075378,-0.11332274973392487,0.09295528382062912,-0.4755091369152069,0.36387649178504944,0.13184385001659393,-0.013628903776407242,0.5254935026168823,-1.0287961959838867,-0.0022674640640616417,-0.4265361428260803,-0.15297751128673553,0.38829267024993896,-5.304929733276367,-0.0056198835372924805,-0.04414869844913483,0.24770686030387878,0.2928086817264557,-0.29882827401161194,-0.14262428879737854,-0.09361603856086731,0.05066811293363571,-0.1248709186911583,0.022735949605703354,0.12502165138721466,0.21203236281871796,0.1564260870218277,0.019196398556232452,0.176612988114357,-0.0514131523668766,0.07526181638240814
6.033333647996187,359,200.0,-200.0,156.5843505859375,37.885154724121094,-50.0,6.278663635253906,100.0,-15.272705078125,100.0,-100.0,-100.0,100.0,-300.0,300.0,-154.09115600585938,-129.9149169921875,-300.0,-300.0,0.0,0.0,0.0,0.0,150.0,150.0,150.0,-33.354949951171875,-18.633621215820312,-30.412612915039062,-0.08930700272321701,-0.22998033463954926,0.278590589761734,-0.00303874583914876,-0.045067254453897476,-0.04881288483738899,-0.015302320010960102,0.0763096734881401,-1.1882320642471313,0.06372978538274765,1.084352731704712,0.21878968179225922,-0.11111617833375931,0.09518685936927795,-0.4524272084236145,0.471177339553833,-0.022969219833612442,-0.029766570776700974,0.5997611284255981,-1.120676040649414,0.022993935272097588,-0.6721769571304321,0.41402748227119446,0.43155816197395325,-6.12260103225708,-0.3093021512031555,0.14036104083061218,0.12552455067634583,0.2928086817264557,-0.29882827401161194,-0.14262428879737854,-0.09361603856086731,0.05066811293363571,-0.1248709186911583,0.022735949605703354,0.12502165138721466,0.21203236281871796,0.1564260870218277,0.019196398556232452,0.176612988114357,-0.0514131523668766,0.07526181638240814
6.050000315532088,360,34.12548828125,-200.0,145.79248046875,26.094547271728516,-50.0,-14.970569610595703,100.0,-100.0,-100.0,-100.0,-100.0,100.0,-300.0,300.0,-300.0,-300.0,262.29736328125,-300.0,0.0,0.0,0.0,0.0,150.0,150.0,150.0,-150.0,150.0,90.17156982421875,-0.09528639167547226,-0.2257104218006134,0.2778349816799164,-0.003331609070301056,-0.044832583516836166,-0.06539636105298996,-0.01458796951919794,0.06428854167461395,-1.1813069581985474,0.0638539269566536,0.9776702523231506,0.21333789825439453,-0.1093951165676117,0.09751389175653458,-0.3958207964897156,0.3557001054286957,-0.005821940489113331,-0.018262363970279694,0.6089476346969604,-1.0928950309753418,-0.00692345667630434,-0.6543722748756409,0.44887563586235046,0.3567640483379364,-6.399577617645264,-0.2657488286495209,0.11534889042377472,0.13780957460403442,0.27806931734085083,-0.3198279142379761,-0.12118857353925705,-0.10980410128831863,0.056378260254859924,-0.1404052972793579,0.02217787876725197,0.11227808147668839,0.241023451089859,0.15840119123458862,0.024015279486775398,0.142232283949852,-0.04261061176657677,0.08534479141235352
6.066666983067989,361,-200.0,-200.0,-200.0,-0.9016990661621094,-40.371124267578125,2.996379852294922,100.0,-100.0,100.0,-100.0,-100.0,52.29345703125,-300.0,300.0,-226.32943725585938,82.333740234375,-300.0,-300.0,0.0,0.0,0.0,0.0,150.0,150.0,150.0,-43.61016845703125,-32.08746337890625,-64.27244567871094,-0.10125811398029327,-0.2204766422510147,0.27395159006118774,-0.003311741165816784,-0.042195893824100494,-0.08217159658670425,-0.011169680394232273,0.05139299854636192,-1.166170358657837,0.06025290861725807,0.8587089776992798,0.20361201465129852,-0.10529530048370361,0.10179053246974945,-0.4225061535835266,0.42327752709388733,-0.17894068360328674,-0.034684546291828156,0.8299863338470459,-1.2017658948898315,0.11031854152679443,-0.8213762044906616,0.9897400140762329,0.19533050060272217,-7.255279541015625,-0.5086100697517395,0.262889564037323,0.22982099652290344,0.27806931734085083,-0.3198279142379761,-0.12118857353925705,-0.10980410128831863,0.056378260254859924,-0.1404052972793579,0.02217787876725197,0.11227808147668839,0.241023451089859,0.15840119123458862,0.024015279486775398,0.142232283949852,-0.04261061176657677,0.08534479141235352
6.08333365060389,362,-145.094482421875,-200.0,-200.0,20.700103759765625,-50.0,-13.734458923339844,100.0,-100.0,-100.0,-100.0,-100.0,100.0,-300.0,300.0,-300.0,-198.653564453125,300.0,-300.0,0.0,0.0,0.0,0.0,150.0,150.0,150.0,-150.0,-48.27030944824219,38.590087890625,-0.10621749609708786,-0.21679247915744781,0.27075129747390747,-0.003621686715632677,-0.039609890431165695,-0.1004270613193512,-0.008964152075350285,0.03966618329286575,-1.1507967710494995,0.05673409253358841,0.7355350255966187,0.19490206241607666,-0.10198462754487991,0.1056172251701355,-0.34778520464897156,0.33330032229423523,-0.14896802604198456,-0.016871292144060135,0.6733322143554688,-1.155724287033081,0.07527600228786469,-0.7313368320465088,0.908901572227478,0.16065827012062073,-7.261190414428711,-0.4187798500061035,0.21867229044437408,0.2240116447210312,0.2526992857456207,-0.3343963623046875,-0.09194972366094589,-0.13791082799434662,0.05366763472557068,-0.15197816491127014,-0.0013425741344690323,0.09562882035970688,0.24038848280906677,0.16481932997703552,0.024445125833153725,0.11092641949653625,-0.04392491281032562,0.09409830719232559
6.1000003181397915,363,-200.0,-200.0,-200.0,-16.381977081298828,-50.0,2.3040122985839844,100.0,-100.0,100.0,-100.0,-100.0,-100.0,-300.0,300.0,-300.0,300.0,-300.0,-300.0,0.0,0.0,0.0,0.0,150.0,150.0,150.0,-57.3800048828125,-41.083465576171875,-103.89677429199219,-0.11083410680294037,-0.21052861213684082,0.26256895065307617,-0.0037744499277323484,-0.03583889454603195,-0.11934664845466614,-0.004010488279163837,0.02743677794933319,-1.125413417816162,0.04674377292394638,0.5982524752616882,0.18314260244369507,-0.09933274984359741,0.11072957515716553,-0.3560437262058258,0.4725464880466461,-0.4203086495399475,-0.03419671580195427,0.845542311668396,-1.2967865467071533,0.18060778081417084,-0.9605752825737,1.5965906381607056,-0.13645970821380615,-8.356145858764648,-0.6197337508201599,0.1858818233013153,0.29723140597343445,0.2526992857456207,-0.3343963623046875,-0.09194972366094589,-0.13791082799434662,0.05366763472557068,-0.15197816491127014,-0.0013425741344690323,0.09562882035970688,0.24038848280906677,0.16481932997703552,0.024445125833153725,0.11092641949653625,-0.04392491281032562,0.09409830719232559
6.116666985675693,364,-200.0,-200.0,-200.0,23.656505584716797,-50.0,-30.856721878051758,100.0,-100.0,-100.0,-100.0,-100.0,100.0,-300.0,300.0,-300.0,155.152099609375,300.0,-300.0,0.0,0.0,0.0,0.0,150.0,150.0,150.0,-150.0,-56.745445251464844,-98.54696655273438,-0.11416490375995636,-0.2057577222585678,0.2556116282939911,-0.003940672148019075,-0.03413911536335945,-0.13979753851890564,-0.0007481224602088332,0.016719454899430275,-1.1010152101516724,0.03809603676199913,0.45964130759239197,0.1725052148103714,-0.0972004309296608,0.11544642597436905,-0.25996601581573486,0.4019373655319214,-0.36102789640426636,-0.01578366756439209,0.5969724655151367,-1.2676161527633667,0.139230877161026,-0.8097830414772034,1.4076151847839355,-0.12199824303388596,-8.061333656311035,-0.5134827494621277,0.15908625721931458,0.280854731798172,0.2202576994895935,-0.342194527387619,-0.059156425297260284,-0.16967929899692535,0.047728538513183594,-0.16988396644592285,-0.023021724075078964,0.09733318537473679,0.24482150375843048,0.16290485858917236,0.026517584919929504,0.06629177927970886,-0.044921860098838806,0.09663797169923782
6.133333653211594,365,-200.0,-200.0,-200.0,50.0,-50.0,-27.504343032836914,100.0,-100.0,48.5430908203125,-33.495361328125,-100.0,-100.0,-300.0,300.0,-243.4896240234375,300.0,-300.0,-300.0,0.0,0.0,0.0,0.0,150.0,150.0,150.0,-66.7607421875,-107.39325714111328,-150.0,-0.11652741581201553,-0.1956871598958969,0.24202202260494232,-0.0039984080940485,-0.03229008987545967,-0.1607837826013565,0.004339785780757666,0.005005326587706804,-1.0659053325653076,0.022201407700777054,0.3090521991252899,0.15710468590259552,-0.09517046064138412,0.12039734423160553,-0.19073155522346497,0.6573729515075684,-0.8082142472267151,-0.006182011216878891,0.658530056476593,-1.3158905506134033,0.019582033157348633,-1.1808100938796997,2.1145942211151123,-0.4128304123878479,-9.208783149719238,-0.818581223487854,0.1829851120710373,0.32475918531417847,0.2202576994895935,-0.342194527387619,-0.059156425297260284,-0.16967929899692535,0.047728538513183594,-0.16988396644592285,-0.023021724075078964,0.09733318537473679,0.24482150375843048,0.16290485858917236,0.026517584919929504,0.06629177927970886,-0.044921860098838806,0.09663797169923782
6.150000320747495,366,200.0,200.0,-200.0,50.0,-23.961883544921875,50.0,100.0,-100.0,-100.0,100.0,-100.0,100.0,-300.0,-300.0,-300.0,300.0,300.0,-300.0,0.0,0.0,0.0,0.0,150.0,150.0,150.0,-150.0,-150.0,150.0,-0.11709783971309662,-0.18721337616443634,0.22884342074394226,-0.0044449707493186,-0.02753676474094391,-0.18394926190376282,0.0039260550402104855,-0.007414479274302721,-1.0334012508392334,0.007756535895168781,0.15715943276882172,0.14396139979362488,-0.09312295913696289,0.12579622864723206,-0.10731839388608932,0.5664499402046204,-0.7373057007789612,-0.05837291479110718,0.6879391074180603,-1.3785738945007324,-0.18544018268585205,-1.0034868717193604,1.8725275993347168,-0.3506489098072052,-8.876395225524902,-0.6681287884712219,0.1627284586429596,0.3328089416027069,0.17838513851165771,-0.279568612575531,-0.01184090692549944,-0.22049163281917572,0.02803323231637478,-0.16354453563690186,-0.05388674512505531,0.05638442188501358,0.19874487817287445,0.17296551167964935,0.056882016360759735,0.052502814680337906,-0.06797325611114502,0.13349908590316772
6.166666988283396,367,200.0,200.0,-200.0,50.0,50.0,-19.594276428222656,100.0,100.0,100.0,100.0,-100.0,-100.0,-300.0,-300.0,-300.0,300.0,300.0,-78.507080078125,0.0,0.0,0.0,0.0,150.0,150.0,-150.0,-150.0,-150.0,-150.0,-0.11831354349851608,-0.190272256731987,0.21038886904716492,-0.0008724527433514595,-0.021479910239577293,-0.19917282462120056,0.022006940096616745,-0.003940232563763857,-0.9993805289268494,-0.014473319984972477,-0.0013450647238641977,0.1336938887834549,-0.09535662084817886,0.13899537920951843,-0.29102498292922974,0.03392954543232918,-1.0489377975463867,-0.0038337111473083496,1.118980884552002,-1.35737943649292,0.8051705360412598,-0.6244959831237793,1.499342918395996,-1.2838211059570312,-8.066791534423828,-0.6536386013031006,-0.05093400552868843,0.8010373115539551,0.17838513851165771,-0.279568612575531,-0.01184090692549944,-0.22049163281917572,0.02803323231637478,-0.16354453563690186,-0.05388674512505531,0.05638442188501358,0.19874487817287445,0.17296551167964935,0.056882016360759735,0.052502814680337906,-0.06797325611114502,0.13349908590316772
6.183333655819297,368,200.0,-200.0,200.0,-50.0,50.0,-50.0,100.0,100.0,100.0,-100.0,-100.0,100.0,238.1845703125,300.0,-300.0,-61.780609130859375,300.0,300.0,0.0,0.0,0.0,0.0,150.0,150.0,-150.0,-150.0,150.0,-150.0,-0.12078636139631271,-0.19260163605213165,0.19805794954299927,0.017139313742518425,-0.01166846975684166,-0.22823457419872284,0.04497435316443443,0.0052636959590017796,-1.0038981437683105,-0.0318387933075428,-0.00040595681639388204,0.1197172999382019,-0.09602288156747818,0.1505848467350006,-0.3472079634666443,-0.07547914981842041,-0.5042718648910522,1.8145045042037964,1.591993808746338,-2.0981876850128174,1.4696372747421265,0.08481642603874207,0.5645468831062317,-0.992098331451416,0.06063485145568848,-0.5676060318946838,-0.014436881989240646,0.5971731543540955,0.10888182371854782,-0.29224517941474915,0.039930786937475204,-0.1934961974620819,0.052364543080329895,-0.16858190298080444,-0.05179959908127785,0.06041427701711655,0.19846728444099426,0.22185693681240082,-0.023230785503983498,0.041130177676677704,-0.013473705388605595,0.12228396534919739
6.200000323355198,369,-200.0,-200.0,-200.0,-36.27415466308594,-50.0,-10.66112995147705,40.5750732421875,-100.0,100.0,-100.0,-100.0,-100.0,-300.0,-158.586181640625,-300.0,300.0,300.0,58.57012939453125,0.0,0.0,0.0,0.0,150.0,150.0,-150.0,-37.77783203125,-150.0,31.172454833984375,-0.12262056767940521,-0.16522672772407532,0.17975908517837524,0.028441116213798523,0.003158384468406439,-0.250236839056015,0.07163942605257034,0.00701148621737957,-0.9632613658905029,-0.044949933886528015,3.076042412430979e-05,0.10771720856428146,-0.08314941078424454,0.15341193974018097,-0.011928333900868893,1.60808265209198,-0.8892487287521362,0.5452636480331421,0.7933655381202698,-0.7313507795333862,1.5522515773773193,-0.2534917891025543,2.65967059135437,-0.6112021803855896,0.011116398498415947,-0.6134904623031616,0.768670916557312,0.14608369767665863,0.10888182371854782,-0.29224517941474915,0.039930786937475204,-0.1934961974620819,0.052364543080329895,-0.16858190298080444,-0.05179959908127785,0.06041427701711655,0.19846728444099426,0.22185693681240082,-0.023230785503983498,0.041130177676677704,-0.013473705388605595,0.12228396534919739
6.216666990891099,370,200.0,200.0,-200.0,50.0,-50.0,50.0,100.0,100.0,-100.0,-100.0,-100.0,100.0,54.821495056152344,-300.0,-300.0,-300.0,300.0,-49.32049560546875,0.0,0.0,0.0,0.0,150.0,150.0,-150.0,-150.0,150.0,-24.180191040039062,-0.12395541369915009,-0.13966912031173706,0.16533416509628296,0.033029139041900635,0.00943983718752861,-0.26905137300491333,0.09781941026449203,0.007982163690030575,-0.9166768193244934,-0.0548478327691555,3.879330324707553e-05,0.09751041978597641,-0.072415791451931,0.15569478273391724,-0.02994731441140175,1.5438814163208008,-0.7628142833709717,0.11352603137493134,0.31393370032310486,-0.6199698448181152,1.322665810585022,-0.2663574814796448,2.815572738647461,-0.46866974234580994,0.009524354711174965,-0.5351020693778992,0.6288549900054932,0.1036519855260849,0.1404232531785965,-0.34721872210502625,0.13725560903549194,-0.19465507566928864,0.12915794551372528,-0.22756296396255493,-0.06126173958182335,0.07758741825819016,0.1701318323612213,0.1971370279788971,-0.021172424778342247,0.02862709015607834,0.01275674905627966,0.11742044240236282
6.233333658427,371,-200.0,-200.0,-200.0,-17.127578735351562,-50.0,-0.2513275146484375,100.0,-100.0,100.0,-93.652587890625,-100.0,-100.0,-300.0,-300.0,-300.0,-300.0,300.0,-300.0,0.0,0.0,0.0,0.0,150.0,150.0,-150.0,-40.4539794921875,-150.0,48.32054138183594,-0.12132856249809265,-0.11661280691623688,0.15924406051635742,0.06394782662391663,0.011902580969035625,-0.2980407774448395,0.1170748919248581,0.008201364427804947,-0.8474289178848267,-0.056799449026584625,0.000276396720437333,0.08671741187572479,-0.054328691214323044,0.15732058882713318,0.19732365012168884,1.2821136713027954,-0.2900617718696594,2.2787373065948486,0.0780099555850029,-1.393309235572815,1.0703290700912476,-0.4377080202102661,4.492722034454346,-0.11572037637233734,-0.013061882928013802,-0.5320891737937927,1.012486457824707,0.024125108495354652,0.1404232531785965,-0.34721872210502625,0.13725560903549194,-0.19465507566928864,0.12915794551372528,-0.22756296396255493,-0.06126173958182335,0.07758741825819016,0.1701318323612213,0.1971370279788971,-0.021172424778342247,0.02862709015607834,0.01275674905627966,0.11742044240236282
6.250000325962901,372,-200.0,200.0,-200.0,-50.0,-50.0,-50.0,100.0,100.0,-100.0,100.0,-100.0,-100.0,-141.46084594726562,-300.0,-300.0,-300.0,300.0,-300.0,0.0,0.0,0.0,0.0,150.0,150.0,-150.0,-150.0,150.0,-133.90367126464844,-0.11977247148752213,-0.09682375192642212,0.15434230864048004,0.10616463422775269,0.013448425568640232,-0.3290341794490814,0.13429047167301178,0.0023372897412627935,-0.7695921063423157,-0.06281077116727829,0.00020959836547262967,0.07760443538427353,-0.040372733026742935,0.15763653814792633,0.15442384779453278,1.15120267868042,-0.2658495604991913,2.4061474800109863,0.026989629492163658,-1.4018404483795166,0.8531546592712402,-0.6718968749046326,4.666889190673828,-0.13750119507312775,-0.004180225543677807,-0.4612269103527069,0.7943436503410339,-0.03172693029046059,0.1246911957859993,-0.36986979842185974,0.18751566112041473,-0.22930124402046204,0.16523824632167816,-0.22276055812835693,-0.06667442619800568,0.08032554388046265,0.13923324644565582,0.16143129765987396,-0.03594278171658516,-0.025202777236700058,0.054711952805519104,0.10225760191679001
6.266666993498802,373,200.0,-132.44091796875,200.0,18.394920349121094,50.0,50.0,100.0,90.298095703125,100.0,100.0,100.0,-100.0,-300.0,-300.0,-300.0,300.0,300.0,300.0,0.0,0.0,0.0,0.0,150.0,150.0,-150.0,-150.0,150.0,150.0,-0.1158514991402626,-0.08776548504829407,0.14263561367988586,0.16731233894824982,0.010999605059623718,-0.3631479740142822,0.13644777238368988,-0.004986405372619629,-0.702092707157135,-0.08324598520994186,-0.03882697597146034,0.03254275396466255,-0.04262319579720497,0.1488785594701767,0.2276391237974167,0.465597927570343,-1.3650283813476562,3.6779861450195312,-0.5518199801445007,-1.5072720050811768,-1.4685027599334717,-1.769761562347412,1.7775015830993652,-2.2704524993896484,-4.589755535125732,0.5100841522216797,-2.179264545440674,-2.595187187194824,0.1246911957859993,-0.36986979842185974,0.18751566112041473,-0.22930124402046204,0.16523824632167816,-0.22276055812835693,-0.06667442619800568,0.08032554388046265,0.13923324644565582,0.16143129765987396,-0.03594278171658516,-0.025202777236700058,0.054711952805519104,0.10225760191679001
6.283333661034703,374,-200.0,-200.0,-200.0,-50.0,-50.0,-50.0,100.0,100.0,100.0,-100.0,100.0,-100.0,300.0,300.0,-300.0,300.0,-128.8720703125,-300.0,0.0,0.0,0.0,0.0,150.0,150.0,-150.0,-76.54129028320312,-150.0,-150.0,-0.11356024444103241,-0.08347918838262558,0.12295538932085037,0.2644276022911072,-0.00812256708741188,-0.3655584156513214,0.12194465845823288,-0.025192512199282646,-0.6935808658599854,-0.10688280314207077,0.002582192188128829,0.005785577930510044,0.11716596782207489,0.155390202999115,0.04581179842352867,0.041903287172317505,-0.61902916431427,7.117928981781006,-1.1734473705291748,1.11968994140625,0.36957380175590515,-1.036084771156311,2.6325340270996094,-0.27936533093452454,0.436759352684021,0.22804254293441772,6.674420356750488,0.042336225509643555,0.13655127584934235,-0.362100750207901,0.07457239180803299,-0.22549088299274445,0.21227988600730896,-0.29375118017196655,-0.12284828722476959,0.039613276720047,0.06549546122550964,0.20104126632213593,-0.03390045464038849,0.020922835916280746,0.009118502028286457,0.06967215240001678
6.300000328570604,375,-200.0,-200.0,200.0,-50.0,-50.0,38.46234130859375,-100.0,-100.0,100.0,-100.0,-100.0,-100.0,170.017333984375,280.846435546875,278.587890625,300.0,149.285888671875,300.0,0.0,0.0,0.0,0.0,150.0,150.0,150.0,-41.462615966796875,-150.0,150.0,-0.09918212890625,-0.054598771035671234,0.10177458077669144,0.3270215392112732,-0.01712990552186966,-0.296720951795578,0.08065757900476456,-0.046847544610500336,-0.6526679992675781,-0.1250755935907364,0.014757204800844193,0.0038365893997251987,0.19728238880634308,0.1458687037229538,0.8350521922111511,1.7070202827453613,-1.0973774194717407,3.071563959121704,-0.5613012313842773,4.653991222381592,-1.978042721748352,-1.5198135375976562,2.061579704284668,-0.507750928401947,0.9146902561187744,0.21692049503326416,3.783289909362793,-0.8537560701370239,0.13655127584934235,-0.362100750207901,0.07457239180803299,-0.22549088299274445,0.21227988600730896,-0.29375118017196655,-0.12284828722476959,0.039613276720047,0.06549546122550964,0.20104126632213593,-0.03390045464038849,0.020922835916280746,0.009118502028286457,0.06967215240001678
6.316666996106505,376,-200.0,-200.0,200.0,50.0,50.0,50.0,100.0,-100.0,-100.0,63.76953125,-100.0,-100.0,-300.0,-300.0,300.0,300.0,300.0,300.0,0.0,0.0,0.0,0.0,150.0,150.0,150.0,-150.0,-150.0,150.0,-0.0850110575556755,-0.028356654569506645,0.086043581366539,0.3659251928329468,-0.022463655099272728,-0.23887231945991516,0.05464682728052139,-0.05981137976050377,-0.6239557862281799,-0.14232057332992554,0.04019775986671448,0.005046480800956488,0.25039559602737427,0.1224563866853714,0.8309571743011475,1.4883899688720703,-0.774531900882721,1.8375905752182007,0.24834711849689484,4.888068675994873,-1.4137746095657349,-0.9596971869468689,1.6153323650360107,-0.5218631625175476,1.630484700202942,-0.0033748969435691833,1.7882025241851807,-1.1676462888717651,0.2000679075717926,-0.28584474325180054,0.12454741448163986,-0.18845947086811066,0.174312025308609,-0.22737938165664673,-0.11613549292087555,0.13572213053703308,0.07477299869060516,0.25109440088272095,-0.03651326522231102,-0.018634792417287827,0.04679439589381218,0.13033796846866608
6.3333336636424065,377,200.0,-200.0,-89.3526611328125,9.52621841430664,50.0,-13.305252075195312,100.0,100.0,100.0,-100.0,2.30035400390625,-100.0,171.82861328125,108.698486328125,208.12478637695312,300.0,300.0,300.0,0.0,0.0,0.0,0.0,150.0,150.0,150.0,-150.0,-150.0,150.0,-0.07685546576976776,-0.05894921347498894,0.09161809831857681,0.45144960284233093,-0.0212746299803257,-0.1558373123407364,0.04105681553483009,-0.05285325646400452,-0.5981696844100952,-0.1374121755361557,0.03314269334077835,0.0003058803267776966,0.2712790369987488,0.1268903911113739,0.3697916269302368,-1.8147757053375244,0.09832671284675598,5.561483383178711,0.7656283974647522,5.766242980957031,-1.1914149522781372,-0.04794757068157196,2.2109549045562744,0.0774921327829361,-1.0166068077087402,-0.05697108805179596,-0.9373759031295776,0.2656915485858917,0.2000679075717926,-0.28584474325180054,0.12454741448163986,-0.18845947086811066,0.174312025308609,-0.22737938165664673,-0.11613549292087555,0.13572213053703308,0.07477299869060516,0.25109440088272095,-0.03651326522231102,-0.018634792417287827,0.04679439589381218,0.13033796846866608
6.3500003311783075,378,200.0,-197.71087646484375,-200.0,50.0,50.0,50.0,-100.0,100.0,-100.0,-100.0,100.0,-100.0,-240.65896606445312,-300.0,300.0,300.0,-300.0,300.0,0.0,0.0,0.0,0.0,-150.0,-150.0,-150.0,-150.0,150.0,-150.0,-0.0695299431681633,-0.08588265627622604,0.09432512521743774,0.5288965106010437,-0.0053655970841646194,-0.06133062392473221,0.028139594942331314,-0.056697577238082886,-0.556333065032959,-0.14175841212272644,0.00156834302470088,0.00550763588398695,0.2601242959499359,0.12809661030769348,0.3797004818916321,-1.5719897747039795,0.09410393983125687,4.280026912689209,0.9604456424713135,5.318141937255859,-0.7655318379402161,-0.13836327195167542,2.90014910697937,0.036919787526130676,-2.505293607711792,0.8847594261169434,-1.2529914379119873,0.2874603867530823,0.20512863993644714,-0.2994787395000458,0.0569593645632267,-0.17382562160491943,0.19539912045001984,-0.2316768765449524,-0.10065454244613647,0.10721731930971146,0.025237565860152245,0.2064814418554306,-0.0565296970307827,-0.005572441034018993,0.1377987414598465,0.06794031709432602
6.366666998714209,379,-106.7767333984375,200.0,-200.0,20.023056030273438,50.0,-42.60600280761719,100.0,100.0,-35.32275390625,-100.0,-100.0,-100.0,5.101776123046875,27.61181640625,61.635406494140625,300.0,-300.0,217.95849609375,0.0,0.0,0.0,0.0,-70.15240478515625,54.88232421875,-43.944580078125,-67.44560241699219,150.0,31.208587646484375,-0.06355194002389908,-0.12428798526525497,0.0991656705737114,0.5934299826622009,0.00020504818530753255,0.007040319032967091,0.013076940551400185,-0.05687367543578148,-0.542984664440155,-0.13439670205116272,-0.0027716318145394325,0.011593935079872608,0.2363109290599823,0.11939255893230438,0.1769426465034485,-2.1836798191070557,0.19198527932167053,3.750343084335327,0.32345619797706604,3.84586238861084,-0.8817239999771118,0.2219218909740448,0.6959084272384644,0.5166877508163452,0.04418376088142395,-0.11543643474578857,-0.38848137855529785,-0.27253448963165283,0.20512863993644714,-0.2994787395000458,0.0569593645632267,-0.17382562160491943,0.19539912045001984,-0.2316768765449524,-0.10065454244613647,0.10721731930971146,0.025237565860152245,0.2064814418554306,-0.0565296970307827,-0.005572441034018993,0.1377987414598465,0.06794031709432602
6.38333366625011,380,-195.260986328125,-200.0,-110.1663589477539,-50.0,15.598159790039062,-50.0,30.076080322265625,-10.8984375,100.0,100.0,-100.0,100.0,-300.0,-300.0,257.41717529296875,300.0,300.0,300.0,0.0,0.0,0.0,0.0,57.06005859375,-150.0,-150.0,-128.88902282714844,150.0,150.0,-0.06035253405570984,-0.15691760182380676,0.10282879322767258,0.645099937915802,0.004560085479170084,0.065328449010849,-0.0004496337496675551,-0.05714086815714836,-0.5348713397979736,-0.13034655153751373,0.0014795833267271519,0.01495733205229044,0.2235993593931198,0.11244042962789536,0.09953957796096802,-1.858849048614502,0.12208838760852814,2.7744016647338867,0.261695921421051,3.2860119342803955,-0.7596776485443115,0.05732596293091774,0.5421550869941711,0.27116551995277405,0.22498644888401031,0.31361278891563416,-1.3550183773040771,-0.2576030492782593,0.20999188721179962,-0.27238017320632935,0.12008164077997208,-0.17179781198501587,0.20340277254581451,-0.221483051776886,-0.11670015752315521,0.15338560938835144,0.03409968316555023,0.10101817548274994,-0.1123928502202034,0.03349026292562485,0.1051919087767601,0.07662627100944519
6.400000333786011,381,-200.0,-200.0,-200.0,-6.531246185302734,-31.350006103515625,-32.023868560791016,100.0,100.0,-100.0,100.0,100.0,100.0,239.95005798339844,117.46826171875,98.82431030273438,300.0,300.0,186.56756591796875,0.0,0.0,0.0,0.0,-62.944305419921875,-9.4951171875,-38.190185546875,-143.14044189453125,150.0,-150.0,-0.06257758289575577,-0.2125987708568573,0.10718317329883575,0.7166928052902222,0.009237414225935936,0.0849389135837555,-0.023889025673270226,-0.0538204051554203,-0.5289259552955627,-0.12189364433288574,-0.0034792458172887564,0.018271390348672867,0.2051924467086792,0.11632468551397324,-0.27704283595085144,-3.1675071716308594,0.17081017792224884,4.54665994644165,0.3196461498737335,1.0983065366744995,-1.297082781791687,0.3588475286960602,0.7463729977607727,0.4435420334339142,-0.2744995951652527,0.2929089069366455,-1.6356470584869385,0.43112480640411377,0.20999188721179962,-0.27238017320632935,0.12008164077997208,-0.17179781198501587,0.20340277254581451,-0.221483051776886,-0.11670015752315521,0.15338560938835144,0.03409968316555023,0.10101817548274994,-0.1123928502202034,0.03349026292562485,0.1051919087767601,0.07662627100944519
6.416667001321912,382,200.0,-200.0,-200.0,-50.0,-50.0,-23.157501220703125,100.0,100.0,-100.0,100.0,47.24853515625,-100.0,-43.214813232421875,-300.0,-300.0,300.0,300.0,-40.9364013671875,0.0,0.0,0.0,0.0,122.57476806640625,-150.0,150.0,-116.91969299316406,150.0,-150.0,-0.06472701579332352,-0.2607897222042084,0.11053305119276047,0.7867964506149292,0.014151155017316341,0.10147234797477722,-0.04365133121609688,-0.05172363296151161,-0.5172586441040039,-0.1168316975235939,-0.0027503399178385735,0.020769689232110977,0.19224782288074493,0.12116339802742004,-0.22141198813915253,-2.7312722206115723,0.11414748430252075,4.142105579376221,0.2818942666053772,0.9297969341278076,-1.1156057119369507,0.24495193362236023,0.9694796800613403,0.36838796734809875,0.04810503125190735,0.2898291349411011,-1.1661980152130127,0.42003634572029114,0.19227288663387299,-0.2912742495536804,0.0852053090929985,-0.1812601089477539,0.22360052168369293,-0.23881694674491882,-0.06344552338123322,0.0983453318476677,0.050646841526031494,0.035075750201940536,-0.08730915188789368,0.03776692971587181,0.2241612821817398,0.05887920409440994
6.433333668857813,383,-200.0,-200.0,-200.0,0.93304443359375,-20.77786636352539,-15.65687370300293,100.0,94.832763671875,-100.0,100.0,21.08984375,95.68597412109375,204.58294677734375,39.33251953125,84.30517578125,300.0,300.0,69.39736938476562,0.0,0.0,0.0,0.0,-68.57797241210938,-9.57122802734375,-33.444091796875,-99.9027099609375,150.0,-150.0,-0.06744611263275146,-0.32046377658843994,0.10964924097061157,0.8588535785675049,0.020722752436995506,0.09654819220304489,-0.05500025302171707,-0.050638046115636826,-0.513671338558197,-0.11188653856515884,-0.0024445883464068174,0.02560335397720337,0.18095186352729797,0.12070167064666748,-0.33838391304016113,-3.348374843597412,-0.13919581472873688,4.275683403015137,0.3829905092716217,-0.283723384141922,-0.6398776769638062,0.12606962025165558,0.5428268313407898,0.25474679470062256,-0.09909438341856003,0.22664238512516022,-1.0479190349578857,0.10420408844947815,0.19227288663387299,-0.2912742495536804,0.0852053090929985,-0.1812601089477539,0.22360052168369293,-0.23881694674491882,-0.06344552338123322,0.0983453318476677,0.050646841526031494,0.035075750201940536,-0.08730915188789368,0.03776692971587181,0.2241612821817398,0.05887920409440994
6.450000336393714,384,-200.0,-200.0,-200.0,-20.35271644592285,-18.505828857421875,-50.0,98.62115478515625,100.0,100.0,100.0,-100.0,-55.9609375,-50.894287109375,-300.0,-300.0,300.0,300.0,125.66114807128906,0.0,0.0,0.0,0.0,150.0,-150.0,-150.0,-150.0,150.0,-127.07141876220703,-0.07076738774776459,-0.37114977836608887,0.10804395377635956,0.9167358875274658,0.026417894288897514,0.09217853099107742,-0.06498095393180847,-0.0518968440592289,-0.5070474147796631,-0.11198414862155914,-0.002380616730079055,0.02664068341255188,0.17148171365261078,0.11886042356491089,-0.357003778219223,-2.838724374771118,-0.15804487466812134,3.1514718532562256,0.327311635017395,-0.24243301153182983,-0.5450958609580994,-0.04944835603237152,0.5439609885215759,0.07709866762161255,-0.009503565728664398,0.3472774624824524,-1.0894479751586914,0.013305030763149261,0.17165912687778473,-0.24056194722652435,0.07892436534166336,-0.19005902111530304,0.2276373952627182,-0.23576942086219788,-0.0548962764441967,0.14805202186107635,0.08076677471399307,-0.033317822962999344,-0.12087477743625641,0.011106071062386036,0.21537823975086212,0.07813844829797745
6.466667003929615,385,-200.0,-200.0,-200.0,-19.785015106201172,19.387544631958008,-34.4732666015625,100.0,100.0,-100.0,100.0,70.13037109375,100.0,285.5560302734375,25.462890625,-61.90423583984375,300.0,300.0,234.1990509033203,0.0,0.0,0.0,0.0,-104.50372314453125,-18.9739990234375,-47.31683349609375,-150.0,150.0,-150.0,-0.07517509907484055,-0.43604782223701477,0.10292695462703705,0.9707130789756775,0.03552618250250816,0.06889478862285614,-0.08069045841693878,-0.047933973371982574,-0.5101731419563293,-0.11263129115104675,-0.0027549623046070337,0.027966707944869995,0.15897691249847412,0.12324723601341248,-0.5086655020713806,-3.666315793991089,-0.32870057225227356,3.152686595916748,0.5817225575447083,-1.3120462894439697,-0.8395339250564575,0.3587867319583893,0.20218393206596375,0.020425282418727875,-0.12899139523506165,0.3584626317024231,-1.1467695236206055,0.5763863325119019,0.17165912687778473,-0.24056194722652435,0.07892436534166336,-0.19005902111530304,0.2276373952627182,-0.23576942086219788,-0.0548962764441967,0.14805202186107635,0.08076677471399307,-0.033317822962999344,-0.12087477743625641,0.011106071062386036,0.21537823975086212,0.07813844829797745
6.483333671465516,386,-200.0,-200.0,-200.0,-50.0,-50.0,-26.370697021484375,-100.0,100.0,100.0,100.0,-100.0,-100.0,300.0,-300.0,0.22344970703125,300.0,300.0,300.0,0.0,0.0,0.0,0.0,-150.0,-150.0,150.0,-150.0,150.0,-150.0,-0.07977381348609924,-0.492112398147583,0.09802256524562836,1.0099456310272217,0.043778181076049805,0.048907890915870667,-0.09389258921146393,-0.04326222464442253,-0.5089882612228394,-0.11398537456989288,-0.002856549806892872,0.028936516493558884,0.14942994713783264,0.12860289216041565,-0.47952622175216675,-3.1324214935302734,-0.33717477321624756,2.041900157928467,0.5153733491897583,-1.119600534439087,-0.7110854387283325,0.3040304481983185,0.251284658908844,-0.09402546286582947,0.00014869868755340576,0.26022857427597046,-0.9777064919471741,0.38511621952056885,0.17037005722522736,-0.23163218796253204,0.08011797815561295,-0.18050813674926758,0.22027719020843506,-0.22955942153930664,-0.01146170124411583,0.12727807462215424,0.06759262830018997,-0.07761947065591812,-0.09210138022899628,0.0030764928087592125,0.26151490211486816,0.07641236484050751
6.500000339001417,387,-200.0,-200.0,-200.0,-38.3298454284668,-14.325613975524902,-22.21076202392578,100.0,100.0,-100.0,100.0,-55.3642578125,5.9036865234375,276.02618408203125,60.52978515625,6.0599365234375,300.0,300.0,300.0,0.0,0.0,0.0,0.0,-118.91473388671875,-16.66357421875,-40.878692626953125,-150.0,150.0,-150.0,-0.08186906576156616,-0.5521971583366394,0.09438716620206833,1.0400876998901367,0.04831647127866745,0.01924085058271885,-0.09916228801012039,-0.03622119501233101,-0.5125150084495544,-0.11331058293581009,-0.0032858671620488167,0.031072530895471573,0.1398887187242508,0.1283968985080719,-0.3718610405921936,-3.377427816390991,-0.30421629548072815,1.7004724740982056,0.32843634486198425,-1.6680537462234497,-0.2586815357208252,0.44311976432800293,0.12426051497459412,-0.04534963145852089,-0.0995897650718689,0.281486451625824,-0.9881680607795715,0.13539649546146393,0.17037005722522736,-0.23163218796253204,0.08011797815561295,-0.18050813674926758,0.22027719020843506,-0.22955942153930664,-0.01146170124411583,0.12727807462215424,0.06759262830018997,-0.07761947065591812,-0.09210138022899628,0.0030764928087592125,0.26151490211486816,0.07641236484050751
6.516667006537318,388,-200.0,-200.0,-200.0,-50.0,-4.1009674072265625,-37.48262023925781,49.514404296875,100.0,-100.0,100.0,-100.0,-100.0,300.0,-300.0,278.97210693359375,300.0,300.0,300.0,0.0,0.0,0.0,0.0,-94.26251220703125,-150.0,150.0,-150.0,150.0,-150.0,-0.08484426885843277,-0.6038452982902527,0.09030093997716904,1.0560775995254517,0.05213010683655739,-0.006188256200402975,-0.1038021594285965,-0.029728682711720467,-0.5122095942497253,-0.11395346373319626,-0.0033967618364840746,0.03204944729804993,0.13110016286373138,0.12945924699306488,-0.3827374279499054,-2.8866117000579834,-0.2982345521450043,0.6716132164001465,0.2850815951824188,-1.4266340732574463,-0.22391796112060547,0.40519922971725464,0.1870587170124054,-0.07272730767726898,0.01115022599697113,0.22858849167823792,-0.8942722678184509,0.16521894931793213,0.17784222960472107,-0.2142559438943863,0.09932925552129745,-0.16862493753433228,0.21709273755550385,-0.21840178966522217,-0.00449339859187603,0.13260242342948914,0.06914865970611572,-0.12414209544658661,-0.06737878173589706,-0.005987378768622875,0.28030112385749817,0.06945892423391342
6.533333674073219,389,-200.0,-200.0,-200.0,-27.999217987060547,-50.0,-9.749626159667969,100.0,100.0,-100.0,100.0,-28.710205078125,0.6204833984375,252.59738159179688,121.64306640625,165.91668701171875,300.0,300.0,300.0,0.0,0.0,0.0,0.0,-136.98684692382812,-18.0556640625,-39.197959899902344,-150.0,150.0,-150.0,-0.08280850201845169,-0.6509637832641602,0.08898055553436279,1.0610295534133911,0.05534309893846512,-0.04105720296502113,-0.10257348418235779,-0.02005942352116108,-0.5101119875907898,-0.11295651644468307,-0.0038313691038638353,0.031067438423633575,0.12163352966308594,0.12471345067024231,-0.07787573337554932,-2.6746506690979004,-0.21925774216651917,0.1733010709285736,0.290235698223114,-1.9570285081863403,0.11915624886751175,0.5422208309173584,0.4021093249320984,-0.02463570237159729,-0.05590823292732239,0.30687233805656433,-1.0134212970733643,-0.0821065604686737,0.17784222960472107,-0.2142559438943863,0.09932925552129745,-0.16862493753433228,0.21709273755550385,-0.21840178966522217,-0.00449339859187603,0.13260242342948914,0.06914865970611572,-0.12414209544658661,-0.06737878173589706,-0.005987378768622875,0.28030112385749817,0.06945892423391342
6.55000034160912,390,-53.3658447265625,-200.0,-186.87353515625,-50.0,8.479652404785156,0.22757720947265625,-100.0,100.0,-100.0,100.0,-100.0,-100.0,300.0,300.0,-300.0,300.0,300.0,300.0,0.0,0.0,0.0,0.0,-132.38790893554688,-150.0,150.0,-150.0,150.0,-150.0,-0.08176488429307938,-0.691871166229248,0.08736952394247055,1.0534343719482422,0.05807049944996834,-0.07092606276273727,-0.10155698657035828,-0.010813822969794273,-0.504656970500946,-0.1116136685013771,-0.00410494627431035,0.03152979537844658,0.1112147867679596,0.12285955250263214,-0.09687270224094391,-2.3034796714782715,-0.1965789496898651,-0.6656200289726257,0.25198960304260254,-1.6707943677902222,0.09553088992834091,0.5627946257591248,0.4985920786857605,0.01024927943944931,0.003807438537478447,0.16240471601486206,-0.9449930191040039,0.003840237855911255,0.1618535816669464,-0.20396430790424347,0.126924529671669,-0.16569426655769348,0.21392694115638733,-0.19721746444702148,0.023638788610696793,0.1311417669057846,0.06848414987325668,-0.17017671465873718,-0.018232574686408043,-0.02169964462518692,0.2897566258907318,0.05661724507808685
6.566667009145021,391,-200.0,-200.0,-200.0,-47.75837707519531,-50.0,-9.627395629882812,100.0,100.0,-100.0,100.0,-59.3740234375,-100.0,300.0,187.38330078125,206.9664306640625,300.0,300.0,300.0,0.0,0.0,0.0,0.0,-150.0,-26.20166015625,-33.890869140625,-150.0,150.0,-150.0,-0.07691162824630737,-0.7240766882896423,0.08232574164867401,1.0360026359558105,0.060241322964429855,-0.10950898379087448,-0.0904141515493393,0.0006111018010415137,-0.49322590231895447,-0.10997045040130615,-0.004476533271372318,0.029049772769212723,0.10070739686489105,0.1177939623594284,0.08472209423780441,-1.8416566848754883,-0.44169318675994873,-1.1403448581695557,0.26932603120803833,-2.149203062057495,0.67914217710495,0.6190578937530518,0.8931799530982971,0.003835335373878479,-0.027386851608753204,0.2138274610042572,-1.0054957866668701,-0.12906138598918915,0.1618535816669464,-0.20396430790424347,0.126924529671669,-0.16569426655769348,0.21392694115638733,-0.19721746444702148,0.023638788610696793,0.1311417669057846,0.06848414987325668,-0.17017671465873718,-0.018232574686408043,-0.02169964462518692,0.2897566258907318,0.05661724507808685
6.5833336766809225,392,105.2347412109375,-200.0,200.0,-50.0,-50.0,-47.61753845214844,-100.0,100.0,-100.0,100.0,-100.0,-100.0,300.0,300.0,-167.1688232421875,300.0,300.0,300.0,0.0,0.0,0.0,0.0,-150.0,-150.0,150.0,-150.0,150.0,-150.0,-0.0722535103559494,-0.7522072196006775,0.07768947631120682,1.008404016494751,0.062260497361421585,-0.1424231380224228,-0.08081893622875214,0.010913646779954433,-0.4795195162296295,-0.10742010176181793,-0.004515547305345535,0.029132407158613205,0.08883892744779587,0.11553879827260971,0.09277061372995377,-1.584335207939148,-0.3964273929595947,-1.7879712581634521,0.26129743456840515,-1.8282378911972046,0.5801268219947815,0.5937910079956055,0.990251898765564,0.07393372058868408,0.0013900138437747955,0.16742387413978577,-1.0223593711853027,-0.013463571667671204,0.14865988492965698,-0.19483976066112518,0.15824779868125916,-0.1621195673942566,0.2023323029279709,-0.16678869724273682,0.034445490688085556,0.1465766876935959,0.06634936481714249,-0.19846081733703613,0.01617303304374218,-0.03880877420306206,0.28945082426071167,0.03201737999916077
6.600000344216824,393,-19.46990966796875,-200.0,-200.0,-29.437881469726562,-50.0,-7.526298522949219,100.0,100.0,-100.0,100.0,-59.681640625,-100.0,300.0,264.17919921875,230.00128173828125,300.0,300.0,300.0,0.0,0.0,0.0,0.0,-150.0,-26.36083984375,-33.5274658203125,-150.0,150.0,-150.0,-0.06588567793369293,-0.7703496217727661,0.07047446072101593,0.9717748761177063,0.06373262405395508,-0.17855298519134521,-0.06544222682714462,0.021071668714284897,-0.45753222703933716,-0.10289222747087479,-0.005086596589535475,0.025767136365175247,0.07525438815355301,0.11324360966682434,0.17456430196762085,-1.0322543382644653,-0.5553414225578308,-2.298868417739868,0.2571423053741455,-2.0016400814056396,0.9094986915588379,0.5590559244155884,1.4454513788223267,0.18026845157146454,-0.010590838268399239,0.15921670198440552,-1.0820987224578857,-0.0033430904150009155,0.14865988492965698,-0.19483976066112518,0.15824779868125916,-0.1621195673942566,0.2023323029279709,-0.16678869724273682,0.034445490688085556,0.1465766876935959,0.06634936481714249,-0.19846081733703613,0.01617303304374218,-0.03880877420306206,0.28945082426071167,0.03201737999916077
6.616667011752725,394,200.0,-200.0,200.0,-50.0,-50.0,-50.0,-100.0,100.0,-100.0,100.0,-100.0,-100.0,300.0,300.0,126.36328125,300.0,300.0,300.0,0.0,0.0,0.0,0.0,-150.0,-90.5897216796875,150.0,-150.0,150.0,-150.0,-0.05929625406861305,-0.7858811616897583,0.06422361731529236,0.9263340830802917,0.06499799340963364,-0.20925326645374298,-0.052282292395830154,0.029681578278541565,-0.4350384473800659,-0.09727676957845688,-0.0046891113743186,0.026187917217612267,0.061100222170352936,0.11359946429729462,0.20671187341213226,-0.868543803691864,-0.49228936433792114,-2.792546033859253,0.2545131742954254,-1.6956737041473389,0.7786517143249512,0.5051717162132263,1.4983937740325928,0.25683265924453735,0.004598360508680344,0.21092036366462708,-1.1148817539215088,0.1164444088935852,0.14505624771118164,-0.18691760301589966,0.16584348678588867,-0.1578473597764969,0.19183985888957977,-0.1266418993473053,0.035773418843746185,0.1616230309009552,0.05898168683052063,-0.20143429934978485,0.044613275676965714,-0.033526282757520676,0.3005865514278412,0.0018262667581439018
6.633333679288626,395,200.0,-200.0,200.0,-2.73016357421875,-50.0,7.69439697265625,100.0,32.240234375,-100.0,100.0,74.38671875,-100.0,300.0,276.25042724609375,289.36260986328125,300.0,300.0,181.68829345703125,0.0,0.0,0.0,0.0,-150.0,-23.0257568359375,-28.263916015625,-150.0,150.0,-150.0,-0.05112966150045395,-0.7913170456886292,0.05789215490221977,0.8682820796966553,0.06492488831281662,-0.2362988144159317,-0.03513483330607414,0.038327381014823914,-0.40755367279052734,-0.08971858769655228,-0.00466568348929286,0.022761236876249313,0.046571921557188034,0.11182955652475357,0.3030308485031128,-0.28340619802474976,-0.5238038897514343,-3.6949539184570312,0.19276505708694458,-1.484178900718689,0.9989321231842041,0.4911537170410156,1.667423963546753,0.35593730211257935,0.02179834432899952,0.10947415232658386,-1.144116759300232,-0.008330024778842926,0.14505624771118164,-0.18691760301589966,0.16584348678588867,-0.1578473597764969,0.19183985888957977,-0.1266418993473053,0.035773418843746185,0.1616230309009552,0.05898168683052063,-0.20143429934978485,0.044613275676965714,-0.033526282757520676,0.3005865514278412,0.0018262667581439018
6.650000346824527,396,200.0,-200.0,200.0,17.098236083984375,-50.0,-50.0,100.0,-100.0,-100.0,100.0,-100.0,-100.0,300.0,-112.3338623046875,300.0,300.0,300.0,117.43975830078125,0.0,0.0,0.0,0.0,-150.0,150.0,150.0,-150.0,150.0,-150.0,-0.043422210961580276,-0.7952588200569153,0.05233805254101753,0.7979459166526794,0.06481775641441345,-0.25918716192245483,-0.020515017211437225,0.045209769159555435,-0.3838357925415039,-0.08177982270717621,-0.003970715682953596,0.025122210383415222,0.031483955681324005,0.11185954511165619,0.2995307445526123,-0.26289138197898865,-0.45654296875,-4.300164699554443,0.19041503965854645,-1.2568007707595825,0.854290246963501,0.42606121301651,1.4468721151351929,0.3385750651359558,0.007555410265922546,0.7654281854629517,-1.0517438650131226,-0.07659924030303955,0.17671048641204834,-0.14814482629299164,0.16549645364284515,-0.15636086463928223,0.1685248762369156,-0.11877398937940598,-0.010397160425782204,0.16851577162742615,0.026093848049640656,-0.1914694905281067,0.059211477637290955,-0.039739832282066345,0.2819580137729645,0.0017687873914837837
6.666667014360428,397,200.0,-200.0,200.0,50.0,-50.0,5.6205596923828125,40.1650390625,-100.0,-98.957763671875,100.0,-100.0,-100.0,-122.5496826171875,295.3287353515625,300.0,300.0,300.0,300.0,0.0,0.0,0.0,0.0,-150.0,-19.3675537109375,-60.57611083984375,-150.0,150.0,-150.0,-0.030578147619962692,-0.8030234575271606,0.05505682900547981,0.7216756939888,0.059195809066295624,-0.27572399377822876,-0.004708890803158283,0.05853136628866196,-0.36518827080726624,-0.07545168697834015,-0.004050819668918848,0.02091388776898384,0.018146978691220284,0.10972178727388382,0.6888380646705627,-0.42241349816322327,-0.11956796795129776,-4.654461860656738,-0.10151772946119308,-0.9018088579177856,0.9266996383666992,0.7369449734687805,1.1841732263565063,0.1452067345380783,-0.06338182091712952,0.346339613199234,-0.9796835780143738,-0.1477137804031372,0.17671048641204834,-0.14814482629299164,0.16549645364284515,-0.15636086463928223,0.1685248762369156,-0.11877398937940598,-0.010397160425782204,0.16851577162742615,0.026093848049640656,-0.1914694905281067,0.059211477637290955,-0.039739832282066345,0.2819580137729645,0.0017687873914837837
6.683333681896329,398,200.0,-200.0,99.2435302734375,-50.0,-50.0,-50.0,-100.0,-100.0,-100.0,100.0,-100.0,-100.0,300.0,300.0,300.0,300.0,300.0,300.0,0.0,0.0,0.0,0.0,-150.0,150.0,88.578857421875,-150.0,150.0,-150.0,-0.020833956077694893,-0.8083531856536865,0.05748780816793442,0.6363460421562195,0.055052414536476135,-0.28972476720809937,0.008622071705758572,0.07050435990095139,-0.3494693636894226,-0.07086028903722763,-0.0038973039481788874,0.01744878478348255,0.0056071956641972065,0.10652086138725281,0.5508087277412415,-0.304392546415329,-0.08659649640321732,-5.184537410736084,-0.0788840800523758,-0.7637068629264832,0.8037096858024597,0.6648600697517395,1.0252904891967773,0.10223005712032318,-0.013228032737970352,0.4169757664203644,-0.9597415924072266,-0.20972561836242676,0.17272233963012695,-0.1414041370153427,0.1508939117193222,-0.15643493831157684,0.21947471797466278,-0.10939162224531174,-0.00890607200562954,0.16664394736289978,-0.0029338058084249496,-0.17607353627681732,0.06927274912595749,-0.02612125128507614,0.29356563091278076,-0.0015105949714779854
6.70000034943223,399,-39.4862060546875,-200.0,200.0,-20.233230590820312,-50.0,0.468505859375,-100.0,-100.0,100.0,100.0,-64.58056640625,-100.0,289.6148681640625,300.0,300.0,166.699951171875,300.0,104.267578125,0.0,0.0,0.0,0.0,-150.0,1.29388427734375,-93.66912841796875,-150.0,150.0,-150.0,-6.947770543774823e-06,-0.8006944060325623,0.05930710956454277,0.5244491100311279,0.04709019511938095,-0.29754576086997986,0.022401602938771248,0.09038716554641724,-0.3314409852027893,-0.06408879160881042,-0.005087499041110277,0.012879915535449982,-0.007962178438901901,0.10376838594675064,1.1399331092834473,0.4923316240310669,-0.3840181827545166,-7.120896816253662,-0.31562817096710205,-0.406040757894516,0.8249557614326477,1.0751616954803467,0.904976487159729,0.16809982061386108,0.04342373088002205,0.3100511431694031,-0.9414492249488831,-0.15165740251541138,0.17272233963012695,-0.1414041370153427,0.1508939117193222,-0.15643493831157684,0.21947471797466278,-0.10939162224531174,-0.00890607200562954,0.16664394736289978,-0.0029338058084249496,-0.17607353627681732,0.06927274912595749,-0.02612125128507614,0.29356563091278076,-0.0015105949714779854
6.716667016968131,400,200.0,-200.0,200.0,-23.870330810546875,-50.0,-50.0,100.0,-100.0,-100.0,100.0,-100.0,-100.0,300.0,300.0,300.0,2.07861328125,-300.0,282.3327331542969,0.0,0.0,0.0,0.0,-150.0,150.0,-56.580322265625,-150.0,150.0,-150.0,0.01866755820810795,-0.79072105884552,0.06014207378029823,0.39594876766204834,0.04021001607179642,-0.3037497103214264,0.03374746814370155,0.10553183406591415,-0.32143062353134155,-0.05779799446463585,-0.004021524917334318,0.014443069696426392,-0.02157861366868019,0.10140607506036758,1.0147236585617065,0.569727897644043,-0.36977335810661316,-7.76064920425415,-0.23912413418293,-0.32107123732566833,0.7303838729858398,0.8287975192070007,0.6413751840591431,0.17086957395076752,0.020132357254624367,0.7321845293045044,-0.986767590045929,-0.18496567010879517,0.1892578899860382,-0.15597179532051086,0.11988934129476547,-0.1462259143590927,0.22585023939609528,-0.10533291846513748,-0.0004402976483106613,0.22306346893310547,-0.049409858882427216,-0.13030299544334412,0.07294346392154694,-0.004243348725140095,0.302004873752594,-0.03126067668199539
6.733333684504032,401,200.0,-200.0,200.0,50.0,-50.0,39.03846740722656,-100.0,-100.0,100.0,100.0,100.0,-100.0,37.9677734375,300.0,300.0,-300.0,-112.43218994140625,-300.0,0.0,0.0,0.0,0.0,-150.0,-20.01898193359375,-150.0,-150.0,150.0,-150.0,0.0449383407831192,-0.7689694166183472,0.06481984257698059,0.24065420031547546,0.02677352912724018,-0.2958301305770874,0.044722314924001694,0.1232561320066452,-0.31232377886772156,-0.0454438142478466,-0.003636272856965661,0.024072060361504555,-0.033044714480638504,0.09359922260046005,1.479218602180481,1.2478340864181519,-0.3392482399940491,-9.720574378967285,-0.5900068879127502,0.4741332232952118,0.7049315571784973,0.9338886737823486,0.39225900173187256,0.5532602667808533,0.11799916625022888,1.256103277206421,-0.916588544845581,-0.31298449635505676,0.1892578899860382,-0.15597179532051086,0.11988934129476547,-0.1462259143590927,0.22585023939609528,-0.10533291846513748,-0.0004402976483106613,0.22306346893310547,-0.049409858882427216,-0.13030299544334412,0.07294346392154694,-0.004243348725140095,0.302004873752594,-0.03126067668199539
6.750000352039933,402,200.0,-200.0,200.0,20.51971435546875,-50.0,50.0,-100.0,-100.0,100.0,100.0,-100.0,-100.0,300.0,300.0,300.0,300.0,-300.0,-217.38763427734375,0.0,0.0,0.0,0.0,146.26116943359375,150.0,59.90484619140625,-150.0,150.0,-150.0,0.06736669689416885,-0.7475034594535828,0.06864900887012482,0.0710461363196373,0.015439516864717007,-0.2888928949832916,0.052944622933864594,0.13515470921993256,-0.31030476093292236,-0.035387348383665085,-0.003431223565712571,0.029377801343798637,-0.04707423225045204,0.08818361163139343,1.274458646774292,1.196192979812622,-0.2823818027973175,-10.196224212646484,-0.480709046125412,0.4196811318397522,0.6405450105667114,0.6820412874221802,0.11285960674285889,0.44397327303886414,-0.012185956351459026,0.5790672898292542,-0.9686627984046936,-0.26898324489593506,0.2083982229232788,-0.12408037483692169,0.06617525964975357,-0.13377255201339722,0.23999935388565063,-0.07597669959068298,0.002691596746444702,0.2435431182384491,-0.018972249701619148,-0.11044669151306152,0.08753851056098938,-0.00225949939340353,0.291914701461792,-0.028981050476431847
6.766667019575834,403,-200.0,-200.0,200.0,50.0,14.44879150390625,40.54878234863281,-100.0,100.0,100.0,100.0,100.0,-100.0,-300.0,300.0,300.0,33.7708740234375,-300.0,-300.0,0.0,0.0,0.0,0.0,-150.0,-18.75567626953125,-86.34967041015625,150.0,150.0,-150.0,0.09417635947465897,-0.7512151002883911,0.08019622415304184,-0.0005784401437267661,0.009823842905461788,-0.2773623466491699,0.061201903969049454,0.1466858983039856,-0.3058639466762543,-0.020470794290304184,0.004064520820975304,0.017999965697526932,-0.060584403574466705,0.08684629946947098,1.7509223222732544,0.020687341690063477,0.041227325797080994,-0.0009929537773132324,-0.1193234845995903,0.6695666313171387,0.6856033802032471,0.8162769079208374,1.7768487930297852,0.5742849111557007,0.31832391023635864,-0.35016340017318726,-1.0413792133331299,-0.023462742567062378,0.2083982229232788,-0.12408037483692169,0.06617525964975357,-0.13377255201339722,0.23999935388565063,-0.07597669959068298,0.002691596746444702,0.2435431182384491,-0.018972249701619148,-0.11044669151306152,0.08753851056098938,-0.00225949939340353,0.291914701461792,-0.028981050476431847
6.783333687111735,404,-200.0,-200.0,200.0,50.0,-50.0,50.0,-100.0,-100.0,100.0,100.0,100.0,15.201171875,-300.0,300.0,137.14492797851562,-300.0,-300.0,-119.95162963867188,0.0,0.0,0.0,0.0,150.0,150.0,37.312255859375,-150.0,150.0,-150.0,0.1176568940281868,-0.7435627579689026,0.08962459117174149,-0.00045037813833914697,0.005292360670864582,-0.2678132951259613,0.07029739022254944,0.157624289393425,-0.28998029232025146,-0.012652971781790257,0.02092009410262108,0.013313309289515018,-0.0856831893324852,0.07580920308828354,1.3506067991256714,0.6385238170623779,-0.07003255933523178,0.011277607642114162,-0.15638497471809387,0.5561864376068115,0.5250959396362305,0.5460922718048096,0.5423789620399475,0.23851020634174347,1.5774482488632202,0.24694526195526123,-1.8044086694717407,-0.6559836268424988,0.18622109293937683,-0.21719415485858917,0.08412200212478638,-0.12903408706188202,0.17210766673088074,-0.05583987385034561,0.06794287264347076,0.18825764954090118,0.09623639285564423,-0.016059216111898422,0.09028604626655579,-0.012218493036925793,0.23704837262630463,-0.06918103247880936
6.800000354647636,405,132.40933227539062,-200.0,200.0,24.889549255371094,-50.0,50.0,-100.0,-100.0,100.0,100.0,100.0,100.0,-300.0,300.0,300.0,-283.5820617675781,-300.0,-300.0,0.0,0.0,0.0,0.0,-132.88824462890625,47.423583984375,150.0,-150.0,150.0,-150.0,0.13233047723770142,-0.709767758846283,0.0915430411696434,-0.00025814969558268785,0.019478814676404,-0.23249849677085876,0.0784580409526825,0.15255562961101532,-0.27195537090301514,-0.0015827827155590057,0.055657438933849335,0.021801834926009178,-0.12213727831840515,0.061092447489500046,0.8119193911552429,2.0576601028442383,-0.3654014766216278,-0.00288178026676178,0.9289639592170715,1.975285291671753,0.33162257075309753,-0.2766484022140503,0.6245651841163635,0.5288711190223694,2.596066951751709,-0.19226157665252686,-1.7466752529144287,-0.8546586632728577,0.18622109293937683,-0.21719415485858917,0.08412200212478638,-0.12903408706188202,0.17210766673088074,-0.05583987385034561,0.06794287264347076,0.18825764954090118,0.09623639285564423,-0.016059216111898422,0.09028604626655579,-0.012218493036925793,0.23704837262630463,-0.06918103247880936
6.8166670221835375,406,-200.0,200.0,200.0,50.0,-50.0,5.825401306152344,-100.0,-100.0,100.0,100.0,100.0,100.0,-300.0,300.0,293.73126220703125,-175.59814453125,-300.0,-255.659423828125,0.0,0.0,0.0,0.0,150.0,150.0,-150.0,150.0,150.0,-150.0,0.14353427290916443,-0.6735031604766846,0.09174119681119919,-0.00017318935715593398,0.03155084699392319,-0.2022162675857544,0.08529899269342422,0.1457066535949707,-0.2716909348964691,0.004183742217719555,0.1101490780711174,0.01855171099305153,-0.15903031826019287,0.04593164473772049,0.6188192367553711,2.1315455436706543,-0.3810148537158966,0.005715401843190193,0.775620698928833,1.6912364959716797,0.26787078380584717,-0.40274283289909363,-0.2560047209262848,0.33073994517326355,3.5282678604125977,-0.44685375690460205,-1.9237931966781616,-0.8658912777900696,0.17423614859580994,-0.22726000845432281,0.05038890615105629,-0.1180788204073906,0.09465128183364868,-0.07558155804872513,0.09569874405860901,0.14172564446926117,0.14200645685195923,0.014617636799812317,0.061329636722803116,0.03031063824892044,0.16326408088207245,-0.044542163610458374
6.8333336897194386,407,-200.0,-200.0,200.0,14.456371307373047,-15.268798828125,50.0,-100.0,-100.0,100.0,100.0,100.0,100.0,-300.0,300.0,300.0,300.0,-300.0,33.34423828125,0.0,0.0,0.0,0.0,-61.385498046875,74.85302734375,150.0,150.0,150.0,51.9071044921875,0.14069800078868866,-0.6144095063209534,0.08954285830259323,-0.00013963528908789158,0.0491938441991806,-0.16805285215377808,0.08493150770664215,0.12822268903255463,-0.279203325510025,0.0047417073510587215,0.2027106136083603,0.011080644093453884,-0.2028360217809677,0.030057890340685844,-0.14827635884284973,3.5693559646606445,-0.36320292949676514,-0.002721131779253483,1.0487186908721924,1.8958455324172974,-0.16570253670215607,-0.9668391346931458,-1.0886428356170654,0.1570248007774353,6.378045558929443,-0.7114277482032776,-2.2587366104125977,-0.9678022861480713,0.17423614859580994,-0.22726000845432281,0.05038890615105629,-0.1180788204073906,0.09465128183364868,-0.07558155804872513,0.09569874405860901,0.14172564446926117,0.14200645685195923,0.014617636799812317,0.061329636722803116,0.03031063824892044,0.16326408088207245,-0.044542163610458374
6.85000035725534,408,-200.0,71.14788818359375,200.0,31.55666732788086,-50.0,50.0,-100.0,-100.0,100.0,100.0,100.0,100.0,-300.0,300.0,300.0,300.0,-300.0,96.70230102539062,0.0,0.0,0.0,0.0,150.0,150.0,-150.0,150.0,150.0,150.0,0.1362810879945755,-0.5556672215461731,0.08649378269910812,-7.096938497852534e-05,0.06416773796081543,-0.1387738287448883,0.08486591279506683,0.11355365812778473,-0.30756738781929016,0.004160691983997822,0.32182592153549194,0.004667685832828283,-0.23077405989170074,0.014303971081972122,-0.20024734735488892,3.4439308643341064,-0.38776761293411255,0.006634432822465897,0.9090756773948669,1.6147693395614624,-0.11296681314706802,-0.8194898962974548,-1.9329512119293213,0.20114141702651978,7.3179144859313965,-0.41412925720214844,-1.4270917177200317,-0.9345129728317261,0.19777122139930725,-0.23187954723834991,0.030423123389482498,-0.11354541778564453,0.0920669287443161,-0.08665552735328674,0.10654675960540771,0.10903508216142654,0.16086891293525696,0.04640532657504082,0.03061469830572605,0.08478862047195435,0.09539363533258438,-0.029281290248036385
6.866667024791241,409,-200.0,-15.823699951171875,200.0,11.66318130493164,0.478179931640625,50.0,-100.0,-100.0,100.0,100.0,100.0,100.0,-300.0,152.47802734375,162.7491455078125,300.0,162.6220703125,-126.96279907226562,0.0,0.0,0.0,0.0,-61.95867919921875,85.56298828125,146.704345703125,150.0,150.0,21.23480224609375,0.12155184894800186,-0.49682992696762085,0.08982823044061661,-8.40594366309233e-05,0.08016713708639145,-0.10493785887956619,0.0783030241727829,0.09377884864807129,-0.3462965190410614,0.0034160749055445194,0.45734864473342896,-0.0023292661644518375,-0.24649323523044586,0.00670265406370163,-0.6370240449905396,3.512770652770996,0.10454334318637848,0.007998218759894371,0.9370130300521851,1.8656290769577026,-0.48359209299087524,-1.0171496868133545,-2.5509936809539795,0.3387106657028198,8.332928657531738,-0.6424713134765625,-0.19883129000663757,-0.49440136551856995,0.19777122139930725,-0.23187954723834991,0.030423123389482498,-0.11354541778564453,0.0920669287443161,-0.08665552735328674,0.10654675960540771,0.10903508216142654,0.16086891293525696,0.04640532657504082,0.03061469830572605,0.08478862047195435,0.09539363533258438,-0.029281290248036385
6.883333692327142,410,200.0,-200.0,-200.0,50.0,50.0,50.0,100.0,100.0,-100.0,-100.0,13.5947265625,100.0,-300.0,300.0,300.0,-133.152587890625,-300.0,-300.0,0.0,0.0,0.0,0.0,150.0,150.0,-12.255859375,150.0,150.0,-150.0,0.11733173578977585,-0.46937498450279236,0.10412441194057465,-0.015591282397508621,-0.008766695857048035,-0.08611312508583069,0.08971915394067764,0.08568749576807022,-0.3912825286388397,0.009098991751670837,0.5883421897888184,-0.006886390969157219,-0.23303014039993286,-0.00480745080858469,0.27350789308547974,0.5804923176765442,0.6383613348007202,0.7181546092033386,-4.83132266998291,1.655310034751892,0.3259991407394409,-0.37833741307258606,-1.5997200012207031,0.8037165999412537,7.134359836578369,-0.524056077003479,2.0634360313415527,-0.06879407167434692,0.2608584463596344,-0.26936036348342896,-0.1212642639875412,-0.09691796451807022,0.22865310311317444,-0.15414690971374512,0.05170021578669548,0.08518549799919128,0.12752088904380798,0.05257921293377876,0.08683858811855316,0.025394026190042496,0.09482643753290176,-0.111835777759552
6.900000359863043,411,-200.0,-200.0,-32.1890869140625,-50.0,-50.0,20.825759887695312,-100.0,-100.0,100.0,100.0,-100.0,100.0,-300.0,300.0,300.0,-300.0,-300.0,-300.0,0.0,0.0,0.0,0.0,150.0,-150.0,150.0,-150.0,-150.0,-150.0,0.12194136530160904,-0.4584117531776428,0.12257710099220276,0.0022964889649301767,-0.04859288036823273,0.05849907174706459,0.0826626569032669,0.09620407968759537,-0.4523144066333771,0.028374332934617996,0.746399462223053,0.004819110035896301,-0.17227999866008759,-0.026523714885115623,0.04326269030570984,1.5106793642044067,0.4284406900405884,-0.009303867816925049,-0.528351366519928,6.789973735809326,-1.3013291358947754,0.604115903377533,-3.924931764602661,1.104413628578186,9.97528076171875,0.8571353554725647,4.965620040893555,-0.6728484630584717,0.2608584463596344,-0.26936036348342896,-0.1212642639875412,-0.09691796451807022,0.22865310311317444,-0.15414690971374512,0.05170021578669548,0.08518549799919128,0.12752088904380798,0.05257921293377876,0.08683858811855316,0.025394026190042496,0.09482643753290176,-0.111835777759552
6.916667027398944,412,200.0,-200.0,-200.0,50.0,0.64434814453125,-50.0,100.0,-100.0,100.0,-100.0,-100.0,100.0,-300.0,-230.52734375,300.0,300.0,-300.0,-300.0,0.0,0.0,0.0,0.0,150.0,-150.0,150.0,150.0,-150.0,150.0,0.12257608771324158,-0.43474873900413513,0.12456081062555313,0.0010888184187933803,-0.04815058410167694,0.15203030407428741,0.05023624747991562,0.10067739337682724,-0.5224612355232239,0.04366622492671013,0.9095374345779419,0.00391825195401907,-0.1207083985209465,-0.04824360832571983,0.14861273765563965,1.4859979152679443,0.06271304190158844,-0.016886569559574127,-0.10505655407905579,4.640281677246094,-1.4929066896438599,0.11392354965209961,-4.228405952453613,0.9395226836204529,9.902098655700684,0.34796714782714844,2.889528512954712,-0.9973587393760681,0.25601354241371155,-0.1486106514930725,-0.11456374824047089,-0.14990800619125366,0.1862076222896576,-0.061744675040245056,0.03343462944030762,0.16400626301765442,0.13788557052612305,0.060405995696783066,0.012659053318202496,0.0671074390411377,0.001184073043987155,-0.02176605723798275
6.933333694934845,413,97.9803466796875,-200.0,-33.28167724609375,50.0,50.0,46.421104431152344,-100.0,100.0,100.0,-100.0,-100.0,-89.6531982421875,-300.0,300.0,300.0,300.0,98.80078125,71.59832763671875,0.0,0.0,0.0,0.0,150.0,109.7640380859375,150.0,-140.27227783203125,-150.0,-136.72422790527344,0.12086514383554459,-0.42758646607398987,0.13162055611610413,0.004146167542785406,-0.05436881259083748,0.18606418371200562,0.01960364170372486,0.10010963678359985,-0.607022762298584,0.027432173490524292,1.0569322109222412,0.009779926389455795,-0.09745939821004868,-0.046523358672857285,0.12887388467788696,0.5521275997161865,0.4202059507369995,0.13093815743923187,-0.03081125020980835,-0.7967171669006348,-1.6649954319000244,-0.20497485995292664,-4.9675984382629395,-0.6198831796646118,8.190762519836426,0.7273588180541992,1.3746943473815918,0.2806364893913269,0.25601354241371155,-0.1486106514930725,-0.11456374824047089,-0.14990800619125366,0.1862076222896576,-0.061744675040245056,0.03343462944030762,0.16400626301765442,0.13788557052612305,0.060405995696783066,0.012659053318202496,0.0671074390411377,0.001184073043987155,-0.02176605723798275
6.950000362470746,414,-200.0,-200.0,200.0,50.0,50.0,50.0,-100.0,-100.0,100.0,100.0,100.0,-100.0,-300.0,300.0,300.0,300.0,300.0,-257.66754150390625,0.0,0.0,0.0,0.0,150.0,150.0,150.0,150.0,-150.0,150.0,0.11559997498989105,-0.41814231872558594,0.13885566592216492,-0.0007560345693491399,-0.05305219441652298,0.16962319612503052,-0.0030973819084465504,0.09742338210344315,-0.6832225322723389,0.01288345456123352,1.1628468036651611,0.018445676192641258,-0.07802420109510422,-0.042837243527173996,-0.6061303615570068,0.5491082668304443,0.34605348110198975,-0.2506088316440582,0.6911264061927795,-1.7468373775482178,-1.4205626249313354,-0.7999781966209412,-4.376193523406982,-0.42904189229011536,5.698920249938965,0.4996359348297119,1.0618798732757568,0.2663262188434601,0.26922711730003357,-0.1594962477684021,-0.10520423203706741,-0.1587258279323578,0.16119444370269775,-0.04859662428498268,-0.014165909960865974,0.12540824711322784,0.11486160755157471,0.04974754527211189,-0.017835671082139015,0.15646207332611084,0.006095130927860737,0.04262301325798035
6.966667030006647,415,-200.0,-200.0,-200.0,-50.0,-50.0,-5.2754058837890625,-100.0,100.0,100.0,100.0,-100.0,100.0,-300.0,300.0,-300.0,300.0,-300.0,83.78045654296875,0.0,0.0,0.0,0.0,150.0,150.0,150.0,-2.1270751953125,-81.58404541015625,-7.56878662109375,0.10707661509513855,-0.40050750970840454,0.15513135492801666,-0.002676233882084489,-0.05978591367602348,0.15394967794418335,-0.012251416221261024,0.09518100321292877,-0.7275283336639404,0.0001449579285690561,1.2365823984146118,0.038902800530195236,-0.06360222399234772,-0.027558162808418274,-0.290511816740036,1.179624319076538,0.9344109296798706,0.01830364763736725,-0.058101773262023926,-0.9336066246032715,-0.46684324741363525,-0.2909078598022461,-2.40720534324646,-0.500303328037262,4.073071479797363,1.2512950897216797,0.8242357969284058,0.8773161172866821,0.26922711730003357,-0.1594962477684021,-0.10520423203706741,-0.1587258279323578,0.16119444370269775,-0.04859662428498268,-0.014165909960865974,0.12540824711322784,0.11486160755157471,0.04974754527211189,-0.017835671082139015,0.15646207332611084,0.006095130927860737,0.04262301325798035
6.983333697542548,416,200.0,200.0,-200.0,-50.0,50.0,-50.0,99.91880798339844,-100.0,100.0,100.0,100.0,100.0,-300.0,300.0,300.0,-300.0,-300.0,300.0,0.0,0.0,0.0,0.0,150.0,150.0,150.0,150.0,-150.0,-150.0,0.10032908618450165,-0.3829273283481598,0.168625608086586,-0.001979280961677432,-0.06517478078603745,0.142758309841156,-0.02010081149637699,0.10165820270776749,-0.7643654942512512,-0.008059827610850334,1.2948238849639893,0.05790098011493683,-0.0517500564455986,-0.013282391242682934,-0.27809470891952515,1.2614457607269287,0.6733977794647217,0.00872061401605606,0.19703498482704163,-1.0133006572723389,-0.5209600925445557,0.19138720631599426,-2.0888381004333496,-0.47291144728660583,3.2608895301818848,1.0522289276123047,0.6968543529510498,0.7330823540687561,0.2985460162162781,-0.2553626596927643,-0.1352001130580902,-0.1481422483921051,0.08499550819396973,-0.033316124230623245,-0.004910994321107864,0.14031539857387543,0.1116146594285965,0.07209950685501099,0.02357378415763378,0.1750277876853943,-0.006285329349339008,0.02079342119395733
7.000000365078449,417,200.0,-200.0,200.0,50.0,47.284393310546875,-9.292725563049316,-100.0,100.0,100.0,100.0,-100.0,100.0,-300.0,300.0,300.0,-181.78277587890625,-300.0,-300.0,0.0,0.0,0.0,0.0,150.0,150.0,150.0,2.00146484375,12.574493408203125,16.1126708984375,0.08784209936857224,-0.3661346435546875,0.18270617723464966,-0.0018404916627332568,-0.06905747950077057,0.13101351261138916,-0.027336055412888527,0.10120943933725357,-0.807560384273529,-0.006913900841027498,1.3499054908752441,0.07672609388828278,-0.04637816175818443,-0.0062578897923231125,-0.7078784704208374,1.2614825963974,0.7349650859832764,0.016697317361831665,0.25008851289749146,-1.0207792520523071,-0.5394876003265381,-0.3220354914665222,-2.6542563438415527,0.207272469997406,3.3741912841796875,1.0638792514801025,0.33213865756988525,0.33884885907173157,0.2985460162162781,-0.2553626596927643,-0.1352001130580902,-0.1481422483921051,0.08499550819396973,-0.033316124230623245,-0.004910994321107864,0.14031539857387543,0.1116146594285965,0.07209950685501099,0.02357378415763378,0.1750277876853943,-0.006285329349339008,0.02079342119395733
7.01666703261435,418,-200.0,-200.0,-199.0685272216797,50.0,-13.667816162109375,20.39052963256836,100.0,-100.0,100.0,100.0,100.0,100.0,-300.0,300.0,300.0,300.0,-300.0,-300.0,0.0,0.0,0.0,0.0,150.0,150.0,150.0,150.0,-150.0,150.0,0.07610391825437546,-0.3488263189792633,0.19302977621555328,-0.001220906968228519,-0.07121691107749939,0.11990827322006226,-0.035133928060531616,0.09781837463378906,-0.85313481092453,-0.006417011376470327,1.3998167514801025,0.09256211668252945,-0.041243284940719604,-0.000677470292430371,-0.6735786199569702,1.2599763870239258,0.5994900465011597,-0.021431419998407364,0.3412366509437561,-1.0387359857559204,-0.4290275573730469,-0.38971978425979614,-2.64001202583313,0.2376367151737213,2.8261189460754395,0.9052292704582214,0.3006437420845032,0.2846226096153259,0.2966039180755615,-0.2189328819513321,-0.13558940589427948,-0.13380055129528046,0.08026912808418274,-0.0760461837053299,-0.02533552050590515,0.13202112913131714,0.15671636164188385,0.09100128710269928,0.014458791352808475,0.2381303459405899,-0.027880121022462845,0.05095092952251434
7.033333700150251,419,-196.33056640625,-200.0,-200.0,-11.238067626953125,-50.0,-28.074804306030273,-100.0,100.0,100.0,100.0,-100.0,100.0,-300.0,300.0,-174.8421630859375,300.0,-300.0,-291.14483642578125,0.0,0.0,0.0,0.0,150.0,150.0,150.0,-5.29052734375,-56.53721618652344,1.72491455078125,0.05989113450050354,-0.3319989740848541,0.20578783750534058,-0.0013694146182388067,-0.07381872832775116,0.1100568100810051,-0.03423509746789932,0.09305507689714432,-0.8932493329048157,-0.006747503764927387,1.436308741569519,0.11577935516834259,-0.042609114199876785,0.010332057252526283,-0.8368943333625793,1.2349776029586792,0.7800583243370056,-0.011633798480033875,0.20680516958236694,-0.9571482539176941,0.029897961765527725,-0.3026800751686096,-2.2603819370269775,0.2000207006931305,1.9654656648635864,1.3405184745788574,-0.05983071029186249,0.606583297252655,0.2966039180755615,-0.2189328819513321,-0.13558940589427948,-0.13380055129528046,0.08026912808418274,-0.0760461837053299,-0.02533552050590515,0.13202112913131714,0.15671636164188385,0.09100128710269928,0.014458791352808475,0.2381303459405899,-0.027880121022462845,0.05095092952251434
7.0500003676861525,420,200.0,-200.0,-200.0,50.0,50.0,-50.0,100.0,-100.0,100.0,-86.86309814453125,100.0,100.0,-300.0,300.0,171.1907958984375,-300.0,-300.0,-15.343231201171875,0.0,0.0,0.0,0.0,150.0,150.0,150.0,150.0,-150.0,150.0,0.04534829407930374,-0.31587105989456177,0.2161945253610611,-0.0014047709992155433,-0.07710298895835876,0.09827236831188202,-0.03376884385943413,0.09292930364608765,-0.9297835230827332,-0.005324945785105228,1.4599226713180542,0.1358807384967804,-0.043812401592731476,0.01989937387406826,-0.8148015141487122,1.1855796575546265,0.6113621592521667,-0.03658713027834892,0.28195077180862427,-1.0309245586395264,-0.03416120633482933,-0.08214300125837326,-2.051163911819458,0.1760232001543045,1.178397536277771,1.1450904607772827,-0.04741596058011055,0.5002431869506836,0.3048475682735443,-0.2577718198299408,-0.16360628604888916,-0.12471266090869904,0.0651562437415123,-0.06845786422491074,-0.03449777886271477,0.13412635028362274,0.15572047233581543,0.1080002635717392,0.04614509269595146,0.2548343241214752,-0.049872636795043945,0.0619070902466774
7.0666670352220535,421,200.0,-200.0,200.0,26.208343505859375,-12.772491455078125,-14.612235069274902,-100.0,100.0,100.0,100.0,-100.0,100.0,-300.0,300.0,76.8934326171875,-300.0,-300.0,-300.0,0.0,0.0,0.0,0.0,150.0,150.0,150.0,-21.5174560546875,21.983612060546875,10.56494140625,0.03185093402862549,-0.2990526556968689,0.22591030597686768,-0.0024285963736474514,-0.0822547972202301,0.08569715172052383,-0.030100252479314804,0.09294402599334717,-0.9664148688316345,-0.00010472222493262962,1.4787037372589111,0.15568728744983673,-0.05239533260464668,0.029844405129551888,-0.7380107641220093,1.1977200508117676,0.5690643191337585,0.02924531325697899,0.18070223927497864,-0.905506432056427,0.15930402278900146,-0.06215600669384003,-2.1705572605133057,0.3996136486530304,1.107851266860962,1.130523443222046,-0.4527168571949005,0.5567223429679871,0.3048475682735443,-0.2577718198299408,-0.16360628604888916,-0.12471266090869904,0.0651562437415123,-0.06845786422491074,-0.03449777886271477,0.13412635028362274,0.15572047233581543,0.1080002635717392,0.04614509269595146,0.2548343241214752,-0.049872636795043945,0.0619070902466774
7.083333702757955,422,-200.0,-200.0,200.0,50.0,50.0,13.694267272949219,100.0,-57.17822265625,100.0,100.0,100.0,100.0,-300.0,300.0,300.0,-300.0,-300.0,-153.60635375976562,0.0,0.0,0.0,0.0,150.0,150.0,150.0,150.0,-150.0,100.5648193359375,0.020602472126483917,-0.28274819254875183,0.23371128737926483,-0.0017325395019724965,-0.08533184975385666,0.0751391276717186,-0.027255387976765633,0.09273497760295868,-1.0030722618103027,0.004760997369885445,1.4907160997390747,0.1725391447544098,-0.059256020933389664,0.038237493485212326,-0.6620189547538757,1.1898738145828247,0.43879571557044983,0.0029375404119491577,0.3239299952983856,-0.9812660217285156,0.09220309555530548,-0.09695926308631897,-2.0891213417053223,0.37188369035720825,0.5481643676757812,0.9612250924110413,-0.36485281586647034,0.469740092754364,0.3215172290802002,-0.2734491229057312,-0.18095576763153076,-0.1116684228181839,0.04419095814228058,-0.09683653712272644,-0.04222199693322182,0.147177055478096,0.15992166101932526,0.121331125497818,0.04718548804521561,0.27907639741897583,-0.0754571482539177,0.067313551902771
7.100000370293856,423,-194.8232421875,-200.0,-155.49609375,9.565765380859375,-37.051483154296875,-19.88126564025879,-94.2760009765625,100.0,100.0,-39.72686767578125,-100.0,100.0,-300.0,300.0,164.298095703125,-300.0,-300.0,-300.0,0.0,0.0,0.0,0.0,150.0,150.0,150.0,-18.3526611328125,14.96942138671875,-2.183349609375,0.00912688858807087,-0.27083709836006165,0.24400009214878082,-0.001966614741832018,-0.08830157667398453,0.0638369619846344,-0.025300724431872368,0.09172458946704865,-1.0426173210144043,0.012277232483029366,1.495222806930542,0.1907280683517456,-0.07270175218582153,0.04625057429075241,-0.6288832426071167,0.8866649270057678,0.6137104034423828,-0.0026523321866989136,0.3883986175060272,-0.9158229827880859,0.08490068465471268,-0.014909304678440094,-2.2740867137908936,0.535919725894928,0.13565155863761902,1.0312162637710571,-0.734718918800354,0.4792740046977997,0.3215172290802002,-0.2734491229057312,-0.18095576763153076,-0.1116684228181839,0.04419095814228058,-0.09683653712272644,-0.04222199693322182,0.147177055478096,0.15992166101932526,0.121331125497818,0.04718548804521561,0.27907639741897583,-0.0754571482539177,0.067313551902771
7.116667037829757,424,114.897705078125,-200.0,170.24951171875,-0.9366836547851562,12.429473876953125,50.0,100.0,-100.0,100.0,-100.0,-38.171875,100.0,-300.0,300.0,300.0,-300.0,-300.0,-300.0,0.0,0.0,0.0,0.0,150.0,150.0,150.0,21.411376953125,-150.0,97.55484008789062,-0.0006635327590629458,-0.25938713550567627,0.25245970487594604,-0.0017604345921427011,-0.08923142403364182,0.05267917364835739,-0.023876473307609558,0.08982855826616287,-1.0794988870620728,0.018896950408816338,1.4899508953094482,0.20617707073688507,-0.08387016505002975,0.05303584784269333,-0.5157229900360107,0.831403374671936,0.48332658410072327,-0.004744451493024826,0.6496247053146362,-0.8787456154823303,0.01468886248767376,-0.03823111578822136,-2.080033779144287,0.48726630210876465,-0.5178948044776917,0.8766689896583557,-0.6115624308586121,0.39816826581954956,0.33456727862358093,-0.2902546226978302,-0.17485883831977844,-0.10350993275642395,0.041425660252571106,-0.10674361139535904,-0.026265930384397507,0.15240322053432465,0.15562082827091217,0.14431561529636383,0.039732616394758224,0.28238460421562195,-0.08566420525312424,0.07259801030158997
7.133333705365658,425,149.51806640625,-200.0,-200.0,30.14999008178711,-48.3712158203125,-25.80957794189453,59.94842529296875,100.0,100.0,-100.0,-100.0,100.0,-300.0,300.0,143.431396484375,-300.0,-300.0,-300.0,0.0,0.0,0.0,0.0,150.0,150.0,150.0,-16.44866943359375,-16.0264892578125,4.62811279296875,-0.010980785824358463,-0.2500975430011749,0.26314669847488403,-0.0017376883188262582,-0.08597572892904282,0.0411996953189373,-0.022784555330872536,0.08556109666824341,-1.1109381914138794,0.026994917541742325,1.4713083505630493,0.21988509595394135,-0.09605103731155396,0.059844009578228,-0.5653582215309143,0.6692594289779663,0.6507620215415955,-0.03156421333551407,0.8901899456977844,-1.0011321306228638,0.032067183405160904,-0.1478586047887802,-1.7263048887252808,0.619260311126709,-1.3880161046981812,0.7726278901100159,-0.6701384782791138,0.4111804962158203,0.33456727862358093,-0.2902546226978302,-0.17485883831977844,-0.10350993275642395,0.041425660252571106,-0.10674361139535904,-0.026265930384397507,0.15240322053432465,0.15562082827091217,0.14431561529636383,0.039732616394758224,0.28238460421562195,-0.08566420525312424,0.07259801030158997
7.150000372901559,426,200.0,-200.0,190.3853759765625,-32.759674072265625,-1.98828125,13.626846313476562,73.397216796875,-100.0,100.0,-100.0,-72.565185546875,100.0,-300.0,300.0,300.0,-300.0,155.271728515625,-300.0,0.0,0.0,0.0,0.0,150.0,150.0,150.0,-150.0,150.0,24.111297607421875,-0.020400971174240112,-0.24234777688980103,0.2721734941005707,-0.001892210217192769,-0.081924669444561,0.029105519875884056,-0.02218766324222088,0.07922948151826859,-1.13731050491333,0.03312147781252861,1.4402142763137817,0.23139503598213196,-0.10643872618675232,0.06564945727586746,-0.5036442279815674,0.5893363356590271,0.5119128227233887,0.00926268845796585,0.8529720902442932,-0.8672828674316406,-0.04948200657963753,-0.2730486989021301,-1.4262858629226685,0.5529592037200928,-2.0801258087158203,0.6596150994300842,-0.5700494647026062,0.3499850928783417,0.33795973658561707,-0.2982206642627716,-0.16408765316009521,-0.09857835620641708,0.04706832766532898,-0.10781648755073547,0.00554782897233963,0.1442786157131195,0.17602889239788055,0.16114020347595215,0.039911966770887375,0.26162880659103394,-0.0712675005197525,0.07359075546264648
7.16666704043746,427,184.9024658203125,-200.0,-200.0,29.906089782714844,-50.0,-25.824478149414062,100.0,100.0,100.0,-100.0,-100.0,100.0,-300.0,300.0,96.02117919921875,-300.0,-300.0,-300.0,0.0,0.0,0.0,0.0,150.0,150.0,150.0,-25.70916748046875,-21.48797607421875,30.035400390625,-0.029281584545969963,-0.23599746823310852,0.2811213433742523,-0.0021391401533037424,-0.0776534229516983,0.017019931226968765,-0.019845183938741684,0.07169198989868164,-1.155569076538086,0.03927136957645416,1.394971489906311,0.23797279596328735,-0.11095777899026871,0.070950947701931,-0.5143165588378906,0.4662182331085205,0.5548466444015503,-0.049009911715984344,0.8285635113716125,-1.0458283424377441,0.08901380747556686,-0.3371414542198181,-0.9343641400337219,0.5843042135238647,-2.994363784790039,0.38247793912887573,-0.2399081289768219,0.29180043935775757,0.33795973658561707,-0.2982206642627716,-0.16408765316009521,-0.09857835620641708,0.04706832766532898,-0.10781648755073547,0.00554782897233963,0.1442786157131195,0.17602889239788055,0.16114020347595215,0.039911966770887375,0.26162880659103394,-0.0712675005197525,0.07359075546264648
7.183333707973361,428,200.0,-200.0,200.0,7.258404731750488,-50.0,-27.476303100585938,100.0,-100.0,100.0,-100.0,-100.0,100.0,-300.0,300.0,-22.10009765625,-300.0,-300.0,-300.0,0.0,0.0,0.0,0.0,150.0,150.0,150.0,-150.0,150.0,-105.287109375,-0.0370883047580719,-0.23173850774765015,0.2888278365135193,-0.0024245295207947493,-0.07746319472789764,0.004512242507189512,-0.01847713254392147,0.06333159655332565,-1.1689784526824951,0.04387423023581505,1.3379782438278198,0.24321402609348297,-0.1149447038769722,0.07552075386047363,-0.4416639804840088,0.35336554050445557,0.43990612030029297,0.0043984148651361465,0.601262629032135,-0.8772295117378235,-0.002641180995851755,-0.38925573229789734,-0.6828325390815735,0.5070468783378601,-3.5963170528411865,0.3254099488258362,-0.20965102314949036,0.2623305320739746,0.3315308094024658,-0.3137151300907135,-0.1619289219379425,-0.09495684504508972,0.059055812656879425,-0.1280284821987152,0.015053397044539452,0.13425306975841522,0.19509609043598175,0.16549617052078247,0.0356408916413784,0.2323905974626541,-0.048336461186409,0.06629535555839539
7.200000375509262,429,200.0,-200.0,-200.0,49.26813507080078,-33.27478790283203,-7.138355255126953,100.0,49.614501953125,100.0,-100.0,-100.0,100.0,-300.0,300.0,-2.1663818359375,-187.103515625,-300.0,-300.0,0.0,0.0,0.0,0.0,150.0,150.0,150.0,-24.328672409057617,-11.4578857421875,32.4935302734375,-0.04517636075615883,-0.22897575795650482,0.29465314745903015,-0.0026735079009085894,-0.07805421948432922,-0.007740621455013752,-0.016457535326480865,0.05150677636265755,-1.1781803369522095,0.0482611320912838,1.269946813583374,0.24306164681911469,-0.11159223318099976,0.07818508893251419,-0.5202394127845764,0.27244558930397034,0.37005606293678284,-0.04162394255399704,0.5738117694854736,-1.0235812664031982,0.06384779512882233,-0.5857454538345337,-0.44394615292549133,0.6005036234855652,-4.260610103607178,0.02420295588672161,0.197927787899971,0.1154509037733078,0.3315308094024658,-0.3137151300907135,-0.1619289219379425,-0.09495684504508972,0.059055812656879425,-0.1280284821987152,0.015053397044539452,0.13425306975841522,0.19509609043598175,0.16549617052078247,0.0356408916413784,0.2323905974626541,-0.048336461186409,0.06629535555839539
7.216667043045163,430,200.0,-200.0,200.0,-26.0179443359375,-50.0,-2.824596405029297,100.0,-100.0,100.0,-100.0,-100.0,100.0,-300.0,300.0,-300.0,-300.0,12.690093994140625,-300.0,0.0,0.0,0.0,0.0,150.0,150.0,150.0,-150.0,150.0,-70.47444915771484,-0.05238077789545059,-0.22782230377197266,0.3000680208206177,-0.0029831393621861935,-0.07952408492565155,-0.020938297733664513,-0.014672757126390934,0.04006928950548172,-1.1845351457595825,0.05121556669473648,1.1936185359954834,0.24261756241321564,-0.10882868617773056,0.08070118725299835,-0.4555853605270386,0.1686909794807434,0.3280981183052063,-0.005571167916059494,0.558588981628418,-0.8985856771469116,0.04197140038013458,-0.5512185096740723,-0.300855815410614,0.4990723431110382,-4.677365303039551,0.016983624547719955,0.16272594034671783,0.11997509002685547,0.32129767537117004,-0.3249070942401886,-0.14775171875953674,-0.10427913069725037,0.06860565394163132,-0.1432909071445465,0.02128479816019535,0.1201321929693222,0.22970223426818848,0.16620749235153198,0.028817730024456978,0.20735622942447662,-0.030241770669817924,0.06198590248823166
7.233333710581064,431,200.0,-200.0,-200.0,33.64578628540039,-48.819122314453125,-1.9331932067871094,100.0,-92.34423828125,100.0,-87.0765380859375,-100.0,100.0,-300.0,300.0,-206.9281768798828,198.052978515625,-300.0,-300.0,0.0,0.0,0.0,0.0,150.0,150.0,150.0,-22.81756591796875,-2.567657470703125,12.691425323486328,-0.059393350034952164,-0.2244318574666977,0.3034878969192505,-0.0031623831018805504,-0.07899632304906845,-0.03429814428091049,-0.011582985520362854,0.027553467079997063,-1.1822991371154785,0.0508037768304348,1.106231451034546,0.2384335994720459,-0.10116402059793472,0.08219382911920547,-0.4700188934803009,0.3151291608810425,0.23116236925125122,-0.04655764624476433,0.6940135359764099,-1.0558311939239502,0.11970721185207367,-0.7167898416519165,0.23200726509094238,0.36971426010131836,-5.390417575836182,-0.19299450516700745,0.4332805871963501,0.03247276321053505,0.32129767537117004,-0.3249070942401886,-0.14775171875953674,-0.10427913069725037,0.06860565394163132,-0.1432909071445465,0.02128479816019535,0.1201321929693222,0.22970223426818848,0.16620749235153198,0.028817730024456978,0.20735622942447662,-0.030241770669817924,0.06198590248823166
7.250000378116965,432,200.0,-200.0,66.1173095703125,45.681034088134766,-50.0,-12.493936538696289,100.0,-100.0,-50.37042236328125,-100.0,-100.0,100.0,-300.0,300.0,-300.0,-154.782958984375,12.6754150390625,-300.0,0.0,0.0,0.0,0.0,150.0,150.0,150.0,-150.0,150.0,150.0,-0.0657767653465271,-0.22245129942893982,0.30702483654022217,-0.003570280969142914,-0.07794567197561264,-0.0489458329975605,-0.00837863702327013,0.016631053760647774,-1.1783874034881592,0.05002635344862938,1.0127453804016113,0.23448170721530914,-0.09481652081012726,0.08357126265764236,-0.4078843891620636,0.21413357555866241,0.21467894315719604,-0.005378576461225748,0.6528567671775818,-0.956201434135437,0.0936109870672226,-0.6200596690177917,0.26384833455085754,0.30123937129974365,-5.608388900756836,-0.16488446295261383,0.3617468774318695,0.04614899680018425,0.30730390548706055,-0.34154316782951355,-0.12981317937374115,-0.1128605529665947,0.07297622412443161,-0.1632201373577118,0.008525599725544453,0.10446837544441223,0.24531948566436768,0.1688523292541504,0.03392070531845093,0.1755508929491043,-0.020949356257915497,0.080347441136837
7.266667045652866,433,31.5499267578125,-200.0,-200.0,22.01645851135254,-41.85224151611328,1.0814857482910156,100.0,-100.0,100.0,-74.0140380859375,-100.0,100.0,-300.0,300.0,-300.0,249.07958984375,-300.0,-300.0,0.0,0.0,0.0,0.0,150.0,150.0,150.0,-36.679351806640625,-38.756591796875,-17.994659423828125,-0.07190627604722977,-0.21955330669879913,0.30660322308540344,-0.0034100140910595655,-0.07608765363693237,-0.06360138207674026,-0.003369468031451106,0.004687841981649399,-1.1676970720291138,0.04739769920706749,0.9087543487548828,0.22644293308258057,-0.08654384315013885,0.08878143876791,-0.44929754734039307,0.29848045110702515,0.028125660493969917,-0.05092941224575043,0.8199983835220337,-1.1314435005187988,0.24207812547683716,-0.7355852723121643,0.7150875926017761,0.2332458794116974,-6.338624000549316,-0.3940558135509491,0.497061163187027,0.2497507929801941,0.30730390548706055,-0.34154316782951355,-0.12981317937374115,-0.1128605529665947,0.07297622412443161,-0.1632201373577118,0.008525599725544453,0.10446837544441223,0.24531948566436768,0.1688523292541504,0.03392070531845093,0.1755508929491043,-0.020949356257915497,0.080347441136837
7.283333713188767,434,-200.0,-200.0,134.6910400390625,23.538860321044922,-50.0,-25.24716567993164,100.0,-100.0,-100.0,-100.0,-100.0,100.0,-300.0,300.0,-300.0,-98.569580078125,119.9490966796875,-300.0,0.0,0.0,0.0,0.0,150.0,150.0,150.0,-150.0,74.5189208984375,45.5335693359375,-0.07724866271018982,-0.21788041293621063,0.30696508288383484,-0.0036711625289171934,-0.07457493245601654,-0.07948963344097137,0.0015772863989695907,-0.005322533659636974,-1.1565275192260742,0.04493190720677376,0.8012924194335938,0.21937668323516846,-0.0797039195895195,0.09339750558137894,-0.37331098318099976,0.2194099724292755,0.04928826913237572,-0.006726276129484177,0.5808659791946411,-1.0288009643554688,0.23557449877262115,-0.6272611618041992,0.6705955266952515,0.18279795348644257,-6.350769519805908,-0.31216704845428467,0.414471834897995,0.23497042059898376,0.2867180109024048,-0.35636624693870544,-0.11011042445898056,-0.1394941508769989,0.0763964056968689,-0.19093483686447144,-0.003165837377309799,0.10099548101425171,0.24732182919979095,0.1661817580461502,0.03010534681379795,0.1451447308063507,-0.016539590433239937,0.08656540513038635
7.3000003807246685,435,-200.0,-200.0,-200.0,-16.650362014770508,-42.368553161621094,6.813896656036377,100.0,-100.0,100.0,-100.0,-100.0,-72.3748779296875,-300.0,300.0,-300.0,300.0,-300.0,-300.0,0.0,0.0,0.0,0.0,150.0,150.0,47.888031005859375,-60.7108154296875,-20.421295166015625,-42.04664611816406,-0.0818861871957779,-0.21216285228729248,0.30309462547302246,-0.003901207819581032,-0.07534876465797424,-0.09674710780382156,0.00782856810837984,-0.015420034527778625,-1.137663722038269,0.03603603318333626,0.6860514879226685,0.2090325653553009,-0.07275321334600449,0.09855622053146362,-0.339659720659256,0.4448828399181366,-0.17169879376888275,-0.03157716989517212,0.6186127662658691,-1.191821575164795,0.3002740442752838,-0.8052825331687927,1.1728225946426392,-0.10243061184883118,-6.918726921081543,-0.5173933506011963,0.4278157353401184,0.2598114311695099,0.2867180109024048,-0.35636624693870544,-0.11011042445898056,-0.1394941508769989,0.0763964056968689,-0.19093483686447144,-0.003165837377309799,0.10099548101425171,0.24732182919979095,0.1661817580461502,0.03010534681379795,0.1451447308063507,-0.016539590433239937,0.08656540513038635
7.31666704826057,436,-200.0,-200.0,-200.0,19.617511749267578,-50.0,19.099571228027344,100.0,-100.0,-0.9775390625,-100.0,-100.0,100.0,-300.0,300.0,-300.0,121.5225830078125,300.0,-300.0,0.0,0.0,0.0,0.0,150.0,150.0,57.696990966796875,-150.0,-37.732513427734375,110.38787841796875,-0.08534761518239975,-0.20734529197216034,0.3002009987831116,-0.0039325859397649765,-0.07610989362001419,-0.11483071744441986,0.01334097795188427,-0.023637371137738228,-1.1202532052993774,0.028765026479959488,0.5724755525588989,0.19969256222248077,-0.0668596625328064,0.10304240137338638,-0.24693992733955383,0.40461111068725586,-0.1357598751783371,-0.013087697327136993,0.5223883390426636,-1.1487572193145752,0.2589167058467865,-0.6688174605369568,1.0008304119110107,-0.088458351790905,-6.594378471374512,-0.4313434660434723,0.3682343065738678,0.2409750372171402,0.25460296869277954,-0.36375054717063904,-0.07815348356962204,-0.16708782315254211,0.07134085148572922,-0.20730262994766235,-0.03367133438587189,0.09383838623762131,0.24915087223052979,0.16694998741149902,0.0317043773829937,0.10624769330024719,-0.017360107973217964,0.09795649349689484
7.333333715796471,437,-200.0,-200.0,-170.85589599609375,-13.937301635742188,-47.341400146484375,13.503364562988281,100.0,-100.0,100.0,-59.1328125,-100.0,-100.0,-300.0,300.0,-300.0,300.0,-300.0,-300.0,0.0,0.0,0.0,0.0,150.0,150.0,-150.0,-61.283935546875,-57.689361572265625,-76.30792236328125,-0.08821529150009155,-0.19644178450107574,0.2910931706428528,-0.004049020353704691,-0.07414710521697998,-0.13451512157917023,0.022259820252656937,-0.03241695463657379,-1.091766119003296,0.015288307331502438,0.4490104913711548,0.1862654685974121,-0.061749931424856186,0.10925187170505524,-0.22650937736034393,0.7442710995674133,-0.46584367752075195,-0.041281525045633316,0.8459458351135254,-1.333008050918579,0.4026648998260498,-0.8818894028663635,1.7581861019134521,-0.35488396883010864,-7.445178031921387,-0.6965510845184326,0.3345526456832886,0.3418031632900238,0.25460296869277954,-0.36375054717063904,-0.07815348356962204,-0.16708782315254211,0.07134085148572922,-0.20730262994766235,-0.03367133438587189,0.09383838623762131,0.24915087223052979,0.16694998741149902,0.0317043773829937,0.10624769330024719,-0.017360107973217964,0.09795649349689484
7.350000383332372,438,200.0,-200.0,-200.0,50.0,-50.0,13.873144149780273,100.0,-100.0,5.4969482421875,48.341552734375,-100.0,100.0,-300.0,-300.0,-300.0,300.0,300.0,-300.0,0.0,0.0,0.0,0.0,150.0,150.0,150.0,-26.34295654296875,-150.0,150.0,-0.08976161479949951,-0.18719902634620667,0.2830375134944916,-0.004144089762121439,-0.07256073504686356,-0.15462906658649445,0.028856946155428886,-0.040457382798194885,-1.066144347190857,0.003757234662771225,0.3284951150417328,0.17423395812511444,-0.05718707665801048,0.11513414978981018,-0.09511349350214005,0.5998373627662659,-0.4886277914047241,-0.006056604906916618,0.5225574970245361,-1.1470351219177246,0.19693319499492645,-0.8492569923400879,1.4305179119110107,-0.2670973241329193,-7.028581142425537,-0.5769714117050171,0.3336877226829529,0.36130189895629883,0.24850888550281525,-0.3159564733505249,-0.043462082743644714,-0.20182712376117706,0.03071233257651329,-0.19863030314445496,-0.08510996401309967,0.07819880545139313,0.23528902232646942,0.18753471970558167,0.06760998070240021,0.1090892106294632,-0.06601496785879135,0.12060613930225372
7.366667050868273,439,200.0,200.0,-200.0,50.0,-8.669967651367188,-16.863168716430664,100.0,84.5400390625,100.0,100.0,-100.0,-100.0,-300.0,139.81134033203125,-300.0,300.0,2.154296875,-300.0,0.0,0.0,0.0,0.0,150.0,150.0,-150.0,-69.4117431640625,-150.0,-150.0,-0.09403859823942184,-0.18720127642154694,0.27394574880599976,-0.0021344535052776337,-0.064365915954113,-0.17010720074176788,0.04402107372879982,-0.0406729094684124,-1.0370807647705078,-0.01439637504518032,0.18975068628787994,0.1668277233839035,-0.06465889513492584,0.12622582912445068,-0.4263276755809784,0.13023267686367035,-0.47615206241607666,-0.07958300411701202,1.2359615564346313,-1.2892149686813354,0.6463431119918823,-0.6084712147712708,1.8711247444152832,-0.8356509208679199,-8.698976516723633,-0.4653244912624359,-0.3796631693840027,0.6830668449401855,0.24850888550281525,-0.3159564733505249,-0.043462082743644714,-0.20182712376117706,0.03071233257651329,-0.19863030314445496,-0.08510996401309967,0.07819880545139313,0.23528902232646942,0.18753471970558167,0.06760998070240021,0.1090892106294632,-0.06601496785879135,0.12060613930225372
7.383333718404174,440,200.0,-200.0,-200.0,50.0,-50.0,12.974767684936523,100.0,100.0,-100.0,-100.0,-94.19166564941406,-100.0,98.6923828125,300.0,-300.0,300.0,300.0,-300.0,0.0,0.0,0.0,0.0,150.0,150.0,-150.0,-150.0,150.0,91.45294189453125,-0.09900879114866257,-0.18947307765483856,0.26698464155197144,-0.0034496337175369263,-0.05593838170170784,-0.1898220032453537,0.05647367984056473,-0.039578042924404144,-1.0089961290359497,-0.02909473329782486,0.04536827281117439,0.15794898569583893,-0.07169345021247864,0.13569174706935883,-0.4495687484741211,-0.05735378339886665,-0.36152416467666626,-0.08337019383907318,1.03896164894104,-1.1913224458694458,0.5764353275299072,-0.4138312339782715,1.673813819885254,-0.6993475556373596,-8.53522777557373,-0.3683328330516815,-0.38029009103775024,0.5428493618965149,0.18955053389072418,-0.32570090889930725,-0.010910789482295513,-0.2349870651960373,0.05130360275506973,-0.20452171564102173,-0.05722898617386818,0.07080831378698349,0.2280348241329193,0.17526815831661224,0.03950295224785805,0.045507870614528656,-0.04835870862007141,0.14177659153938293
7.400000385940075,441,200.0,-200.0,-200.0,0.638427734375,-32.743316650390625,2.0806427001953125,100.0,-100.0,100.0,-100.0,-100.0,-94.162109375,-300.0,-300.0,-300.0,300.0,300.0,-300.0,0.0,0.0,0.0,0.0,150.0,150.0,-150.0,-66.2191162109375,-150.0,-150.0,-0.09878622740507126,-0.18511392176151276,0.24931339919567108,-0.001717530656605959,-0.05610043555498123,-0.20568358898162842,0.07220020145177841,-0.037043701857328415,-1.0030213594436646,-0.05173180624842644,-0.0007843637722544372,0.13956116139888763,-0.07148057222366333,0.14847224950790405,-0.09848938882350922,0.7589564323425293,-0.8722578883171082,0.21208861470222473,0.5005776882171631,-0.8085799217224121,1.27622389793396,-0.3216223120689392,0.2958039939403534,-1.0140883922576904,0.09148228168487549,-0.8612672090530396,0.17185711860656738,0.6478379368782043,0.18955053389072418,-0.32570090889930725,-0.010910789482295513,-0.2349870651960373,0.05130360275506973,-0.20452171564102173,-0.05722898617386818,0.07080831378698349,0.2280348241329193,0.17526815831661224,0.03950295224785805,0.045507870614528656,-0.04835870862007141,0.14177659153938293
7.416667053475976,442,200.0,-200.0,200.0,-50.0,-50.0,11.427267074584961,100.0,100.0,100.0,-100.0,-100.0,100.0,300.0,300.0,-300.0,300.0,300.0,54.434814453125,0.0,0.0,0.0,0.0,150.0,150.0,-150.0,150.0,150.0,-150.0,-0.1012980043888092,-0.17970888316631317,0.23805315792560577,0.01464752946048975,-0.03931756690144539,-0.23656652867794037,0.09382076561450958,-0.03346196189522743,-0.9888591766357422,-0.06769141554832458,-4.336276469985023e-05,0.12547428905963898,-0.07149775326251984,0.1566217988729477,-0.2670140862464905,0.4245539903640747,-0.5919200778007507,1.153910756111145,1.4152144193649292,-1.9881575107574463,1.034078598022461,-0.42940759658813477,1.2114231586456299,-0.8693746328353882,0.02384619414806366,-0.7854583859443665,0.014726769179105759,0.4555931091308594,0.13000386953353882,-0.33155786991119385,0.06850473582744598,-0.22292771935462952,0.06289336830377579,-0.19833382964134216,-0.06442221999168396,0.05146072059869766,0.2411457747220993,0.22212637960910797,-0.016693556681275368,0.05778060108423233,-0.02148570492863655,0.12938633561134338
7.433333721011877,443,-200.0,-200.0,-200.0,-49.864959716796875,-50.0,-2.488544464111328,100.0,-100.0,14.8536376953125,-100.0,-100.0,-100.0,-300.0,-274.1580810546875,-300.0,300.0,300.0,-257.134521484375,0.0,0.0,0.0,0.0,150.0,150.0,-150.0,0.6728515625,-150.0,34.97425842285156,-0.09769413620233536,-0.15560825169086456,0.22134408354759216,0.033227887004613876,-0.032767608761787415,-0.263656347990036,0.11959350109100342,-0.032559070736169815,-0.9392983317375183,-0.08137146383523941,5.088695615995675e-05,0.11500078439712524,-0.06381779164075851,0.1598678082227707,0.29242393374443054,1.3473377227783203,-0.9508345127105713,1.183305263519287,0.26981404423713684,-1.1318782567977905,1.3154351711273193,-0.4430541694164276,3.2410614490509033,-0.5513104796409607,-0.011570247821509838,-0.5455179214477539,0.4597180187702179,0.17737513780593872,0.13000386953353882,-0.33155786991119385,0.06850473582744598,-0.22292771935462952,0.06289336830377579,-0.19833382964134216,-0.06442221999168396,0.05146072059869766,0.2411457747220993,0.22212637960910797,-0.016693556681275368,0.05778060108423233,-0.02148570492863655,0.12938633561134338
7.450000388547778,444,-118.439453125,200.0,200.0,50.0,20.39264678955078,50.0,100.0,100.0,-100.0,-100.0,-100.0,-100.0,-300.0,-300.0,-300.0,-300.0,300.0,-300.0,0.0,0.0,0.0,0.0,150.0,150.0,-150.0,-150.0,150.0,-150.0,-0.09457093477249146,-0.13436034321784973,0.2061324119567871,0.052514705806970596,-0.03222308307886124,-0.2895725667476654,0.13999433815479279,-0.03357330337166786,-0.8825695514678955,-0.09280022978782654,3.306450162199326e-05,0.10627592355012894,-0.057945653796195984,0.16265906393527985,0.23843412101268768,1.26918363571167,-0.829323947429657,0.9229414463043213,-0.07525305449962616,-1.002732515335083,1.1224416494369507,-0.479439914226532,3.4262094497680664,-0.42637869715690613,0.0014553035143762827,-0.4685804843902588,0.3518367111682892,0.13126075267791748,0.17703701555728912,-0.3757123649120331,0.1316467970609665,-0.22400672733783722,0.12518112361431122,-0.2529596984386444,-0.07035462558269501,0.08072702586650848,0.18761450052261353,0.1976294070482254,-0.012771546840667725,0.04184938222169876,0.027984078973531723,0.11425153911113739
7.466667056083679,445,37.49560546875,110.35546875,150.91015625,3.3685760498046875,18.517051696777344,12.727394104003906,100.0,-100.0,100.0,100.0,-100.0,-100.0,-300.0,-300.0,-300.0,13.4171142578125,300.0,-300.0,0.0,0.0,0.0,0.0,150.0,150.0,-150.0,-50.1356201171875,-150.0,96.05484008789062,-0.09068769961595535,-0.11613208055496216,0.20247875154018402,0.08842723816633224,-0.036710407584905624,-0.32154780626296997,0.15235771238803864,-0.03623928502202034,-0.8118919134140015,-0.09804391860961914,0.0002329705166630447,0.09627310931682587,-0.03801165521144867,0.1620442122220993,0.28850698471069336,0.9887480139732361,-0.19198673963546753,2.4479427337646484,-0.35599109530448914,-1.6355178356170654,0.6961919665336609,-0.6364850401878357,4.423882961273193,-0.10332147777080536,-0.016109634190797806,-0.48073381185531616,1.120470404624939,-0.10901332646608353,0.17703701555728912,-0.3757123649120331,0.1316467970609665,-0.22400672733783722,0.12518112361431122,-0.2529596984386444,-0.07035462558269501,0.08072702586650848,0.18761450052261353,0.1976294070482254,-0.012771546840667725,0.04184938222169876,0.027984078973531723,0.11425153911113739
7.48333372361958,446,-200.0,200.0,-200.0,-35.17741394042969,-50.0,-50.0,100.0,100.0,-100.0,100.0,-100.0,100.0,-300.0,-300.0,-300.0,300.0,300.0,-300.0,0.0,0.0,0.0,0.0,150.0,150.0,-150.0,150.0,150.0,-150.0,-0.08742660284042358,-0.10113602876663208,0.19913449883460999,0.1311199814081192,-0.040527936071157455,-0.35542041063308716,0.1621091216802597,-0.04507856443524361,-0.7381483912467957,-0.10302768647670746,-0.00558112096041441,0.07974559813737869,-0.026224957779049873,0.17097805440425873,0.23713131248950958,0.8290308117866516,-0.2924698293209076,2.381216287612915,-0.4938372075557709,-1.4984380006790161,0.2656685411930084,-0.9731707572937012,4.323681831359863,0.6135494709014893,-1.3806519508361816,-2.367475986480713,0.45208704471588135,2.353703022003174,0.1499064862728119,-0.3781527578830719,0.15335343778133392,-0.23706068098545074,0.13146598637104034,-0.3026525378227234,-0.03906067833304405,0.026414725929498672,0.1406591236591339,0.1436488777399063,0.016235630959272385,0.05372621864080429,0.10549292713403702,0.05644659698009491
7.500000391155481,447,200.0,-200.0,-200.0,50.0,50.0,28.71929931640625,100.0,-100.0,-100.0,100.0,-100.0,-100.0,-250.61940002441406,-300.0,-300.0,300.0,300.0,-300.0,0.0,0.0,0.0,0.0,150.0,150.0,-150.0,150.0,-150.0,-150.0,-0.08642043173313141,-0.10230663418769836,0.17645710706710815,0.19189971685409546,-0.05232822895050049,-0.3764832615852356,0.14899121224880219,-0.06328345090150833,-0.7272644639015198,-0.1249966099858284,-0.00533021567389369,0.043959856033325195,0.07676883041858673,0.16075126826763153,-0.008678418584167957,-0.09916746616363525,-0.9428374767303467,4.940465927124023,-0.7221424579620361,-0.7117125988006592,0.23723173141479492,-0.7991957664489746,0.8200085759162903,0.32222288846969604,1.5520403385162354,-0.7216341495513916,5.593110084533691,0.5817027688026428,0.1499064862728119,-0.3781527578830719,0.15335343778133392,-0.23706068098545074,0.13146598637104034,-0.3026525378227234,-0.03906067833304405,0.026414725929498672,0.1406591236591339,0.1436488777399063,0.016235630959272385,0.05372621864080429,0.10549292713403702,0.05644659698009491
7.516667058691382,448,-200.0,-200.0,-200.0,-50.0,-16.10885238647461,16.713951110839844,100.0,100.0,100.0,-100.0,100.0,-100.0,300.0,300.0,-300.0,300.0,300.0,-300.0,0.0,0.0,0.0,0.0,150.0,150.0,-150.0,-150.0,-150.0,150.0,-0.0866362452507019,-0.10787083208560944,0.1607840657234192,0.29709166288375854,-0.05655568465590477,-0.36317896842956543,0.1458124816417694,-0.08269262313842773,-0.6975117921829224,-0.13566172122955322,-1.3058111107966397e-05,0.03881212696433067,0.20355503261089325,0.1559162139892578,-0.1189882829785347,-0.351012647151947,-0.861994743347168,7.10917329788208,0.1680266261100769,1.8610635995864868,-0.22068560123443604,-1.1906273365020752,2.603764057159424,-0.059513192623853683,-0.18874993920326233,0.5827875733375549,4.337390899658203,-0.45599275827407837,0.13911660015583038,-0.36896997690200806,0.10709422826766968,-0.2551615238189697,0.15390338003635406,-0.2529079020023346,-0.1217656284570694,0.04148589447140694,0.10721155256032944,0.23885490000247955,-0.06088484451174736,0.0002797069028019905,0.017361512407660484,0.13243702054023743
7.5333337262272835,449,-200.0,-200.0,200.0,-50.0,-50.0,34.69301986694336,-25.599365234375,-100.0,100.0,-100.0,-100.0,-100.0,184.8758544921875,241.59814453125,-119.447265625,300.0,300.0,300.0,0.0,0.0,0.0,0.0,150.0,150.0,15.76123046875,-150.0,-150.0,150.0,-0.0737001970410347,-0.08201269060373306,0.13992208242416382,0.36575543880462646,-0.054282862693071365,-0.29741403460502625,0.11026887595653534,-0.09504719078540802,-0.6451435089111328,-0.16157475113868713,0.0028426870703697205,0.0334179550409317,0.2772811949253082,0.14975737035274506,0.7127156853675842,1.4466354846954346,-1.204750418663025,3.6553397178649902,0.0293990820646286,5.05103063583374,-1.9665558338165283,-1.2377063035964966,2.961815595626831,-0.7941416501998901,0.045335553586483,-0.02419470250606537,3.5254480838775635,-0.38200101256370544,0.13911660015583038,-0.36896997690200806,0.10709422826766968,-0.2551615238189697,0.15390338003635406,-0.2529079020023346,-0.1217656284570694,0.04148589447140694,0.10721155256032944,0.23885490000247955,-0.06088484451174736,0.0002797069028019905,0.017361512407660484,0.13243702054023743
7.5500003937631845,450,200.0,-200.0,200.0,50.0,50.0,50.0,100.0,-100.0,-100.0,-100.0,-100.0,-100.0,300.0,-300.0,300.0,300.0,102.70068359375,300.0,0.0,0.0,0.0,0.0,150.0,150.0,150.0,-150.0,150.0,150.0,-0.06188858300447464,-0.05984826385974884,0.11999283730983734,0.4106636643409729,-0.050515975803136826,-0.2256920486688614,0.07386788725852966,-0.10815313458442688,-0.6018946170806885,-0.18227286636829376,0.00438558729365468,0.03059825673699379,0.2835431396961212,0.14423686265945435,0.6081263422966003,1.290830135345459,-1.196721076965332,2.1502039432525635,0.8522570729255676,6.697710990905762,-2.3177428245544434,-1.3772611618041992,2.4899895191192627,-0.8216512203216553,0.013179108500480652,0.10858932137489319,-1.9051060676574707,-0.40792009234428406,0.1987914741039276,-0.3249565064907074,0.1006145104765892,-0.2315538376569748,0.13798868656158447,-0.23648083209991455,-0.13028930127620697,0.1382228583097458,0.10464771836996078,0.2630337178707123,-0.0016002414049580693,-0.01721137762069702,0.10220810770988464,0.11452919989824295
7.566667061299086,451,200.0,-200.0,-200.0,8.444457054138184,50.0,-28.2318115234375,74.37506103515625,100.0,100.0,-25.3651123046875,-100.0,-100.0,150.966796875,70.6142578125,81.57058715820312,300.0,300.0,300.0,0.0,0.0,0.0,0.0,-150.0,-150.0,-150.0,-150.0,150.0,-27.356964111328125,-0.048576924949884415,-0.0915139690041542,0.11780386418104172,0.4796011447906494,-0.03152073174715042,-0.12518993020057678,0.059676725417375565,-0.10230209678411484,-0.5825297832489014,-0.18430304527282715,-0.0016334237297996879,0.03736212104558945,0.25519809126853943,0.1426091343164444,0.7063725590705872,-1.8507755994796753,-0.11106882989406586,4.415445804595947,2.0186169147491455,6.510444641113281,-0.4616495370864868,0.28720641136169434,1.5945662260055542,-0.046922218054533005,-0.3997776508331299,0.41495785117149353,-2.6205849647521973,0.19691139459609985,0.1987914741039276,-0.3249565064907074,0.1006145104765892,-0.2315538376569748,0.13798868656158447,-0.23648083209991455,-0.13028930127620697,0.1382228583097458,0.10464771836996078,0.2630337178707123,-0.0016002414049580693,-0.01721137762069702,0.10220810770988464,0.11452919989824295
7.583333728834987,452,200.0,-200.0,-200.0,50.0,50.0,43.50526428222656,-100.0,100.0,-100.0,100.0,-100.0,-59.31842041015625,-300.0,-300.0,103.1328125,300.0,-300.0,300.0,0.0,0.0,0.0,0.0,-150.0,-150.0,-150.0,-150.0,150.0,-150.0,-0.036399148404598236,-0.11939343065023422,0.11678776890039444,0.5504904985427856,-0.00996241346001625,-0.03184821084141731,0.05132472887635231,-0.09859693050384521,-0.5607118606567383,-0.18643510341644287,-0.0023623593151569366,0.03936402127146721,0.23361767828464508,0.14232484996318817,0.5938630104064941,-1.6327217817306519,-0.12744565308094025,4.330621242523193,1.312455177307129,5.239560127258301,-0.4692322313785553,0.18961602449417114,1.4546809196472168,0.030288830399513245,0.07792317867279053,0.24031998217105865,-1.357131838798523,0.17683878540992737,0.19794750213623047,-0.29204097390174866,0.06878595799207687,-0.17478282749652863,0.14846451580524445,-0.23069116473197937,-0.09414234757423401,0.09853428602218628,0.07479336857795715,0.18558108806610107,-0.06026577204465866,0.02754858136177063,0.11241724342107773,0.06707476824522018
7.600000396370888,453,-200.0,-200.0,-200.0,0.1937713623046875,26.093368530273438,-50.0,100.0,100.0,-100.0,-100.0,-100.0,-100.0,38.791358947753906,145.28076171875,-14.243148803710938,300.0,63.317626953125,300.0,0.0,0.0,0.0,0.0,-75.39666748046875,38.47509765625,-60.205810546875,-150.0,150.0,-115.51168823242188,-0.0330084003508091,-0.15693889558315277,0.11670190095901489,0.6165871024131775,0.003882586257532239,0.02640383504331112,0.032150354236364365,-0.09742184728384018,-0.5490742325782776,-0.17311681807041168,-0.0014877670910209417,0.04033660143613815,0.21896213293075562,0.1329929679632187,0.004041142761707306,-2.100825071334839,-0.05830040201544762,3.736421823501587,0.8102044463157654,3.265286684036255,-1.1104329824447632,0.3682025969028473,0.8736719489097595,0.7635939717292786,-0.012465596199035645,0.09408263117074966,-1.3600454330444336,-0.2925862669944763,0.19794750213623047,-0.29204097390174866,0.06878595799207687,-0.17478282749652863,0.14846451580524445,-0.23069116473197937,-0.09414234757423401,0.09853428602218628,0.07479336857795715,0.18558108806610107,-0.06026577204465866,0.02754858136177063,0.11241724342107773,0.06707476824522018
7.616667063906789,454,200.0,200.0,-200.0,-50.0,-7.5142059326171875,-8.773849487304688,100.0,35.85400390625,100.0,100.0,-100.0,100.0,-300.0,-300.0,300.0,300.0,300.0,-270.59051513671875,0.0,0.0,0.0,0.0,145.56451416015625,-150.0,-150.0,-150.0,150.0,150.0,-0.03193789720535278,-0.18810884654521942,0.11610953509807587,0.6644221544265747,0.015719903632998466,0.07593689113855362,0.01516739372164011,-0.09503080695867538,-0.5375666618347168,-0.16378970444202423,-0.0011752808932214975,0.04255251586437225,0.20341330766677856,0.12697282433509827,-0.04852807894349098,-1.7436736822128296,-0.07795620709657669,2.4995944499969482,0.6818910241127014,2.7842462062835693,-0.9579018950462341,0.3420849144458771,0.7532562017440796,0.5162942409515381,-0.028856726363301277,0.27858325839042664,-1.4259471893310547,-0.2863445281982422,0.2169472575187683,-0.3021109104156494,0.12492530792951584,-0.20871873199939728,0.16623683273792267,-0.23012325167655945,-0.08293701708316803,0.1434878408908844,0.09225757420063019,0.09484705328941345,-0.10532011091709137,0.03917144238948822,0.13531742990016937,0.09386254847049713
7.63333373144269,455,200.0,-200.0,-200.0,18.47762680053711,-6.448577880859375,-26.858123779296875,100.0,100.0,-100.0,100.0,70.5877685546875,100.0,163.65249633789062,44.76220703125,41.61322021484375,300.0,300.0,-69.1661376953125,0.0,0.0,0.0,0.0,-54.85931396484375,-1.6588134765625,-55.740966796875,-150.0,150.0,-150.0,-0.03456395864486694,-0.23820187151432037,0.11996491998434067,0.7331112027168274,0.02824859879910946,0.09220022708177567,-0.008758628740906715,-0.08947975933551788,-0.5295789241790771,-0.15814225375652313,-0.003053925698623061,0.0505153052508831,0.18361105024814606,0.13322100043296814,-0.3007170557975769,-2.860102415084839,0.19160132110118866,4.521705627441406,0.731506884098053,0.9003779292106628,-1.334316611289978,0.4255678057670593,0.9718784689903259,0.3426358103752136,-0.20713870227336884,0.2586759924888611,-1.5150070190429688,0.6287577152252197,0.2169472575187683,-0.3021109104156494,0.12492530792951584,-0.20871873199939728,0.16623683273792267,-0.23012325167655945,-0.08293701708316803,0.1434878408908844,0.09225757420063019,0.09484705328941345,-0.10532011091709137,0.03917144238948822,0.13531742990016937,0.09386254847049713
7.650000398978591,456,200.0,-200.0,-200.0,3.0835113525390625,-50.0,-50.0,100.0,100.0,-100.0,100.0,-100.0,-100.0,-300.0,-300.0,-300.0,300.0,-71.133056640625,106.90133666992188,0.0,0.0,0.0,0.0,27.12139892578125,-150.0,150.0,-150.0,150.0,-150.0,-0.03763614594936371,-0.28181886672973633,0.12264207750558853,0.8037972450256348,0.039645276963710785,0.10594136267900467,-0.029195597395300865,-0.0863301232457161,-0.5141907930374146,-0.15671943128108978,-0.0028261456172913313,0.05023987963795662,0.17065942287445068,0.13844843208789825,-0.27708467841148376,-2.4648709297180176,0.12092427909374237,4.197391510009766,0.6556800603866577,0.7670477628707886,-1.1333940029144287,0.17402194440364838,1.1633557081222534,0.16779586672782898,0.03055594116449356,0.15328216552734375,-1.127666711807251,0.43887099623680115,0.19755935668945312,-0.30301588773727417,0.08483731746673584,-0.21222764253616333,0.19651015102863312,-0.2428988218307495,-0.04702119529247284,0.12324691563844681,0.10273139923810959,0.027182187885046005,-0.08534927666187286,0.024110186845064163,0.23064301908016205,0.061751820147037506
7.666667066514492,457,-200.0,-200.0,-200.0,-0.7375411987304688,-11.052406311035156,-14.044062614440918,100.0,100.0,-100.0,100.0,38.8486328125,86.02197265625,207.14617919921875,14.1904296875,-56.01708984375,300.0,300.0,0.30523681640625,0.0,0.0,0.0,0.0,-80.99432373046875,-11.0517578125,-71.11138916015625,-150.0,150.0,-150.0,-0.04343767836689949,-0.34073734283447266,0.12119796872138977,0.8759500980377197,0.05053495615720749,0.09809961915016174,-0.04243496432900429,-0.08434366434812546,-0.5099533200263977,-0.15297888219356537,-0.0027347805444151163,0.053523436188697815,0.15901640057563782,0.13898786902427673,-0.5417189598083496,-3.291646718978882,-0.08539380878210068,4.255742073059082,0.6411320567131042,-0.4494911730289459,-0.705294668674469,0.1841559112071991,0.5849906206130981,0.19240549206733704,-0.1169239953160286,0.21556682884693146,-1.110431432723999,0.1841035783290863,0.19755935668945312,-0.30301588773727417,0.08483731746673584,-0.21222764253616333,0.19651015102863312,-0.2428988218307495,-0.04702119529247284,0.12324691563844681,0.10273139923810959,0.027182187885046005,-0.08534927666187286,0.024110186845064163,0.23064301908016205,0.061751820147037506
7.683333734050393,458,-200.0,-200.0,-200.0,-47.97014617919922,-33.59712219238281,-50.0,-100.0,100.0,50.2156982421875,100.0,-100.0,100.0,-43.67095947265625,-300.0,-300.0,300.0,300.0,220.1070556640625,0.0,0.0,0.0,0.0,150.0,-150.0,-150.0,-150.0,150.0,-150.0,-0.04974675923585892,-0.3906441032886505,0.11915486305952072,0.9326084852218628,0.060142550617456436,0.09126118570566177,-0.053972940891981125,-0.08398391306400299,-0.5029792189598083,-0.1532941609621048,-0.002474025124683976,0.05489533022046089,0.14894993603229523,0.13926169276237488,-0.5336388945579529,-2.783790111541748,-0.11658268421888351,3.0596096515655518,0.5482133626937866,-0.3842538297176361,-0.6065014004707336,0.043367501348257065,0.5467442870140076,0.03979372978210449,0.0186593160033226,0.28708910942077637,-1.0477344989776611,0.10014941543340683,0.17658281326293945,-0.25825440883636475,0.08752063661813736,-0.21390965580940247,0.20238140225410461,-0.24359285831451416,-0.028745051473379135,0.16006051003932953,0.12665024399757385,-0.03600873425602913,-0.11672462522983551,0.008390056900680065,0.23447413742542267,0.07754798978567123
7.700000401586294,459,-200.0,-200.0,-200.0,-27.156421661376953,29.297061920166016,-30.593605041503906,100.0,100.0,-100.0,100.0,68.768798828125,100.0,300.0,-7.16943359375,-186.45712280273438,300.0,300.0,300.0,0.0,0.0,0.0,0.0,-104.262451171875,-8.898193359375,-80.03289794921875,-150.0,150.0,-150.0,-0.05674222111701965,-0.45396584272384644,0.11370766907930374,0.9854716658592224,0.07155581563711166,0.06737815588712692,-0.07051796466112137,-0.07872182130813599,-0.5047053098678589,-0.15358003973960876,-0.0034392543602734804,0.05538364499807358,0.13568155467510223,0.14149199426174164,-0.6678408980369568,-3.5576043128967285,-0.2824079990386963,3.1078338623046875,0.7017062902450562,-1.3573343753814697,-0.8547617197036743,0.40397047996520996,0.2937127947807312,-0.016189657151699066,-0.15790300071239471,0.2729718089103699,-1.1829078197479248,0.40061765909194946,0.17658281326293945,-0.25825440883636475,0.08752063661813736,-0.21390965580940247,0.20238140225410461,-0.24359285831451416,-0.028745051473379135,0.16006051003932953,0.12665024399757385,-0.03600873425602913,-0.11672462522983551,0.008390056900680065,0.23447413742542267,0.07754798978567123
7.716667069122195,460,-200.0,-200.0,-200.0,-50.0,-50.0,22.442703247070312,-100.0,100.0,100.0,100.0,-100.0,-100.0,300.0,-300.0,-246.273681640625,300.0,300.0,300.0,0.0,0.0,0.0,0.0,-150.0,-150.0,150.0,-150.0,150.0,-150.0,-0.06370151042938232,-0.5084949135780334,0.10829285532236099,1.024200201034546,0.08169417083263397,0.04689665138721466,-0.08453066647052765,-0.0732964277267456,-0.5017752051353455,-0.15421655774116516,-0.0034293418284505606,0.05796758085489273,0.12521223723888397,0.14671039581298828,-0.6196130514144897,-3.0407044887542725,-0.3019208014011383,2.020857095718384,0.6170311570167542,-1.1560163497924805,-0.7279687523841858,0.3709137439727783,0.346250057220459,-0.06467554718255997,0.016060523688793182,0.28821584582328796,-0.9517197608947754,0.3599724769592285,0.17004141211509705,-0.24897514283657074,0.09257028251886368,-0.20608186721801758,0.20202097296714783,-0.2381221055984497,0.011368142440915108,0.14655406773090363,0.10867782682180405,-0.07207527756690979,-0.09020776301622391,-0.007825241424143314,0.28473976254463196,0.0665392205119133
7.733333736658096,461,-200.0,-200.0,-200.0,-43.28223419189453,-8.491342544555664,-14.758964538574219,100.0,100.0,-100.0,100.0,-32.8251953125,7.2762451171875,300.0,19.1953125,-73.7052001953125,300.0,300.0,300.0,0.0,0.0,0.0,0.0,-109.627197265625,-14.111083984375,-67.09524536132812,-150.0,150.0,-150.0,-0.06766369193792343,-0.5652576088905334,0.10281921178102493,1.053528904914856,0.08705554902553558,0.01913173496723175,-0.09091219305992126,-0.0649096742272377,-0.5018309950828552,-0.153274267911911,-0.0037063693162053823,0.05891220271587372,0.1158299371600151,0.14464010298252106,-0.4921019971370697,-3.187403440475464,-0.34758061170578003,1.6626445055007935,0.3631838262081146,-1.5627490282058716,-0.2918643653392792,0.500402569770813,0.3302072286605835,-0.02519344538450241,-0.0783102735877037,0.23099251091480255,-0.9832297563552856,0.06212880462408066,0.17004141211509705,-0.24897514283657074,0.09257028251886368,-0.20608186721801758,0.20202097296714783,-0.2381221055984497,0.011368142440915108,0.14655406773090363,0.10867782682180405,-0.07207527756690979,-0.09020776301622391,-0.007825241424143314,0.28473976254463196,0.0665392205119133
7.750000404193997,462,-200.0,-200.0,-200.0,-50.0,31.573612213134766,-12.417510986328125,100.0,100.0,-100.0,100.0,-100.0,-100.0,300.0,-300.0,112.28573608398438,300.0,300.0,300.0,0.0,0.0,0.0,0.0,-150.0,-150.0,150.0,-150.0,150.0,-150.0,-0.07203522324562073,-0.6141517162322998,0.09711979329586029,1.069251298904419,0.09156958758831024,-0.004664253909140825,-0.09644749015569687,-0.05732044205069542,-0.49784791469573975,-0.15314613282680511,-0.0038645078893750906,0.060197312384843826,0.10602985322475433,0.14471666514873505,-0.4768735468387604,-2.72615122795105,-0.33622756600379944,0.6655637621879578,0.313171923160553,-1.3387782573699951,-0.2502707839012146,0.46071648597717285,0.4012889862060547,-0.0510067343711853,0.011920899152755737,0.17891418933868408,-0.9156457185745239,0.07332880049943924,0.17381472885608673,-0.22438792884349823,0.1011129841208458,-0.18641024827957153,0.18965086340904236,-0.22025662660598755,0.016852283850312233,0.14663910865783691,0.09956535696983337,-0.11645922064781189,-0.06256229430437088,-0.015282140113413334,0.29325783252716064,0.07054713368415833
7.7666670717298985,463,-200.0,-200.0,-200.0,-35.646705627441406,-33.376373291015625,-11.903884887695312,100.0,100.0,-100.0,100.0,-100.0,-79.872314453125,296.9687194824219,73.38916015625,76.60302734375,300.0,300.0,300.0,0.0,0.0,0.0,0.0,-123.76374053955078,-18.71240234375,-74.6770248413086,-150.0,150.0,-150.0,-0.07134310156106949,-0.6623492240905762,0.09383806586265564,1.0743743181228638,0.09369746595621109,-0.037551190704107285,-0.09532596915960312,-0.04594798758625984,-0.4951600432395935,-0.15078315138816833,-0.003893911372870207,0.05907882750034332,0.09631586074829102,0.1383119374513626,-0.18448223173618317,-2.7209839820861816,-0.2826509177684784,0.1740228682756424,0.2136755883693695,-1.8440147638320923,0.14489330351352692,0.6624509692192078,0.4655262529850006,0.026239663362503052,-0.06582581996917725,0.25615036487579346,-1.0141674280166626,-0.18695056438446045,0.17381472885608673,-0.22438792884349823,0.1011129841208458,-0.18641024827957153,0.18965086340904236,-0.22025662660598755,0.016852283850312233,0.14663910865783691,0.09956535696983337,-0.11645922064781189,-0.06256229430437088,-0.015282140113413334,0.29325783252716064,0.07054713368415833
7.7833337392657995,464,88.761474609375,-200.0,-200.0,-50.0,-5.017646789550781,-20.77469253540039,-100.0,100.0,-100.0,100.0,-100.0,-100.0,300.0,22.079833984375,-163.38937377929688,300.0,300.0,300.0,0.0,0.0,0.0,0.0,-150.0,-150.0,150.0,-150.0,150.0,-150.0,-0.0715416818857193,-0.7039584517478943,0.09039521962404251,1.0661215782165527,0.09551575034856796,-0.06570736318826675,-0.09439293295145035,-0.03489108756184578,-0.4891236126422882,-0.14823690056800842,-0.00423136493191123,0.05940519645810127,0.08574168384075165,0.13518092036247253,-0.19976051151752472,-2.334784984588623,-0.2614772319793701,-0.7280782461166382,0.19065570831298828,-1.5757496356964111,0.1205664575099945,0.6788120865821838,0.520386278629303,0.045488305389881134,0.0033673811703920364,0.0993368998169899,-0.9059693217277527,-0.09225549548864365,0.16459453105926514,-0.21173794567584991,0.1334744542837143,-0.17572766542434692,0.20131658017635345,-0.20433834195137024,0.04590027034282684,0.14429347217082977,0.09494658559560776,-0.16204817593097687,-0.016389720141887665,-0.024910740554332733,0.3114166259765625,0.05104023218154907
7.800000406801701,465,-200.0,-200.0,-200.0,-41.87843322753906,-50.0,-13.009132385253906,100.0,100.0,-100.0,100.0,-100.0,-100.0,300.0,118.75048828125,149.696044921875,300.0,300.0,300.0,0.0,0.0,0.0,0.0,-150.0,-37.428955078125,-81.00494384765625,-150.0,150.0,-150.0,-0.06820788979530334,-0.7395362257957458,0.08572819083929062,1.0498040914535522,0.09621158242225647,-0.10265933722257614,-0.0839233249425888,-0.022057579830288887,-0.4783444404602051,-0.14387525618076324,-0.004870068747550249,0.05677604675292969,0.07487905770540237,0.12708580493927002,-0.017702404409646988,-2.035248041152954,-0.39695262908935547,-1.025414228439331,0.17649665474891663,-2.0518453121185303,0.6810796856880188,0.7187680006027222,0.8939698934555054,0.12373456358909607,-0.05317609757184982,0.1772642433643341,-1.0013995170593262,-0.301158607006073,0.16459453105926514,-0.21173794567584991,0.1334744542837143,-0.17572766542434692,0.20131658017635345,-0.20433834195137024,0.04590027034282684,0.14429347217082977,0.09494658559560776,-0.16204817593097687,-0.016389720141887665,-0.024910740554332733,0.3114166259765625,0.05104023218154907
7.816667074337602,466,200.0,-200.0,-200.0,-27.580062866210938,-50.0,-50.0,100.0,100.0,-100.0,100.0,-100.0,-100.0,300.0,-300.0,300.0,300.0,300.0,300.0,0.0,0.0,0.0,0.0,-150.0,-150.0,150.0,-150.0,150.0,-150.0,-0.06517696380615234,-0.7711138129234314,0.08105885237455368,1.0247606039047241,0.09702444821596146,-0.1342514604330063,-0.07487344741821289,-0.010146758519113064,-0.46474653482437134,-0.1393030732870102,-0.005007268860936165,0.05632302910089493,0.06312493979930878,0.1221695989370346,0.00878271833062172,-1.8054243326187134,-0.37212857604026794,-1.5834755897521973,0.1797782927751541,-1.7499020099639893,0.5823535919189453,0.7099525332450867,0.9741847515106201,0.14206844568252563,0.002187112346291542,0.08084462583065033,-0.8878577947616577,-0.2392425537109375,0.16972987353801727,-0.19698084890842438,0.1581062227487564,-0.17265769839286804,0.18294019997119904,-0.17768749594688416,0.03173898532986641,0.15236027538776398,0.08678150922060013,-0.19509728252887726,0.02514568157494068,-0.03754635155200958,0.29650071263313293,0.052273452281951904
7.833333741873503,467,200.0,-200.0,-200.0,14.689277648925781,-50.0,-17.428131103515625,100.0,100.0,-100.0,100.0,-100.0,-100.0,233.26019287109375,237.271240234375,286.17596435546875,300.0,300.0,300.0,0.0,0.0,0.0,0.0,-150.0,-48.338134765625,-87.897705078125,-150.0,150.0,-150.0,-0.05935811623930931,-0.8038764595985413,0.07832098007202148,0.9995608329772949,0.09636487811803818,-0.1704915165901184,-0.05838528275489807,0.0034469449892640114,-0.4496617317199707,-0.13531790673732758,-0.005074555054306984,0.05401834845542908,0.05256321653723717,0.11568653583526611,0.16035810112953186,-1.875244140625,-0.3171340227127075,-1.4425524473190308,0.1414942741394043,-1.9985004663467407,1.0116580724716187,0.7178289890289307,1.2016245126724243,0.06674474477767944,-0.07067567110061646,0.12093336880207062,-0.9213753938674927,-0.2686452865600586,0.16972987353801727,-0.19698084890842438,0.1581062227487564,-0.17265769839286804,0.18294019997119904,-0.17768749594688416,0.03173898532986641,0.15236027538776398,0.08678150922060013,-0.19509728252887726,0.02514568157494068,-0.03754635155200958,0.29650071263313293,0.052273452281951904
7.850000409409404,468,200.0,-200.0,-200.0,-50.0,-50.0,-48.537940979003906,-100.0,48.558349609375,-100.0,100.0,-100.0,-100.0,300.0,222.539794921875,64.64450073242188,300.0,300.0,300.0,0.0,0.0,0.0,0.0,-150.0,-150.0,150.0,-150.0,150.0,-150.0,-0.05487637594342232,-0.8323376774787903,0.07576125115156174,0.9676202535629272,0.09603825211524963,-0.20146702229976654,-0.04437202587723732,0.015325425192713737,-0.4307558238506317,-0.13216114044189453,-0.005229315720498562,0.05206829681992531,0.041453901678323746,0.11069294065237045,0.11953182518482208,-1.6100661754608154,-0.2692241668701172,-2.0002105236053467,0.14127512276172638,-1.7069774866104126,0.8556481003761292,0.6568616032600403,1.3163985013961792,0.08098398149013519,-0.02184091880917549,0.03861287236213684,-0.913224995136261,-0.19153262674808502,0.16330254077911377,-0.1908998042345047,0.1536732167005539,-0.1806248128414154,0.19571354985237122,-0.1555156409740448,0.03456736356019974,0.1504180133342743,0.07631421089172363,-0.20643523335456848,0.05053677037358284,-0.06198180094361305,0.30999642610549927,0.037379585206508636
7.866667076945305,469,200.0,-200.0,-98.68310546875,-2.7917327880859375,-50.0,-8.163421630859375,100.0,35.7890625,-100.0,100.0,-100.0,-100.0,300.0,300.0,300.0,300.0,300.0,300.0,0.0,0.0,0.0,0.0,-150.0,-31.96240234375,-72.081298828125,-150.0,150.0,-150.0,-0.04772564768791199,-0.8574382662773132,0.07189039885997772,0.9256094098091125,0.09408789873123169,-0.23112399876117706,-0.0270762350410223,0.028836950659751892,-0.4119209945201874,-0.1286899596452713,-0.004721787292510271,0.04811239615082741,0.03127298504114151,0.10701367259025574,0.2574969232082367,-1.4078412055969238,-0.39806511998176575,-2.653334140777588,0.06589343398809433,-1.624139428138733,1.039291501045227,0.7081587314605713,1.304079532623291,0.059973906725645065,-0.010812170803546906,0.08401459455490112,-0.9244006276130676,-0.14345276355743408,0.16330254077911377,-0.1908998042345047,0.1536732167005539,-0.1806248128414154,0.19571354985237122,-0.1555156409740448,0.03456736356019974,0.1504180133342743,0.07631421089172363,-0.20643523335456848,0.05053677037358284,-0.06198180094361305,0.30999642610549927,0.037379585206508636
7.883333744481206,470,200.0,-200.0,200.0,-44.05914306640625,-50.0,-50.0,-100.0,-100.0,-100.0,100.0,-100.0,-100.0,300.0,300.0,300.0,300.0,300.0,300.0,0.0,0.0,0.0,0.0,-150.0,150.0,97.66455078125,-150.0,150.0,-150.0,-0.04104037955403328,-0.8780350685119629,0.06851337850093842,0.8707515597343445,0.09245683252811432,-0.25625306367874146,-0.012319202534854412,0.04036139324307442,-0.39329978823661804,-0.12549959123134613,-0.004781601019203663,0.047851040959358215,0.01942993514239788,0.10347855091094971,0.23552073538303375,-1.1522510051727295,-0.3507137596607208,-3.4401135444641113,0.07856079190969467,-1.3760040998458862,0.8888047337532043,0.6039333343505859,1.2138245105743408,0.050062280148267746,-0.011845383793115616,0.3316221535205841,-0.9401832818984985,-0.16098758578300476,0.17896762490272522,-0.184943288564682,0.15501435101032257,-0.1682969182729721,0.20486220717430115,-0.12851011753082275,0.011082116514444351,0.1652025580406189,0.04626942425966263,-0.1975863128900528,0.06093701347708702,-0.0777101144194603,0.3254441022872925,0.005889802239835262
7.900000412017107,471,200.0,-200.0,200.0,22.229904174804688,-50.0,8.4730224609375,-24.09326171875,-67.5263671875,100.0,100.0,-82.8896484375,-100.0,300.0,300.0,300.0,298.1207275390625,300.0,300.0,0.0,0.0,0.0,0.0,-150.0,-15.8406982421875,-90.08966064453125,-150.0,150.0,-150.0,-0.026917222887277603,-0.8809064030647278,0.06892404705286026,0.791059672832489,0.08630452305078506,-0.27521392703056335,0.0026809843257069588,0.055234525352716446,-0.3683013916015625,-0.11659547686576843,-0.004794712644070387,0.04595073685050011,0.006346666254103184,0.09824672341346741,0.713408350944519,-0.14538532495498657,-0.3186817169189453,-5.171509742736816,-0.18351198732852936,-1.0274218320846558,0.9026493430137634,0.780304491519928,1.3902840614318848,0.3565586805343628,0.0783204436302185,0.4790481626987457,-0.960860013961792,-0.2309873253107071,0.17896762490272522,-0.184943288564682,0.15501435101032257,-0.1682969182729721,0.20486220717430115,-0.12851011753082275,0.011082116514444351,0.1652025580406189,0.04626942425966263,-0.1975863128900528,0.06093701347708702,-0.0777101144194603,0.3254441022872925,0.005889802239835262
7.916667079553008,472,200.0,-200.0,200.0,-50.0,-50.0,-50.0,-74.24951171875,-100.0,-100.0,100.0,-100.0,-100.0,300.0,300.0,300.0,300.0,300.0,300.0,0.0,0.0,0.0,0.0,-150.0,109.88421630859375,-150.0,-150.0,150.0,-150.0,-0.01428121980279684,-0.8814125657081604,0.06937593966722488,0.6934515237808228,0.08114459365606308,-0.29106399416923523,0.01540450006723404,0.06676966696977615,-0.3501702845096588,-0.1079476848244667,-0.0043333182111382484,0.0525355339050293,-0.007864790968596935,0.0944359079003334,0.6701593399047852,-0.023458493873476982,-0.27982431650161743,-5.99782133102417,-0.13577336072921753,-0.8567015528678894,0.791286826133728,0.6300044059753418,1.1343746185302734,0.3409407138824463,0.0006739236414432526,0.9517714977264404,-1.0518243312835693,-0.20054972171783447,0.19702443480491638,-0.1733415275812149,0.14983095228672028,-0.15958340466022491,0.21931685507297516,-0.1253804862499237,-0.017195286229252815,0.20187093317508698,0.007245350629091263,-0.19123505055904388,0.04644060507416725,-0.07510509341955185,0.33598023653030396,-0.020085470750927925
7.933333747088909,473,200.0,-200.0,200.0,49.24949645996094,-50.0,11.449386596679688,-100.0,-100.0,100.0,100.0,48.85400390625,-100.0,79.518310546875,300.0,300.0,-152.8076171875,300.0,48.37835693359375,0.0,0.0,0.0,0.0,-150.0,-11.2928466796875,-150.0,-150.0,150.0,-150.0,0.006545038893818855,-0.8660993576049805,0.07433933019638062,0.5682706236839294,0.07018648833036423,-0.30282244086265564,0.023626184090971947,0.08343669772148132,-0.3289191424846649,-0.09630293399095535,-0.005112995859235525,0.05588852986693382,-0.022375425323843956,0.08753962069749832,1.181715726852417,0.893512487411499,-0.2409193217754364,-7.884975910186768,-0.48150575160980225,-0.6333701610565186,0.5467524528503418,0.9124888181686401,1.0862746238708496,0.4705524742603302,0.06408943235874176,0.680427074432373,-1.017512559890747,-0.33013272285461426,0.19702443480491638,-0.1733415275812149,0.14983095228672028,-0.15958340466022491,0.21931685507297516,-0.1253804862499237,-0.017195286229252815,0.20187093317508698,0.007245350629091263,-0.19123505055904388,0.04644060507416725,-0.07510509341955185,0.33598023653030396,-0.020085470750927925
7.95000041462481,474,200.0,-200.0,-182.43505859375,-50.0,-50.0,-8.641036987304688,100.0,-100.0,-100.0,100.0,-100.0,-100.0,300.0,300.0,300.0,300.0,-300.0,300.0,0.0,0.0,0.0,0.0,-150.0,150.0,49.6629638671875,-150.0,150.0,-150.0,0.024000966921448708,-0.8502657413482666,0.07839518040418625,0.426843523979187,0.061423275619745255,-0.31253498792648315,0.030119294300675392,0.09596104174852371,-0.31695565581321716,-0.08608093112707138,-0.00427993293851614,0.057510968297719955,-0.0369950495660305,0.0823037326335907,1.0324259996414185,0.8695602416992188,-0.19827400147914886,-8.493361473083496,-0.41628652811050415,-0.5176637172698975,0.5057013034820557,0.7044001221656799,0.7671537399291992,0.4226851165294647,0.007110867649316788,0.5353638529777527,-1.033982515335083,-0.2955494523048401,0.21270647644996643,-0.14362822473049164,0.125758096575737,-0.1384366750717163,0.23637141287326813,-0.1214931532740593,-0.003395847976207733,0.22859197854995728,-0.026651551946997643,-0.1715507209300995,0.060893479734659195,-0.041686758399009705,0.331680566072464,-0.02983064390718937
7.966667082160711,475,200.0,-200.0,200.0,26.1998291015625,-50.0,19.505355834960938,-100.0,-100.0,100.0,100.0,100.0,-100.0,-97.41796875,300.0,300.0,-204.6817626953125,155.9422607421875,-138.811279296875,0.0,0.0,0.0,0.0,-150.0,-24.771240234375,-150.0,-150.0,150.0,-150.0,0.05045100301504135,-0.8277704119682312,0.08680744469165802,0.26093927025794983,0.04848656430840492,-0.3153015375137329,0.0390954427421093,0.11422721296548843,-0.3082937002182007,-0.07114145904779434,-0.004551743157207966,0.05548347905278206,-0.050731755793094635,0.07497550547122955,1.5781195163726807,1.3003551959991455,-0.2100752890110016,-10.307440757751465,-0.6176875233650208,-0.11890513449907303,0.6340836882591248,1.0237090587615967,0.4006824791431427,0.6784664988517761,0.03932125121355057,0.6894930601119995,-1.019728660583496,-0.2817264199256897,0.21270647644996643,-0.14362822473049164,0.125758096575737,-0.1384366750717163,0.23637141287326813,-0.1214931532740593,-0.003395847976207733,0.22859197854995728,-0.026651551946997643,-0.1715507209300995,0.060893479734659195,-0.041686758399009705,0.331680566072464,-0.02983064390718937
7.983333749696612,476,200.0,-200.0,200.0,12.74200439453125,-50.0,-38.283477783203125,-100.0,-100.0,100.0,100.0,-100.0,-100.0,300.0,300.0,300.0,149.69921875,-300.0,-300.0,0.0,0.0,0.0,0.0,-150.0,150.0,-126.59295654296875,-150.0,150.0,-150.0,0.07282158732414246,-0.8051581978797913,0.09349969029426575,0.0820164680480957,0.03754110261797905,-0.31741416454315186,0.04573925584554672,0.12681926786899567,-0.3077179789543152,-0.05864467844367027,-0.003626858117058873,0.05353546887636185,-0.06367827951908112,0.07032040506601334,1.3381608724594116,1.2469861507415771,-0.18043038249015808,-10.689722061157227,-0.4883119463920593,-0.08483454585075378,0.5719903707504272,0.7249740362167358,0.07598738372325897,0.5775495767593384,0.046636901795864105,0.403137743473053,-0.924046516418457,-0.2462303638458252,0.22544588148593903,-0.14108002185821533,0.08269735425710678,-0.1431894749403,0.25530365109443665,-0.0854911357164383,-0.00024520326405763626,0.25148850679397583,-0.028198743239045143,-0.12379591166973114,0.06581206619739532,-0.03557402268052101,0.3183666467666626,-0.029376676306128502
8.000000417232513,477,-200.0,-200.0,200.0,50.0,50.0,27.0928955078125,-100.0,100.0,100.0,100.0,100.0,-100.0,-300.0,300.0,300.0,-6.1180419921875,-300.0,-300.0,0.0,0.0,0.0,0.0,-150.0,-42.37548828125,-150.0,-150.0,150.0,-150.0,0.10330164432525635,-0.8031126856803894,0.10587044805288315,-0.0005135501269251108,0.027145197615027428,-0.30549293756484985,0.05113484710454941,0.13751375675201416,-0.2947603464126587,-0.041416946798563004,-0.005697620566934347,0.04664422199130058,-0.07459951937198639,0.07232342660427094,2.026726722717285,0.26403331756591797,-0.06710642576217651,-0.0073651596903800964,-0.4155874252319336,0.7151980400085449,0.5395252704620361,0.7086799144744873,2.5643656253814697,0.7356772422790527,-0.4147332012653351,-0.16078276932239532,-0.7471686601638794,0.3504125475883484,0.22544588148593903,-0.14108002185821533,0.08269735425710678,-0.1431894749403,0.25530365109443665,-0.0854911357164383,-0.00024520326405763626,0.25148850679397583,-0.028198743239045143,-0.12379591166973114,0.06581206619739532,-0.03557402268052101,0.3183666467666626,-0.029376676306128502
8.016667084768414,478,-200.0,-200.0,-19.3062744140625,50.0,-50.0,50.0,-100.0,-100.0,100.0,100.0,100.0,-100.0,-300.0,300.0,156.10317993164062,-300.0,-300.0,-275.791259765625,0.0,0.0,0.0,0.0,150.0,150.0,105.90017700195312,-150.0,150.0,-150.0,0.13066823780536652,-0.7917398810386658,0.1163097396492958,-0.00043455412378534675,0.018497882410883904,-0.2955697774887085,0.05728230997920036,0.14672322571277618,-0.26821693778038025,-0.03170200437307358,-0.0002570304204709828,0.049117203801870346,-0.09741336107254028,0.06417813897132874,1.558915376663208,0.8342333436012268,-0.16488641500473022,0.010276835411787033,-0.4093744456768036,0.5807944536209106,0.3948725461959839,0.41804182529449463,1.1166939735412598,0.31830811500549316,0.9616191983222961,0.7209473252296448,-1.676178216934204,-0.4640813171863556,0.19725970923900604,-0.23617549240589142,0.09243238717317581,-0.141178160905838,0.18204271793365479,-0.09266762435436249,0.061559464782476425,0.20531056821346283,0.08204381167888641,-0.03614240512251854,0.07592485845088959,-0.046292681246995926,0.2608242332935333,-0.07097858935594559
8.033333752304316,479,113.96682739257812,-200.0,200.0,21.702178955078125,-50.0,50.0,-100.0,-100.0,100.0,100.0,100.0,100.0,-300.0,300.0,300.0,-119.38916015625,-300.0,-300.0,0.0,0.0,0.0,0.0,-110.013671875,30.2470703125,150.0,-150.0,150.0,-150.0,0.14677469432353973,-0.7585282921791077,0.11701233685016632,-0.00016095746832434088,0.028405115008354187,-0.2618093192577362,0.0643477514386177,0.13854338228702545,-0.24959376454353333,-0.020803561434149742,0.03129851818084717,0.05810919776558876,-0.12889976799488068,0.05140870437026024,0.8568281531333923,1.9986904859542847,-0.4889417290687561,-0.008836312219500542,0.6711146235466003,1.8978132009506226,0.2791195511817932,-0.4805147051811218,0.6206445693969727,0.5211294889450073,2.469381093978882,-0.2230565845966339,-1.5559399127960205,-0.7191084623336792,0.19725970923900604,-0.23617549240589142,0.09243238717317581,-0.141178160905838,0.18204271793365479,-0.09266762435436249,0.061559464782476425,0.20531056821346283,0.08204381167888641,-0.03614240512251854,0.07592485845088959,-0.046292681246995926,0.2608242332935333,-0.07097858935594559
8.050000419840217,480,-200.0,200.0,200.0,50.0,-49.93255615234375,21.057498931884766,-100.0,-100.0,100.0,100.0,100.0,100.0,-300.0,300.0,300.0,-255.56658935546875,-300.0,-101.509033203125,0.0,0.0,0.0,0.0,150.0,150.0,-150.0,-150.0,150.0,-150.0,0.15887990593910217,-0.7233624458312988,0.11613459140062332,-0.00011753258149838075,0.03684941306710243,-0.23288466036319733,0.07023623585700989,0.1283353865146637,-0.24957843124866486,-0.015217923559248447,0.08424607664346695,0.05675852671265602,-0.16137546300888062,0.0392666794359684,0.6453068256378174,2.0348129272460938,-0.48013532161712646,0.005524440668523312,0.5507022142410278,1.6268885135650635,0.22402635216712952,-0.5871695280075073,-0.2732909321784973,0.33707180619239807,3.3942129611968994,-0.2889694571495056,-1.626192569732666,-0.6743367314338684,0.19501997530460358,-0.25817397236824036,0.06853906065225601,-0.12398955225944519,0.12109807878732681,-0.09949642419815063,0.08936332166194916,0.14262233674526215,0.1309192180633545,0.008962739259004593,0.045869164168834686,-0.010775751434266567,0.19234110414981842,-0.04882410168647766
8.066667087376118,481,-200.0,-200.0,200.0,19.74541473388672,-26.24609375,50.0,-100.0,-100.0,100.0,100.0,100.0,100.0,-300.0,300.0,300.0,300.0,-300.0,-108.82260131835938,0.0,0.0,0.0,0.0,-36.38055419921875,61.10888671875,150.0,-66.0384521484375,150.0,-150.0,0.1567051112651825,-0.6652611494064331,0.11580938845872879,-0.0001499611826147884,0.05189361050724983,-0.19570986926555634,0.0688660517334938,0.10655748844146729,-0.2523341178894043,-0.012000593356788158,0.16715969145298004,0.05128026381134987,-0.19847004115581512,0.027911141514778137,-0.058788735419511795,3.4943900108337402,-0.3046606779098511,-0.0005468442104756832,0.8837947845458984,2.075843095779419,-0.22853955626487732,-1.202242374420166,-0.7729271054267883,0.30915340781211853,5.698025703430176,-0.5680165886878967,-1.921163558959961,-0.6596498489379883,0.19501997530460358,-0.25817397236824036,0.06853906065225601,-0.12398955225944519,0.12109807878732681,-0.09949642419815063,0.08936332166194916,0.14262233674526215,0.1309192180633545,0.008962739259004593,0.045869164168834686,-0.010775751434266567,0.19234110414981842,-0.04882410168647766
8.083333754912019,482,-200.0,-200.0,200.0,43.93695068359375,-38.84765625,22.541427612304688,-100.0,-100.0,100.0,100.0,100.0,100.0,-300.0,300.0,300.0,300.0,-300.0,-11.8995361328125,0.0,0.0,0.0,0.0,121.219970703125,150.0,-150.0,150.0,150.0,-31.81695556640625,0.15239422023296356,-0.6078253984451294,0.11414778977632523,-2.6736792278825305e-05,0.06467007845640182,-0.1639280468225479,0.0679093673825264,0.08791247010231018,-0.275292307138443,-0.010134072974324226,0.27383512258529663,0.048871785402297974,-0.22496886551380157,0.016358818858861923,-0.1644923985004425,3.370389223098755,-0.33541324734687805,0.008103249594569206,0.7647131681442261,1.7665867805480957,-0.17364268004894257,-0.991527259349823,-1.6172891855239868,0.29287394881248474,6.5676469802856445,-0.091062031686306,-1.3630188703536987,-0.6929543614387512,0.22462128102779388,-0.25855332612991333,0.04100584611296654,-0.12044485658407211,0.1042514368891716,-0.11297624558210373,0.09393689036369324,0.11750933527946472,0.14488177001476288,0.03086892142891884,0.015840204432606697,0.050941191613674164,0.10957928746938705,-0.039901621639728546
8.10000042244792,483,-200.0,-200.0,200.0,0.6444511413574219,-25.654022216796875,50.0,-100.0,-100.0,100.0,100.0,100.0,100.0,-300.0,300.0,201.71731567382812,300.0,-300.0,-210.69000244140625,0.0,0.0,0.0,0.0,-29.86004638671875,77.746337890625,150.0,150.0,150.0,-150.0,0.13875438272953033,-0.5473461151123047,0.1205524206161499,-8.637526480015367e-05,0.07807731628417969,-0.13088268041610718,0.060780562460422516,0.06725285202264786,-0.30840224027633667,-0.008335855789482594,0.39936700463294983,0.04538349434733391,-0.24632275104522705,0.010205079801380634,-0.5031333565711975,3.6449601650238037,0.21982166171073914,0.006071051582694054,0.7624830007553101,1.8336210250854492,-0.5199018716812134,-1.0554676055908203,-2.2887589931488037,0.3905433714389801,7.806029319763184,-0.44498348236083984,-0.592246949672699,-0.3898913264274597,0.22462128102779388,-0.25855332612991333,0.04100584611296654,-0.12044485658407211,0.1042514368891716,-0.11297624558210373,0.09393689036369324,0.11750933527946472,0.14488177001476288,0.03086892142891884,0.015840204432606697,0.050941191613674164,0.10957928746938705,-0.039901621639728546
8.116667089983821,484,200.0,200.0,-200.0,50.0,-50.0,50.0,100.0,100.0,-100.0,-100.0,100.0,100.0,-300.0,300.0,-35.015625,300.0,-300.0,300.0,0.0,0.0,0.0,0.0,150.0,150.0,-150.0,150.0,150.0,-150.0,0.12693142890930176,-0.49253371357917786,0.1312515139579773,-0.017865663394331932,0.034534282982349396,-0.11099330335855484,0.06952953338623047,0.055689822882413864,-0.35154640674591064,-0.00908744242042303,0.529117226600647,0.04693320393562317,-0.24786120653152466,-0.0066717080771923065,0.09658774733543396,2.9338910579681396,1.2920650243759155,-3.989652156829834,-10.731341361999512,0.11648309230804443,3.9566781520843506,-0.10985064506530762,-3.019024610519409,0.46828433871269226,7.706491947174072,-0.45302271842956543,0.6121032238006592,-1.0525180101394653,0.2874360680580139,-0.1978789120912552,-0.1133582815527916,-0.08095698058605194,0.2524235248565674,-0.2058124542236328,0.004181805998086929,0.14478273689746857,0.16518430411815643,0.03657666966319084,0.01667487807571888,0.056084200739860535,0.09895993024110794,-0.13376270234584808
8.133333757519722,485,-200.0,-200.0,-200.0,-9.165985107421875,21.213409423828125,50.0,-100.0,-32.7010498046875,100.0,-100.0,-100.0,100.0,-300.0,300.0,-300.0,-279.9808349609375,-300.0,-176.804443359375,0.0,0.0,0.0,0.0,150.0,-150.0,100.48721313476562,150.0,-150.0,150.0,0.13278606534004211,-0.49203965067863464,0.15801893174648285,-0.004546093754470348,-0.039567846804857254,-0.03435344249010086,0.05954726040363312,0.06722485274076462,-0.42993733286857605,0.010483676567673683,0.7009841799736023,0.0517849326133728,-0.20220525562763214,-0.041500985622406006,0.44526877999305725,0.7308127880096436,1.3353501558303833,1.0571823120117188,-0.526970624923706,6.3199849128723145,-0.45033901929855347,0.8274000287055969,-4.062209606170654,0.8373680114746094,10.46772575378418,-0.3851255774497986,4.731269836425781,-1.7984914779663086,0.2874360680580139,-0.1978789120912552,-0.1133582815527916,-0.08095698058605194,0.2524235248565674,-0.2058124542236328,0.004181805998086929,0.14478273689746857,0.16518430411815643,0.03657666966319084,0.01667487807571888,0.056084200739860535,0.09895993024110794,-0.13376270234584808
8.150000425055623,486,-200.0,-200.0,-200.0,-43.972747802734375,-50.0,50.0,-100.0,-100.0,100.0,-81.70562744140625,-100.0,-100.0,-300.0,-17.982666015625,300.0,300.0,-300.0,-300.0,0.0,0.0,0.0,0.0,150.0,-150.0,150.0,-150.0,-150.0,150.0,0.13847459852695465,-0.4745030701160431,0.1725796014070511,0.0013310402864590287,-0.03751739114522934,0.08672437816858292,0.035395845770835876,0.08053690940141678,-0.4953128397464752,0.02460862323641777,0.8635141253471375,0.05102706700563431,-0.14302100241184235,-0.06413064897060394,0.30407172441482544,1.4980146884918213,0.38061439990997314,-0.0352473258972168,0.10792502760887146,5.254990100860596,-1.5787217617034912,0.5547858476638794,-3.932603120803833,0.6340267062187195,9.780074119567871,0.18755362927913666,3.319704294204712,-1.29233980178833,0.285039484500885,-0.15662093460559845,-0.13150453567504883,-0.15990355610847473,0.19778889417648315,-0.06500435620546341,0.048548247665166855,0.18652309477329254,0.12449781596660614,0.006932120770215988,0.018464183434844017,0.04645329341292381,0.005007592029869556,-0.012329110875725746
8.166667092591524,487,-200.0,-200.0,-153.548828125,-18.188034057617188,50.0,45.37641906738281,-100.0,100.0,100.0,-37.1712646484375,-98.0869140625,-100.0,-300.0,300.0,300.0,300.0,-300.0,-57.22412109375,0.0,0.0,0.0,0.0,150.0,-150.0,150.0,-150.0,-150.0,-93.20953369140625,0.13355925679206848,-0.4652276337146759,0.1721523255109787,0.002547313692048192,-0.03717641159892082,0.16547051072120667,-0.005148204043507576,0.08476844429969788,-0.5845887660980225,0.012086005881428719,1.0247317552566528,0.047205351293087006,-0.11753104627132416,-0.05758465453982353,-0.2817554473876953,0.7687174081802368,-0.03646514564752579,-0.04610973596572876,-0.11116988956928253,3.7270617485046387,-2.156545400619507,0.03856464475393295,-5.287352085113525,-0.5572080016136169,9.470169067382812,0.17188255488872528,1.4705275297164917,0.4850403070449829,0.285039484500885,-0.15662093460559845,-0.13150453567504883,-0.15990355610847473,0.19778889417648315,-0.06500435620546341,0.048548247665166855,0.18652309477329254,0.12449781596660614,0.006932120770215988,0.018464183434844017,0.04645329341292381,0.005007592029869556,-0.012329110875725746
8.183333760127425,488,-200.0,-200.0,200.0,50.0,50.0,21.14923095703125,-100.0,-100.0,-100.0,100.0,100.0,-100.0,-300.0,300.0,300.0,300.0,300.0,300.0,0.0,0.0,0.0,0.0,150.0,150.0,150.0,150.0,-23.8502197265625,150.0,0.13408300280570984,-0.4576006829738617,0.17698277533054352,0.002129883738234639,-0.05224422737956047,0.1746901273727417,-0.032729387283325195,0.09695302695035934,-0.6699148416519165,0.005132349207997322,1.1546146869659424,0.04508785903453827,-0.09514445811510086,-0.052231576293706894,-0.032809287309646606,0.6396644115447998,0.1868467479944229,-0.23026606440544128,0.37768393754959106,-1.317909598350525,-1.6065080165863037,0.3406400978565216,-4.91135835647583,-0.3310752213001251,7.008391857147217,-0.010717873461544514,1.2633676528930664,0.3649539351463318,0.29053691029548645,-0.15538974106311798,-0.11808541417121887,-0.12206090986728668,0.15515226125717163,-0.05855705589056015,-0.001886911690235138,0.1478399783372879,0.12823982536792755,0.030214715749025345,-0.022855417802929878,0.09257245808839798,0.015163061209022999,0.031072696670889854
8.200000427663326,489,-99.674560546875,-200.0,-200.0,-25.533462524414062,-50.0,12.985130310058594,-100.0,100.0,100.0,100.0,-100.0,100.0,-300.0,300.0,-9.7529296875,300.0,-300.0,199.54261779785156,0.0,0.0,0.0,0.0,150.0,150.0,150.0,-1.87158203125,-150.0,-26.399169921875,0.12303895503282547,-0.44470250606536865,0.18975037336349487,-0.0011958564864471555,-0.050000760704278946,0.15807071328163147,-0.04662232846021652,0.09748164564371109,-0.7326111197471619,0.002733612200245261,1.2402613162994385,0.05036896839737892,-0.07386854290962219,-0.03803854063153267,-0.6343259811401367,0.9803360104560852,0.7437928915023804,-0.09907624870538712,0.36156198382377625,-1.3043099641799927,-0.7795382142066956,-0.2809070348739624,-3.426058053970337,0.014389913529157639,4.591426849365234,0.46736013889312744,1.197100281715393,0.8372796773910522,0.29053691029548645,-0.15538974106311798,-0.11808541417121887,-0.12206090986728668,0.15515226125717163,-0.05855705589056015,-0.001886911690235138,0.1478399783372879,0.12823982536792755,0.030214715749025345,-0.022855417802929878,0.09257245808839798,0.015163061209022999,0.031072696670889854
8.216667095199227,490,-200.0,-200.0,104.4031982421875,-19.093475341796875,50.0,-21.139129638671875,54.7137451171875,-100.0,100.0,100.0,100.0,100.0,-300.0,300.0,-113.683837890625,300.0,169.875,-254.13998413085938,0.0,0.0,0.0,0.0,150.0,150.0,150.0,150.0,-150.0,-150.0,0.10927405208349228,-0.43135741353034973,0.19857069849967957,-0.0013402279000729322,-0.05055755004286766,0.14381827414035797,-0.0595649853348732,0.09840778261423111,-0.7840386629104614,0.0013524281093850732,1.3024283647537231,0.05699608474969864,-0.05679057165980339,-0.024782391265034676,-0.7363593578338623,1.0368163585662842,0.5160046219825745,0.0049182455986738205,0.30555835366249084,-1.0222234725952148,-0.776608943939209,-0.006606332957744598,-2.8335797786712646,0.04955296963453293,3.4037320613861084,0.3965595066547394,0.9614254236221313,0.7066689133644104,0.2784716486930847,-0.20840008556842804,-0.10295537859201431,-0.1366918683052063,0.12701469659805298,-0.02986571192741394,0.0021125609055161476,0.14065495133399963,0.11356870830059052,0.05202114209532738,0.002077910117805004,0.17316696047782898,-0.000768373953178525,0.01902863010764122
8.233333762735128,491,-200.0,-200.0,-200.0,-5.8960113525390625,-50.0,-17.513534545898438,-100.0,100.0,100.0,100.0,-100.0,100.0,-300.0,300.0,-270.382080078125,300.0,-300.0,-181.01431274414062,0.0,0.0,0.0,0.0,150.0,150.0,150.0,-5.0682373046875,-39.8529052734375,21.7432861328125,0.09348601847887039,-0.4078788757324219,0.20688185095787048,-0.001860064105130732,-0.05751380696892738,0.13078324496746063,-0.05754483863711357,0.09764673560857773,-0.8134825825691223,-0.00024037997354753315,1.3438408374786377,0.07485546171665192,-0.0481627956032753,-0.016945000737905502,-0.807533860206604,1.592265248298645,0.5240564346313477,0.009688809514045715,0.18375983834266663,-1.156769871711731,0.10878631472587585,-0.18154339492321014,-1.6430374383926392,0.022938264533877373,2.2474167346954346,1.0692684650421143,0.5016544461250305,0.41616517305374146,0.2784716486930847,-0.20840008556842804,-0.10295537859201431,-0.1366918683052063,0.12701469659805298,-0.02986571192741394,0.0021125609055161476,0.14065495133399963,0.11356870830059052,0.05202114209532738,0.002077910117805004,0.17316696047782898,-0.000768373953178525,0.01902863010764122
8.25000043027103,492,-125.6904296875,-200.0,91.92755126953125,14.828170776367188,50.0,-39.40885925292969,11.063105583190918,-100.0,100.0,100.0,100.0,100.0,-300.0,300.0,276.649169921875,-260.7533874511719,-300.0,42.604827880859375,0.0,0.0,0.0,0.0,150.0,150.0,150.0,150.0,-150.0,150.0,0.07829663902521133,-0.38538235425949097,0.2134310007095337,-0.0017128381878137589,-0.06025814265012741,0.11593468487262726,-0.055573634803295135,0.0996316596865654,-0.8404197692871094,-0.0007035087328404188,1.3739190101623535,0.0908198356628418,-0.040937263518571854,-0.009867271408438683,-0.8091297149658203,1.5558298826217651,0.3678942620754242,-0.012813758105039597,0.24932792782783508,-1.170842170715332,0.00715135782957077,-0.01766277104616165,-1.5209294557571411,0.004558920860290527,1.615301251411438,0.9098179340362549,0.41948625445365906,0.3431679606437683,0.29219725728034973,-0.23682542145252228,-0.14348635077476501,-0.13023339211940765,0.07801003009080887,-0.04945793375372887,-0.026480872184038162,0.133147194981575,0.12961137294769287,0.07754704356193542,0.032449908554553986,0.21538415551185608,-0.012552144937217236,0.050656162202358246
8.26666709780693,493,200.0,-200.0,200.0,41.17576599121094,-14.28582763671875,-10.735377311706543,-100.0,100.0,100.0,100.0,-100.0,100.0,-300.0,300.0,-43.507080078125,-84.02500915527344,-300.0,-300.0,0.0,0.0,0.0,0.0,150.0,150.0,150.0,-22.8177490234375,17.792449951171875,30.082763671875,0.06229214370250702,-0.3664243817329407,0.22088634967803955,-0.002579017309471965,-0.06436555087566376,0.10211234539747238,-0.051679473370313644,0.10016962885856628,-0.875332236289978,0.00197666697204113,1.4030287265777588,0.11100859194993973,-0.03922981023788452,0.002349926857277751,-0.8884579539299011,1.3649837970733643,0.47960013151168823,0.0011134818196296692,0.243594229221344,-1.0799918174743652,0.20397433638572693,-0.125858873128891,-2.1326730251312256,0.24607525765895844,1.7995150089263916,1.1653239727020264,0.13578736782073975,0.6575419902801514,0.29219725728034973,-0.23682542145252228,-0.14348635077476501,-0.13023339211940765,0.07801003009080887,-0.04945793375372887,-0.026480872184038162,0.133147194981575,0.12961137294769287,0.07754704356193542,0.032449908554553986,0.21538415551185608,-0.012552144937217236,0.050656162202358246
8.283333765342832,494,-200.0,-200.0,200.0,50.0,8.613006591796875,-39.842193603515625,100.0,-100.0,100.0,100.0,100.0,100.0,-300.0,300.0,158.59326171875,-255.9749298095703,-300.0,215.92849731445312,0.0,0.0,0.0,0.0,150.0,150.0,150.0,150.0,-150.0,150.0,0.04817447066307068,-0.3478395640850067,0.22685223817825317,-0.0018974988488480449,-0.06649897247552872,0.08967915922403336,-0.04837115481495857,0.1010294035077095,-0.9123754501342773,0.004807043820619583,1.4276827573776245,0.1282845288515091,-0.037246763706207275,0.012779164128005505,-0.8304418921470642,1.3673651218414307,0.3561375141143799,-0.013115420937538147,0.341138631105423,-1.115676999092102,0.12742114067077637,-0.10275724530220032,-2.1370186805725098,0.24265529215335846,1.341134786605835,0.9915582537651062,0.14109450578689575,0.5504462122917175,0.2954404056072235,-0.24204598367214203,-0.17352959513664246,-0.10646845400333405,0.06470334529876709,-0.06786037981510162,-0.03609112277626991,0.14280040562152863,0.15226253867149353,0.08715508878231049,0.041721783578395844,0.25762927532196045,-0.04151313006877899,0.06580224633216858
8.300000432878733,495,198.45654296875,-200.0,200.0,21.169815063476562,-30.081024169921875,-9.08209228515625,-100.0,100.0,100.0,100.0,-100.0,100.0,-300.0,300.0,-75.03094482421875,-264.1837463378906,-300.0,-300.0,0.0,0.0,0.0,0.0,150.0,150.0,150.0,-26.671630859375,13.510955810546875,6.41461181640625,0.03213382884860039,-0.32908278703689575,0.23340052366256714,-0.002809422556310892,-0.06874802708625793,0.07604487985372543,-0.04312456399202347,0.09963002800941467,-0.9530823826789856,0.011662647128105164,1.4494032859802246,0.14965513348579407,-0.04445235803723335,0.02469213493168354,-0.8878541588783264,1.351223349571228,0.4265717566013336,-0.0031423959881067276,0.2988710105419159,-1.032536506652832,0.2555096447467804,-0.08398778736591339,-2.438533067703247,0.5319401025772095,1.3112095594406128,1.2246114015579224,-0.36426180601119995,0.6662535071372986,0.2954404056072235,-0.24204598367214203,-0.17352959513664246,-0.10646845400333405,0.06470334529876709,-0.06786037981510162,-0.03609112277626991,0.14280040562152863,0.15226253867149353,0.08715508878231049,0.041721783578395844,0.25762927532196045,-0.04151313006877899,0.06580224633216858
8.316667100414634,496,-200.0,-200.0,200.0,35.83732604980469,50.0,10.731496810913086,100.0,-100.0,100.0,100.0,100.0,100.0,-300.0,300.0,176.95083618164062,-300.0,-300.0,-219.3350830078125,0.0,0.0,0.0,0.0,150.0,150.0,150.0,150.0,-150.0,150.0,0.01811159774661064,-0.31045082211494446,0.2382204532623291,-0.0020641409792006016,-0.07069068402051926,0.06379715353250504,-0.03929020091891289,0.0987776666879654,-0.9945250153541565,0.018309298902750015,1.4647966623306274,0.16782158613204956,-0.05012601986527443,0.034751951694488525,-0.8242857456207275,1.3728549480438232,0.29428428411483765,-0.007265128195285797,0.3581336438655853,-1.079944372177124,0.14998702704906464,-0.07648885250091553,-2.3680121898651123,0.4919568598270416,0.77079176902771,1.0415455102920532,-0.29343482851982117,0.5559924840927124,0.29921039938926697,-0.26138582825660706,-0.18350565433502197,-0.09856175631284714,0.04970194399356842,-0.07455689460039139,-0.03533617779612541,0.15067313611507416,0.15414172410964966,0.10715702176094055,0.03770476579666138,0.27857494354248047,-0.06973645836114883,0.07568226009607315
8.333333767950535,497,-197.9560546875,-200.0,-85.2054443359375,0.3720245361328125,-38.701171875,-18.58169174194336,-100.0,100.0,100.0,12.119384765625,-100.0,100.0,-300.0,300.0,-68.65582275390625,-300.0,-300.0,-300.0,0.0,0.0,0.0,0.0,150.0,150.0,150.0,-25.596435546875,4.43017578125,-0.740234375,0.0038320848252624273,-0.29374417662620544,0.24394351243972778,-0.0020309272222220898,-0.07360804080963135,0.05081846937537193,-0.033842783421278,0.0975835844874382,-1.0361756086349487,0.0262332484126091,1.472472906112671,0.18661673367023468,-0.0632626861333847,0.045073188841342926,-0.7926291823387146,1.2134954929351807,0.37994182109832764,0.0052475593984127045,0.2878223955631256,-1.0087757110595703,0.2775310277938843,-0.023370131850242615,-2.398772954940796,0.5762403011322021,0.34696894884109497,1.0733999013900757,-0.7100830078125,0.6066377758979797,0.29921039938926697,-0.26138582825660706,-0.18350565433502197,-0.09856175631284714,0.04970194399356842,-0.07455689460039139,-0.03533617779612541,0.15067313611507416,0.15414172410964966,0.10715702176094055,0.03770476579666138,0.27857494354248047,-0.06973645836114883,0.07568226009607315
8.350000435486436,498,-200.0,-200.0,-181.187255859375,15.914703369140625,50.0,14.49929428100586,100.0,-100.0,100.0,-100.0,100.0,100.0,-300.0,300.0,300.0,-300.0,-300.0,-300.0,0.0,0.0,0.0,0.0,150.0,150.0,150.0,-9.087158203125,-150.0,99.638427734375,-0.008316322229802608,-0.2775920331478119,0.2481374740600586,-0.001753816963173449,-0.07502470165491104,0.03747168928384781,-0.030153557658195496,0.09662333875894547,-1.0757137537002563,0.03367607295513153,1.469966173171997,0.20261436700820923,-0.0741315707564354,0.05381489172577858,-0.699406087398529,1.1577740907669067,0.2688499987125397,-0.03141338378190994,0.4896604120731354,-1.0769788026809692,0.15260861814022064,-0.024792730808258057,-2.233142852783203,0.5287888646125793,-0.35805392265319824,0.91311115026474,-0.5888113975524902,0.507418155670166,0.3131006360054016,-0.2821670174598694,-0.18567757308483124,-0.09266047924757004,0.03809821233153343,-0.09448423236608505,-0.03446198254823685,0.15400226414203644,0.15360143780708313,0.1314976066350937,0.028549281880259514,0.27992090582847595,-0.08483520895242691,0.0811106339097023
8.366667103022337,499,-179.60107421875,-200.0,-200.0,11.153373718261719,-39.72100830078125,-23.81711196899414,17.7491455078125,100.0,100.0,-100.0,-100.0,100.0,-300.0,300.0,8.23992919921875,-300.0,-300.0,-300.0,0.0,0.0,0.0,0.0,150.0,150.0,150.0,-25.1219482421875,-12.02545166015625,0.279541015625,-0.020541323348879814,-0.26375189423561096,0.2555861175060272,-0.0017683337209746242,-0.0737084299325943,0.024490712210536003,-0.027821583673357964,0.09395615756511688,-1.1114574670791626,0.04204678535461426,1.4554359912872314,0.21651187539100647,-0.08771909028291702,0.06224217265844345,-0.6540742516517639,0.9779634475708008,0.4490887522697449,0.00464513897895813,0.79712975025177,-1.0333755016326904,0.047070808708667755,-0.07172197848558426,-1.9882906675338745,0.6091127991676331,-1.1041533946990967,0.7881290912628174,-0.7410340309143066,0.5098523497581482,0.3131006360054016,-0.2821670174598694,-0.18567757308483124,-0.09266047924757004,0.03809821233153343,-0.09448423236608505,-0.03446198254823685,0.15400226414203644,0.15360143780708313,0.1314976066350937,0.028549281880259514,0.27992090582847595,-0.08483520895242691,0.0811106339097023
8.383333770558238,500,200.0,-200.0,-51.0159912109375,-3.3548316955566406,9.012786865234375,50.0,100.0,-100.0,100.0,-100.0,-100.0,100.0,-300.0,300.0,300.0,-300.0,300.0,-300.0,0.0,0.0,0.0,0.0,150.0,150.0,150.0,-150.0,120.9388427734375,82.72592163085938,-0.03138059005141258,-0.2509077787399292,0.26100629568099976,-0.0019251515623182058,-0.06983394175767899,0.009948262013494968,-0.02740502543747425,0.08924757689237595,-1.1430352926254272,0.04870269075036049,1.4284483194351196,0.22824063897132874,-0.09918612241744995,0.06942187249660492,-0.5814079642295837,0.8844136595726013,0.3379659950733185,-0.010264504700899124,0.9046580791473389,-1.0369656085968018,-0.0528012216091156,-0.1739048808813095,-1.7520047426223755,0.5661695599555969,-1.8452671766281128,0.6698024272918701,-0.6237361431121826,0.4326234459877014,0.3220289945602417,-0.2910412549972534,-0.1671990305185318,-0.08965031802654266,0.022709880024194717,-0.10067667067050934,-0.013232070952653885,0.1516663134098053,0.1717997044324875,0.14969900250434875,0.033740777522325516,0.2694111168384552,-0.07865452021360397,0.08587449789047241
8.400000438094139,501,16.517578125,-200.0,-200.0,22.387622833251953,-50.0,-31.007064819335938,100.0,100.0,100.0,-100.0,-100.0,100.0,-300.0,300.0,91.85821533203125,-300.0,-125.0928955078125,-300.0,0.0,0.0,0.0,0.0,150.0,150.0,150.0,-30.07232666015625,-35.1422119140625,21.091094970703125,-0.04271584749221802,-0.24108296632766724,0.26757606863975525,-0.001733675366267562,-0.06141258776187897,-0.0038535932544618845,-0.024710213765501976,0.08327805250883102,-1.1647218465805054,0.05552811920642853,1.3840279579162598,0.23666353523731232,-0.10680234432220459,0.0766427144408226,-0.6266457438468933,0.6982701420783997,0.42857974767684937,-0.03749493882060051,1.0967382192611694,-1.123237133026123,0.07721510529518127,-0.25189176201820374,-1.0976696014404297,0.577842116355896,-2.998859167098999,0.48087432980537415,-0.4113675355911255,0.414201557636261,0.3220289945602417,-0.2910412549972534,-0.1671990305185318,-0.08965031802654266,0.022709880024194717,-0.10067667067050934,-0.013232070952653885,0.1516663134098053,0.1717997044324875,0.14969900250434875,0.033740777522325516,0.2694111168384552,-0.07865452021360397,0.08587449789047241
8.41666710563004,502,200.0,-200.0,-200.0,50.0,-50.0,31.5634765625,100.0,-100.0,100.0,-100.0,-100.0,100.0,-300.0,300.0,42.62139892578125,-300.0,300.0,-300.0,0.0,0.0,0.0,0.0,150.0,150.0,150.0,-150.0,150.0,-93.83673095703125,-0.05270068719983101,-0.2335529327392578,0.27270761132240295,-0.00216545513831079,-0.058206040412187576,-0.018862774595618248,-0.024004032835364342,0.07590541243553162,-1.180647373199463,0.06052473187446594,1.3254681825637817,0.2434873878955841,-0.11346803605556488,0.08278797566890717,-0.5525404214859009,0.5477197766304016,0.3173479437828064,-0.010922173038125038,0.7066071033477783,-1.0001970529556274,-0.04014856368303299,-0.33002498745918274,-0.8209051489830017,0.5097021460533142,-3.72225284576416,0.4117383658885956,-0.3542223870754242,0.36178046464920044,0.31668776273727417,-0.3000835180282593,-0.15459661185741425,-0.08532347530126572,0.031179478392004967,-0.1119954064488411,0.011308190412819386,0.14191500842571259,0.18942713737487793,0.1665268838405609,0.03252885863184929,0.2405121922492981,-0.06807339936494827,0.07933834195137024
8.433333773165941,503,200.0,-200.0,-200.0,39.33993911743164,-50.0,-14.496185302734375,100.0,100.0,100.0,-100.0,-100.0,100.0,-300.0,300.0,89.43856811523438,-300.0,-300.0,-300.0,0.0,0.0,0.0,0.0,150.0,150.0,150.0,-27.889503479003906,-26.441986083984375,10.088592529296875,-0.06056639924645424,-0.22641289234161377,0.276431679725647,-0.0025079038459807634,-0.05618865787982941,-0.03334314748644829,-0.02177121303975582,0.06723805516958237,-1.1876236200332642,0.06576315313577652,1.2526955604553223,0.24477799236774445,-0.11594090610742569,0.08689461648464203,-0.4821012616157532,0.4921966791152954,0.2528701424598694,-0.04741346091032028,0.6840512156486511,-1.1380244493484497,0.05242498219013214,-0.4200546145439148,-0.2847974896430969,0.5473204255104065,-4.625175952911377,0.09519603103399277,-0.12443138659000397,0.23002208769321442,0.31668776273727417,-0.3000835180282593,-0.15459661185741425,-0.08532347530126572,0.031179478392004967,-0.1119954064488411,0.011308190412819386,0.14191500842571259,0.18942713737487793,0.1665268838405609,0.03252885863184929,0.2405121922492981,-0.06807339936494827,0.07933834195137024
8.450000440701842,504,200.0,-200.0,-200.0,20.181903839111328,-50.0,-26.954879760742188,100.0,-100.0,100.0,-100.0,-100.0,100.0,-300.0,300.0,72.62612915039062,-300.0,50.44477844238281,-300.0,0.0,0.0,0.0,0.0,150.0,150.0,150.0,-150.0,150.0,-150.0,-0.0671534612774849,-0.22214356064796448,0.27966442704200745,-0.0028409159276634455,-0.058356404304504395,-0.0482916384935379,-0.02100427821278572,0.05799272656440735,-1.1909385919570923,0.06930506229400635,1.1684049367904663,0.245548814535141,-0.11819211393594742,0.09065161645412445,-0.40408965945243835,0.3228446841239929,0.1953859031200409,-0.005564989987760782,0.4844988286495209,-0.9980435371398926,-0.04120682552456856,-0.43560791015625,-0.10916893184185028,0.46252208948135376,-5.19954252243042,0.07725982367992401,-0.1122807115316391,0.21881601214408875,0.3145805895328522,-0.3229951560497284,-0.14346548914909363,-0.092686228454113,0.042866550385951996,-0.13152256608009338,0.02552220970392227,0.13659977912902832,0.21892428398132324,0.16330774128437042,0.0341314859688282,0.20534121990203857,-0.04790628328919411,0.06819134950637817
8.466667108237743,505,184.891357421875,-200.0,-200.0,38.13665008544922,-30.598495483398438,-4.751625061035156,100.0,96.34619140625,100.0,-100.0,-100.0,100.0,-300.0,300.0,176.4883270263672,-196.7591552734375,-300.0,-300.0,0.0,0.0,0.0,0.0,150.0,150.0,150.0,-22.329833984375,-9.546737670898438,-3.7334251403808594,-0.07328298687934875,-0.21962447464466095,0.2811552882194519,-0.0027837881352752447,-0.05823333188891411,-0.06323818862438202,-0.021127818152308464,0.04600181430578232,-1.1885449886322021,0.07090483605861664,1.0702515840530396,0.24069149792194366,-0.1141326054930687,0.09181027859449387,-0.4368553161621094,0.23722022771835327,0.12005270272493362,-0.05154038220643997,0.6682662963867188,-1.1183885335922241,-0.06810228526592255,-0.6465538740158081,0.25769034028053284,0.44254979491233826,-6.084297180175781,-0.23710021376609802,0.22992253303527832,0.037286095321178436,0.3145805895328522,-0.3229951560497284,-0.14346548914909363,-0.092686228454113,0.042866550385951996,-0.13152256608009338,0.02552220970392227,0.13659977912902832,0.21892428398132324,0.16330774128437042,0.0341314859688282,0.20534121990203857,-0.04790628328919411,0.06819134950637817
8.483333775773644,506,200.0,-200.0,-188.353271484375,13.593788146972656,-50.0,-21.910701751708984,100.0,-100.0,100.0,-100.0,-100.0,100.0,-300.0,300.0,-300.0,-103.0081787109375,300.0,-300.0,0.0,0.0,0.0,0.0,150.0,150.0,150.0,-150.0,150.0,71.08590698242188,-0.07851225137710571,-0.21913780272006989,0.2830643653869629,-0.0031578869093209505,-0.05834918096661568,-0.07905907183885574,-0.021123815327882767,0.03443579748272896,-1.1836802959442139,0.07121814042329788,0.9632455706596375,0.23633256554603577,-0.11086700111627579,0.0931590273976326,-0.37461376190185547,0.11761956661939621,0.11488980054855347,-0.014269235543906689,0.508393406867981,-1.0203149318695068,-0.08344101905822754,-0.6239844560623169,0.34586527943611145,0.36242741346359253,-6.448990821838379,-0.20615532994270325,0.19120003283023834,0.06509733200073242,0.2974573075771332,-0.3259400725364685,-0.11501860618591309,-0.108380526304245,0.04613228887319565,-0.1380016803741455,0.024855710566043854,0.12105105072259903,0.24081020057201385,0.153065487742424,0.024419711902737617,0.17910102009773254,-0.023272668942809105,0.07582536339759827
8.500000443309546,507,-200.0,-200.0,-200.0,9.852622985839844,-39.93107604980469,-7.501979827880859,100.0,-73.568603515625,100.0,-100.0,-100.0,100.0,-300.0,300.0,-75.63420104980469,245.69964599609375,-300.0,-300.0,0.0,0.0,0.0,0.0,150.0,150.0,150.0,-43.413848876953125,-27.7391357421875,-13.597213745117188,-0.08330269902944565,-0.21564950048923492,0.28185492753982544,-0.0031015886925160885,-0.0564555898308754,-0.09534329175949097,-0.018902793526649475,0.02345196343958378,-1.1666913032531738,0.06684152036905289,0.8410038948059082,0.22892604768276215,-0.10072213411331177,0.09621017426252365,-0.35586127638816833,0.2874845266342163,-0.024179860949516296,-0.046245720237493515,0.7774227857589722,-1.1677885055541992,0.0611569806933403,-0.7170161604881287,1.1178804636001587,0.10566507279872894,-7.503791809082031,-0.3758332431316376,0.5846251249313354,0.10848582535982132,0.2974573075771332,-0.3259400725364685,-0.11501860618591309,-0.108380526304245,0.04613228887319565,-0.1380016803741455,0.024855710566043854,0.12105105072259903,0.24081020057201385,0.153065487742424,0.024419711902737617,0.17910102009773254,-0.023272668942809105,0.07582536339759827
8.516667110845447,508,-113.396484375,-200.0,-200.0,47.016841888427734,-41.35529327392578,-10.894063949584961,100.0,-100.0,-100.0,-100.0,-100.0,100.0,-300.0,300.0,-300.0,11.05816650390625,300.0,-300.0,0.0,0.0,0.0,0.0,150.0,150.0,150.0,-150.0,150.0,150.0,-0.08724581450223923,-0.21418671309947968,0.28133344650268555,-0.0034738697577267885,-0.05602285638451576,-0.11292360723018646,-0.01713806763291359,0.014364403672516346,-1.1488680839538574,0.06297453492879868,0.71273273229599,0.22203730046749115,-0.09237819164991379,0.09892040491104126,-0.29433396458625793,0.18091459572315216,-0.008632117882370949,-0.020788319408893585,0.5229896306991577,-1.102095365524292,0.04702681303024292,-0.5979809761047363,1.054848313331604,0.0719134584069252,-7.577113151550293,-0.30707651376724243,0.48675593733787537,0.11688412725925446,0.26477065682411194,-0.3342173397541046,-0.09276881068944931,-0.13162775337696075,0.05079234391450882,-0.1594524383544922,0.0032316623255610466,0.10709083825349808,0.23803596198558807,0.15396857261657715,0.021108204498887062,0.15666447579860687,-0.011937550269067287,0.09228070825338364
8.533333778381348,509,-200.0,-200.0,-200.0,-10.886940002441406,-18.629714965820312,1.3600749969482422,100.0,-100.0,100.0,-100.0,-100.0,65.48681640625,-300.0,300.0,-300.0,300.0,-300.0,-300.0,0.0,0.0,0.0,0.0,150.0,150.0,150.0,-72.654052734375,-37.02593994140625,-31.673675537109375,-0.08981221169233322,-0.20903411507606506,0.27467066049575806,-0.003836380783468485,-0.056303031742572784,-0.13154920935630798,-0.011664051562547684,0.005715434439480305,-1.123085379600525,0.05357507988810539,0.5759714841842651,0.21325553953647614,-0.08196459710597992,0.10465836524963379,-0.2328835427761078,0.3814592957496643,-0.3380700349807739,-0.020158570259809494,0.6195886731147766,-1.2004047632217407,0.24177512526512146,-0.7409290075302124,1.5734553337097168,-0.19529643654823303,-8.183609008789062,-0.42856618762016296,0.6227726936340332,0.2695384919643402,0.26477065682411194,-0.3342173397541046,-0.09276881068944931,-0.13162775337696075,0.05079234391450882,-0.1594524383544922,0.0032316623255610466,0.10709083825349808,0.23803596198558807,0.15396857261657715,0.021108204498887062,0.15666447579860687,-0.011937550269067287,0.09228070825338364
8.550000445917249,510,-200.0,-200.0,-200.0,32.257957458496094,-50.0,-16.680774688720703,100.0,-100.0,-100.0,-100.0,-100.0,100.0,-300.0,300.0,-300.0,-4.018310546875,300.0,-300.0,0.0,0.0,0.0,0.0,150.0,150.0,24.774932861328125,-150.0,108.77410888671875,150.0,-0.09160793572664261,-0.20482715964317322,0.26940327882766724,-0.003776608034968376,-0.05731647089123726,-0.15110008418560028,-0.006920961197465658,-0.001473087235353887,-1.0993841886520386,0.045625075697898865,0.44223204255104065,0.20535250008106232,-0.07316466420888901,0.10970332473516464,-0.18404066562652588,0.3659648001194,-0.27700507640838623,-0.022484399378299713,0.5168039798736572,-1.2186133861541748,0.2175193428993225,-0.6164226531982422,1.3540396690368652,-0.1765202134847641,-7.732296466827393,-0.3423765003681183,0.5292955636978149,0.2474437654018402,0.23038920760154724,-0.3483951985836029,-0.06772670894861221,-0.16681434214115143,0.06072700023651123,-0.17902159690856934,-0.03208529204130173,0.10178934037685394,0.24126969277858734,0.16279026865959167,0.012170336209237576,0.11858668923377991,-0.005595597438514233,0.10696832835674286
8.56666711345315,511,-200.0,-200.0,-95.56414794921875,-24.964767456054688,-13.201690673828125,11.42455005645752,100.0,-100.0,100.0,-94.5576171875,-100.0,-97.9976806640625,-300.0,300.0,-300.0,300.0,-300.0,-300.0,0.0,0.0,0.0,0.0,150.0,150.0,-144.9686737060547,-92.818359375,-53.14501953125,-35.572784423828125,-0.09339870512485504,-0.1945856213569641,0.25832515954971313,-0.004159760195761919,-0.055598922073841095,-0.17260617017745972,7.701514550717548e-05,-0.009330427274107933,-1.068346381187439,0.03016515076160431,0.30535078048706055,0.1932365894317627,-0.06382633000612259,0.11680642515420914,-0.1830977201461792,0.719388484954834,-0.5863050818443298,-0.03182340785861015,0.8061040043830872,-1.360642910003662,0.2956688106060028,-0.8892896175384521,1.8727672100067139,-0.5037196278572083,-8.09603500366211,-0.6095296740531921,0.5772132873535156,0.35653847455978394,0.23038920760154724,-0.3483951985836029,-0.06772670894861221,-0.16681434214115143,0.06072700023651123,-0.17902159690856934,-0.03208529204130173,0.10178934037685394,0.24126969277858734,0.16279026865959167,0.012170336209237576,0.11858668923377991,-0.005595597438514233,0.10696832835674286
8.58333378098905,512,-200.0,-200.0,200.0,-10.372833251953125,-50.0,-50.0,100.0,55.9979248046875,-100.0,-100.0,-100.0,100.0,-300.0,300.0,-300.0,198.2720947265625,300.0,-300.0,0.0,0.0,0.0,0.0,150.0,150.0,-150.0,-150.0,-68.80807495117188,138.17251586914062,-0.09491195529699326,-0.18447476625442505,0.24924719333648682,-0.00427783839404583,-0.05156201496720314,-0.1955614537000656,0.006747950799763203,-0.01635374128818512,-1.041425347328186,0.016965148970484734,0.17843163013458252,0.18231438100337982,-0.05574861541390419,0.12308581918478012,-0.13544781506061554,0.6857627630233765,-0.48896700143814087,-0.02309076488018036,0.783112645149231,-1.360543966293335,0.25235527753829956,-0.7351464629173279,1.5202909708023071,-0.42152345180511475,-7.247956275939941,-0.5041826367378235,0.5043745636940002,0.3321353495121002,0.1858109086751938,-0.35984233021736145,-0.027244605123996735,-0.19451181590557098,0.044295068830251694,-0.18411746621131897,-0.051826152950525284,0.08027765899896622,0.2432703673839569,0.17648433148860931,0.006646927446126938,0.06850413233041763,-0.005894067697227001,0.12057694792747498
8.600000448524952,513,-200.0,-200.0,-144.469482421875,-11.112388610839844,-50.0,9.9205322265625,100.0,-100.0,25.9925537109375,-100.0,-100.0,-100.0,-300.0,300.0,-300.0,300.0,-300.0,-300.0,0.0,0.0,0.0,0.0,150.0,150.0,-150.0,-92.86663818359375,-108.9027099609375,-73.69406127929688,-0.09831872582435608,-0.16859400272369385,0.23286564648151398,-0.004362273961305618,-0.04375733435153961,-0.2198878973722458,0.018011078238487244,-0.025627169758081436,-1.0012401342391968,-0.0017069241730496287,0.03814168646931648,0.1658438742160797,-0.04843943566083908,0.1312134861946106,-0.2821015417575836,1.0824947357177734,-0.8670241236686707,-0.052720099687576294,1.1789816617965698,-1.5905323028564453,0.4620272219181061,-1.0700312852859497,2.4779953956604004,-0.6290725469589233,-8.489376068115234,-0.8600236773490906,0.46627190709114075,0.4357471168041229,0.1858109086751938,-0.35984233021736145,-0.027244605123996735,-0.19451181590557098,0.044295068830251694,-0.18411746621131897,-0.051826152950525284,0.08027765899896622,0.2432703673839569,0.17648433148860931,0.006646927446126938,0.06850413233041763,-0.005894067697227001,0.12057694792747498
8.616667116060853,514,200.0,-200.0,-200.0,-50.0,-17.293136596679688,50.0,-100.0,100.0,-100.0,-100.0,-100.0,100.0,-300.0,300.0,-300.0,-276.43487548828125,300.0,-173.61962890625,0.0,0.0,0.0,0.0,150.0,150.0,-150.0,-150.0,150.0,-150.0,-0.10033200681209564,-0.149892196059227,0.2185661345720291,-0.003239820711314678,-0.040737301111221313,-0.24419540166854858,0.0290509182959795,-0.03232085332274437,-0.9916900992393494,-0.019158869981765747,-0.0007002857164479792,0.15078036487102509,-0.04093112051486969,0.13987869024276733,-0.09791520982980728,1.4667890071868896,-0.6727100610733032,0.1651800274848938,0.48393356800079346,-1.2273082733154297,0.8621694445610046,-0.5279992818832397,0.445249080657959,-0.5284398794174194,0.08494009077548981,-0.7209929823875427,0.5631248950958252,0.42639392614364624,0.13138508796691895,-0.3773135244846344,0.028953302651643753,-0.18109676241874695,0.04234602302312851,-0.20969820022583008,-0.056040335446596146,0.037964992225170135,0.22674664855003357,0.2106110006570816,-0.016519024968147278,0.04270866885781288,0.016433732584118843,0.10742606967687607
8.633333783596754,515,42.6802978515625,-200.0,-200.0,10.032066345214844,-50.0,-22.25786018371582,31.03167724609375,-100.0,-100.0,-100.0,-100.0,-100.0,-300.0,-300.0,-300.0,300.0,300.0,-300.0,0.0,0.0,0.0,0.0,150.0,150.0,-150.0,-57.74652099609375,-150.0,-33.12580871582031,-0.10746109485626221,-0.1077352985739708,0.19969148933887482,-0.004100790247321129,-0.01646345667541027,-0.27359965443611145,0.049621399492025375,-0.04553898051381111,-0.9574947953224182,-0.02994333766400814,-0.00030838005477562547,0.13484370708465576,-0.026841916143894196,0.14264841377735138,-0.34261858463287354,2.640233278274536,-0.845773458480835,-0.032284099608659744,2.400393009185791,-1.901422381401062,0.925501823425293,-0.9965763688087463,2.3412959575653076,-0.13052509725093842,0.04443369433283806,-0.850799560546875,0.817642331123352,0.10237446427345276,0.13138508796691895,-0.3773135244846344,0.028953302651643753,-0.18109676241874695,0.04234602302312851,-0.20969820022583008,-0.056040335446596146,0.037964992225170135,0.22674664855003357,0.2106110006570816,-0.016519024968147278,0.04270866885781288,0.016433732584118843,0.10742606967687607
8.650000451132655,516,200.0,200.0,-200.0,50.0,-50.0,-50.0,100.0,-100.0,-100.0,-100.0,-100.0,-4.95849609375,-300.0,-300.0,-28.2008056640625,300.0,300.0,-300.0,0.0,0.0,0.0,0.0,150.0,150.0,-150.0,112.4210205078125,-150.0,150.0,-0.11313377320766449,-0.07016818225383759,0.18334101140499115,-0.004180868621915579,-0.01177896186709404,-0.29515278339385986,0.07032489776611328,-0.05532852187752724,-0.9170361161231995,-0.038324277848005295,-0.00034880786552093923,0.12104803323745728,-0.015728188678622246,0.14412039518356323,-0.17561355233192444,2.1330854892730713,-0.8596570491790771,-0.002260955050587654,0.009116582572460175,-0.9508575797080994,1.1191397905349731,-0.7202838063240051,2.4079749584198,-0.04407398775219917,-0.026626797392964363,-0.7270215749740601,0.6913014054298401,0.0810471773147583,0.18931782245635986,-0.3570426106452942,0.09853679686784744,-0.17654083669185638,0.08817188441753387,-0.25212061405181885,-0.08078359067440033,0.0756673812866211,0.1972995102405548,0.24295251071453094,-0.016430245712399483,0.05553533136844635,0.0057333651930093765,0.13602766394615173
8.666667118668556,517,200.0,-200.0,-200.0,50.0,-50.0,-40.734169006347656,100.0,-67.001953125,100.0,100.0,-100.0,-100.0,-300.0,-300.0,-300.0,-121.43795776367188,300.0,-300.0,0.0,0.0,0.0,0.0,150.0,150.0,-150.0,-34.05682373046875,-150.0,-82.30908203125,-0.11466225236654282,-0.062308501452207565,0.18528027832508087,0.04206490144133568,-0.002153740031644702,-0.33775392174720764,0.09079478681087494,-0.05219576135277748,-0.8691988587379456,-0.03627009689807892,-0.000286750408122316,0.11124284565448761,-0.0066145737655460835,0.15330345928668976,-0.06951858103275299,0.4466852843761444,0.04325037822127342,3.243708848953247,0.39197033643722534,-2.332475423812866,0.8610705137252808,-0.15407821536064148,3.277308940887451,0.03544960543513298,-0.018099762499332428,-0.5011436343193054,0.5042250156402588,0.4380980134010315,0.18931782245635986,-0.3570426106452942,0.09853679686784744,-0.17654083669185638,0.08817188441753387,-0.25212061405181885,-0.08078359067440033,0.0756673812866211,0.1972995102405548,0.24295251071453094,-0.016430245712399483,0.05553533136844635,0.0057333651930093765,0.13602766394615173
8.683333786204457,518,-200.0,200.0,-200.0,-50.0,-50.0,15.7233304977417,-100.0,100.0,-100.0,100.0,-100.0,100.0,232.76812744140625,-300.0,-300.0,-300.0,300.0,-300.0,0.0,0.0,0.0,0.0,150.0,150.0,-150.0,-150.0,150.0,-150.0,-0.11721794307231903,-0.055845897644758224,0.18555402755737305,0.09865782409906387,0.0007494884775951505,-0.3789275288581848,0.10735288262367249,-0.0546431727707386,-0.8102143406867981,-0.03983631730079651,-0.0002575877879280597,0.10300000756978989,-0.0010027781827375293,0.15966619551181793,-0.12678870558738708,0.39184972643852234,-0.006172459572553635,3.242776393890381,0.011583864688873291,-1.8343183994293213,0.8667171597480774,-0.3228355944156647,3.617926597595215,-0.022002646699547768,-0.003958921413868666,-0.45713987946510315,0.3321155309677124,0.31155791878700256,0.11421167105436325,-0.4025857448577881,0.1424473077058792,-0.22818101942539215,0.13587750494480133,-0.2395857274532318,-0.058652181178331375,0.07139645516872406,0.14172451198101044,0.18139399588108063,-0.058019500225782394,0.008727961219847202,0.04149089381098747,0.08854470402002335
8.700000453740358,519,59.462066650390625,200.0,200.0,-34.576995849609375,50.0,42.43684387207031,100.0,-100.0,-100.0,100.0,81.1610107421875,-100.0,-210.14735412597656,-300.0,-300.0,300.0,300.0,-168.7476806640625,0.0,0.0,0.0,0.0,150.0,150.0,-150.0,150.0,150.0,-150.0,-0.11462967097759247,-0.04970801994204521,0.16908034682273865,0.1655108481645584,-0.012145424261689186,-0.4162110686302185,0.11515689641237259,-0.061921365559101105,-0.7429146766662598,-0.05798722803592682,-0.03734277933835983,0.07091169059276581,-0.0031961414497345686,0.15347854793071747,0.10500635206699371,0.28849905729293823,-1.3775874376296997,3.98264741897583,-0.9893600344657898,-1.4323339462280273,-0.6163958311080933,-1.5252032279968262,4.226817607879639,-0.9236771464347839,-9.027807235717773,-5.2269673347473145,-2.44368314743042,0.023534685373306274,0.11421167105436325,-0.4025857448577881,0.1424473077058792,-0.22818101942539215,0.13587750494480133,-0.2395857274532318,-0.058652181178331375,0.07139645516872406,0.14172451198101044,0.18139399588108063,-0.058019500225782394,0.008727961219847202,0.04149089381098747,0.08854470402002335
8.71666712127626,520,-200.0,-200.0,-200.0,50.0,-50.0,-50.0,100.0,100.0,100.0,-100.0,100.0,-100.0,300.0,300.0,-300.0,300.0,300.0,-300.0,0.0,0.0,0.0,0.0,150.0,150.0,-150.0,-150.0,-150.0,-150.0,-0.11204998195171356,-0.046799588948488235,0.1457529067993164,0.25352925062179565,-0.023270105943083763,-0.43466854095458984,0.10448893159627914,-0.08313369750976562,-0.7373316287994385,-0.08365724980831146,0.0009883203310891986,0.05645214393734932,0.10570836812257767,0.15598271787166595,0.08220966160297394,0.05630764365196228,-0.9703243970870972,6.358889579772949,-0.9463468194007874,0.037291526794433594,0.3451727330684662,-1.0550564527511597,1.9846560955047607,-0.2998703718185425,0.6913306713104248,0.1568559855222702,5.661063194274902,0.46609431505203247,0.14242522418498993,-0.39285948872566223,0.07707100361585617,-0.23305708169937134,0.1687929630279541,-0.2781906723976135,-0.14653362333774567,0.035384539514780045,0.09860718995332718,0.2139284759759903,-0.04488172382116318,-0.0018981164321303368,-0.009031079709529877,0.1043262630701065
8.73333378881216,521,-200.0,-200.0,200.0,-50.0,-50.0,37.174156188964844,-100.0,-100.0,100.0,-100.0,-100.0,-100.0,-2.0169677734375,195.393310546875,-300.0,300.0,300.0,-55.56109619140625,0.0,0.0,0.0,0.0,150.0,150.0,-150.0,-111.69631958007812,-150.0,150.0,-0.10123443603515625,-0.03137733414769173,0.1263788938522339,0.329624742269516,-0.03912712633609772,-0.37692123651504517,0.07543399184942245,-0.10884334146976471,-0.7110752463340759,-0.11012190580368042,0.01302532758563757,0.04939214512705803,0.25025177001953125,0.1513678878545761,0.6733001470565796,0.8831560015678406,-0.8252971768379211,4.398006439208984,-0.25547266006469727,4.466554641723633,-0.6365230083465576,-1.4599753618240356,2.0661580562591553,-0.5490279793739319,0.4967169165611267,-0.41632506251335144,4.316100597381592,-0.3408351242542267,0.14242522418498993,-0.39285948872566223,0.07707100361585617,-0.23305708169937134,0.1687929630279541,-0.2781906723976135,-0.14653362333774567,0.035384539514780045,0.09860718995332718,0.2139284759759903,-0.04488172382116318,-0.0018981164321303368,-0.009031079709529877,0.1043262630701065
8.750000456348062,522,-200.0,-200.0,200.0,-22.149173736572266,50.0,50.0,100.0,-100.0,-100.0,7.8712158203125,-100.0,-100.0,-124.6822509765625,-300.0,300.0,300.0,300.0,300.0,0.0,0.0,0.0,0.0,150.0,150.0,-150.0,-150.0,-150.0,150.0,-0.08945725113153458,-0.018337683752179146,0.11044403910636902,0.3857955038547516,-0.034396667033433914,-0.31379762291908264,0.05687222257256508,-0.1222396120429039,-0.67472243309021,-0.13126488029956818,0.015171527862548828,0.05106225982308388,0.3070789873600006,0.13625966012477875,0.6623696088790894,0.7476266026496887,-0.855595052242279,2.788668632507324,0.6404737234115601,5.139517307281494,-1.12473726272583,-1.1365692615509033,2.194364309310913,-0.6371699571609497,-0.006063181906938553,0.20013967156410217,2.340843677520752,-0.7384368777275085,0.1914382129907608,-0.33940938115119934,0.08200400322675705,-0.22682009637355804,0.1686285138130188,-0.24437293410301208,-0.1157720535993576,0.1129179522395134,0.10331585258245468,0.26392218470573425,-0.05015667900443077,-0.01435647439211607,0.037957970052957535,0.13288164138793945
8.766667123883963,523,200.0,-200.0,200.0,-22.427505493164062,50.0,10.180477142333984,100.0,75.5411376953125,100.0,-100.0,-100.0,-100.0,233.3359375,30.60205078125,117.19078063964844,300.0,300.0,300.0,0.0,0.0,0.0,0.0,150.0,150.0,150.0,-150.0,-150.0,101.55276489257812,-0.08069952577352524,-0.040182601660490036,0.11007211357355118,0.45878782868385315,-0.03394307196140289,-0.23249097168445587,0.03844282776117325,-0.12040005624294281,-0.6503369808197021,-0.13987597823143005,0.007777635473757982,0.044636473059654236,0.3310273587703705,0.14189237356185913,0.36650586128234863,-1.3004875183105469,-0.17639590799808502,4.4580535888671875,0.4661668837070465,6.514573097229004,-1.4487636089324951,-0.44706398248672485,1.7323634624481201,-0.5019901990890503,-0.5470759868621826,0.15091633796691895,-0.8142111301422119,0.34783247113227844,0.1914382129907608,-0.33940938115119934,0.08200400322675705,-0.22682009637355804,0.1686285138130188,-0.24437293410301208,-0.1157720535993576,0.1129179522395134,0.10331585258245468,0.26392218470573425,-0.05015667900443077,-0.01435647439211607,0.037957970052957535,0.13288164138793945
8.783333791419864,524,200.0,-200.0,200.0,50.0,50.0,50.0,-100.0,100.0,-100.0,-100.0,-99.0980224609375,-100.0,300.0,-300.0,-300.0,300.0,-131.357666015625,300.0,0.0,0.0,0.0,0.0,-150.0,-150.0,-150.0,-150.0,150.0,-150.0,-0.07297392934560776,-0.0595470666885376,0.10787109285593033,0.5180898904800415,-0.012170749716460705,-0.12371718138456345,0.022953882813453674,-0.12575824558734894,-0.6237879395484924,-0.1535589098930359,-0.001290655229240656,0.04469437897205353,0.3094993531703949,0.14453525841236115,0.3848588168621063,-1.1135624647140503,-0.15659265220165253,3.233048915863037,1.4176207780838013,6.279325485229492,-0.8769591450691223,-0.4265300929546356,1.5153427124023438,-0.5559855699539185,-0.21657831966876984,0.02310645580291748,-2.2203612327575684,0.10167309641838074,0.16909638047218323,-0.29710653424263,0.06251998990774155,-0.18655972182750702,0.16995970904827118,-0.23259469866752625,-0.1109820306301117,0.10898827761411667,0.056379534304142,0.21593715250492096,-0.06282646954059601,-0.012300639413297176,0.08385001122951508,0.053315915167331696
8.800000458955765,525,-200.0,-200.0,-200.0,-50.0,49.66160583496094,-50.0,100.0,100.0,-100.0,-100.0,-100.0,-100.0,250.12896728515625,180.235107421875,20.732421875,300.0,300.0,251.953125,0.0,0.0,0.0,0.0,-50.6195068359375,96.47119140625,-33.3087158203125,-150.0,150.0,-150.0,-0.06144041195511818,-0.10016180574893951,0.10216759145259857,0.5777508020401001,-0.0020954895298928022,-0.043667327612638474,0.00663144001737237,-0.11890282481908798,-0.6139182448387146,-0.14662611484527588,-0.002065385226160288,0.04933873191475868,0.2858947813510895,0.13672402501106262,0.5073210000991821,-2.336120128631592,-0.4116751551628113,3.6209499835968018,0.6555338501930237,4.498181343078613,-0.9144700169563293,0.6631375551223755,0.8628774285316467,0.40806499123573303,-0.0730123221874237,0.3082841634750366,-1.6643153429031372,-0.08111962676048279,0.16909638047218323,-0.29710653424263,0.06251998990774155,-0.18655972182750702,0.16995970904827118,-0.23259469866752625,-0.1109820306301117,0.10898827761411667,0.056379534304142,0.21593715250492096,-0.06282646954059601,-0.012300639413297176,0.08385001122951508,0.053315915167331696
8.816667126491666,526,200.0,-200.0,-200.0,-50.0,50.0,23.245376586914062,100.0,100.0,-100.0,100.0,-100.0,100.0,-300.0,-300.0,300.0,300.0,300.0,300.0,0.0,0.0,0.0,0.0,-150.0,-150.0,-150.0,-150.0,150.0,-102.09054565429688,-0.051524460315704346,-0.13497747480869293,0.09666465222835541,0.6300343871116638,0.007637913338840008,0.024770686402916908,-0.007098504342138767,-0.11205995082855225,-0.602523148059845,-0.14175139367580414,-0.0010628580348566175,0.0509367398917675,0.2712737023830414,0.1307690292596817,0.45737698674201965,-1.9688647985458374,-0.4235554337501526,2.95908260345459,0.47263622283935547,3.8628923892974854,-0.8129428625106812,0.49541014432907104,0.8409450054168701,0.25142160058021545,0.04038646072149277,0.20359942317008972,-1.2445849180221558,-0.1961718201637268,0.21265923976898193,-0.2997529208660126,0.06537846475839615,-0.16643816232681274,0.17522260546684265,-0.2305891215801239,-0.12723906338214874,0.140764981508255,0.03929050266742706,0.14713020622730255,-0.11970561742782593,0.039144791662693024,0.08668501675128937,0.07322598993778229
8.833333794027567,527,200.0,-200.0,-200.0,35.66744613647461,-50.0,-33.09053039550781,100.0,77.98291015625,-100.0,100.0,-100.0,60.504425048828125,7.376953125,152.27783203125,157.1785888671875,300.0,300.0,300.0,0.0,0.0,0.0,0.0,-0.4898681640625,-0.683837890625,-11.168212890625,-150.0,150.0,-150.0,-0.04751124233007431,-0.18037131428718567,0.10207197815179825,0.6866386532783508,0.013485620729625225,0.06377275288105011,-0.03042408637702465,-0.10637412965297699,-0.5962074398994446,-0.1316157877445221,-0.001469156821258366,0.05655020847916603,0.25609490275382996,0.12727080285549164,0.05722346156835556,-2.553020715713501,0.23219962418079376,3.3370659351348877,0.2770204544067383,2.1875665187835693,-1.3574186563491821,0.5665525197982788,0.651869535446167,0.5287484526634216,-0.07118354737758636,0.13258159160614014,-1.3710546493530273,0.03903527557849884,0.21265923976898193,-0.2997529208660126,0.06537846475839615,-0.16643816232681274,0.17522260546684265,-0.2305891215801239,-0.12723906338214874,0.140764981508255,0.03929050266742706,0.14713020622730255,-0.11970561742782593,0.039144791662693024,0.08668501675128937,0.07322598993778229
8.850000461563468,528,200.0,-200.0,-200.0,-29.594738006591797,-50.0,-22.806106567382812,100.0,100.0,100.0,100.0,100.0,-100.0,-300.0,-300.0,222.43392944335938,300.0,300.0,-117.427734375,0.0,0.0,0.0,0.0,150.0,-150.0,89.017578125,-150.0,150.0,-150.0,-0.04593338072299957,-0.21849773824214935,0.10652516782283783,0.7319994568824768,0.018193505704402924,0.09680644422769547,-0.050697725266218185,-0.10177067667245865,-0.5874461531639099,-0.12516258656978607,-0.0010278449626639485,0.05605439841747284,0.24252232909202576,0.12523558735847473,-0.004981960169970989,-2.1509220600128174,0.1884830743074417,2.4783172607421875,0.2514802813529968,1.856579065322876,-1.1557506322860718,0.4284508526325226,0.667920708656311,0.36933162808418274,0.040820226073265076,0.15671971440315247,-1.1978708505630493,0.044557422399520874,0.21499808132648468,-0.32588544487953186,0.081647127866745,-0.1889115869998932,0.21081191301345825,-0.2528277039527893,-0.09071516990661621,0.11389180272817612,0.0855722427368164,0.07138916850090027,-0.11352051794528961,0.026857752352952957,0.16863150894641876,0.0629655122756958
8.866667129099369,529,172.901611328125,-200.0,-200.0,23.108274459838867,-26.831464767456055,-1.4358596801757812,100.0,7.960693359375,-96.5301513671875,100.0,100.0,100.0,106.94381713867188,33.4306640625,119.28302001953125,300.0,300.0,33.2325439453125,0.0,0.0,0.0,0.0,-39.95928955078125,-21.59991455078125,-44.7105712890625,-150.0,150.0,-150.0,-0.04839980974793434,-0.2623792886734009,0.11104199290275574,0.7793057560920715,0.029256546869874,0.10308625549077988,-0.06664697080850601,-0.09953925758600235,-0.5801466703414917,-0.12114040553569794,-0.002267346251755953,0.060920022428035736,0.22690953314304352,0.12630894780158997,-0.2479230761528015,-2.4894654750823975,0.20332559943199158,2.880488395690918,0.638416051864624,0.35856056213378906,-0.8795584440231323,0.23438405990600586,0.7004773616790771,0.2414592057466507,-0.10211815685033798,0.11622028052806854,-1.290177822113037,0.21699801087379456,0.21499808132648468,-0.32588544487953186,0.081647127866745,-0.1889115869998932,0.21081191301345825,-0.2528277039527893,-0.09071516990661621,0.11389180272817612,0.0855722427368164,0.07138916850090027,-0.11352051794528961,0.026857752352952957,0.16863150894641876,0.0629655122756958
8.88333379663527,530,-200.0,-200.0,-200.0,50.0,-50.0,-50.0,100.0,100.0,-100.0,100.0,-100.0,25.611724853515625,-300.0,-300.0,-300.0,300.0,300.0,38.80073547363281,0.0,0.0,0.0,0.0,150.0,-150.0,27.58062744140625,-150.0,150.0,-150.0,-0.05117076635360718,-0.30023401975631714,0.11441332846879959,0.8195135593414307,0.03878670558333397,0.10832594335079193,-0.08043207973241806,-0.09911219030618668,-0.5697453022003174,-0.12055790424346924,-0.002204855438321829,0.06200748309493065,0.2144627422094345,0.12625230848789215,-0.2450065016746521,-2.136014938354492,0.15739406645298004,2.2345454692840576,0.5503760576248169,0.3069160282611847,-0.7481056451797485,0.07160814851522446,0.769304096698761,0.11448663473129272,-0.0016440823674201965,0.16595041751861572,-1.142323613166809,0.09939418733119965,0.19720324873924255,-0.28232496976852417,0.06554180383682251,-0.19602277874946594,0.21294346451759338,-0.25676876306533813,-0.06957641243934631,0.14096865057945251,0.10553611814975739,0.01378164067864418,-0.10946057736873627,0.010356414131820202,0.20603102445602417,0.08313648402690887
8.900000464171171,531,-200.0,-200.0,-200.0,-10.290168762207031,-6.569826126098633,-31.69306182861328,100.0,100.0,-100.0,100.0,100.0,100.0,181.01788330078125,64.5244140625,-75.4179458618164,300.0,300.0,122.39520263671875,0.0,0.0,0.0,0.0,-68.33721923828125,-31.47393798828125,-58.8494873046875,-150.0,150.0,-150.0,-0.05731884390115738,-0.3590828776359558,0.11421691626310349,0.863969087600708,0.049635302275419235,0.09622645378112793,-0.09135809540748596,-0.09401103854179382,-0.5724497437477112,-0.11931246519088745,-0.0029189123306423426,0.06277337670326233,0.20133915543556213,0.1336129605770111,-0.548347532749176,-3.3055148124694824,-0.010200753808021545,2.665480136871338,0.668454110622406,-0.6702098250389099,-0.5634210705757141,0.42530620098114014,0.22250930964946747,0.05339895188808441,-0.12924116849899292,0.16645613312721252,-1.1642742156982422,0.690514326095581,0.19720324873924255,-0.28232496976852417,0.06554180383682251,-0.19602277874946594,0.21294346451759338,-0.25676876306533813,-0.06957641243934631,0.14096865057945251,0.10553611814975739,0.01378164067864418,-0.10946057736873627,0.010356414131820202,0.20603102445602417,0.08313648402690887
8.916667131707072,532,-131.1654052734375,-200.0,-200.0,-50.0,-50.0,-32.557395935058594,-100.0,100.0,-37.56524658203125,100.0,-100.0,-100.0,-40.07183837890625,-300.0,-300.0,300.0,300.0,179.28334045410156,0.0,0.0,0.0,0.0,-84.104736328125,-150.0,-113.03564453125,-150.0,150.0,-150.0,-0.06366561353206635,-0.4092969298362732,0.11348942667245865,0.8969296813011169,0.05950597673654556,0.08580245822668076,-0.10065393149852753,-0.0896974429488182,-0.5707314610481262,-0.12076694518327713,-0.002709996188059449,0.06371991336345673,0.19173988699913025,0.13996875286102295,-0.5123998522758484,-2.8066885471343994,-0.06541377305984497,1.7088004350662231,0.581833004951477,-0.5693762898445129,-0.48386818170547485,0.28803539276123047,0.28713637590408325,-0.08292553573846817,0.027946054935455322,0.1723897010087967,-0.9938875436782837,0.4779931306838989,0.18466603755950928,-0.2646786868572235,0.05361815169453621,-0.20312583446502686,0.2076348215341568,-0.2673036456108093,-0.02786538377404213,0.13700589537620544,0.10537625849246979,-0.03582766279578209,-0.1138073056936264,-0.002812757156789303,0.23218412697315216,0.07526795566082001
8.933333799242973,533,-200.0,-200.0,-200.0,-12.335347175598145,-24.392799377441406,-17.93445587158203,100.0,100.0,-100.0,100.0,41.3251953125,100.0,181.238037109375,51.97802734375,-67.85446166992188,300.0,300.0,300.0,0.0,0.0,0.0,0.0,-110.46847534179688,-27.6705322265625,-57.69677734375,-150.0,150.0,-150.0,-0.0699918270111084,-0.46259748935699463,0.11025181412696838,0.9193334579467773,0.06763895601034164,0.06271356344223022,-0.10950490087270737,-0.08404354751110077,-0.5735622048377991,-0.12255389988422394,-0.0028628725558519363,0.0663033276796341,0.18074125051498413,0.14461643993854523,-0.5778905749320984,-2.973875045776367,-0.1828247606754303,1.1428123712539673,0.5235099792480469,-1.2908302545547485,-0.4436507523059845,0.40167558193206787,0.11158131062984467,-0.1503976285457611,-0.08475988358259201,0.159921795129776,-1.0635815858840942,0.42906951904296875,0.18466603755950928,-0.2646786868572235,0.05361815169453621,-0.20312583446502686,0.2076348215341568,-0.2673036456108093,-0.02786538377404213,0.13700589537620544,0.10537625849246979,-0.03582766279578209,-0.1138073056936264,-0.002812757156789303,0.23218412697315216,0.07526795566082001
8.950000466778874,534,-200.0,-200.0,-200.0,-50.0,-28.394718170166016,23.36853790283203,-100.0,100.0,100.0,100.0,-100.0,-100.0,300.0,-300.0,-64.12310791015625,300.0,300.0,291.95831298828125,0.0,0.0,0.0,0.0,-150.0,-150.0,150.0,-150.0,150.0,-150.0,-0.07663410902023315,-0.5079407095909119,0.10702814906835556,0.9253900647163391,0.07445648312568665,0.04292091354727745,-0.1171945184469223,-0.07837599515914917,-0.5742824673652649,-0.12459909915924072,-0.0026318859308958054,0.06876619160175323,0.17124012112617493,0.15043558180332184,-0.5533996820449829,-2.520817518234253,-0.18049505352973938,0.04687534272670746,0.4520331919193268,-1.1022742986679077,-0.3840886950492859,0.3837834596633911,0.11027252674102783,-0.15132665634155273,0.01920657604932785,0.20015007257461548,-0.9429498910903931,0.42094406485557556,0.18299323320388794,-0.25036171078681946,0.07074540108442307,-0.20560890436172485,0.20719625055789948,-0.2612264156341553,-0.008028034120798111,0.13541445136070251,0.09575528651475906,-0.08172571659088135,-0.09087895601987839,-0.018157493323087692,0.25866949558258057,0.07522338628768921
8.966667134314775,535,-200.0,-200.0,-200.0,-28.538034439086914,-5.00201416015625,-8.2059326171875,100.0,100.0,-100.0,100.0,87.07177734375,85.21826171875,262.05755615234375,33.55029296875,26.393402099609375,300.0,300.0,300.0,0.0,0.0,0.0,0.0,-124.87831115722656,-25.372314453125,-53.65079879760742,-150.0,150.0,-150.0,-0.07967609167098999,-0.5539069175720215,0.10423198342323303,0.9224755167961121,0.0784379094839096,0.012921423651278019,-0.11886883527040482,-0.0692303329706192,-0.5760088562965393,-0.1267389953136444,-0.0033308202400803566,0.06924676895141602,0.1604827493429184,0.154007226228714,-0.3526291847229004,-2.6023292541503906,-0.20519377291202545,-0.23989824950695038,0.3273448348045349,-1.6760936975479126,-0.03340206667780876,0.5207650661468506,0.1935245394706726,-0.18998056650161743,-0.07921351492404938,0.24919581413269043,-1.0651960372924805,0.42592108249664307,0.18299323320388794,-0.25036171078681946,0.07074540108442307,-0.20560890436172485,0.20719625055789948,-0.2612264156341553,-0.008028034120798111,0.13541445136070251,0.09575528651475906,-0.08172571659088135,-0.09087895601987839,-0.018157493323087692,0.25866949558258057,0.07522338628768921
8.983333801850677,536,-200.0,-200.0,-200.0,-50.0,42.887603759765625,-2.3740158081054688,100.0,100.0,-100.0,100.0,-100.0,-100.0,300.0,-181.443359375,117.6058349609375,300.0,300.0,300.0,0.0,0.0,0.0,0.0,-150.0,-150.0,150.0,-150.0,150.0,-150.0,-0.08267351984977722,-0.5938827991485596,0.10138830542564392,0.909000813961029,0.08185406029224396,-0.012743417173624039,-0.12032861262559891,-0.060825761407613754,-0.5745349526405334,-0.1288861781358719,-0.0035123468842357397,0.07084432244300842,0.15044845640659332,0.15810085833072662,-0.3264571726322174,-2.2398977279663086,-0.19937022030353546,-0.997062623500824,0.29414084553718567,-1.431425929069519,-0.027707872912287712,0.48711150884628296,0.2800261974334717,-0.17477577924728394,-0.0016691163182258606,0.15615902841091156,-0.9510802030563354,0.36379343271255493,0.18482984602451324,-0.2289976328611374,0.07816408574581146,-0.19121909141540527,0.19431811571121216,-0.24482107162475586,0.0029640626162290573,0.1305888593196869,0.07965559512376785,-0.11635571718215942,-0.049476392567157745,-0.01998046413064003,0.2751888334751129,0.08380798995494843
9.000000469386578,537,-200.0,-200.0,-200.0,-44.38225173950195,-48.369171142578125,-10.531734466552734,100.0,100.0,-100.0,100.0,-99.98095703125,-71.8876953125,195.762939453125,127.0625,104.52751159667969,300.0,300.0,300.0,0.0,0.0,0.0,0.0,-148.2144317626953,-26.593017578125,-56.48626708984375,-150.0,150.0,-150.0,-0.08136818557977676,-0.6301900744438171,0.10008606314659119,0.8854701519012451,0.08203732222318649,-0.04447805881500244,-0.11283660680055618,-0.04997657611966133,-0.5722498297691345,-0.1302577406167984,-0.003719101659953594,0.06957723200321198,0.14123424887657166,0.15672822296619415,-0.07202357798814774,-2.0563063621520996,-0.17873913049697876,-1.5298177003860474,0.1431196928024292,-1.765881896018982,0.4868388772010803,0.5942716002464294,0.38778722286224365,-0.1659604012966156,-0.05040483921766281,0.23889602720737457,-1.0171886682510376,0.1386101245880127,0.18482984602451324,-0.2289976328611374,0.07816408574581146,-0.19121909141540527,0.19431811571121216,-0.24482107162475586,0.0029640626162290573,0.1305888593196869,0.07965559512376785,-0.11635571718215942,-0.049476392567157745,-0.01998046413064003,0.2751888334751129,0.08380798995494843
9.016667136922479,538,-120.6461181640625,-200.0,-200.0,-50.0,-38.31010437011719,-50.0,-100.0,100.0,-100.0,100.0,-100.0,-100.0,300.0,144.448486328125,-91.07138061523438,300.0,300.0,300.0,0.0,0.0,0.0,0.0,-150.0,-150.0,150.0,-150.0,150.0,-150.0,-0.08076122403144836,-0.6614395976066589,0.0985025018453598,0.8500361442565918,0.08238338679075241,-0.0715838074684143,-0.10641060024499893,-0.03948766365647316,-0.5681912302970886,-0.13096877932548523,-0.0038086785934865475,0.06988681107759476,0.1313067376613617,0.15697072446346283,-0.0890403687953949,-1.7570979595184326,-0.1676769256591797,-2.3017044067382812,0.1436735838651657,-1.5063410997390747,0.4162977635860443,0.6051396131515503,0.4181337356567383,-0.11872854828834534,0.008166946470737457,0.09099297225475311,-0.9155597686767578,0.15641173720359802,0.17767883837223053,-0.21063841879367828,0.10192351788282394,-0.182077556848526,0.19369161128997803,-0.22648364305496216,0.023507649078965187,0.13746272027492523,0.0769600197672844,-0.16593849658966064,-0.010661185719072819,-0.027420155704021454,0.28360456228256226,0.06946974247694016
9.03333380445838,539,-200.0,-200.0,-200.0,-39.924957275390625,-50.0,-15.607513427734375,100.0,100.0,-100.0,100.0,-100.0,-100.0,218.59701538085938,145.22705078125,135.718017578125,300.0,300.0,300.0,0.0,0.0,0.0,0.0,-150.0,-39.6708984375,-69.6180419921875,-150.0,150.0,-150.0,-0.07706207036972046,-0.6874805688858032,0.09587053209543228,0.8079626560211182,0.08212295919656754,-0.10877864807844162,-0.09280966222286224,-0.02769268862903118,-0.5602130889892578,-0.1304250806570053,-0.0042665149085223675,0.06777842342853546,0.12162957340478897,0.15237203240394592,0.07309465110301971,-1.4971412420272827,-0.2732979655265808,-2.547123432159424,0.1649201661348343,-2.063384532928467,0.839991569519043,0.6506476998329163,0.7203120589256287,-0.07324714958667755,-0.05631326884031296,0.17566587030887604,-1.0086359977722168,-0.058970555663108826,0.17767883837223053,-0.21063841879367828,0.10192351788282394,-0.182077556848526,0.19369161128997803,-0.22648364305496216,0.023507649078965187,0.13746272027492523,0.0769600197672844,-0.16593849658966064,-0.010661185719072819,-0.027420155704021454,0.28360456228256226,0.06946974247694016
9.05000047199428,540,-190.97076416015625,-200.0,-200.0,-50.0,-50.0,-50.0,-100.0,100.0,-100.0,100.0,-100.0,-100.0,300.0,300.0,-300.0,300.0,300.0,300.0,0.0,0.0,0.0,0.0,-150.0,-150.0,150.0,-150.0,150.0,-150.0,-0.07407522946596146,-0.7103278636932373,0.09316005557775497,0.7576764822006226,0.08222272247076035,-0.14054134488105774,-0.08116748183965683,-0.0163944810628891,-0.5503998398780823,-0.12900607287883759,-0.004334836732596159,0.06756488978862762,0.11125848442316055,0.15051499009132385,0.05216249078512192,-1.293795108795166,-0.24961166083812714,-3.0967390537261963,0.1698039472103119,-1.7586044073104858,0.7101631164550781,0.6544478535652161,0.7686014175415039,-0.006093665957450867,0.006547141820192337,0.07435892522335052,-0.9234340190887451,0.038276515901088715,0.1609899252653122,-0.19338437914848328,0.1320413500070572,-0.17274749279022217,0.19939661026000977,-0.19365179538726807,0.02782961167395115,0.15785974264144897,0.07451637089252472,-0.19653700292110443,0.01664983294904232,-0.042773179709911346,0.2990299165248871,0.04723767936229706
9.066667139530182,541,-50.49549865722656,-200.0,-200.0,-18.932403564453125,-50.0,-27.10785675048828,100.0,100.0,-100.0,100.0,-100.0,-100.0,220.55322265625,292.9840087890625,110.4556884765625,300.0,300.0,300.0,0.0,0.0,0.0,0.0,-150.0,-39.874267578125,-65.97869873046875,-150.0,150.0,-150.0,-0.07043468952178955,-0.7266875505447388,0.08705098927021027,0.703441858291626,0.08189713954925537,-0.1762833446264267,-0.06549154222011566,-0.005732242949306965,-0.5342215299606323,-0.12632766366004944,-0.004988516215234995,0.06357995420694351,0.10045313090085983,0.14546813070774078,0.06348644196987152,-0.9697995185852051,-0.44711801409721375,-3.1655359268188477,0.1754738986492157,-1.975609302520752,0.9449682235717773,0.5946649312973022,1.149679183959961,0.04187915846705437,-0.03429923951625824,0.09020750224590302,-0.9523727893829346,-0.16137422621250153,0.1609899252653122,-0.19338437914848328,0.1320413500070572,-0.17274749279022217,0.19939661026000977,-0.19365179538726807,0.02782961167395115,0.15785974264144897,0.07451637089252472,-0.19653700292110443,0.01664983294904232,-0.042773179709911346,0.2990299165248871,0.04723767936229706
9.083333807066083,542,200.0,-200.0,-200.0,-12.293746948242188,-50.0,-50.0,100.0,100.0,-100.0,100.0,-100.0,-100.0,300.0,157.4871826171875,112.15673828125,300.0,300.0,300.0,0.0,0.0,0.0,0.0,-150.0,-99.1964111328125,150.0,-150.0,150.0,-150.0,-0.0669177994132042,-0.741365909576416,0.0815320760011673,0.6448725461959839,0.08168720453977585,-0.20677874982357025,-0.05213216319680214,0.004529715050011873,-0.5170825123786926,-0.12368237972259521,-0.004984680563211441,0.06334143877029419,0.08962298929691315,0.14123061299324036,0.051158782094717026,-0.8122829794883728,-0.3843062222003937,-3.5334815979003906,0.173750102519989,-1.6851537227630615,0.797464907169342,0.5837351679801941,1.1973326206207275,0.06396205723285675,0.005090191960334778,0.07818552851676941,-0.9118392467498779,-0.12862618267536163,0.16150934994220734,-0.17728391289710999,0.13050055503845215,-0.1720966100692749,0.1802118718624115,-0.17308634519577026,0.013371419161558151,0.15464402735233307,0.06020104140043259,-0.19998864829540253,0.04472459480166435,-0.038685016334056854,0.29142341017723083,0.03992961347103119
9.100000474601984,543,200.0,-200.0,-200.0,5.707305908203125,-50.0,-10.905868530273438,100.0,81.577392578125,-100.0,100.0,-100.0,-100.0,212.16085815429688,270.4832763671875,239.90667724609375,300.0,300.0,300.0,0.0,0.0,0.0,0.0,-150.0,-29.7420654296875,-53.0140380859375,-150.0,150.0,-150.0,-0.05974201485514641,-0.7546541690826416,0.07671152055263519,0.5825155973434448,0.07891340553760529,-0.23357683420181274,-0.03470827639102936,0.01883896254003048,-0.5011796355247498,-0.12257673591375351,-0.004198718816041946,0.05965985357761383,0.08142392337322235,0.13008396327495575,0.24804694950580597,-0.7451388835906982,-0.41042256355285645,-3.7372562885284424,0.05887853354215622,-1.4777833223342896,1.0178192853927612,0.7298089265823364,1.1636804342269897,-0.12413816154003143,-0.03339359909296036,0.024169564247131348,-0.8675390481948853,-0.5515869855880737,0.16150934994220734,-0.17728391289710999,0.13050055503845215,-0.1720966100692749,0.1802118718624115,-0.17308634519577026,0.013371419161558151,0.15464402735233307,0.06020104140043259,-0.19998864829540253,0.04472459480166435,-0.038685016334056854,0.29142341017723083,0.03992961347103119
9.116667142137885,544,200.0,-200.0,-166.9248046875,-50.0,-50.0,-50.0,-100.0,-100.0,-100.0,100.0,-100.0,-100.0,300.0,300.0,300.0,300.0,300.0,300.0,0.0,0.0,0.0,0.0,-150.0,51.7010498046875,39.0867919921875,-150.0,150.0,-150.0,-0.05418357998132706,-0.7655417323112488,0.07244949042797089,0.5124289393424988,0.07717353850603104,-0.25643929839134216,-0.01995941996574402,0.03234662860631943,-0.48488619923591614,-0.12173334509134293,-0.004428399261087179,0.0570308081805706,0.07173652201890945,0.1199471578001976,0.19425004720687866,-0.6083239316940308,-0.3484582006931305,-4.250055313110352,0.06229011341929436,-1.2576853036880493,0.8689588308334351,0.731281578540802,1.108612298965454,-0.09880159795284271,-0.014972749166190624,-0.055597513914108276,-0.895535945892334,-0.49773457646369934,0.1716182678937912,-0.17821653187274933,0.12928186357021332,-0.17163269221782684,0.19174735248088837,-0.14353951811790466,0.007025469094514847,0.1696183830499649,0.04916861653327942,-0.1967308223247528,0.05038263648748398,-0.06397067755460739,0.29550957679748535,0.024967698380351067
9.133333809673786,545,200.0,-200.0,43.4715576171875,-7.7687225341796875,-50.0,-5.460205078125,-77.7103271484375,-36.274658203125,7.1890869140625,100.0,-100.0,-100.0,300.0,300.0,300.0,188.1202392578125,300.0,300.0,0.0,0.0,0.0,0.0,-150.0,-7.4197998046875,-54.9219970703125,-150.0,150.0,-150.0,-0.04057248681783676,-0.7680282592773438,0.07100845873355865,0.426607221364975,0.07379871606826782,-0.27504435181617737,-0.006012014579027891,0.0508834607899189,-0.4662165939807892,-0.11685926467180252,-0.004561839159578085,0.052448514848947525,0.06147424131631851,0.11126186698675156,0.6932718753814697,-0.11119399964809418,-0.36225414276123047,-5.357604503631592,-0.04203318804502487,-1.020042061805725,0.811522901058197,0.9758638739585876,1.1292909383773804,0.024155722931027412,0.057229023426771164,-0.016590923070907593,-0.8613856434822083,-0.46966609358787537,0.1716182678937912,-0.17821653187274933,0.12928186357021332,-0.17163269221782684,0.19174735248088837,-0.14353951811790466,0.007025469094514847,0.1696183830499649,0.04916861653327942,-0.1967308223247528,0.05038263648748398,-0.06397067755460739,0.29550957679748535,0.024967698380351067
9.150000477209687,546,200.0,-200.0,200.0,-50.0,-50.0,-50.0,-100.0,-100.0,-100.0,100.0,-100.0,-100.0,300.0,300.0,300.0,-56.1788330078125,300.0,300.0,0.0,0.0,0.0,0.0,-150.0,150.0,-36.70758056640625,-150.0,150.0,-150.0,-0.028093181550502777,-0.7683477997779846,0.06976135820150375,0.33012655377388,0.07115115225315094,-0.29064565896987915,0.005670230835676193,0.06619752198457718,-0.4504142701625824,-0.11254216730594635,-0.0044580306857824326,0.051108915358781815,0.04969261959195137,0.102793850004673,0.6464162468910217,-0.017504680901765823,-0.32748404145240784,-5.794119834899902,-0.023106683045625687,-0.8522583246231079,0.7011157870292664,0.8371540904045105,1.0385463237762451,0.042395513504743576,-0.01396687887609005,0.0032181590795516968,-0.9618695974349976,-0.43087056279182434,0.1856456845998764,-0.187971830368042,0.1265406310558319,-0.15691807866096497,0.20130065083503723,-0.13241863250732422,-0.010608382523059845,0.19037604331970215,0.006645277142524719,-0.18291886150836945,0.05198049917817116,-0.061524707823991776,0.32819312810897827,-0.005150774493813515
9.166667144745588,547,200.0,-200.0,200.0,50.0,-50.0,9.440109252929688,-100.0,-100.0,100.0,100.0,0.4423828125,-100.0,119.9365234375,300.0,300.0,-300.0,300.0,300.0,0.0,0.0,0.0,0.0,-150.0,-18.680419921875,-110.1241455078125,-150.0,150.0,-150.0,-0.0075040641240775585,-0.7545893788337708,0.07175053656101227,0.21236760914325714,0.06210507079958916,-0.2999335825443268,0.016309259459376335,0.08403937518596649,-0.43045708537101746,-0.10140003263950348,-0.004699024837464094,0.05087291821837425,0.03942646458745003,0.09188972413539886,1.1330212354660034,0.7954885363578796,-0.31643611192703247,-7.357154846191406,-0.3948533236980438,-0.49615246057510376,0.6587934494018555,0.9419927000999451,1.0728061199188232,0.36496302485466003,0.11685366928577423,0.40784722566604614,-0.794074296951294,-0.6047179698944092,0.1856456845998764,-0.187971830368042,0.1265406310558319,-0.15691807866096497,0.20130065083503723,-0.13241863250732422,-0.010608382523059845,0.19037604331970215,0.006645277142524719,-0.18291886150836945,0.05198049917817116,-0.061524707823991776,0.32819312810897827,-0.005150774493813515
9.18333381228149,548,200.0,-200.0,200.0,-4.85589599609375,-50.0,-50.0,100.0,-100.0,100.0,100.0,-100.0,-100.0,300.0,300.0,300.0,-39.5328369140625,-75.761474609375,282.0010986328125,0.0,0.0,0.0,0.0,-150.0,150.0,-150.0,-150.0,150.0,-150.0,0.010571308434009552,-0.7407024502754211,0.07362087815999985,0.084821417927742,0.05444568395614624,-0.30758845806121826,0.02484258823096752,0.09633033722639084,-0.4160240590572357,-0.0924513190984726,-0.004275557119399309,0.052905891090631485,0.025905117392539978,0.08204720914363861,1.0118894577026367,0.7705168128013611,-0.2654986083507538,-7.655015468597412,-0.32067635655403137,-0.404907763004303,0.5969027876853943,0.6328213214874268,0.890310525894165,0.31209176778793335,0.004138365387916565,0.8134440183639526,-1.0794646739959717,-0.5000835657119751,0.20834800601005554,-0.17982210218906403,0.10506070405244827,-0.15862014889717102,0.22721755504608154,-0.1274072527885437,-0.01833803951740265,0.23466137051582336,-0.025638936087489128,-0.1453484743833542,0.0457325242459774,-0.03872980177402496,0.325420618057251,-0.022166071459650993
9.20000047981739,549,200.0,-200.0,-200.0,50.0,43.1136474609375,-0.494384765625,-100.0,-100.0,100.0,100.0,100.0,-100.0,-300.0,300.0,300.0,-200.138427734375,-300.0,-283.7215576171875,0.0,0.0,0.0,0.0,-150.0,-42.071563720703125,-150.0,-150.0,150.0,-150.0,0.03590816259384155,-0.7335919737815857,0.08370086550712585,-0.0005293841240927577,0.04250803962349892,-0.3032497763633728,0.030437057837843895,0.1101108193397522,-0.3951076865196228,-0.08035480231046677,-0.005108252167701721,0.05637611821293831,0.012488339096307755,0.07358064502477646,1.6084082126617432,-0.516787588596344,0.10176993906497955,-0.035582780838012695,-0.562220573425293,0.27872174978256226,0.4687187671661377,0.5884530544281006,2.1024577617645264,0.520250678062439,-0.10975204408168793,0.673298180103302,-0.824306309223175,-0.10291558504104614,0.20834800601005554,-0.17982210218906403,0.10506070405244827,-0.15862014889717102,0.22721755504608154,-0.1274072527885437,-0.01833803951740265,0.23466137051582336,-0.025638936087489128,-0.1453484743833542,0.0457325242459774,-0.03872980177402496,0.325420618057251,-0.022166071459650993
9.216667147353292,550,-200.0,-200.0,-200.0,-50.0,-50.0,50.0,-100.0,-100.0,100.0,100.0,100.0,100.0,-300.0,300.0,96.64585876464844,-300.0,-300.0,300.0,0.0,0.0,0.0,0.0,150.0,150.0,150.0,-150.0,150.0,-150.0,0.05800766125321388,-0.7244918942451477,0.0917290598154068,-0.0006794711225666106,0.03202928975224495,-0.299886018037796,0.03541957214474678,0.11766359210014343,-0.3578450679779053,-0.07365494221448898,-0.00492795929312706,0.05772142484784126,-0.0030801254324615,0.06354884803295135,1.2871005535125732,0.6843357682228088,-0.0837557315826416,0.008506981655955315,-0.5253667831420898,0.2097301185131073,0.36320310831069946,0.25028303265571594,2.0447473526000977,0.12994062900543213,0.20842015743255615,0.45007047057151794,-1.0122179985046387,-0.6487714052200317,0.18524163961410522,-0.2603258788585663,0.1012340858578682,-0.13707391917705536,0.18890482187271118,-0.14007040858268738,-0.00014662928879261017,0.21577367186546326,0.08414452522993088,-0.0526304692029953,0.06846120953559875,-0.06797810643911362,0.3137241005897522,-0.05808490514755249
9.233333814889193,551,200.0,-200.0,200.0,34.883636474609375,-50.0,44.03109359741211,-100.0,-100.0,100.0,100.0,100.0,-100.0,-71.0386962890625,300.0,300.0,-300.0,-300.0,-300.0,0.0,0.0,0.0,0.0,-108.475830078125,10.5965576171875,137.71929931640625,-150.0,150.0,-150.0,0.07317343354225159,-0.7103080749511719,0.09204009175300598,-0.0002586835471447557,0.040368203073740005,-0.27022936940193176,0.0442005954682827,0.11125511676073074,-0.33144670724868774,-0.06027984991669655,0.006064906250685453,0.06558078527450562,-0.022425798699259758,0.04693952202796936,0.8144744634628296,0.8825327754020691,-0.3505738377571106,0.007939079776406288,0.5721404552459717,1.6826138496398926,0.39371004700660706,-0.3446207642555237,1.342179298400879,0.6969332098960876,0.8740826845169067,-0.1471765637397766,-0.7204587459564209,-0.9220007061958313,0.18524163961410522,-0.2603258788585663,0.1012340858578682,-0.13707391917705536,0.18890482187271118,-0.14007040858268738,-0.00014662928879261017,0.21577367186546326,0.08414452522993088,-0.0526304692029953,0.06846120953559875,-0.06797810643911362,0.3137241005897522,-0.05808490514755249
9.250000482425094,552,96.16131591796875,-200.0,200.0,50.0,-50.0,50.0,-100.0,-100.0,100.0,100.0,100.0,-100.0,-300.0,300.0,300.0,-219.84796142578125,-300.0,-167.4031982421875,0.0,0.0,0.0,0.0,150.0,150.0,-63.225555419921875,-150.0,150.0,16.18963623046875,0.08589232712984085,-0.6936273574829102,0.09165780991315842,-0.0001628393365535885,0.047473300248384476,-0.24477669596672058,0.05151601880788803,0.10286252200603485,-0.3154112696647644,-0.05100354552268982,0.02673083357512951,0.06442678719758987,-0.04451511800289154,0.03201352804899216,0.6757292747497559,0.9769115447998047,-0.3234134614467621,0.0058453381061553955,0.475381463766098,1.4399858713150024,0.304137259721756,-0.4701073467731476,0.7581755518913269,0.5067894458770752,1.37180757522583,-0.2719537019729614,-0.9770969152450562,-0.8539854288101196,0.20072129368782043,-0.2671034336090088,0.09180421382188797,-0.13764852285385132,0.14970463514328003,-0.12618166208267212,0.046471741050481796,0.1560390740633011,0.10684941709041595,-0.012234333902597427,0.054726261645555496,-0.05153220519423485,0.25572627782821655,-0.037222348153591156
9.266667149960995,553,200.0,-200.0,200.0,50.0,-50.0,50.0,-100.0,-100.0,100.0,100.0,100.0,100.0,-300.0,300.0,300.0,300.0,-300.0,-241.08734130859375,0.0,0.0,0.0,0.0,-59.67706298828125,22.263916015625,150.0,-150.0,150.0,-150.0,0.0950138047337532,-0.6631036996841431,0.0956820622086525,-0.00034613022580742836,0.05707259476184845,-0.21168090403079987,0.0546547994017601,0.08911547064781189,-0.2992399036884308,-0.04352419823408127,0.059944458305835724,0.06253354251384735,-0.07370331883430481,0.027827074751257896,0.598849356174469,1.8437780141830444,-0.07052870839834213,0.012295261956751347,0.6002766489982605,1.8624975681304932,0.055114589631557465,-0.753426730632782,0.5721176862716675,0.4748637080192566,2.444920539855957,-0.22331160306930542,-1.5531787872314453,-0.2498112916946411,0.20072129368782043,-0.2671034336090088,0.09180421382188797,-0.13764852285385132,0.14970463514328003,-0.12618166208267212,0.046471741050481796,0.1560390740633011,0.10684941709041595,-0.012234333902597427,0.054726261645555496,-0.05153220519423485,0.25572627782821655,-0.037222348153591156
9.283333817496896,554,-200.0,200.0,200.0,50.0,-10.89495849609375,31.389965057373047,-100.0,-100.0,100.0,100.0,100.0,100.0,-300.0,300.0,300.0,300.0,-300.0,61.106689453125,0.0,0.0,0.0,0.0,-80.40072631835938,111.9342041015625,-145.24400329589844,-150.0,150.0,-150.0,0.1019667312502861,-0.6315792202949524,0.09864719957113266,-0.00010924055823124945,0.06519337743520737,-0.18344047665596008,0.05754800885915756,0.07560247927904129,-0.2973710000514984,-0.03850451856851578,0.10846617072820663,0.0619264580309391,-0.1071210652589798,0.022401634603738785,0.459124892950058,1.8621677160263062,-0.08502845466136932,0.012434953823685646,0.5002068877220154,1.586119294166565,0.05495982617139816,-0.724564790725708,-0.1160750538110733,0.3660268485546112,3.03249192237854,-0.05191568657755852,-1.6858614683151245,-0.2985988259315491,0.2252531498670578,-0.24908684194087982,0.0640118345618248,-0.13058188557624817,0.13038328289985657,-0.11669991165399551,0.06147761270403862,0.12950420379638672,0.10332126170396805,-0.007844541221857071,0.036074183881282806,-0.00022771302610635757,0.19129133224487305,-0.026101423427462578
9.300000485032797,555,-200.0,-200.0,200.0,-7.5794677734375,21.5850830078125,50.0,-100.0,-100.0,100.0,100.0,100.0,100.0,-300.0,300.0,300.0,300.0,-300.0,151.19378662109375,0.0,0.0,0.0,0.0,-17.8184814453125,34.966064453125,129.4539337158203,-150.0,150.0,-150.0,0.10423707216978073,-0.5909591317176819,0.10781683772802353,-5.77495075049228e-06,0.07171459496021271,-0.15841075778007507,0.056039389222860336,0.0630481168627739,-0.30584076046943665,-0.035031162202358246,0.18140192329883575,0.06180524826049805,-0.1514657735824585,0.017270222306251526,0.32937073707580566,2.4562830924987793,0.28734898567199707,0.003544154576957226,0.38038137555122375,1.4029895067214966,-0.1696731448173523,-0.6442160606384277,-0.9048910140991211,0.2788827419281006,4.79038143157959,-0.16662678122520447,-2.1914262771606445,-0.3019842505455017,0.2252531498670578,-0.24908684194087982,0.0640118345618248,-0.13058188557624817,0.13038328289985657,-0.11669991165399551,0.06147761270403862,0.12950420379638672,0.10332126170396805,-0.007844541221857071,0.036074183881282806,-0.00022771302610635757,0.19129133224487305,-0.026101423427462578
9.316667152568698,556,-200.0,115.36669921875,200.0,2.208599090576172,-13.096710205078125,48.379642486572266,-100.0,-100.0,100.0,100.0,100.0,100.0,-300.0,300.0,300.0,300.0,-300.0,300.0,0.0,0.0,0.0,0.0,-48.623321533203125,97.66015625,-116.48600769042969,-150.0,150.0,-150.0,0.10518345981836319,-0.551075279712677,0.11507853865623474,6.599651533178985e-05,0.0772537961602211,-0.13705383241176605,0.054932788014411926,0.052524276077747345,-0.32694417238235474,-0.032949864864349365,0.2675229609012604,0.06255161017179489,-0.18909120559692383,0.009980670176446438,0.25584858655929565,2.348569393157959,0.21494415402412415,0.00377483107149601,0.34325259923934937,1.190558671951294,-0.13588134944438934,-0.5119401216506958,-1.4093014001846313,0.22776541113853455,5.184942245483398,0.0019864365458488464,-1.907175898551941,-0.399688184261322,0.2341768741607666,-0.21788613498210907,0.02369103953242302,-0.1211799830198288,0.12214036285877228,-0.09427156299352646,0.08522410690784454,0.1274779886007309,0.10249820351600647,-0.004935517907142639,0.022330550476908684,0.03749429062008858,0.13977918028831482,-0.031163329258561134
9.333333820104599,557,-200.0,-136.123291015625,200.0,-50.0,23.170623779296875,50.0,-100.0,9.9892578125,100.0,100.0,100.0,100.0,-300.0,300.0,199.93536376953125,300.0,-300.0,300.0,0.0,0.0,0.0,0.0,-24.539459228515625,51.9261474609375,87.94189453125,150.0,150.0,150.0,0.10255658626556396,-0.5090691447257996,0.1240907534956932,8.394850010517985e-05,0.0819408968091011,-0.11834539473056793,0.05112141743302345,0.044851262122392654,-0.36130061745643616,-0.03114144690334797,0.37491968274116516,0.06037206947803497,-0.2290792316198349,-0.0021310399752110243,0.09072838723659515,2.552079200744629,0.343912810087204,-0.0012455692049115896,0.275364488363266,1.0433846712112427,-0.2761646509170532,-0.3208865523338318,-2.3127548694610596,0.24836382269859314,6.680591583251953,-0.4196214973926544,-1.6822504997253418,-0.6519835591316223,0.2341768741607666,-0.21788613498210907,0.02369103953242302,-0.1211799830198288,0.12214036285877228,-0.09427156299352646,0.08522410690784454,0.1274779886007309,0.10249820351600647,-0.004935517907142639,0.022330550476908684,0.03749429062008858,0.13977918028831482,-0.031163329258561134
9.3500004876405,558,200.0,200.0,-200.0,50.0,-50.0,46.42824172973633,100.0,100.0,-100.0,-100.0,-100.0,100.0,-300.0,300.0,-86.0699462890625,-293.7354736328125,-300.0,-172.8983154296875,0.0,0.0,0.0,0.0,150.0,150.0,-150.0,-36.92637634277344,150.0,-150.0,0.10136367380619049,-0.4758255183696747,0.1374914050102234,-0.012293371371924877,0.034190189093351364,-0.10666017234325409,0.06084982305765152,0.042620304971933365,-0.40587055683135986,-0.026027722284197807,0.48866498470306396,0.05993561074137688,-0.2506643235683441,-0.01232964638620615,0.53629469871521,0.9111652374267578,1.1086907386779785,-1.2470275163650513,-6.057555198669434,0.3751019835472107,1.7337323427200317,0.30425792932510376,-3.0261383056640625,0.6600321531295776,6.744828701019287,-0.1811315268278122,-0.6286105513572693,-0.4319372773170471,0.27834850549697876,-0.2572518289089203,-0.08942011743783951,-0.1135358065366745,0.271674245595932,-0.16587746143341064,0.028083574026823044,0.1345258504152298,0.12383842468261719,0.0023658163845539093,0.025581853464245796,0.036860305815935135,0.1207127571105957,-0.1464533656835556
9.366667155176401,559,-200.0,-200.0,-200.0,-3.9660720825195312,3.509246826171875,16.778797149658203,-100.0,100.0,100.0,-100.0,-100.0,0.4810791015625,-300.0,300.0,-102.2149658203125,-300.0,-300.0,-300.0,0.0,0.0,0.0,0.0,150.0,-150.0,150.0,150.0,150.0,-150.0,0.11322639137506485,-0.47462698817253113,0.15844060480594635,-0.0012074181577190757,-0.024748029187321663,-0.0247490331530571,0.052339933812618256,0.05585959926247597,-0.46929237246513367,-0.00915102381259203,0.6339108347892761,0.06720779091119766,-0.23527401685714722,-0.03535128012299538,0.6368508338928223,0.6177949905395508,0.9085915088653564,0.7471945881843567,-0.3391454219818115,5.38942813873291,-0.7541875839233398,0.8297201991081238,-3.3787686824798584,0.7978532314300537,8.811768531799316,-0.7316474914550781,2.4885458946228027,-1.2116079330444336,0.27834850549697876,-0.2572518289089203,-0.08942011743783951,-0.1135358065366745,0.271674245595932,-0.16587746143341064,0.028083574026823044,0.1345258504152298,0.12383842468261719,0.0023658163845539093,0.025581853464245796,0.036860305815935135,0.1207127571105957,-0.1464533656835556
9.383333822712302,560,-200.0,-200.0,-200.0,50.0,-28.913360595703125,50.0,-100.0,-100.0,100.0,100.0,-100.0,-100.0,-300.0,300.0,300.0,300.0,-300.0,-300.0,0.0,0.0,0.0,0.0,150.0,-150.0,150.0,150.0,-150.0,150.0,0.12102969735860825,-0.4589533507823944,0.16922302544116974,0.0010528137208893895,-0.02329031191766262,0.06127782166004181,0.033202655613422394,0.06509537994861603,-0.525731086730957,0.0026529382448643446,0.7746613621711731,0.061595238745212555,-0.16669996082782745,-0.06176692247390747,0.5344968438148499,1.0544967651367188,0.22951629757881165,0.0026029422879219055,0.015233447775244713,4.064365863800049,-1.367128610610962,0.43596333265304565,-3.4106247425079346,0.5795468091964722,8.474477767944336,-0.3090600073337555,3.8537542819976807,-1.5661966800689697,0.2677782475948334,-0.14288893342018127,-0.12139822542667389,-0.14335569739341736,0.19817806780338287,-0.07525316625833511,0.047998059540987015,0.16369274258613586,0.1204332634806633,0.002281792461872101,0.03213023021817207,0.05759357661008835,0.040896330028772354,0.007118557579815388
9.400000490248203,561,-200.0,-200.0,200.0,-15.266998291015625,29.589599609375,46.94540023803711,-100.0,100.0,100.0,82.92999267578125,-100.0,100.0,-300.0,300.0,300.0,300.0,-300.0,300.0,0.0,0.0,0.0,0.0,150.0,-150.0,150.0,-150.0,-150.0,-49.90484619140625,0.12509071826934814,-0.44616711139678955,0.16729046404361725,0.0013869827380403876,-0.02082541584968567,0.13412155210971832,-0.0009594206931069493,0.07138478010892868,-0.5978317856788635,-0.004701459314674139,0.9218058586120605,0.05920921266078949,-0.12756788730621338,-0.05073549225926399,0.1789379119873047,0.9101336002349854,-0.25402551889419556,0.010046221315860748,-0.20517385005950928,3.3382935523986816,-1.8569378852844238,0.24208694696426392,-4.315780162811279,-0.3952612578868866,8.865540504455566,0.19662581384181976,2.269476890563965,0.6502988934516907,0.2677782475948334,-0.14288893342018127,-0.12139822542667389,-0.14335569739341736,0.19817806780338287,-0.07525316625833511,0.047998059540987015,0.16369274258613586,0.1204332634806633,0.002281792461872101,0.03213023021817207,0.05759357661008835,0.040896330028772354,0.007118557579815388
9.416667157784104,562,-200.0,-200.0,200.0,50.0,50.0,-28.15673828125,-100.0,-100.0,-100.0,100.0,100.0,-31.54620361328125,-300.0,300.0,300.0,300.0,-300.0,300.0,0.0,0.0,0.0,0.0,150.0,54.04718017578125,150.0,150.0,-150.0,56.36614990234375,0.13213473558425903,-0.43391960859298706,0.1687898486852646,0.0017335377633571625,-0.03707369416952133,0.15518322587013245,-0.025400632992386818,0.08451765030622482,-0.6681051850318909,-0.007504535838961601,1.0504083633422852,0.057297855615615845,-0.09374921768903732,-0.04180328920483589,0.46519434452056885,0.7802441716194153,-0.05940384417772293,-0.1253223419189453,-0.16563010215759277,-0.939189612865448,-1.3960641622543335,0.7019796371459961,-4.15705680847168,-0.1811578869819641,7.168673992156982,-0.00649956613779068,1.9342663288116455,0.5237459540367126,0.29543402791023254,-0.15544001758098602,-0.13271699845790863,-0.08618810027837753,0.14901234209537506,-0.04793243855237961,-0.010587936267256737,0.15281818807125092,0.10429393500089645,0.034367453306913376,-0.0229934211820364,0.06845633685588837,0.028746912255883217,0.011094026267528534
9.433333825320005,563,200.0,-200.0,-143.24227905273438,19.157089233398438,-0.6455764770507812,19.969507217407227,-100.0,100.0,100.0,100.0,-100.0,100.0,-300.0,300.0,300.0,300.0,-300.0,300.0,0.0,0.0,0.0,0.0,150.0,150.0,150.0,2.3115234375,-150.0,-58.037841796875,0.12462186813354492,-0.42857539653778076,0.1824854016304016,-0.001260858029127121,-0.0339726097881794,0.14137005805969238,-0.04420857131481171,0.08707201480865479,-0.7367550730705261,0.0002682942140381783,1.145289659500122,0.057417307049036026,-0.06826526671648026,-0.03274364769458771,-0.5407947301864624,0.5492759943008423,0.7086969017982483,-0.1499003916978836,0.529013991355896,-1.2576649188995361,-1.1915205717086792,-0.045579493045806885,-3.834310531616211,0.5105147957801819,5.232570171356201,0.14068284630775452,1.409338116645813,0.5329858660697937,0.29543402791023254,-0.15544001758098602,-0.13271699845790863,-0.08618810027837753,0.14901234209537506,-0.04793243855237961,-0.010587936267256737,0.15281818807125092,0.10429393500089645,0.034367453306913376,-0.0229934211820364,0.06845633685588837,0.028746912255883217,0.011094026267528534
9.450000492855906,564,-200.0,-200.0,200.0,22.205230712890625,50.0,44.964881896972656,-100.0,-100.0,100.0,100.0,100.0,100.0,-300.0,300.0,-62.89739990234375,300.0,300.0,-300.0,0.0,0.0,0.0,0.0,150.0,150.0,150.0,150.0,-150.0,150.0,0.11307205259799957,-0.4217936098575592,0.19142462313175201,-0.0012670722790062428,-0.03516465052962303,0.13064083456993103,-0.062224920839071274,0.08670605719089508,-0.7949041724205017,0.007013315334916115,1.2181223630905151,0.05873311683535576,-0.04778587073087692,-0.024702217429876328,-0.6967780590057373,0.6658923029899597,0.5275605916976929,0.00885159894824028,0.2794434428215027,-0.8468462824821472,-1.0431773662567139,0.026194296777248383,-3.1990652084350586,0.49432045221328735,4.058213233947754,0.1251392662525177,1.1376776695251465,0.4532507658004761,0.2766406834125519,-0.1759905219078064,-0.08255133777856827,-0.1317434161901474,0.15509063005447388,-0.048122338950634,0.005199139937758446,0.13224978744983673,0.09673558920621872,0.04145750775933266,-0.02964545600116253,0.14963428676128387,0.018591074272990227,0.02975054830312729
9.466667160391808,565,-200.0,-200.0,-200.0,-23.03875732421875,-50.0,-14.188678741455078,-100.0,100.0,100.0,100.0,-100.0,100.0,-300.0,300.0,-300.0,300.0,-300.0,300.0,0.0,0.0,0.0,0.0,150.0,150.0,150.0,-2.7191162109375,-133.3592529296875,-16.008056640625,0.09626536071300507,-0.40055105090141296,0.20214588940143585,-0.0011535310186445713,-0.038650691509246826,0.12107349932193756,-0.06156448274850845,0.08389228582382202,-0.8194121718406677,0.0009272780152969062,1.2616713047027588,0.07181169837713242,-0.033505845814943314,-0.014873495325446129,-0.8456699848175049,1.4572474956512451,0.6945275068283081,0.0011478252708911896,0.16925887763500214,-0.9951720237731934,0.06553871929645538,-0.30512988567352295,-1.2460905313491821,-0.19498437643051147,2.199402332305908,0.8512225151062012,0.8083593845367432,0.5781006813049316,0.2766406834125519,-0.1759905219078064,-0.08255133777856827,-0.1317434161901474,0.15509063005447388,-0.048122338950634,0.005199139937758446,0.13224978744983673,0.09673558920621872,0.04145750775933266,-0.02964545600116253,0.14963428676128387,0.018591074272990227,0.02975054830312729
9.483333827927709,566,-130.673828125,-200.0,200.0,28.35210418701172,50.0,-47.10390853881836,100.0,-100.0,100.0,100.0,100.0,100.0,-300.0,300.0,-300.0,212.98529052734375,-300.0,300.0,0.0,0.0,0.0,0.0,150.0,150.0,150.0,150.0,-150.0,150.0,0.0800272524356842,-0.38091498613357544,0.21081264317035675,-0.0012875417014583945,-0.04026295989751816,0.10819146037101746,-0.060740698128938675,0.08721563965082169,-0.8384992480278015,-0.002060915110632777,1.2893162965774536,0.08464851975440979,-0.02193508855998516,-0.00542591605335474,-0.8606529235839844,1.3914719820022583,0.5220953822135925,-0.025383610278367996,0.3097537159919739,-1.038648009300232,0.006646832451224327,0.05611640214920044,-1.033957600593567,-0.19159409403800964,1.4187215566635132,0.7176448106765747,0.6630945205688477,0.46739134192466736,0.2777346670627594,-0.21961919963359833,-0.14029020071029663,-0.11272568255662918,0.07524488866329193,-0.06881711632013321,-0.019056513905525208,0.12823763489723206,0.09611377865076065,0.057151470333337784,0.014765406958758831,0.17978207767009735,0.013677404262125492,0.05409122258424759
9.50000049546361,567,200.0,-200.0,200.0,50.0,34.748931884765625,3.7880167961120605,-100.0,100.0,100.0,100.0,-50.7412109375,100.0,-300.0,300.0,-300.0,159.9180450439453,-300.0,-51.450439453125,0.0,0.0,0.0,0.0,150.0,150.0,150.0,-17.6768798828125,7.289520263671875,15.485595703125,0.06244252622127533,-0.3651881515979767,0.21710079908370972,-0.002949773333966732,-0.043728701770305634,0.09519815444946289,-0.05536879971623421,0.08997346460819244,-0.8697487115859985,0.0030862255953252316,1.3198047876358032,0.1003468707203865,-0.015401475131511688,0.007133584003895521,-1.0219101905822754,1.170180320739746,0.43326857686042786,-0.016907067969441414,0.3940783143043518,-0.960493266582489,0.277259886264801,0.05941142141819,-1.986119031906128,0.3116694986820221,2.011777639389038,0.8946307301521301,0.4102407395839691,0.6704063415527344,0.2777346670627594,-0.21961919963359833,-0.14029020071029663,-0.11272568255662918,0.07524488866329193,-0.06881711632013321,-0.019056513905525208,0.12823763489723206,0.09611377865076065,0.057151470333337784,0.014765406958758831,0.17978207767009735,0.013677404262125492,0.05409122258424759
9.51666716299951,568,-200.0,-200.0,200.0,50.0,17.797607421875,-49.8515625,100.0,-100.0,100.0,100.0,100.0,100.0,-300.0,300.0,-44.560455322265625,209.50738525390625,-300.0,300.0,0.0,0.0,0.0,0.0,150.0,150.0,150.0,150.0,-150.0,150.0,0.04663644731044769,-0.34973782300949097,0.22179889678955078,-0.0018128379015251994,-0.04437148943543434,0.08633731305599213,-0.051292501389980316,0.09333867579698563,-0.9045126438140869,0.00845854077488184,1.350016713142395,0.11358492821455002,-0.009371591731905937,0.017767420038580894,-0.9458651542663574,1.2173407077789307,0.2985794246196747,0.021498560905456543,0.3431550860404968,-0.8800273537635803,0.17221617698669434,0.09121617674827576,-2.00014328956604,0.28176355361938477,1.7222095727920532,0.7611851096153259,0.3635825514793396,0.5655402541160583,0.2817930579185486,-0.2124146968126297,-0.16925108432769775,-0.09882158041000366,0.060581885278224945,-0.07974324375391006,-0.03925969824194908,0.13254576921463013,0.12119834870100021,0.08175462484359741,0.019055243581533432,0.2336210012435913,-0.01890324242413044,0.07819259911775589
9.533333830535412,569,200.0,-200.0,200.0,23.884605407714844,-14.862060546875,-3.404913902282715,-100.0,100.0,100.0,100.0,-100.0,100.0,-300.0,300.0,-300.0,69.82630920410156,-300.0,-29.34539794921875,0.0,0.0,0.0,0.0,150.0,150.0,150.0,-14.63232421875,-13.281036376953125,-17.864013671875,0.028900282457470894,-0.33712270855903625,0.2274022400379181,-0.002240791916847229,-0.04570832848548889,0.07712230086326599,-0.04556348919868469,0.09584322571754456,-0.9467788338661194,0.015055691823363304,1.3789775371551514,0.1332382708787918,-0.013828465715050697,0.03173212707042694,-1.0323817729949951,1.0090562105178833,0.42965996265411377,-0.01965358294546604,0.32971662282943726,-0.8443606495857239,0.34056124091148376,0.1474338322877884,-2.5165181159973145,0.40965333580970764,1.7377493381500244,1.1268599033355713,-0.21304163336753845,0.7900426387786865,0.2817930579185486,-0.2124146968126297,-0.16925108432769775,-0.09882158041000366,0.060581885278224945,-0.07974324375391006,-0.03925969824194908,0.13254576921463013,0.12119834870100021,0.08175462484359741,0.019055243581533432,0.2336210012435913,-0.01890324242413044,0.07819259911775589
9.550000498071313,570,-200.0,-200.0,200.0,26.00689697265625,17.74566650390625,4.7497968673706055,100.0,100.0,100.0,17.15838623046875,100.0,100.0,-300.0,300.0,-300.0,-300.0,-300.0,-92.65216064453125,0.0,0.0,0.0,0.0,150.0,150.0,150.0,150.0,-150.0,150.0,0.012991214171051979,-0.3244878649711609,0.23198388516902924,-0.001759787555783987,-0.046046916395425797,0.06809931248426437,-0.0403616763651371,0.10022938996553421,-0.9888064861297607,0.022137578576803207,1.4008769989013672,0.15004152059555054,-0.01728716678917408,0.04359440878033638,-0.9676411747932434,1.0371124744415283,0.31066039204597473,-0.028053641319274902,0.4236006438732147,-0.8917648792266846,0.23668329417705536,0.21192288398742676,-2.3820621967315674,0.36984983086586,1.142274260520935,0.96023029088974,-0.1714833825826645,0.661279559135437,0.2773507535457611,-0.22478170692920685,-0.1790984869003296,-0.09917229413986206,0.06096041202545166,-0.08258651942014694,-0.03383052721619606,0.14998722076416016,0.11782490462064743,0.09009738266468048,0.013672507368028164,0.2589655816555023,-0.0429120697081089,0.08956275135278702
9.566667165607214,571,-200.0,-200.0,106.3399658203125,-5.573577880859375,-50.0,-15.9910249710083,-100.0,100.0,100.0,-100.0,-100.0,100.0,-300.0,300.0,-300.0,-300.0,-300.0,-132.25970458984375,0.0,0.0,0.0,0.0,150.0,150.0,150.0,-17.251220703125,4.38482666015625,-13.46636962890625,-0.0023241275921463966,-0.31269627809524536,0.23564323782920837,-0.0018450721399858594,-0.04863782972097397,0.05819486081600189,-0.034077905118465424,0.10520989447832108,-1.029479742050171,0.028538033366203308,1.414139986038208,0.16836419701576233,-0.027530906721949577,0.05566924437880516,-0.906855046749115,0.9381741881370544,0.2828395962715149,0.007098991423845291,0.26869186758995056,-0.8157410621643066,0.3300884962081909,0.2583829164505005,-2.3159451484680176,0.3288879990577698,0.664995551109314,1.0432939529418945,-0.5523699522018433,0.7055909633636475,0.2773507535457611,-0.22478170692920685,-0.1790984869003296,-0.09917229413986206,0.06096041202545166,-0.08258651942014694,-0.03383052721619606,0.14998722076416016,0.11782490462064743,0.09009738266468048,0.013672507368028164,0.2589655816555023,-0.0429120697081089,0.08956275135278702
9.583333833143115,572,50.951171875,-200.0,-200.0,15.969093322753906,50.0,21.277803421020508,100.0,-100.0,100.0,-100.0,100.0,100.0,-300.0,300.0,23.167938232421875,-300.0,-300.0,-75.9376220703125,0.0,0.0,0.0,0.0,150.0,150.0,150.0,-100.51824951171875,-150.0,58.09393310546875,-0.015428252518177032,-0.30099430680274963,0.23804499208927155,-0.001557366456836462,-0.04933926835656166,0.04820844158530235,-0.02976875565946102,0.11066357046365738,-1.0671155452728271,0.03487381711602211,1.416887879371643,0.1840137541294098,-0.036057330667972565,0.06586999446153641,-0.8101791739463806,0.9338801503181458,0.16655652225017548,-0.03749488294124603,0.37969720363616943,-0.916021466255188,0.1600768119096756,0.22990964353084564,-2.1115469932556152,0.3046800494194031,-0.04135353863239288,0.8883762955665588,-0.462575763463974,0.5927274823188782,0.28600525856018066,-0.24367286264896393,-0.18194933235645294,-0.09483490139245987,0.05290873348712921,-0.10019543766975403,-0.02773318812251091,0.1514778882265091,0.1212979182600975,0.10616350173950195,0.004810360260307789,0.252177357673645,-0.06444918364286423,0.09325776249170303
9.600000500679016,573,200.0,-200.0,200.0,17.909713745117188,-50.0,-16.894912719726562,-100.0,100.0,100.0,-100.0,-100.0,100.0,-300.0,300.0,-212.6023406982422,-300.0,-300.0,-300.0,0.0,0.0,0.0,0.0,150.0,150.0,150.0,-9.26312255859375,-8.1441650390625,-31.0472412109375,-0.029883211478590965,-0.29103395342826843,0.2419981062412262,-0.001630016602575779,-0.04971171170473099,0.038131456822156906,-0.02825980819761753,0.11179845035076141,-1.1016649007797241,0.04171790927648544,1.407810091972351,0.1962672770023346,-0.04942154884338379,0.07524633407592773,-0.8860055208206177,0.8301367163658142,0.2641909718513489,-0.017670519649982452,0.3534553050994873,-0.8954589366912842,-0.0012950710952281952,-0.01912616193294525,-1.9101234674453735,0.4427657425403595,-0.7425570487976074,0.6862059235572815,-0.736012876033783,0.5767544507980347,0.28600525856018066,-0.24367286264896393,-0.18194933235645294,-0.09483490139245987,0.05290873348712921,-0.10019543766975403,-0.02773318812251091,0.1514778882265091,0.1212979182600975,0.10616350173950195,0.004810360260307789,0.252177357673645,-0.06444918364286423,0.09325776249170303
9.616667168214917,574,200.0,-200.0,-122.6123046875,20.030418395996094,-18.182891845703125,50.0,100.0,-100.0,100.0,-100.0,-100.0,100.0,-300.0,300.0,228.6275634765625,-300.0,105.090576171875,-300.0,0.0,0.0,0.0,0.0,150.0,150.0,150.0,-148.0775146484375,-6.84027099609375,-103.64910888671875,-0.04255817085504532,-0.2817893922328949,0.24444971978664398,-0.0016448911046609282,-0.049864187836647034,0.02699434570968151,-0.028482185676693916,0.111012302339077,-1.1321499347686768,0.04714693874120712,1.387088656425476,0.20667199790477753,-0.060726348310709,0.08317968994379044,-0.7987605333328247,0.7664951682090759,0.1779283732175827,-0.03575697913765907,0.42434924840927124,-0.9275475740432739,-0.09128095954656601,-0.11538496613502502,-1.668380856513977,0.41781869530677795,-1.4504268169403076,0.5820526480674744,-0.6219092011451721,0.4928194284439087,0.29776298999786377,-0.25328025221824646,-0.17038112878799438,-0.08987169712781906,0.04051215946674347,-0.11035025864839554,-0.01444278284907341,0.1620030254125595,0.13655723631381989,0.1196422278881073,-0.0012653089361265302,0.2405993491411209,-0.0643349289894104,0.08839058876037598
9.633333835750818,575,92.114013671875,-200.0,-200.0,29.14675521850586,-50.0,-25.910491943359375,51.4031982421875,100.0,100.0,-100.0,-100.0,100.0,-300.0,300.0,-177.51431274414062,-300.0,-300.0,-300.0,0.0,0.0,0.0,0.0,150.0,150.0,150.0,-7.854095458984375,-17.97283935546875,-18.815673828125,-0.05668901279568672,-0.2743372917175293,0.24971796572208405,-0.0017610263312235475,-0.046896178275346756,0.01629672944545746,-0.029260961338877678,0.10749501734972,-1.153952717781067,0.05302503705024719,1.3508175611495972,0.21373052895069122,-0.07006397843360901,0.08901114016771317,-0.7966393828392029,0.5704619288444519,0.361529678106308,-0.024658583104610443,0.8162469863891602,-0.8939363360404968,-0.1384691298007965,-0.13921809196472168,-1.1288301944732666,0.4691113233566284,-2.4685919284820557,0.3890993297100067,-0.5188179016113281,0.3604738116264343,0.29776298999786377,-0.25328025221824646,-0.17038112878799438,-0.08987169712781906,0.04051215946674347,-0.11035025864839554,-0.01444278284907341,0.1620030254125595,0.13655723631381989,0.1196422278881073,-0.0012653089361265302,0.2405993491411209,-0.0643349289894104,0.08839058876037598
9.65000050328672,576,200.0,-200.0,200.0,-19.84912109375,-50.0,50.0,100.0,-100.0,100.0,-100.0,-100.0,100.0,-300.0,300.0,-300.0,-300.0,300.0,-300.0,0.0,0.0,0.0,0.0,150.0,150.0,150.0,-150.0,150.0,45.52032470703125,-0.06902831047773361,-0.26837754249572754,0.25340110063552856,-0.0019860179163515568,-0.04380267485976219,0.003843549406155944,-0.03203245624899864,0.102817103266716,-1.1706254482269287,0.05722867324948311,1.3015384674072266,0.21956948935985565,-0.07817507535219193,0.0939357653260231,-0.720289945602417,0.48303964734077454,0.271431565284729,-0.029126599431037903,0.8323990702629089,-0.9258344173431396,-0.21577508747577667,-0.21364176273345947,-0.877015233039856,0.40140631794929504,-3.1569957733154297,0.3286314308643341,-0.44612592458724976,0.31436702609062195,0.2851599156856537,-0.2636571228504181,-0.1532965898513794,-0.09728612005710602,0.0355590395629406,-0.10147754102945328,0.012531488202512264,0.13715635240077972,0.16073697805404663,0.13837718963623047,0.0043818289414048195,0.21111205220222473,-0.05555488541722298,0.09263644367456436
9.66666717082262,577,200.0,-200.0,-119.331298828125,34.264469146728516,-50.0,-12.86810302734375,100.0,100.0,100.0,-100.0,-100.0,100.0,-300.0,300.0,-209.6776580810547,-278.6025390625,-300.0,-300.0,0.0,0.0,0.0,0.0,150.0,150.0,150.0,-21.67943000793457,-33.020416259765625,-11.263092041015625,-0.07982765138149261,-0.26410236954689026,0.254606693983078,-0.0021501427982002497,-0.03654811158776283,-0.007747058756649494,-0.02927439846098423,0.0976933091878891,-1.1779865026474,0.05924101546406746,1.2372353076934814,0.2201402485370636,-0.08231167495250702,0.09920776635408401,-0.6604359149932861,0.36238202452659607,0.12238725274801254,-0.036913275718688965,0.991626501083374,-0.9410282969474792,0.05170102417469025,-0.33912110328674316,-0.2834770083427429,0.2917577922344208,-4.143102645874023,0.028276652097702026,-0.21464470028877258,0.3111999034881592,0.2851599156856537,-0.2636571228504181,-0.1532965898513794,-0.09728612005710602,0.0355590395629406,-0.10147754102945328,0.012531488202512264,0.13715635240077972,0.16073697805404663,0.13837718963623047,0.0043818289414048195,0.21111205220222473,-0.05555488541722298,0.09263644367456436
9.683333838358521,578,200.0,-200.0,200.0,-13.183180809020996,-50.0,-6.5388641357421875,100.0,-100.0,100.0,-100.0,-100.0,100.0,-300.0,300.0,-300.0,-300.0,-198.28759765625,-300.0,0.0,0.0,0.0,0.0,150.0,150.0,150.0,-150.0,150.0,-150.0,-0.08900127559900284,-0.2618216276168823,0.2552187442779541,-0.0025431339163333178,-0.03373152017593384,-0.02065710537135601,-0.029063330963253975,0.091433085501194,-1.1812864542007446,0.05999910458922386,1.1613363027572632,0.22021515667438507,-0.0860564112663269,0.10369767993688583,-0.5791205167770386,0.2392818033695221,0.07843989133834839,-0.027175504714250565,0.7152334451675415,-0.9045217633247375,-0.04834367334842682,-0.38899022340774536,-0.12048342823982239,0.24848321080207825,-4.688308238983154,0.02735185995697975,-0.18840928375720978,0.2848670780658722,0.27567124366760254,-0.2883795499801636,-0.14517004787921906,-0.09275130927562714,0.04858797788619995,-0.12035306543111801,0.02873380482196808,0.12873901426792145,0.18663270771503448,0.1304268091917038,0.012987087480723858,0.1722572147846222,-0.036420512944459915,0.08247163891792297
9.700000505894423,579,200.0,-200.0,148.39703369140625,26.259117126464844,-50.0,4.115715026855469,100.0,7.748291015625,100.0,-100.0,-100.0,100.0,-300.0,300.0,-83.84840393066406,-166.700439453125,-300.0,-300.0,0.0,0.0,0.0,0.0,150.0,150.0,150.0,-33.945281982421875,-7.5844879150390625,-14.233428955078125,-0.09693276137113571,-0.2591606080532074,0.25301578640937805,-0.0028320318087935448,-0.03256964683532715,-0.03387534245848656,-0.02805875986814499,0.08166326582431793,-1.1783431768417358,0.06182100623846054,1.0745947360992432,0.21416229009628296,-0.08380041271448135,0.10558377951383591,-0.5379781723022461,0.27246803045272827,-0.09223611652851105,-0.025027189403772354,0.5970661640167236,-0.9768649935722351,-0.02894691191613674,-0.5675383806228638,0.26882392168045044,0.3865204155445099,-5.345961093902588,-0.3081267178058624,0.14539918303489685,0.10810449719429016,0.27567124366760254,-0.2883795499801636,-0.14517004787921906,-0.09275130927562714,0.04858797788619995,-0.12035306543111801,0.02873380482196808,0.12873901426792145,0.18663270771503448,0.1304268091917038,0.012987087480723858,0.1722572147846222,-0.036420512944459915,0.08247163891792297
9.716667173430324,580,200.0,-200.0,49.0914306640625,25.130706787109375,-50.0,-3.3276214599609375,100.0,-100.0,26.290283203125,-100.0,-100.0,100.0,-300.0,300.0,-300.0,-300.0,88.93670654296875,-300.0,0.0,0.0,0.0,0.0,150.0,150.0,150.0,-150.0,82.16134643554688,-113.57276153564453,-0.10344869643449783,-0.25796353816986084,0.25104236602783203,-0.0029008081182837486,-0.03361069783568382,-0.04753744974732399,-0.028531961143016815,0.07149175554513931,-1.173917293548584,0.06236262992024422,0.9818549156188965,0.2089359164237976,-0.081971675157547,0.10761326551437378,-0.4492762088775635,0.191069096326828,-0.08168303221464157,-0.008856315165758133,0.5311213731765747,-0.941917359828949,-0.07958200573921204,-0.5566074848175049,0.3080526292324066,0.32164672017097473,-5.568781852722168,-0.26669713854789734,0.12343259155750275,0.12292253971099854,0.2591038644313812,-0.3114897906780243,-0.1259952038526535,-0.10723007470369339,0.06463891267776489,-0.1344718337059021,0.028046442195773125,0.1175626888871193,0.21569424867630005,0.13252222537994385,0.011117472313344479,0.13742899894714355,-0.03253279626369476,0.07877770811319351
9.733333840966225,581,-200.0,-200.0,-49.630859375,0.9984359741210938,-47.01727294921875,6.004276275634766,100.0,-100.0,100.0,-100.0,-100.0,79.578369140625,-300.0,300.0,-139.08895874023438,49.735107421875,-300.0,-300.0,0.0,0.0,0.0,0.0,150.0,150.0,150.0,-26.97821044921875,-8.027938842773438,-58.78252410888672,-0.10886398702859879,-0.2530231475830078,0.24582573771476746,-0.0031469466630369425,-0.03161818906664848,-0.06275387853384018,-0.028125056996941566,0.059445541352033615,-1.1609464883804321,0.05954737588763237,0.8795912265777588,0.1991078108549118,-0.07922081649303436,0.10869311541318893,-0.406709760427475,0.4040946364402771,-0.26289552450180054,-0.03097551502287388,0.8065406084060669,-1.0908939838409424,-0.05837086960673332,-0.7737905979156494,0.8511776328086853,0.20699335634708405,-6.222649574279785,-0.5283820629119873,0.17462900280952454,0.06431053578853607,0.2591038644313812,-0.3114897906780243,-0.1259952038526535,-0.10723007470369339,0.06463891267776489,-0.1344718337059021,0.028046442195773125,0.1175626888871193,0.21569424867630005,0.13252222537994385,0.011117472313344479,0.13742899894714355,-0.03253279626369476,0.07877770811319351
9.750000508502126,582,-200.0,-200.0,-74.6260986328125,7.368457794189453,-42.86956787109375,-21.81813621520996,100.0,-100.0,-100.0,-100.0,-100.0,100.0,-300.0,300.0,-300.0,-39.2149658203125,176.3262939453125,-300.0,0.0,0.0,0.0,0.0,150.0,150.0,150.0,-150.0,56.55055236816406,140.54177856445312,-0.11350737512111664,-0.24919955432415009,0.24129971861839294,-0.0033163311891257763,-0.02827184833586216,-0.07909921556711197,-0.028643816709518433,0.04787426069378853,-1.1479541063308716,0.05637802556157112,0.7748786807060242,0.1905970424413681,-0.07701634615659714,0.10988930612802505,-0.34418636560440063,0.3509674370288849,-0.22424167394638062,-0.01379312202334404,0.7458986043930054,-1.064096450805664,-0.0780114084482193,-0.7171881794929504,0.7748873233795166,0.1716550886631012,-6.15854549407959,-0.44984760880470276,0.148958221077919,0.08125799894332886,0.22984623908996582,-0.3199588358402252,-0.10372696071863174,-0.13102766871452332,0.06191622465848923,-0.13611552119255066,0.008553602732717991,0.09457655251026154,0.2294447422027588,0.14295166730880737,0.006911841221153736,0.10412494838237762,-0.029786283150315285,0.09330596029758453
9.766667176038027,583,-200.0,-200.0,-200.0,-19.224403381347656,-39.326873779296875,-1.9611473083496094,100.0,-100.0,100.0,-100.0,-100.0,-100.0,-300.0,300.0,-300.0,300.0,-300.0,-300.0,0.0,0.0,0.0,0.0,150.0,150.0,150.0,-37.82281494140625,-45.96232604980469,-89.41688537597656,-0.1183176338672638,-0.24378594756126404,0.23195546865463257,-0.003421443747356534,-0.02316574938595295,-0.09589644521474838,-0.02503242716193199,0.03637593239545822,-1.1279817819595337,0.0474931038916111,0.6608198881149292,0.17856045067310333,-0.0740504115819931,0.11410756409168243,-0.3895481526851654,0.43968474864959717,-0.4799581468105316,-0.0342075452208519,0.9523751735687256,-1.1796486377716064,0.11917021870613098,-0.8842359185218811,1.256744384765625,-0.10372032225131989,-6.909236907958984,-0.6622039079666138,0.20875823497772217,0.23975220322608948,0.22984623908996582,-0.3199588358402252,-0.10372696071863174,-0.13102766871452332,0.06191622465848923,-0.13611552119255066,0.008553602732717991,0.09457655251026154,0.2294447422027588,0.14295166730880737,0.006911841221153736,0.10412494838237762,-0.029786283150315285,0.09330596029758453
9.783333843573928,584,-200.0,-200.0,-200.0,8.309246063232422,-50.0,-14.87960147857666,100.0,-100.0,-100.0,-100.0,-100.0,100.0,-300.0,300.0,-300.0,228.0914306640625,300.0,-300.0,0.0,0.0,0.0,0.0,150.0,150.0,150.0,-150.0,-91.61487579345703,-11.3851318359375,-0.1223112940788269,-0.23937760293483734,0.22399428486824036,-0.003553902031853795,-0.019084256142377853,-0.11405113339424133,-0.022625669836997986,0.026404788717627525,-1.1089937686920166,0.03981759026646614,0.5469013452529907,0.16779424250125885,-0.07166381180286407,0.11779248714447021,-0.3226061463356018,0.39996302127838135,-0.41494184732437134,-0.0166165828704834,0.7765564918518066,-1.150254487991333,0.08984854072332382,-0.7541266083717346,1.1000721454620361,-0.096404530107975,-6.617555141448975,-0.5483025312423706,0.17368507385253906,0.2273271083831787,0.19455483555793762,-0.32730188965797424,-0.07487115263938904,-0.15663057565689087,0.05358048528432846,-0.1500788927078247,-0.0182274729013443,0.08593052625656128,0.2295578271150589,0.14600732922554016,0.0005348109407350421,0.06720257550477982,-0.03244514763355255,0.09993218630552292
9.800000511109829,585,-200.0,-200.0,-200.0,-24.360759735107422,-40.394622802734375,-1.8252787590026855,100.0,-100.0,37.9720458984375,-100.0,-100.0,-100.0,-300.0,300.0,-300.0,300.0,-300.0,-300.0,0.0,0.0,0.0,0.0,150.0,150.0,-45.09532165527344,-48.26324462890625,-60.53265380859375,-117.02621459960938,-0.12620800733566284,-0.22966796159744263,0.2102552354335785,-0.004006634000688791,-0.013968081213533878,-0.1340482234954834,-0.017191482707858086,0.01613711565732956,-1.0800169706344604,0.02647007256746292,0.4234348237514496,0.1532784253358841,-0.07014474272727966,0.12232565879821777,-0.33248817920684814,0.6673264503479004,-0.7160152792930603,-0.02975824475288391,0.8883787393569946,-1.2910773754119873,0.21873527765274048,-0.9330134391784668,1.7667196989059448,-0.35859400033950806,-7.43840217590332,-0.786922812461853,0.13137002289295197,0.27418461441993713,0.19455483555793762,-0.32730188965797424,-0.07487115263938904,-0.15663057565689087,0.05358048528432846,-0.1500788927078247,-0.0182274729013443,0.08593052625656128,0.2295578271150589,0.14600732922554016,0.0005348109407350421,0.06720257550477982,-0.03244514763355255,0.09993218630552292
9.81666717864573,586,-200.0,-200.0,-179.63580322265625,50.0,-50.0,8.588943481445312,100.0,-100.0,-100.0,-100.0,-100.0,100.0,-300.0,300.0,-300.0,300.0,300.0,-300.0,0.0,0.0,0.0,0.0,150.0,150.0,90.48934936523438,-150.0,-150.0,136.91470336914062,-0.12894441187381744,-0.2213234305381775,0.19838982820510864,-0.003800460835918784,-0.0117629524320364,-0.15452834963798523,-0.013230751268565655,0.007515803910791874,-1.0534635782241821,0.015192867256700993,0.3039419949054718,0.1405145525932312,-0.06889840215444565,0.1264016330242157,-0.25054407119750977,0.6478819847106934,-0.632742166519165,-0.01844971626996994,0.6918474435806274,-1.275789737701416,0.17437736690044403,-0.7867712378501892,1.5225541591644287,-0.31331613659858704,-6.876760005950928,-0.6579167246818542,0.1164465993642807,0.2608049213886261,0.16577434539794922,-0.31616243720054626,-0.0390864834189415,-0.18154612183570862,0.03952314704656601,-0.16301614046096802,-0.04518149793148041,0.08180169016122818,0.22929517924785614,0.16507120430469513,0.008668615482747555,0.04668371006846428,-0.04380807280540466,0.11776445060968399
9.833333846181631,587,-87.8238525390625,-200.0,-200.0,42.923500061035156,-50.0,-9.499313354492188,100.0,-100.0,100.0,-69.26806640625,-100.0,-100.0,-300.0,300.0,-300.0,300.0,-300.0,-300.0,0.0,0.0,0.0,0.0,150.0,150.0,-126.45323181152344,-62.50262451171875,-128.37979125976562,-150.0,-0.13095615804195404,-0.20995838940143585,0.18174178898334503,-0.003974389284849167,-0.007147046271711588,-0.17383906245231628,-0.004401706159114838,0.001102358102798462,-1.0161094665527344,-0.0010102660162374377,0.17033909261226654,0.12732060253620148,-0.07031971216201782,0.13389183580875397,-0.21910017728805542,0.7287676930427551,-0.9296804070472717,-0.05532091110944748,0.8521410226821899,-1.3186285495758057,0.27540501952171326,-0.8923437595367432,2.2908899784088135,-0.6071147918701172,-8.3279390335083,-0.729791522026062,-0.025824986398220062,0.4667604863643646,0.16577434539794922,-0.31616243720054626,-0.0390864834189415,-0.18154612183570862,0.03952314704656601,-0.16301614046096802,-0.04518149793148041,0.08180169016122818,0.22929517924785614,0.16507120430469513,0.008668615482747555,0.04668371006846428,-0.04380807280540466,0.11776445060968399
9.850000513717532,588,200.0,-73.4287109375,-200.0,50.0,4.1876678466796875,27.211395263671875,100.0,-100.0,-100.0,100.0,-100.0,100.0,-300.0,-300.0,-300.0,300.0,300.0,-300.0,0.0,0.0,0.0,0.0,150.0,150.0,74.06524658203125,34.57806396484375,-150.0,150.0,-0.13220475614070892,-0.20192934572696686,0.16701461374759674,-0.004620792809873819,-0.0018495164113119245,-0.19557300209999084,-0.00011848346184706315,-0.005212981253862381,-0.9806830883026123,-0.014980562962591648,0.03353442624211311,0.11560159176588058,-0.0718090757727623,0.14057184755802155,-0.19562029838562012,0.5778231620788574,-0.779323160648346,-0.04439936578273773,0.8184805512428284,-1.2966259717941284,0.16391414403915405,-0.7509433031082153,2.0704283714294434,-0.5141386985778809,-7.998943328857422,-0.5959022045135498,-0.046216730028390884,0.4051551818847656,0.13883332908153534,-0.274058997631073,-0.0018740622326731682,-0.23141705989837646,0.039781950414180756,-0.1724189817905426,-0.04884956032037735,0.07362424582242966,0.1696840524673462,0.18236210942268372,0.016283707693219185,0.056368425488471985,-0.057268597185611725,0.14676596224308014
9.866667181253433,589,200.0,-200.0,-200.0,44.98199462890625,-28.0208740234375,-22.646764755249023,100.0,38.444091796875,100.0,-100.0,-100.0,-100.0,-300.0,-152.74452209472656,-300.0,40.3377685546875,300.0,-230.6318359375,0.0,0.0,0.0,0.0,150.0,150.0,-150.0,-76.39480590820312,-150.0,-150.0,-0.13249142467975616,-0.19944903254508972,0.15171480178833008,0.0026685125194489956,0.0016676484374329448,-0.21250559389591217,0.019999684765934944,0.004423791542649269,-0.9736592173576355,-0.03677204251289368,-0.0007012764690443873,0.10749060660600662,-0.07401729375123978,0.153429314494133,-0.16457045078277588,0.20402798056602478,-0.5800091624259949,0.9651921987533569,1.259250521659851,-1.8164052963256836,1.5322438478469849,0.27186188101768494,0.4285498261451721,-1.1534820795059204,0.09467814117670059,-0.41795021295547485,0.005922380834817886,0.74159836769104,0.13883332908153534,-0.274058997631073,-0.0018740622326731682,-0.23141705989837646,0.039781950414180756,-0.1724189817905426,-0.04884956032037735,0.07362424582242966,0.1696840524673462,0.18236210942268372,0.016283707693219185,0.056368425488471985,-0.057268597185611725,0.14676596224308014
9.883333848789334,590,200.0,-200.0,200.0,-50.0,50.0,-50.0,100.0,100.0,100.0,-100.0,-100.0,56.0068359375,283.4350891113281,300.0,-300.0,300.0,300.0,300.0,0.0,0.0,0.0,0.0,-150.0,150.0,-150.0,-150.0,150.0,-150.0,-0.13760530948638916,-0.1958635449409485,0.1430588960647583,0.022895118221640587,0.02598905749619007,-0.24167034029960632,0.04592014476656914,0.013002628460526466,-0.9557059407234192,-0.05338064581155777,-1.2278185749892145e-05,0.10019540041685104,-0.07659213989973068,0.16225887835025787,-0.42993924021720886,0.3547876179218292,-0.47460582852363586,1.2572048902511597,2.230297803878784,-1.7585761547088623,1.1414223909378052,-0.19586381316184998,1.367787480354309,-1.0443167686462402,0.027043040841817856,-0.41682255268096924,-0.1492868810892105,0.4907510280609131,0.0751369521021843,-0.27547964453697205,0.06322958320379257,-0.19357293844223022,0.05970126390457153,-0.1716647744178772,-0.03933288902044296,0.04924660921096802,0.16538655757904053,0.20827367901802063,-0.028128378093242645,-0.0027116863057017326,0.00868252757936716,0.13710540533065796
9.900000516325235,591,-200.0,-200.0,-200.0,-22.36252212524414,-50.0,-30.1109619140625,100.0,-100.0,100.0,-100.0,-100.0,-100.0,-256.314697265625,-300.0,-300.0,300.0,300.0,99.89898681640625,0.0,0.0,0.0,0.0,150.0,150.0,-150.0,-82.92791748046875,-150.0,-9.85015869140625,-0.13917391002178192,-0.1724594235420227,0.1265195608139038,0.03581896051764488,0.03716707229614258,-0.2638382613658905,0.07657980173826218,0.015682756900787354,-0.9083371162414551,-0.06279301643371582,-6.168373511172831e-05,0.08425609022378922,-0.05987715721130371,0.16695456206798553,-0.10023953020572662,1.3804789781570435,-0.8524667620658875,0.6629834771156311,0.481520414352417,-0.7448972463607788,1.6627310514450073,-0.16325058043003082,3.021120071411133,-0.4580878019332886,0.012435507960617542,-0.7985893487930298,1.0083694458007812,0.2534027397632599,0.0751369521021843,-0.27547964453697205,0.06322958320379257,-0.19357293844223022,0.05970126390457153,-0.1716647744178772,-0.03933288902044296,0.04924660921096802,0.16538655757904053,0.20827367901802063,-0.028128378093242645,-0.0027116863057017326,0.00868252757936716,0.13710540533065796
9.916667183861136,592,200.0,200.0,-200.0,50.0,-50.0,50.0,100.0,100.0,-100.0,-100.0,-100.0,100.0,245.1118927001953,-260.044921875,-300.0,-300.0,300.0,-112.6383056640625,0.0,0.0,0.0,0.0,150.0,150.0,-150.0,150.0,150.0,-134.4898681640625,-0.14129595458507538,-0.1510327309370041,0.11140567809343338,0.04437989741563797,0.04323599487543106,-0.28511208295822144,0.10101035982370377,0.01818756014108658,-0.856408417224884,-0.06949806213378906,5.4096402891445905e-05,0.07075381278991699,-0.04622486233711243,0.17059603333473206,-0.12360118329524994,1.3361619710922241,-0.7232855558395386,0.24070091545581818,0.37591537833213806,-0.7103828191757202,1.4132955074310303,-0.14544574916362762,3.1035501956939697,-0.37985676527023315,0.008836246095597744,-0.7134557962417603,0.8117364048957825,0.15724600851535797,0.10359231382608414,-0.33286014199256897,0.1691356897354126,-0.20035606622695923,0.15928108990192413,-0.2421921193599701,-0.04599247872829437,0.07161912322044373,0.11302841454744339,0.1877196580171585,-0.026287877932190895,0.012151009403169155,0.029667964205145836,0.12503671646118164
9.933333851397038,593,-134.303466796875,-200.0,-200.0,2.47705078125,-35.639862060546875,-0.1420135498046875,100.0,-100.0,100.0,-40.8515625,-100.0,-100.0,-300.0,-300.0,-300.0,-300.0,300.0,-300.0,0.0,0.0,0.0,0.0,150.0,150.0,-150.0,-45.8984375,-150.0,58.02162551879883,-0.1381126195192337,-0.1274857372045517,0.10607462376356125,0.07609725743532181,0.045041024684906006,-0.31604424118995667,0.123305544257164,0.02064310386776924,-0.7795801758766174,-0.0702071264386177,0.0003572751593310386,0.06146956980228424,-0.027268322184681892,0.1718023717403412,0.1925940066576004,1.3026676177978516,-0.25687214732170105,2.440488815307617,0.2778235077857971,-1.7251430749893188,1.1819325685501099,-0.3493279814720154,4.929157733917236,-0.13693968951702118,-0.015045897103846073,-0.4473966658115387,1.0533337593078613,-0.022815335541963577,0.10359231382608414,-0.33286014199256897,0.1691356897354126,-0.20035606622695923,0.15928108990192413,-0.2421921193599701,-0.04599247872829437,0.07161912322044373,0.11302841454744339,0.1877196580171585,-0.026287877932190895,0.012151009403169155,0.029667964205145836,0.12503671646118164
9.950000518932939,594,-200.0,200.0,200.0,-50.0,-50.0,-50.0,100.0,100.0,-100.0,-100.0,-100.0,100.0,25.061447143554688,-300.0,-300.0,300.0,300.0,-280.47021484375,0.0,0.0,0.0,0.0,150.0,150.0,-150.0,150.0,150.0,150.0,-0.13640184700489044,-0.10847580432891846,0.09747392684221268,0.11948083341121674,0.04856947064399719,-0.34906694293022156,0.13193164765834808,0.014633492566645145,-0.7042546272277832,-0.07924845814704895,-0.03596777096390724,0.016580596566200256,-0.03322114795446396,0.1727161705493927,0.08534032106399536,1.053840160369873,-1.0269310474395752,2.281665802001953,-0.28133657574653625,-1.3741518259048462,-0.9388676881790161,-1.2033120393753052,3.1905527114868164,-1.0055062770843506,-6.349071979522705,-4.078967571258545,-2.3087823390960693,-0.4875495433807373,0.1032109409570694,-0.31926411390304565,0.20409566164016724,-0.2498592585325241,0.153941810131073,-0.2415752112865448,-0.011298738420009613,0.10681022703647614,0.10240995138883591,0.1361057162284851,-0.02822745032608509,-0.026840336620807648,0.0898289605975151,0.15208600461483002
9.96666718646884,595,200.0,-200.0,-200.0,-14.145217895507812,-50.0,-44.13251495361328,100.0,-100.0,100.0,-100.0,-100.0,-100.0,170.32872009277344,-251.41748046875,-300.0,-300.0,300.0,-300.0,0.0,0.0,0.0,0.0,150.0,150.0,-150.0,-150.0,-150.0,-150.0,-0.13494542241096497,-0.1329210251569748,0.08825524896383286,0.23584356904029846,0.03469528257846832,-0.37442782521247864,0.13803736865520477,0.013318102806806564,-0.7029933333396912,-0.10087119042873383,-7.294194074347615e-05,-0.012806545943021774,0.09770210832357407,0.1935271918773651,-0.013736989349126816,-1.5972816944122314,-0.13570164144039154,8.883007049560547,-0.754535436630249,-0.7346774935722351,1.4325276613235474,-0.1053539365530014,2.287465810775757,-0.5925050973892212,0.5968623161315918,0.6187006831169128,5.514975547790527,1.179129958152771,0.1032109409570694,-0.31926411390304565,0.20409566164016724,-0.2498592585325241,0.153941810131073,-0.2415752112865448,-0.011298738420009613,0.10681022703647614,0.10240995138883591,0.1361057162284851,-0.02822745032608509,-0.026840336620807648,0.0898289605975151,0.15208600461483002
9.98333385400474,596,-200.0,-200.0,-200.0,-50.0,-50.0,50.0,100.0,100.0,100.0,100.0,100.0,-100.0,300.0,300.0,-300.0,300.0,-300.0,300.0,0.0,0.0,0.0,0.0,150.0,150.0,-150.0,-150.0,-150.0,-150.0,-0.1344331055879593,-0.16165991127490997,0.07357113808393478,0.40153998136520386,0.02520572766661644,-0.3266194462776184,0.12351900339126587,0.006451073568314314,-0.6566829681396484,-0.12017720192670822,-0.0003949643869418651,-0.013640796765685081,0.21355022490024567,0.20070749521255493,-0.054848480969667435,-1.6258622407913208,-1.013550043106079,10.499302864074707,-0.5899233818054199,3.0362040996551514,-0.8721591830253601,-0.956973671913147,3.3823904991149902,-0.7227680683135986,-0.14608900249004364,0.17081373929977417,4.429860591888428,0.6080867052078247,0.08441697061061859,-0.3219834268093109,0.06272725015878677,-0.2242201864719391,0.1788889318704605,-0.30010050535202026,-0.18572436273097992,0.017969753593206406,-0.0194228608161211,0.20872347056865692,-0.02411975897848606,-0.04152084141969681,0.10797316581010818,0.0512847825884819
10.000000521540642,597,-200.0,-200.0,200.0,-50.0,-50.0,36.59526824951172,100.0,-100.0,100.0,-100.0,-100.0,-100.0,214.851806640625,55.29296875,-30.36669921875,300.0,-300.0,300.0,0.0,0.0,0.0,0.0,-150.0,11.38037109375,37.040283203125,150.0,-150.0,150.0,-0.11961831152439117,-0.13610021770000458,0.04904491826891899,0.485447496175766,0.01970295049250126,-0.22727367281913757,0.09468323737382889,-0.014027155935764313,-0.6125630736351013,-0.14264270663261414,0.024217791855335236,-0.024098359048366547,0.28127968311309814,0.1698412150144577,0.771611213684082,1.6189203262329102,-1.2547580003738403,3.8401241302490234,-0.04311385750770569,6.270008087158203,-1.3159315586090088,-1.5312780141830444,1.7933913469314575,-0.6907727718353271,2.2889506816864014,-0.35351645946502686,3.3255972862243652,-1.7612985372543335,0.08441697061061859,-0.3219834268093109,0.06272725015878677,-0.2242201864719391,0.1788889318704605,-0.30010050535202026,-0.18572436273097992,0.017969753593206406,-0.0194228608161211,0.20872347056865692,-0.02411975897848606,-0.04152084141969681,0.10797316581010818,0.0512847825884819
10.016667189076543,598,200.0,200.0,-200.0,-50.0,50.0,50.0,-100.0,-100.0,-100.0,100.0,-100.0,100.0,300.0,-300.0,300.0,300.0,233.93359375,-149.31982421875,0.0,0.0,0.0,0.0,150.0,150.0,150.0,150.0,150.0,150.0,-0.053255245089530945,-0.521977424621582,0.06642556935548782,1.2306270599365234,0.00590937677770853,-0.18923062086105347,0.02014029584825039,-0.13461560010910034,-0.28434962034225464,0.060801632702350616,0.5074148774147034,-0.004623448010534048,-0.2951645255088806,-0.021201979368925095,-0.7293518781661987,-2.4618141651153564,-0.48398759961128235,-2.3331186771392822,0.0013008550740778446,-3.1507580280303955,-0.27992621064186096,-1.0628948211669922,2.98564076423645,-0.14956337213516235,-1.3141655921936035,-0.2005312144756317,-1.3407890796661377,-0.45971164107322693,0.2492627501487732,-0.2854374647140503,0.2079710215330124,-0.10916832834482193,0.15029601752758026,-0.11392128467559814,-0.010282754898071289,0.08513528108596802,0.10483375936746597,-0.14137914776802063,0.04624804109334946,0.07117190957069397,0.23022517561912537,0.12455039471387863
10.033333856612444,599,-200.0,-200.0,-200.0,-50.0,50.0,-49.90785217285156,-100.0,-100.0,74.291015625,-100.0,-31.6240234375,-100.0,260.5419921875,1.193359375,300.0,300.0,300.0,13.575958251953125,0.0,0.0,0.0,0.0,23.126708984375,16.1654052734375,126.81375122070312,-150.0,150.0,130.7568359375,-0.023212017491459846,-0.6004913449287415,0.08739226311445236,1.2044243812561035,0.02117251232266426,-0.20187583565711975,0.025522470474243164,-0.1164194867014885,-0.25902438163757324,0.061488065868616104,0.4903668165206909,0.006329110357910395,-0.18630880117416382,0.00841266568750143,1.7015043497085571,-4.479160308837891,0.6238739490509033,-1.2326672077178955,0.8659095764160156,-0.7096332907676697,0.27985385060310364,1.1564027070999146,2.340277910232544,-0.25119662284851074,-1.7323284149169922,0.8424445986747742,6.146515846252441,1.5408179759979248,0.2492627501487732,-0.2854374647140503,0.2079710215330124,-0.10916832834482193,0.15029601752758026,-0.11392128467559814,-0.010282754898071289,0.08513528108596802,0.10483375936746597,-0.14137914776802063,0.04624804109334946,0.07117190957069397,0.23022517561912537,0.12455039471387863
10.050000524148345,600,200.0,-200.0,200.0,44.025238037109375,-50.0,-50.0,100.0,100.0,100.0,100.0,-100.0,100.0,300.0,300.0,-300.0,226.658447265625,-300.0,300.0,0.0,0.0,0.0,0.0,-150.0,150.0,-150.0,-150.0,-150.0,-150.0,0.0021513288374990225,-0.667436957359314,0.1032937690615654,1.1729729175567627,0.03470058739185333,-0.21264216303825378,0.030548466369509697,-0.09581147879362106,-0.21574729681015015,0.05770353972911835,0.4568357467651367,0.016719277948141098,-0.093445785343647,0.032417334616184235,1.4550127983093262,-3.8803770542144775,0.36934953927993774,-1.984538197517395,0.777646541595459,-0.6303296685218811,0.16964344680309296,1.2647703886032104,2.7247233390808105,-0.23092786967754364,-2.0367283821105957,0.7215054035186768,5.231701850891113,1.2474550008773804,0.1970478743314743,-0.2664995789527893,0.09303415566682816,-0.05198502913117409,0.1526617854833603,-0.09925756603479385,-0.11011873185634613,0.059531137347221375,-0.009517615661025047,-0.044594574719667435,0.024165736511349678,0.014456911943852901,0.1969098448753357,0.03626871854066849
10.066667191684246,601,200.0,-200.0,200.0,50.0,-50.0,50.0,68.1807861328125,-100.0,100.0,50.30859375,69.5654296875,-100.0,250.755615234375,300.0,300.0,-300.0,-300.0,300.0,0.0,0.0,0.0,0.0,-22.770111083984375,50.089111328125,59.26460266113281,-143.21112060546875,150.0,150.0,0.033402588218450546,-0.674170970916748,0.10198789834976196,1.0739697217941284,0.027131900191307068,-0.1938621997833252,0.0312698669731617,-0.062017910182476044,-0.18643584847450256,0.0653601735830307,0.4796440005302429,0.019329724833369255,-0.02581120654940605,0.032667823135852814,1.4272083044052124,-0.31245285272598267,-0.6158268451690674,-7.0452399253845215,-0.3511165678501129,1.0387566089630127,-0.02699947915971279,1.7073986530303955,0.2509492039680481,0.36196932196617126,3.1788175106048584,0.08307045698165894,3.8853633403778076,-0.007683016359806061,0.1970478743314743,-0.2664995789527893,0.09303415566682816,-0.05198502913117409,0.1526617854833603,-0.09925756603479385,-0.11011873185634613,0.059531137347221375,-0.009517615661025047,-0.044594574719667435,0.024165736511349678,0.014456911943852901,0.1969098448753357,0.03626871854066849
10.083333859220147,602,200.0,200.0,-200.0,48.99006652832031,-50.0,50.0,-100.0,-100.0,-100.0,-100.0,-100.0,-100.0,300.0,300.0,300.0,300.0,-300.0,211.877685546875,0.0,0.0,0.0,0.0,-55.56793212890625,150.0,-150.0,63.223297119140625,-150.0,-150.0,0.05563560500741005,-0.6751444935798645,0.10126851499080658,0.9361301064491272,0.02426191419363022,-0.17762084305286407,0.032343607395887375,-0.03853945806622505,-0.20160935819149017,0.07563070952892303,0.5567746162414551,0.018910707905888557,0.03340836241841316,0.034440990537405014,1.1918872594833374,-0.1385880708694458,-0.4132101535797119,-8.50052261352539,-0.2535091042518616,0.9444528818130493,0.0924713984131813,1.2025574445724487,-1.3558677434921265,0.46943286061286926,5.181494235992432,0.18570692837238312,3.357245922088623,0.10405779629945755,0.2533392906188965,-0.16001948714256287,-0.0013496531173586845,-0.0502186194062233,0.23065540194511414,-0.10805227607488632,-0.027272555977106094,0.09917357563972473,-0.005670575425028801,-0.03584793582558632,0.004675871692597866,0.041060708463191986,0.11574877053499222,0.01409453060477972
10.100000526756048,603,200.0,200.0,200.0,-50.0,-50.0,50.0,-100.0,-100.0,100.0,-100.0,-100.0,-100.0,-300.0,300.0,300.0,-106.44091796875,-300.0,300.0,0.0,0.0,0.0,0.0,-4.3354339599609375,42.02850341796875,-13.388702392578125,-150.0,79.6258544921875,21.617767333984375,0.08839167654514313,-0.6202680468559265,0.11847931891679764,0.7295621037483215,0.016092738136649132,-0.1614849716424942,0.026962829753756523,0.004189816769212484,-0.23648561537265778,0.08524521440267563,0.7003982067108154,0.02477472648024559,0.05937829241156578,0.031477030366659164,1.6872029304504395,3.059903621673584,0.1458868682384491,-13.175487518310547,-0.21652613580226898,0.889941930770874,-0.1926569640636444,1.852367639541626,-3.452277421951294,0.07662048935890198,9.974437713623047,0.3363087475299835,1.558947205543518,-0.13683858513832092,0.2533392906188965,-0.16001948714256287,-0.0013496531173586845,-0.0502186194062233,0.23065540194511414,-0.10805227607488632,-0.027272555977106094,0.09917357563972473,-0.005670575425028801,-0.03584793582558632,0.004675871692597866,0.041060708463191986,0.11574877053499222,0.01409453060477972
10.11666719429195,604,200.0,155.729248046875,200.0,50.0,-50.0,-50.0,100.0,-100.0,100.0,100.0,-100.0,-100.0,-300.0,300.0,300.0,300.0,-300.0,300.0,0.0,0.0,0.0,0.0,-23.205215454101562,-150.0,-150.0,150.0,-150.0,-150.0,0.10858636349439621,-0.5702140927314758,0.13036668300628662,0.48875513672828674,0.02058868668973446,-0.14797082543373108,0.024076426401734352,0.03446265682578087,-0.303678035736084,0.09267061948776245,0.8706021308898926,0.023682067170739174,0.0833561047911644,0.02718600258231163,1.6278384923934937,2.7325820922851562,0.14196842908859253,-14.335579872131348,-0.16854217648506165,0.8050296902656555,-0.12466301769018173,1.355426549911499,-4.201441764831543,0.27721187472343445,10.297492980957031,0.2503806948661804,1.3461464643478394,-0.06518964469432831,0.29478710889816284,-0.06737981736660004,-0.10853489488363266,-0.030179176479578018,0.2477249950170517,-0.06255265325307846,-0.022654034197330475,0.14150774478912354,0.0016323868185281754,-0.04314037412405014,-0.05749686434864998,0.10215974599123001,0.08092449605464935,-0.022098397836089134
10.13333386182785,605,200.0,200.0,200.0,50.0,-43.321075439453125,50.0,-23.46533203125,-100.0,100.0,100.0,100.0,-100.0,-300.0,300.0,300.0,300.0,-300.0,300.0,0.0,0.0,0.0,0.0,87.73100280761719,15.40631103515625,-21.09881591796875,-123.31878662109375,-91.26177978515625,-150.0,0.11867033690214157,-0.4736245572566986,0.15266743302345276,0.15768560767173767,0.013839139603078365,-0.1382770836353302,0.007692679297178984,0.06282992660999298,-0.3846801817417145,0.09399895370006561,1.0669406652450562,0.037985675036907196,0.0947289988398552,0.020395413041114807,0.8702307343482971,5.568246841430664,0.7618567943572998,-20.933467864990234,-0.1978568136692047,0.5410905480384827,-0.8613222241401672,1.203335165977478,-6.113063335418701,0.06561445444822311,12.640758514404297,0.7975735664367676,0.6859896183013916,-0.3483404219150543,0.29478710889816284,-0.06737981736660004,-0.10853489488363266,-0.030179176479578018,0.2477249950170517,-0.06255265325307846,-0.022654034197330475,0.14150774478912354,0.0016323868185281754,-0.04314037412405014,-0.05749686434864998,0.10215974599123001,0.08092449605464935,-0.022098397836089134
10.150000529363751,606,-200.0,-200.0,-200.0,-5.1771087646484375,50.0,-39.204933166503906,100.0,100.0,100.0,100.0,100.0,100.0,-300.0,-240.36181640625,-300.0,-300.0,-300.0,93.75244140625,0.0,0.0,0.0,0.0,150.0,150.0,150.0,-150.0,150.0,-150.0,0.12109774351119995,-0.4379717707633972,0.17520077526569366,-0.0005472470074892044,0.02279829792678356,-0.12963008880615234,-0.008214515633881092,0.084151990711689,-0.47018560767173767,0.11142516136169434,1.2763618230819702,0.045552343130111694,0.10338390618562698,0.011644999496638775,1.1289288997650146,2.575080633163452,1.0139548778533936,0.04803721606731415,-0.3421397805213928,0.5245407819747925,-0.6262264251708984,1.3011091947555542,-1.430232048034668,0.1525733470916748,12.212113380432129,0.6821125149726868,0.26454007625579834,-0.27153781056404114,0.24612022936344147,-0.2279815524816513,-0.15200135111808777,-0.05188548192381859,0.2219993621110916,-0.19392263889312744,-0.019746486097574234,0.0868128091096878,0.13550402224063873,-0.02027236483991146,-0.0037961946800351143,0.013754949904978275,0.15611444413661957,-0.06725774705410004
10.166667196899652,607,-200.0,200.0,-200.0,50.0,50.0,-50.0,100.0,100.0,100.0,100.0,-100.0,47.6195068359375,-300.0,300.0,-300.0,-300.0,300.0,-300.0,0.0,0.0,0.0,0.0,150.0,-150.0,-100.97315979003906,19.0054931640625,-150.0,150.0,0.1446322798728943,-0.4408995509147644,0.1840454787015915,0.011439807713031769,0.016597390174865723,0.09205178171396255,-0.022417867556214333,0.11183413863182068,-0.5561994910240173,0.12440403550863266,1.4747167825698853,0.04196023568511009,0.13402670621871948,-0.006137366872280836,5.765949249267578,-2.7186899185180664,0.7780148983001709,0.37345457077026367,-2.272810935974121,35.60749053955078,0.2592895030975342,5.217144966125488,-7.379705429077148,1.683790683746338,11.746578216552734,-0.2921462655067444,2.065213680267334,-1.296907663345337,0.24612022936344147,-0.2279815524816513,-0.15200135111808777,-0.05188548192381859,0.2219993621110916,-0.19392263889312744,-0.019746486097574234,0.0868128091096878,0.13550402224063873,-0.02027236483991146,-0.0037961946800351143,0.013754949904978275,0.15611444413661957,-0.06725774705410004
10.183333864435554,608,200.0,-200.0,-200.0,-50.0,-50.0,-50.0,100.0,-100.0,100.0,-100.0,100.0,100.0,-300.0,300.0,-300.0,300.0,-300.0,-300.0,0.0,0.0,0.0,0.0,150.0,-150.0,150.0,-150.0,-150.0,150.0,0.1492496281862259,-0.45098111033439636,0.20061445236206055,0.004053574055433273,-0.027410278096795082,0.3148737847805023,-0.012987376190721989,0.1022118404507637,-0.6313750147819519,0.12189118564128876,1.6134467124938965,0.033297933638095856,0.16181398928165436,-0.022698312997817993,0.21667875349521637,-0.12021791934967041,0.1688905954360962,0.17738360166549683,1.158853530883789,10.060388565063477,-2.167072057723999,-0.6699238419532776,-3.7448601722717285,-0.1097579151391983,7.563730239868164,-0.008769741281867027,1.4826112985610962,-0.7188417911529541,0.22502659261226654,-0.05840471014380455,-0.10096177458763123,-0.10256007313728333,0.2828030288219452,-0.19389528036117554,0.0755867213010788,0.19363626837730408,0.17765086889266968,-0.01436607539653778,-0.0855514407157898,-0.01731296256184578,0.09365653991699219,-0.011539049446582794
10.200000531971455,609,-200.0,-200.0,200.0,-50.0,-50.0,-11.315872192382812,-100.0,-100.0,100.0,5.0784912109375,-100.0,-100.0,-300.0,300.0,-300.0,300.0,-300.0,300.0,0.0,0.0,0.0,0.0,150.0,-150.0,150.0,-71.14834594726562,-150.0,-90.09337615966797,0.17193999886512756,-0.4458765387535095,0.21239160001277924,0.005465641152113676,-0.02534196525812149,0.38162943720817566,-0.03269907459616661,0.12634724378585815,-0.6880860924720764,0.1007637307047844,1.6827312707901,0.026947451755404472,0.17104631662368774,-0.02199004590511322,0.7378051280975342,1.3362507820129395,0.1614520400762558,-1.9398698806762695,1.33697509765625,-3.830052614212036,-1.2037009000778198,0.05005931854248047,-3.3781445026397705,-1.5082309246063232,2.2268524169921875,-0.38868677616119385,0.5241644978523254,0.13740622997283936,0.22502659261226654,-0.05840471014380455,-0.10096177458763123,-0.10256007313728333,0.2828030288219452,-0.19389528036117554,0.0755867213010788,0.19363626837730408,0.17765086889266968,-0.01436607539653778,-0.0855514407157898,-0.01731296256184578,0.09365653991699219,-0.011539049446582794
10.216667199507356,610,-200.0,-200.0,200.0,50.0,50.0,50.0,-100.0,100.0,-100.0,-100.0,100.0,-100.0,-300.0,-300.0,300.0,300.0,-300.0,300.0,0.0,0.0,0.0,0.0,-150.0,150.0,150.0,150.0,-150.0,-1.2573089599609375,0.1528516262769699,-0.4302155375480652,0.21288172900676727,-0.007251286413520575,-0.007645546458661556,0.32018598914146423,-0.05064661428332329,0.1119171679019928,-0.7295907139778137,0.07721565663814545,1.6898531913757324,0.02029125578701496,0.17602567374706268,-0.018388180062174797,-1.739469051361084,1.5519068241119385,-0.06885166466236115,-0.2766190767288208,1.0005114078521729,-3.5709943771362305,-1.2081774473190308,-2.08589243888855,-1.6291759014129639,-0.9171877503395081,-0.11617904901504517,-0.3852475881576538,0.17720162868499756,0.19194960594177246,0.32072699069976807,-0.166441410779953,-0.0985766127705574,-0.07136659324169159,0.2126331329345703,-0.19533786177635193,0.003860756754875183,0.17906558513641357,0.0674285963177681,0.07512462139129639,-0.09061416983604431,0.09572351723909378,0.06651946157217026,0.0004992326721549034
10.233333867043257,611,-200.0,-200.0,-200.0,-50.0,-50.0,-11.720230102539062,-100.0,100.0,-100.0,100.0,100.0,-100.0,-300.0,300.0,-300.0,300.0,-300.0,25.106048583984375,0.0,0.0,0.0,0.0,150.0,-150.0,150.0,22.47039794921875,46.930084228515625,-96.47503662109375,0.11700000613927841,-0.42597582936286926,0.2291436642408371,-0.000905275926925242,-0.014897963032126427,0.30007636547088623,-0.06653328239917755,0.10394414514303207,-0.7669187784194946,0.07699866592884064,1.6892237663269043,0.031940869987010956,0.1683824062347412,-0.015330119989812374,-1.7650938034057617,0.9292411804199219,1.0480071306228638,0.16782765090465546,0.316043496131897,-1.1174730062484741,-1.040107250213623,0.01266789436340332,-2.030099630355835,0.21376603841781616,0.024648696184158325,0.6633965373039246,-0.447696328163147,0.24446214735507965,0.32072699069976807,-0.166441410779953,-0.0985766127705574,-0.07136659324169159,0.2126331329345703,-0.19533786177635193,0.003860756754875183,0.17906558513641357,0.0674285963177681,0.07512462139129639,-0.09061416983604431,0.09572351723909378,0.06651946157217026,0.0004992326721549034
10.250000534579158,612,200.0,200.0,-200.0,50.0,50.0,-50.0,100.0,-100.0,100.0,100.0,100.0,100.0,-300.0,300.0,-300.0,-300.0,-300.0,-288.4738464355469,0.0,0.0,0.0,0.0,150.0,10.0645751953125,150.0,150.0,-150.0,-150.0,0.09181056171655655,-0.41809365153312683,0.2395194172859192,0.00017956399824470282,-0.023534173145890236,0.2889428734779358,-0.08819950371980667,0.11625465005636215,-0.8021852374076843,0.08338357508182526,1.6858649253845215,0.04185442626476288,0.16172480583190918,-0.01338204089552164,-1.2910876274108887,0.841792106628418,0.7554582357406616,0.12280481308698654,0.08508959412574768,-1.088261365890503,-1.1771767139434814,0.7847477793693542,-1.9429490566253662,0.20175617933273315,-0.349738746881485,0.5568894743919373,-0.3887735903263092,0.1569608747959137,0.28747111558914185,-0.17303931713104248,-0.14001022279262543,-0.07924290001392365,0.19970224797725677,-0.13552460074424744,-0.022386673837900162,0.18137533962726593,0.014988722279667854,0.09427501261234283,-0.0670621246099472,0.16547515988349915,0.043561819940805435,-0.016330864280462265
10.266667202115059,613,200.0,-200.0,200.0,50.0,50.0,14.689647674560547,-100.0,100.0,100.0,100.0,52.093994140625,100.0,-300.0,300.0,-235.23788452148438,300.0,-300.0,-176.13906860351562,0.0,0.0,0.0,0.0,-150.0,150.0,150.0,1.82568359375,28.93975830078125,-129.34197998046875,0.06944943219423294,-0.4044172465801239,0.2425415813922882,-0.002671546069905162,-0.020387912169098854,0.2709003686904907,-0.09691212326288223,0.12254969030618668,-0.8415312170982361,0.08377058804035187,1.679317831993103,0.061775997281074524,0.1494235247373581,-0.014879983849823475,-1.326067328453064,1.089962363243103,0.2962300181388855,-0.10885944962501526,0.7221002578735352,-1.6446882486343384,-0.5240395069122314,-0.14115017652511597,-2.4341554641723633,0.13253232836723328,-0.382267028093338,1.1134986877441406,-0.6831629872322083,0.03365013375878334,0.28747111558914185,-0.17303931713104248,-0.14001022279262543,-0.07924290001392365,0.19970224797725677,-0.13552460074424744,-0.022386673837900162,0.18137533962726593,0.014988722279667854,0.09427501261234283,-0.0670621246099472,0.16547515988349915,0.043561819940805435,-0.016330864280462265
10.28333386965096,614,-200.0,-200.0,-155.02874755859375,50.0,-35.162109375,-20.343597412109375,-51.5869140625,29.4052734375,-100.0,100.0,100.0,100.0,-300.0,-80.914794921875,-300.0,300.0,-300.0,97.74482727050781,0.0,0.0,0.0,0.0,150.0,150.0,150.0,150.0,-150.0,150.0,0.04759947583079338,-0.3920414447784424,0.24488861858844757,-0.0017042708350345492,-0.020691702142357826,0.25689926743507385,-0.1041833683848381,0.12219880521297455,-0.8830476403236389,0.08286499977111816,1.6683982610702515,0.07846882194280624,0.1395493894815445,-0.016060026362538338,-1.2228474617004395,1.0617495775222778,0.2789612114429474,0.04044131934642792,0.23072832822799683,-1.1583127975463867,-0.3884139955043793,-0.2642374038696289,-2.379152774810791,0.14466847479343414,-0.7402364015579224,0.9357976317405701,-0.5680078268051147,0.002936032135039568,0.28439342975616455,-0.1692894846200943,-0.16641226410865784,-0.06944716721773148,0.14666570723056793,-0.10444482415914536,-0.05579972639679909,0.19156329333782196,0.09318342059850693,0.08051629364490509,-0.06443346291780472,0.20623677968978882,0.000233169412240386,0.03798103705048561
10.300000537186861,615,-200.0,-200.0,76.2698974609375,-8.854804992675781,-26.017669677734375,-8.515243530273438,-100.0,100.0,100.0,100.0,-61.69287109375,100.0,-300.0,300.0,-300.0,279.80419921875,-300.0,-85.889404296875,0.0,0.0,0.0,0.0,150.0,150.0,150.0,50.2169189453125,-6.5140380859375,-97.42962646484375,0.030580731108784676,-0.38847973942756653,0.24781033396720886,-0.0007999477093107998,-0.026220910251140594,0.2448706179857254,-0.10580776631832123,0.12830321490764618,-0.9330183267593384,0.08579199016094208,1.65256667137146,0.09919452667236328,0.11830901354551315,-0.006091300863772631,-0.9985599517822266,0.5094399452209473,0.2840941846370697,0.009069487452507019,0.13429802656173706,-1.1244126558303833,-0.09521746635437012,0.26518145203590393,-2.880397081375122,0.2222326397895813,-1.0597114562988281,1.1239386796951294,-1.172929048538208,0.6762516498565674,0.28439342975616455,-0.1692894846200943,-0.16641226410865784,-0.06944716721773148,0.14666570723056793,-0.10444482415914536,-0.05579972639679909,0.19156329333782196,0.09318342059850693,0.08051629364490509,-0.06443346291780472,0.20623677968978882,0.000233169412240386,0.03798103705048561
10.316667204722762,616,200.0,-200.0,200.0,8.374641418457031,-7.967254638671875,-50.0,100.0,-100.0,100.0,100.0,100.0,100.0,-300.0,300.0,-300.0,-165.04620361328125,-300.0,230.1134033203125,0.0,0.0,0.0,0.0,150.0,150.0,150.0,150.0,-150.0,150.0,0.016651112586259842,-0.3848622739315033,0.25081372261047363,-0.0005821498343721032,-0.028755009174346924,0.23317067325115204,-0.10629948228597641,0.13806727528572083,-0.9789645075798035,0.09004353731870651,1.6257412433624268,0.11695650219917297,0.10041783004999161,0.002243123948574066,-0.8638571500778198,0.49514830112457275,0.2271350473165512,-0.03647430241107941,0.23876601457595825,-1.2027370929718018,-0.08773988485336304,0.3819658160209656,-2.5804357528686523,0.18542656302452087,-1.814963698387146,0.9755409359931946,-0.9990653395652771,0.556121826171875,0.26080137491226196,-0.17267975211143494,-0.17390845715999603,-0.05801500380039215,0.14205482602119446,-0.09077802300453186,-0.0758991688489914,0.18159036338329315,0.10794464498758316,0.07679496705532074,-0.02110290713608265,0.24388545751571655,-0.012993837706744671,0.06093783676624298
10.333333872258663,617,200.0,-200.0,200.0,50.0,-50.0,-6.106932640075684,-100.0,100.0,100.0,100.0,-100.0,100.0,-300.0,300.0,-300.0,51.079437255859375,-300.0,-46.720794677734375,0.0,0.0,0.0,0.0,150.0,150.0,150.0,17.485595703125,-7.2310791015625,-79.67974853515625,0.003997826017439365,-0.37880101799964905,0.2477448731660843,-0.001346890232525766,-0.031384725123643875,0.21993297338485718,-0.09731731563806534,0.14448755979537964,-1.0172133445739746,0.09522828459739685,1.5876140594482422,0.13841204345226288,0.08120596408843994,0.014123628847301006,-0.8387237787246704,0.6051012277603149,-0.0746268630027771,-0.004869643598794937,0.1293530911207199,-1.1544902324676514,0.5094668865203857,0.19202618300914764,-2.167429208755493,0.29463469982147217,-2.403801918029785,1.1545829772949219,-1.0552130937576294,0.7791500687599182,0.26080137491226196,-0.17267975211143494,-0.17390845715999603,-0.05801500380039215,0.14205482602119446,-0.09077802300453186,-0.0758991688489914,0.18159036338329315,0.10794464498758316,0.07679496705532074,-0.02110290713608265,0.24388545751571655,-0.012993837706744671,0.06093783676624298
10.350000539794564,618,-200.0,-200.0,200.0,21.249378204345703,-20.229400634765625,-4.244117259979248,-100.0,100.0,100.0,100.0,100.0,100.0,-300.0,251.4400634765625,-277.90972900390625,-300.0,-74.204833984375,-146.42889404296875,0.0,0.0,0.0,0.0,150.0,150.0,150.0,100.98486328125,-150.0,101.85015869140625,-0.007111872546374798,-0.37345564365386963,0.24507789313793182,-0.001233526854775846,-0.033854030072689056,0.20768499374389648,-0.09024328738451004,0.14978569746017456,-1.0517693758010864,0.09984269738197327,1.5397483110427856,0.1565682590007782,0.06497325748205185,0.02408474311232567,-0.7451501488685608,0.5557681322097778,-0.0961834043264389,-0.0026393234729766846,0.18829581141471863,-1.1180768013000488,0.38093993067741394,0.15478405356407166,-1.9197473526000977,0.2550869882106781,-3.0251481533050537,0.9995577931404114,-0.8939400911331177,0.6420422196388245,0.2638365626335144,-0.18930277228355408,-0.15754318237304688,-0.06111569702625275,0.12806706130504608,-0.10506802052259445,-0.07807821035385132,0.1734987199306488,0.1407836526632309,0.06110936775803566,-0.0069784196093678474,0.2533778250217438,-0.03360826149582863,0.06959795206785202
10.366667207330465,619,6.254150390625,-200.0,1.7628173828125,30.13098907470703,-50.0,-19.351470947265625,-100.0,100.0,100.0,100.0,-100.0,100.0,-300.0,300.0,-300.0,-285.5882568359375,-300.0,-175.14413452148438,0.0,0.0,0.0,0.0,150.0,150.0,97.75738525390625,-10.333251953125,-22.884033203125,-47.1251220703125,-0.017893614247441292,-0.3722291886806488,0.2432839274406433,-2.6344478101236746e-05,-0.03738635778427124,0.19680508971214294,-0.07960588485002518,0.15360687673091888,-1.078235149383545,0.10436221212148666,1.4772504568099976,0.17358531057834625,0.04553950950503349,0.03441052883863449,-0.7496739029884338,0.31652307510375977,-0.021053215488791466,0.013950616121292114,0.09564268589019775,-1.0785826444625854,0.613312304019928,0.07910352945327759,-1.3646947145462036,0.22659771144390106,-3.989068031311035,0.9265305995941162,-1.0806572437286377,0.6687898635864258,0.2638365626335144,-0.18930277228355408,-0.15754318237304688,-0.06111569702625275,0.12806706130504608,-0.10506802052259445,-0.07807821035385132,0.1734987199306488,0.1407836526632309,0.06110936775803566,-0.0069784196093678474,0.2533778250217438,-0.03360826149582863,0.06959795206785202
10.383333874866366,620,114.265869140625,-200.0,200.0,50.0,29.885940551757812,-46.20706558227539,-100.0,11.2259521484375,100.0,-100.0,43.0185546875,100.0,-300.0,300.0,-300.0,-300.0,300.0,-300.0,0.0,0.0,0.0,0.0,150.0,150.0,150.0,26.85418701171875,-11.049072265625,150.0,-0.02698906511068344,-0.37203463912010193,0.24202880263328552,-0.0007436485611833632,-0.03922553360462189,0.1835528314113617,-0.07095538079738617,0.1572839319705963,-1.0987941026687622,0.10804425925016403,1.4010502099990845,0.18785065412521362,0.028845665976405144,0.04286304861307144,-0.6685637831687927,0.19786641001701355,-0.041340190917253494,-0.060727741569280624,0.25216639041900635,-1.1925671100616455,0.421017050743103,0.042191892862319946,-1.086640477180481,0.19035139679908752,-4.769285678863525,0.7928345203399658,-0.9195752739906311,0.5696491003036499,0.26118430495262146,-0.202884241938591,-0.1394393891096115,-0.06632092595100403,0.10763058066368103,-0.10940486937761307,-0.05038324370980263,0.1631447821855545,0.15569716691970825,0.04545782133936882,-0.0019962163642048836,0.25733211636543274,-0.03337535262107849,0.08501411974430084
10.400000542402267,621,-138.328369140625,-200.0,200.0,20.860252380371094,-50.0,-13.47659683227539,-100.0,58.397705078125,100.0,100.0,-100.0,100.0,-300.0,300.0,-300.0,-164.48764038085938,-300.0,-179.98736572265625,0.0,0.0,0.0,0.0,150.0,150.0,150.0,-29.149658203125,-9.8848876953125,-21.25921630859375,-0.035899680107831955,-0.3684765100479126,0.2404385507106781,-0.0010492264991626143,-0.04164804518222809,0.17054322361946106,-0.06348547339439392,0.15727245807647705,-1.1044832468032837,0.10954587906599045,1.3087515830993652,0.20086956024169922,0.014600027352571487,0.05339202284812927,-0.6402023434638977,0.4033733606338501,-0.05935551971197128,-0.010195400565862656,0.2253422737121582,-1.166060209274292,0.37036728858947754,-0.20578676462173462,-0.16665637493133545,0.0912727490067482,-5.751440048217773,0.7115180492401123,-0.778134822845459,0.6716529130935669,0.26118430495262146,-0.202884241938591,-0.1394393891096115,-0.06632092595100403,0.10763058066368103,-0.10940486937761307,-0.05038324370980263,0.1631447821855545,0.15569716691970825,0.04545782133936882,-0.0019962163642048836,0.25733211636543274,-0.03337535262107849,0.08501411974430084
10.416667209938169,622,-200.0,-200.0,200.0,50.0,-50.0,9.508033752441406,100.0,-100.0,100.0,-100.0,-100.0,100.0,-300.0,300.0,-173.08746337890625,-300.0,-300.0,-300.0,0.0,0.0,0.0,0.0,150.0,150.0,150.0,-150.0,150.0,150.0,-0.043245162814855576,-0.36641448736190796,0.23831437528133392,-0.0014021124225109816,-0.043266985565423965,0.15653389692306519,-0.05957898870110512,0.1559276431798935,-1.1062859296798706,0.10987725108861923,1.2049542665481567,0.21157102286815643,0.002229035831987858,0.062233030796051025,-0.5636639595031738,0.3197420835494995,-0.10617804527282715,-0.036531962454319,0.30633601546287537,-1.1999925374984741,0.16940505802631378,-0.27984192967414856,-0.028825988993048668,0.07282015681266785,-6.316772937774658,0.620509684085846,-0.6690628528594971,0.5741928219795227,0.2628325819969177,-0.23153166472911835,-0.12293008714914322,-0.08053788542747498,0.08192531019449234,-0.10914996266365051,-0.03386149927973747,0.1661442220211029,0.17858247458934784,0.04001123830676079,0.010810895822942257,0.24722886085510254,-0.02482050098478794,0.09854084998369217
10.43333387747407,623,-200.0,-200.0,200.0,-0.456787109375,-50.0,5.968406677246094,-100.0,-20.696044921875,100.0,-100.0,-100.0,100.0,-300.0,300.0,-144.4547882080078,-250.74298095703125,-300.0,-300.0,0.0,0.0,0.0,0.0,150.0,150.0,150.0,-62.77667236328125,24.998809814453125,21.08062744140625,-0.04970304295420647,-0.36233699321746826,0.23634441196918488,-0.001680385204963386,-0.04583672806620598,0.14234067499637604,-0.0548626184463501,0.1523200422525406,-1.0981481075286865,0.10776534676551819,1.0889782905578613,0.21959379315376282,-0.006116379052400589,0.07275094091892242,-0.4963720440864563,0.4203716516494751,-0.10313622653484344,-0.01474621519446373,0.28423863649368286,-1.2146724462509155,0.19865193963050842,-0.4810752868652344,0.5798588991165161,-0.028248753398656845,-7.0565009117126465,0.4478195607662201,-0.43717116117477417,0.6299840211868286,0.2628325819969177,-0.23153166472911835,-0.12293008714914322,-0.08053788542747498,0.08192531019449234,-0.10914996266365051,-0.03386149927973747,0.1661442220211029,0.17858247458934784,0.04001123830676079,0.010810895822942257,0.24722886085510254,-0.02482050098478794,0.09854084998369217
10.45000054500997,624,55.729736328125,-200.0,200.0,-2.884613037109375,-50.0,50.0,100.0,-100.0,100.0,-100.0,100.0,100.0,-300.0,300.0,300.0,-300.0,-300.0,-300.0,0.0,0.0,0.0,0.0,150.0,150.0,150.0,-150.0,150.0,8.23162841796875,-0.05447584018111229,-0.35960492491722107,0.2340116798877716,-0.0019205902935937047,-0.047271352261304855,0.12744839489459991,-0.053602710366249084,0.14706206321716309,-1.0893275737762451,0.10523833334445953,0.966069221496582,0.2256288081407547,-0.013309733010828495,0.08166804164648056,-0.4165792763233185,0.3552890419960022,-0.14371663331985474,-0.032837532460689545,0.35871514678001404,-1.2348898649215698,0.016781706362962723,-0.5561344623565674,0.5525864958763123,-0.0030498579144477844,-7.323771953582764,0.3931031823158264,-0.3715305030345917,0.5507270693778992,0.27587223052978516,-0.2621506452560425,-0.11017266660928726,-0.09211526066064835,0.07073576003313065,-0.11432503908872604,-0.01942140981554985,0.15914419293403625,0.1914980262517929,0.054611001163721085,0.01325968001037836,0.2178495079278946,-0.017066137865185738,0.09844782948493958
10.466667212545872,625,-200.0,-200.0,200.0,-15.242027282714844,-50.0,17.75003433227539,24.29656982421875,-77.8856201171875,100.0,-100.0,-100.0,100.0,-300.0,300.0,137.2037353515625,-101.96044921875,-300.0,-300.0,0.0,0.0,0.0,0.0,150.0,150.0,150.0,-75.16348266601562,51.27244567871094,23.791015625,-0.05996735766530037,-0.3545076549053192,0.23416633903980255,-0.002225305885076523,-0.04833074286580086,0.11218828707933426,-0.05517959222197533,0.13793902099132538,-1.0749766826629639,0.10123908519744873,0.8365258574485779,0.22642523050308228,-0.017361992970108986,0.08961018174886703,-0.4198247790336609,0.49796849489212036,-0.02901206910610199,0.007498782128095627,0.334930956363678,-1.2292993068695068,-0.20644567906856537,-0.82462477684021,0.9153492450714111,0.0030889445915818214,-7.706892967224121,0.0826549381017685,-0.19877003133296967,0.4577275812625885,0.27587223052978516,-0.2621506452560425,-0.11017266660928726,-0.09211526066064835,0.07073576003313065,-0.11432503908872604,-0.01942140981554985,0.15914419293403625,0.1914980262517929,0.054611001163721085,0.01325968001037836,0.2178495079278946,-0.017066137865185738,0.09844782948493958
10.483333880081773,626,-200.0,-200.0,200.0,20.24725341796875,-50.0,44.2935905456543,100.0,-100.0,100.0,-100.0,-100.0,100.0,-300.0,300.0,285.7299499511719,-204.9813232421875,-300.0,-300.0,0.0,0.0,0.0,0.0,150.0,150.0,150.0,-150.0,8.6329345703125,-84.65618896484375,-0.06391895562410355,-0.3498574495315552,0.2335243821144104,-0.002185021759942174,-0.049803610891103745,0.0961298942565918,-0.05874248221516609,0.1272253543138504,-1.0623193979263306,0.09673655778169632,0.706925094127655,0.22661058604717255,-0.02061399631202221,0.09684135019779205,-0.35659927129745483,0.4697626233100891,-0.06292447447776794,-0.022376684471964836,0.3295133113861084,-1.2987394332885742,-0.2828819453716278,-0.8634090423583984,0.7623959183692932,0.029636826366186142,-7.57864236831665,0.06881701201200485,-0.15449506044387817,0.4283369183540344,0.2786512076854706,-0.2778768837451935,-0.10682413727045059,-0.11860056221485138,0.0601842999458313,-0.11306784301996231,-0.01864410936832428,0.14921677112579346,0.20903119444847107,0.07621444761753082,0.019562063738703728,0.1913326382637024,-0.018392017111182213,0.09474387764930725
10.500000547617674,627,-200.0,-200.0,200.0,-33.23237609863281,-50.0,20.954910278320312,-28.8095703125,-100.0,100.0,-100.0,-100.0,0.832763671875,-300.0,300.0,193.03213500976562,300.0,-300.0,-300.0,0.0,0.0,0.0,0.0,150.0,150.0,150.0,-65.55279541015625,57.030426025390625,-28.226470947265625,-0.06948776543140411,-0.34430640935897827,0.23316429555416107,-0.002665487350896001,-0.04961846023797989,0.07966498285531998,-0.061899054795503616,0.11510645598173141,-1.049585223197937,0.08642763644456863,0.5796622633934021,0.22310300171375275,-0.023908106610178947,0.10259060561656952,-0.4235156178474426,0.5276833772659302,-0.005394209176301956,-0.023224251344799995,0.3713192045688629,-1.2817134857177734,-0.20963872969150543,-1.0796047449111938,0.7851815819740295,-0.21551331877708435,-7.400318145751953,-0.17019371688365936,-0.16378873586654663,0.32160013914108276,0.2786512076854706,-0.2778768837451935,-0.10682413727045059,-0.11860056221485138,0.0601842999458313,-0.11306784301996231,-0.01864410936832428,0.14921677112579346,0.20903119444847107,0.07621444761753082,0.019562063738703728,0.1913326382637024,-0.018392017111182213,0.09474387764930725
10.516667215153575,628,-200.0,-200.0,200.0,-7.2565155029296875,-50.0,19.84992218017578,100.0,-100.0,100.0,-100.0,-100.0,100.0,-300.0,300.0,115.12503051757812,157.1353759765625,-300.0,-300.0,0.0,0.0,0.0,0.0,150.0,150.0,150.0,-150.0,-57.61860656738281,150.0,-0.07419311255216599,-0.33887115120887756,0.23303230106830597,-0.002564297756180167,-0.050242599099874496,0.06267727166414261,-0.06435711681842804,0.10358908027410507,-1.0395503044128418,0.07731439173221588,0.4598376750946045,0.2192056030035019,-0.02642052061855793,0.10771398991346359,-0.3892574906349182,0.5444549918174744,0.006366044282913208,-0.030860107392072678,0.4414333701133728,-1.3220887184143066,-0.14708960056304932,-1.0151605606079102,0.5977163314819336,-0.16785678267478943,-6.892200469970703,-0.15022718906402588,-0.12326597422361374,0.3023849129676819,0.27654728293418884,-0.29143255949020386,-0.10629142820835114,-0.15658052265644073,0.048428989946842194,-0.10934005677700043,-0.024591419845819473,0.14255136251449585,0.22883997857570648,0.10833410918712616,0.016532117500901222,0.17505373060703278,-0.022801266983151436,0.11276392638683319
10.533333882689476,629,-200.0,-200.0,200.0,-45.53218078613281,-50.0,20.752782821655273,18.9268798828125,-100.0,100.0,-100.0,-100.0,-38.410400390625,-300.0,300.0,116.74007415771484,300.0,-300.0,-300.0,0.0,0.0,0.0,0.0,150.0,150.0,150.0,-46.265869140625,46.164398193359375,-39.929779052734375,-0.07918187975883484,-0.33167126774787903,0.2330389767885208,-0.0030799966771155596,-0.05097837746143341,0.04539975896477699,-0.06570066511631012,0.0934804230928421,-1.0311822891235352,0.0612645298242569,0.3492368757724762,0.2138974815607071,-0.030340200290083885,0.11553914099931717,-0.37387609481811523,0.6410361528396606,0.005359690636396408,-0.010417647659778595,0.45835360884666443,-1.2922624349594116,-0.11436944454908371,-1.1535800695419312,0.5072829723358154,-0.5214252471923828,-6.34627628326416,-0.26544177532196045,-0.17463693022727966,0.45393529534339905,0.27654728293418884,-0.29143255949020386,-0.10629142820835114,-0.15658052265644073,0.048428989946842194,-0.10934005677700043,-0.024591419845819473,0.14255136251449585,0.22883997857570648,0.10833410918712616,0.016532117500901222,0.17505373060703278,-0.022801266983151436,0.11276392638683319
10.550000550225377,630,-200.0,-200.0,200.0,-9.2606201171875,-50.0,17.50365447998047,100.0,-100.0,100.0,-100.0,-100.0,100.0,-300.0,300.0,105.383056640625,300.0,-300.0,-300.0,0.0,0.0,0.0,0.0,150.0,150.0,150.0,-150.0,138.02354431152344,126.184326171875,-0.08340994268655777,-0.3234095573425293,0.23290294408798218,-0.0028871609829366207,-0.0505143478512764,0.02712625078856945,-0.06657680869102478,0.08319706469774246,-1.0257213115692139,0.046967603266239166,0.24980288743972778,0.20868928730487823,-0.03312767297029495,0.1225515678524971,-0.3480472266674042,0.7131986618041992,0.006099902093410492,-0.03130558133125305,0.4810389578342438,-1.363815426826477,-0.05920221656560898,-1.1036499738693237,0.3228159546852112,-0.42576295137405396,-5.670081615447998,-0.2055109292268753,-0.12794458866119385,0.40915602445602417,0.2761113941669464,-0.301368772983551,-0.10640659928321838,-0.17635902762413025,0.04703012853860855,-0.12492094188928604,-0.03289318457245827,0.13572001457214355,0.2381117045879364,0.14540773630142212,0.018886080011725426,0.14348241686820984,-0.01764569617807865,0.124961256980896
10.566667217761278,631,-200.0,-200.0,200.0,-32.126792907714844,-50.0,12.248794555664062,100.0,-100.0,100.0,-100.0,-100.0,-100.0,-300.0,300.0,20.878395080566406,300.0,-300.0,-300.0,0.0,0.0,0.0,0.0,150.0,150.0,150.0,-57.827972412109375,-22.772966384887695,-42.69061279296875,-0.08894767612218857,-0.31561222672462463,0.23325704038143158,-0.0031556275207549334,-0.046189598739147186,0.009135819040238857,-0.0656997486948967,0.07324474304914474,-1.022814393043518,0.030396513640880585,0.15873192250728607,0.1997269243001938,-0.033827610313892365,0.13122420012950897,-0.354261577129364,0.6038960218429565,0.05172175541520119,8.369237184524536e-05,1.010387659072876,-1.3007019758224487,0.008807837963104248,-1.068459153175354,0.19542396068572998,-0.53061443567276,-5.2845778465271,-0.4442603886127472,0.019376207143068314,0.4698008894920349,0.2761113941669464,-0.301368772983551,-0.10640659928321838,-0.17635902762413025,0.04703012853860855,-0.12492094188928604,-0.03289318457245827,0.13572001457214355,0.2381117045879364,0.14540773630142212,0.018886080011725426,0.14348241686820984,-0.01764569617807865,0.124961256980896
10.58333388529718,632,-200.0,-200.0,200.0,-33.13624954223633,-50.0,-19.297483444213867,100.0,-100.0,-100.0,-100.0,-100.0,100.0,-300.0,300.0,-300.0,300.0,-300.0,-300.0,0.0,0.0,0.0,0.0,150.0,150.0,150.0,-150.0,150.0,150.0,-0.09413865953683853,-0.3067868649959564,0.2333877831697464,-0.0031475890427827835,-0.03863300383090973,-0.01119154877960682,-0.06441278755664825,0.06326936185359955,-1.0213637351989746,0.01567569561302662,0.07639173418283463,0.191849023103714,-0.03409706428647041,0.13896971940994263,-0.3502645492553711,0.6699809432029724,0.07770015299320221,-0.0371323898434639,1.1948888301849365,-1.4097708463668823,0.12466670572757721,-0.9962613582611084,0.07866374403238297,-0.4368424713611603,-4.723164081573486,-0.3627264201641083,0.02831926755607128,0.4293820559978485,0.2373334914445877,-0.27409428358078003,-0.10639848560094833,-0.17978109419345856,0.03208271786570549,-0.12672901153564453,-0.029019393026828766,0.116265207529068,0.24106235802173615,0.19090500473976135,0.02430545538663864,0.0943615511059761,-0.007361741736531258,0.14365442097187042
10.60000055283308,633,-187.08135986328125,-200.0,-200.0,44.33065414428711,-50.0,-14.73843765258789,100.0,-100.0,100.0,-100.0,-100.0,-100.0,-300.0,300.0,-300.0,300.0,-300.0,-300.0,0.0,0.0,0.0,0.0,150.0,150.0,150.0,-90.4351806640625,-135.45130920410156,-95.971435546875,-0.10234720259904861,-0.29825711250305176,0.22891005873680115,-0.004257979802787304,-0.026089567691087723,-0.030853886157274246,-0.05164475366473198,0.05520252510905266,-1.0196349620819092,-0.0003687932330649346,-0.0006073779077269137,0.1780981868505478,-0.03081837296485901,0.14999106526374817,-0.5162461996078491,0.6174110770225525,-0.18807891011238098,-0.03160346671938896,1.177371859550476,-1.2945212125778198,0.6743910312652588,-0.9245503544807434,0.05957646667957306,-0.5456700325012207,-4.42225456237793,-0.7139104008674622,0.28505200147628784,0.5896342992782593,0.2373334914445877,-0.27409428358078003,-0.10639848560094833,-0.17978109419345856,0.03208271786570549,-0.12672901153564453,-0.029019393026828766,0.116265207529068,0.24106235802173615,0.19090500473976135,0.02430545538663864,0.0943615511059761,-0.007361741736531258,0.14365442097187042
10.616667220368981,634,200.0,-200.0,-200.0,0.5375447273254395,-50.0,8.062118530273438,100.0,-100.0,-100.0,100.0,-100.0,100.0,-300.0,300.0,-300.0,300.0,300.0,107.27587890625,0.0,0.0,0.0,0.0,150.0,150.0,-103.11077880859375,64.83197021484375,-150.0,-150.0,-0.10900291800498962,-0.2865992784500122,0.22429819405078888,-0.002806674223393202,-0.01860337145626545,-0.04763367399573326,-0.03967791795730591,0.04896215721964836,-1.0372154712677002,-0.014680035412311554,-0.0007938199560157955,0.16526399552822113,-0.026581523939967155,0.16069523990154266,-0.4280197024345398,0.9585074186325073,-0.1394982486963272,0.04124731570482254,1.2874372005462646,-1.2519965171813965,0.7914934158325195,-0.6647500395774841,-0.702790379524231,-0.40586230158805847,0.027908099815249443,-0.5853242874145508,0.31241273880004883,0.5530776977539062,0.1923632174730301,-0.2499123066663742,-0.09370225667953491,-0.16114671528339386,0.013266429305076599,-0.1437114179134369,-0.03722473606467247,0.06706608086824417,0.18869434297084808,0.24488858878612518,0.021824905648827553,0.1073237955570221,-0.028268275782465935,0.13048890233039856
10.633333887904882,635,200.0,-200.0,-200.0,50.0,-50.0,-32.04344177246094,100.0,-100.0,100.0,-100.0,-100.0,-100.0,-300.0,300.0,-300.0,300.0,300.0,-59.260589599609375,0.0,0.0,0.0,0.0,150.0,150.0,-150.0,-33.005157470703125,-150.0,-150.0,-0.11902999877929688,-0.2718815803527832,0.2157420665025711,-0.003853902919217944,-0.0038769994862377644,-0.0677165538072586,-0.01442883163690567,0.04491133987903595,-1.0419573783874512,-0.021831806749105453,-0.0007400864851661026,0.1577967256307602,-0.028117626905441284,0.16581018269062042,-0.6796877384185791,0.9875785112380981,-0.31345412135124207,-0.06496723741292953,1.4887639284133911,-1.4126946926116943,1.4488712549209595,-0.42998814582824707,-0.15693990886211395,-0.23745760321617126,0.0280778706073761,-0.4252725839614868,-0.0714479312300682,0.3030301332473755,0.1923632174730301,-0.2499123066663742,-0.09370225667953491,-0.16114671528339386,0.013266429305076599,-0.1437114179134369,-0.03722473606467247,0.06706608086824417,0.18869434297084808,0.24488858878612518,0.021824905648827553,0.1073237955570221,-0.028268275782465935,0.13048890233039856
10.650000555440784,636,200.0,-200.0,-200.0,1.6773395538330078,-50.0,30.265914916992188,100.0,-90.092529296875,100.0,-100.0,-100.0,100.0,251.6346435546875,300.0,-300.0,300.0,300.0,-300.0,0.0,0.0,0.0,0.0,150.0,150.0,-150.0,-150.0,150.0,-50.03887939453125,-0.13014905154705048,-0.25913283228874207,0.20963555574417114,-0.003990658093243837,0.00597683060914278,-0.08804172277450562,0.010523594915866852,0.04298190772533417,-1.0420286655426025,-0.027773192152380943,-0.0005283973878249526,0.15125499665737152,-0.030300555750727654,0.16947779059410095,-0.7273003458976746,0.9461538195610046,-0.23675937950611115,-0.02627480775117874,1.2781188488006592,-1.310004711151123,1.377659559249878,-0.3466130197048187,0.10798421502113342,-0.2418391853570938,0.023351173847913742,-0.37352707982063293,-0.11401297152042389,0.21038074791431427,0.1473821997642517,-0.26889553666114807,-0.05003506317734718,-0.17551274597644806,0.045386336743831635,-0.19164574146270752,-0.00976146012544632,0.10135971754789352,0.18549712002277374,0.23212595283985138,0.006520911119878292,0.06801058351993561,0.0004397898446768522,0.13331951200962067
10.666667222976685,637,-200.0,-200.0,-200.0,-16.155397415161133,-50.0,-12.828041076660156,100.0,-100.0,100.0,-100.0,-100.0,-100.0,-23.0721435546875,300.0,-300.0,300.0,300.0,1.2049560546875,0.0,0.0,0.0,0.0,150.0,150.0,-150.0,-28.931884765625,-150.0,19.969039916992188,-0.1373666375875473,-0.23742716014385223,0.19628766179084778,-0.004261185880750418,0.01065803412348032,-0.10983742028474808,0.039020851254463196,0.04335537180304527,-1.026518702507019,-0.03577889874577522,-7.150659075705335e-05,0.13888871669769287,-0.0243291687220335,0.17186477780342102,-0.4953065514564514,1.3569234609603882,-0.5732925534248352,0.005867842584848404,0.933293342590332,-1.3750693798065186,1.6761138439178467,-0.296039879322052,1.046723484992981,-0.3713618516921997,0.027455493807792664,-0.6514341235160828,0.3884064853191376,0.12541745603084564,0.1473821997642517,-0.26889553666114807,-0.05003506317734718,-0.17551274597644806,0.045386336743831635,-0.19164574146270752,-0.00976146012544632,0.10135971754789352,0.18549712002277374,0.23212595283985138,0.006520911119878292,0.06801058351993561,0.0004397898446768522,0.13331951200962067
10.683333890512586,638,200.0,-200.0,-200.0,37.61783218383789,-50.0,50.0,100.0,56.870361328125,100.0,-100.0,-100.0,100.0,46.3475341796875,276.7158203125,-300.0,115.68368530273438,300.0,-33.4361572265625,0.0,0.0,0.0,0.0,150.0,150.0,-150.0,-150.0,-150.0,150.0,-0.14362554252147675,-0.2182559072971344,0.18587693572044373,-0.0038235452957451344,0.014051094651222229,-0.13137108087539673,0.06513813138008118,0.04372962564229965,-1.0077134370803833,-0.042204320430755615,-8.069421164691448e-05,0.12833335995674133,-0.01948470063507557,0.17360496520996094,-0.395874947309494,1.2496761083602905,-0.4937220811843872,-0.014633845537900925,0.889866292476654,-1.4036943912506104,1.396701693534851,-0.28013673424720764,1.1624538898468018,-0.3119136691093445,0.011804558336734772,-0.5707619786262512,0.3055836260318756,0.08522656559944153,0.11956315487623215,-0.282852441072464,0.00959490891546011,-0.17701807618141174,0.09099036455154419,-0.2259722352027893,-0.02752232924103737,0.08912409842014313,0.17612241208553314,0.2284962385892868,0.010384575463831425,0.03904341906309128,-0.012599972076714039,0.14026843011379242
10.700000558048487,639,-200.0,-200.0,-200.0,-5.011112213134766,-50.0,-15.439453125,100.0,-100.0,100.0,-100.0,-100.0,-100.0,-104.58212280273438,-300.0,-300.0,93.55862426757812,300.0,-164.08917236328125,0.0,0.0,0.0,0.0,150.0,150.0,-150.0,4.34844970703125,-150.0,-23.221817016601562,-0.14670194685459137,-0.19478262960910797,0.17226047813892365,-0.0020463864784687757,0.02118251658976078,-0.1531183123588562,0.09560013562440872,0.0437939427793026,-0.9752594828605652,-0.04616495221853256,-4.491893560043536e-05,0.11483241617679596,-0.01755637116730213,0.17730867862701416,-0.2773035764694214,1.472373127937317,-0.6732491254806519,0.09759431332349777,1.3759758472442627,-1.656741738319397,1.583514928817749,-0.2679080665111542,2.073110580444336,-0.1962965428829193,0.030534368008375168,-0.7432571053504944,0.15251246094703674,0.2056947499513626,0.11956315487623215,-0.282852441072464,0.00959490891546011,-0.17701807618141174,0.09099036455154419,-0.2259722352027893,-0.02752232924103737,0.08912409842014313,0.17612241208553314,0.2284962385892868,0.010384575463831425,0.03904341906309128,-0.012599972076714039,0.14026843011379242
10.716667225584388,640,200.0,-200.0,144.64776611328125,5.661411285400391,-10.837646484375,10.219223022460938,100.0,100.0,-100.0,-100.0,-100.0,100.0,300.0,-300.0,-300.0,-118.91183471679688,300.0,-300.0,0.0,0.0,0.0,0.0,54.5205078125,150.0,-150.0,-150.0,150.0,150.0,-0.1503770351409912,-0.17328815162181854,0.16012626886367798,-0.0030627574305981398,0.03306691348552704,-0.17798253893852234,0.12079265713691711,0.04334164410829544,-0.9400442838668823,-0.049723491072654724,0.00013676364324055612,0.10331904143095016,-0.01661665551364422,0.17986540496349335,-0.2819559574127197,1.3053730726242065,-0.5423359870910645,-0.12845458090305328,1.2863398790359497,-1.557550072669983,1.3992317914962769,-0.26064199209213257,2.095075845718384,-0.163273885846138,0.024393204599618912,-0.6431375741958618,0.09298139065504074,0.13366985321044922,0.07580460608005524,-0.29208600521087646,0.08073623478412628,-0.1845840960741043,0.1233726218342781,-0.23408013582229614,-0.01961367204785347,0.06326716393232346,0.1589563488960266,0.2183847576379776,0.01125586498528719,0.0018555177375674248,0.011027517728507519,0.1617962121963501
10.733333893120289,641,-200.0,-200.0,-200.0,-15.875862121582031,-50.0,-10.841270446777344,100.0,-100.0,100.0,-100.0,-100.0,-100.0,-206.671875,-300.0,-300.0,-264.7549133300781,300.0,-182.6253662109375,0.0,0.0,0.0,0.0,150.0,150.0,-150.0,-15.75225830078125,-150.0,52.67071533203125,-0.14976471662521362,-0.15365497767925262,0.14391420781612396,0.008985932916402817,0.03864512965083122,-0.20606231689453125,0.15508334338665009,0.045574892312288284,-0.8889483213424683,-0.05273455008864403,0.00022461323533207178,0.08735540509223938,-0.007823058404028416,0.1868935078382492,0.018477536737918854,1.1515427827835083,-0.8463996648788452,0.9285295605659485,0.16871213912963867,-1.3461042642593384,1.9228923320770264,-0.198126420378685,3.2872631549835205,-0.24526594579219818,-0.003772788681089878,-0.840376615524292,0.5556713342666626,0.34420230984687805,0.07580460608005524,-0.29208600521087646,0.08073623478412628,-0.1845840960741043,0.1233726218342781,-0.23408013582229614,-0.01961367204785347,0.06326716393232346,0.1589563488960266,0.2183847576379776,0.01125586498528719,0.0018555177375674248,0.011027517728507519,0.1617962121963501
10.75000056065619,642,169.21728515625,200.0,-200.0,8.091217041015625,-9.783706665039062,50.0,100.0,100.0,-100.0,-100.0,-100.0,-100.0,244.94544982910156,-300.0,-300.0,-300.0,300.0,-300.0,0.0,0.0,0.0,0.0,150.0,150.0,-150.0,-150.0,150.0,-138.14788818359375,-0.15025946497917175,-0.13660010695457458,0.1292683482170105,0.025754550471901894,0.043595682829618454,-0.23865334689617157,0.18283064663410187,0.04440208896994591,-0.8324772119522095,-0.05718580260872841,0.00024041876895353198,0.07382799685001373,-0.0013614981435239315,0.19206221401691437,-0.03298709914088249,1.0632309913635254,-0.7202761173248291,0.7570220828056335,0.20786119997501373,-1.3392189741134644,1.6271553039550781,-0.337039589881897,3.3629705905914307,-0.22896502912044525,0.00491274194791913,-0.7437384724617004,0.41827651858329773,0.23688387870788574,0.08039035648107529,-0.32388797402381897,0.1491701751947403,-0.20921829342842102,0.19423098862171173,-0.2621627151966095,-0.054815489798784256,0.08211911469697952,0.12242351472377777,0.17480231821537018,-0.016030162572860718,-0.020569227635860443,0.0437241829931736,0.14588575065135956
10.766667228192091,643,-200.0,-200.0,46.927459716796875,-32.45574188232422,7.103424072265625,9.536827087402344,100.0,-100.0,100.0,35.682861328125,-100.0,-100.0,-178.04161071777344,-300.0,-300.0,-245.5206298828125,300.0,-300.0,0.0,0.0,0.0,0.0,150.0,150.0,-150.0,-24.32257080078125,-150.0,136.78334045410156,-0.14727598428726196,-0.11795581877231598,0.12053530663251877,0.05420703440904617,0.04501953348517418,-0.276334673166275,0.20617900788784027,0.04299405962228775,-0.7611581087112427,-0.06455416232347488,0.00044843877549283206,0.05868256092071533,0.01425684243440628,0.1932450383901596,0.18326199054718018,1.0587213039398193,-0.4656851589679718,2.0303597450256348,0.08713644742965698,-2.1294994354248047,1.2669453620910645,-0.5997946858406067,4.439342021942139,-0.42135632038116455,-0.01328328251838684,-0.7810006141662598,0.9183605909347534,-0.01486712135374546,0.08039035648107529,-0.32388797402381897,0.1491701751947403,-0.20921829342842102,0.19423098862171173,-0.2621627151966095,-0.054815489798784256,0.08211911469697952,0.12242351472377777,0.17480231821537018,-0.016030162572860718,-0.020569227635860443,0.0437241829931736,0.14588575065135956
10.783333895727992,644,200.0,200.0,-200.0,-50.0,50.0,-4.0951690673828125,100.0,100.0,-100.0,100.0,-100.0,100.0,-212.8330841064453,-300.0,-300.0,7.215087890625,300.0,-300.0,0.0,0.0,0.0,0.0,150.0,150.0,-150.0,-150.0,150.0,150.0,-0.14468678832054138,-0.10185243934392929,0.11331316828727722,0.08870881050825119,0.0487699881196022,-0.3181185722351074,0.2267308533191681,0.03680000454187393,-0.6868801712989807,-0.07419362664222717,0.0003850927751045674,0.0457955077290535,0.02670338749885559,0.19335177540779114,0.16927428543567657,0.9467636346817017,-0.4048434793949127,1.9218332767486572,-0.01204044371843338,-2.0532891750335693,1.072184443473816,-0.7702386379241943,4.368942737579346,-0.3998895287513733,-0.0020588599145412445,-0.6625499129295349,0.7422131896018982,-0.055232129991054535,0.07802016288042068,-0.33040812611579895,0.1966240108013153,-0.2429710030555725,0.22615525126457214,-0.2532038688659668,-0.08055843412876129,0.08338793367147446,0.09285937249660492,0.13691985607147217,-0.027015795931220055,-0.056695934385061264,0.07753109931945801,0.15267319977283478
10.800000563263893,645,200.0,-200.0,200.0,50.0,50.0,50.0,100.0,100.0,100.0,100.0,100.0,-53.002197265625,-205.39852905273438,-300.0,-300.0,300.0,300.0,300.0,0.0,0.0,0.0,0.0,150.0,150.0,-150.0,150.0,56.5447998046875,150.0,-0.14102031290531158,-0.10492843389511108,0.10112813860177994,0.1465444713830948,0.048660941421985626,-0.3660128116607666,0.22905126214027405,0.03529628366231918,-0.6418883800506592,-0.10155439376831055,-0.027101678773760796,-0.007271053735166788,0.041965510696172714,0.1855965256690979,0.1282842755317688,-0.15328705310821533,-1.305269718170166,3.768522262573242,-0.6907719969749451,-2.5481016635894775,-1.0264019966125488,-1.1984148025512695,-0.7065200805664062,-2.662829875946045,0.56512451171875,-1.9470627307891846,1.019490361213684,-1.2970519065856934,0.07802016288042068,-0.33040812611579895,0.1966240108013153,-0.2429710030555725,0.22615525126457214,-0.2532038688659668,-0.08055843412876129,0.08338793367147446,0.09285937249660492,0.13691985607147217,-0.027015795931220055,-0.056695934385061264,0.07753109931945801,0.15267319977283478
10.816667230799794,646,-200.0,-200.0,-200.0,-39.89763259887695,-50.0,-50.0,100.0,100.0,100.0,-100.0,100.0,-100.0,300.0,300.0,-300.0,2.873779296875,-300.0,285.15728759765625,0.0,0.0,0.0,0.0,150.0,150.0,-150.0,-150.0,-150.0,-150.0,-0.1404905468225479,-0.11156881600618362,0.08605498820543289,0.24733814597129822,0.02721724659204483,-0.3770497739315033,0.22438876330852509,0.025244643911719322,-0.6336788535118103,-0.12366285920143127,0.003675625426694751,-0.03808066248893738,0.2243761420249939,0.19607436656951904,0.0006272047758102417,-0.5537648797035217,-0.5730871558189392,7.142263412475586,-0.5740615129470825,0.4177038371562958,0.4302073121070862,-0.727849543094635,2.476907253265381,-0.5463968515396118,0.06449353694915771,0.7470031976699829,6.67474889755249,0.41719749569892883,0.11306928098201752,-0.33619043231010437,0.07031301409006119,-0.22911010682582855,0.2561723291873932,-0.29633253812789917,-0.1508043110370636,0.05035156384110451,0.03375617414712906,0.1905902624130249,-0.04384956136345863,-0.04202728718519211,0.0593259260058403,0.12728674709796906
10.833333898335695,647,-200.0,-200.0,200.0,-50.0,-50.0,50.0,100.0,-100.0,100.0,-100.0,-100.0,-100.0,234.5126953125,23.9150390625,-300.0,300.0,64.8984375,300.0,0.0,0.0,0.0,0.0,150.0,150.0,-150.0,-150.0,-150.0,150.0,-0.12940208613872528,-0.08618231862783432,0.07273798435926437,0.30543452501296997,0.005562933627516031,-0.3288382291793823,0.1855231076478958,0.009601221419870853,-0.5999841094017029,-0.1473689079284668,0.01767030730843544,-0.03667924180626869,0.2776412069797516,0.17375357449054718,0.632549524307251,1.5618318319320679,-0.7873198986053467,2.5481925010681152,-1.2661900520324707,3.504352569580078,-2.036344051361084,-1.3420525789260864,1.4351551532745361,-0.9743431806564331,1.05070161819458,0.21227386593818665,3.4013519287109375,-1.2998415231704712,0.11306928098201752,-0.33619043231010437,0.07031301409006119,-0.22911010682582855,0.2561723291873932,-0.29633253812789917,-0.1508043110370636,0.05035156384110451,0.03375617414712906,0.1905902624130249,-0.04384956136345863,-0.04202728718519211,0.0593259260058403,0.12728674709796906
10.850000565871596,648,-200.0,200.0,200.0,-50.0,50.0,50.0,-100.0,-100.0,100.0,-100.0,-100.0,-100.0,300.0,-300.0,300.0,300.0,300.0,300.0,0.0,0.0,0.0,0.0,150.0,150.0,149.049560546875,-150.0,150.0,150.0,-0.11718764156103134,-0.06280361860990524,0.05685044080018997,0.3336452543735504,-0.003456090111285448,-0.2835480570793152,0.1465800553560257,-0.008274657651782036,-0.5854715704917908,-0.1694667488336563,0.04385402053594589,-0.040334347635507584,0.2593676745891571,0.1512993425130844,0.6905960440635681,1.3676247596740723,-0.8556680083274841,1.02262544631958,-1.1307764053344727,4.929358959197998,-2.0052921772003174,-1.3636858463287354,0.9399927258491516,-0.8499077558517456,1.3189067840576172,0.3750191330909729,-2.7297816276550293,-1.3982877731323242,0.21192842721939087,-0.3048916757106781,0.11535776406526566,-0.2370092272758484,0.24235312640666962,-0.27084827423095703,-0.20222213864326477,0.20368552207946777,0.01999998651444912,0.2469591647386551,-0.029322655871510506,-0.09364300966262817,0.08489115536212921,0.09732421487569809
10.866667233407497,649,186.1475830078125,-200.0,-200.0,1.5356903076171875,50.0,-44.617401123046875,-100.0,100.0,100.0,-100.0,-100.0,-100.0,144.0743408203125,158.031982421875,300.0,-300.0,300.0,-235.9115447998047,0.0,0.0,0.0,0.0,150.0,150.0,150.0,-150.0,150.0,-150.0,-0.10306920111179352,-0.10031425952911377,0.06787752360105515,0.41098105907440186,-0.017688008025288582,-0.2052270472049713,0.11346231400966644,-0.003437413601204753,-0.5682256817817688,-0.16929325461387634,0.03297671675682068,-0.023541096597909927,0.23094694316387177,0.14751912653446198,0.8263937830924988,-2.278794765472412,0.47239571809768677,5.354344844818115,-0.2385115623474121,5.304224014282227,-1.7902003526687622,0.22295501828193665,2.2038040161132812,0.08208009600639343,-1.9782288074493408,1.5107920169830322,-1.6717689037322998,0.18286022543907166,0.21192842721939087,-0.3048916757106781,0.11535776406526566,-0.2370092272758484,0.24235312640666962,-0.27084827423095703,-0.20222213864326477,0.20368552207946777,0.01999998651444912,0.2469591647386551,-0.029322655871510506,-0.09364300966262817,0.08489115536212921,0.09732421487569809
10.883333900943398,650,200.0,42.91326904296875,200.0,50.0,50.0,50.0,-100.0,100.0,-100.0,100.0,100.0,-100.0,-286.6287841796875,-300.0,-254.23086547851562,300.0,300.0,300.0,0.0,0.0,0.0,0.0,-150.0,-150.0,-49.9696044921875,-150.0,150.0,-20.299072265625,-0.08938311040401459,-0.13393889367580414,0.0773792490363121,0.49630051851272583,-0.011224067769944668,-0.10668080300092697,0.09027757495641708,-0.0037944174837321043,-0.5342243909835815,-0.17316147685050964,-0.0028009130619466305,-0.017943231388926506,0.2250465750694275,0.1417209655046463,0.7897012233734131,-1.955926775932312,0.3749641180038452,5.0452165603637695,0.5622409582138062,5.534869194030762,-1.3985519409179688,-0.357685923576355,1.4344112873077393,-0.37289589643478394,-0.8792036771774292,0.13986808061599731,-1.9368255138397217,-0.5357406139373779,0.19194163382053375,-0.27738645672798157,0.11305012553930283,-0.14871002733707428,0.20645394921302795,-0.21671980619430542,-0.14171503484249115,0.09823063760995865,0.009733369573950768,0.205961674451828,-0.03863045945763588,-0.06376997381448746,0.12968263030052185,0.061861880123615265
10.9000005684793,651,200.0,-200.0,-200.0,32.946510314941406,50.0,-46.44459533691406,100.0,100.0,-100.0,-100.0,-100.0,-74.42669677734375,108.95733642578125,133.56103515625,207.09103393554688,300.0,300.0,300.0,0.0,0.0,0.0,0.0,-150.0,73.541015625,-60.733154296875,-150.0,150.0,150.0,-0.07913736253976822,-0.17068739235401154,0.08087983727455139,0.5806756019592285,-0.008229211904108524,-0.031617287546396255,0.06934111565351486,-0.008542073890566826,-0.5195279717445374,-0.16122743487358093,-0.002135914983227849,-0.02031470648944378,0.21649092435836792,0.12066667526960373,0.45710107684135437,-2.1840507984161377,0.07157205045223236,5.211957931518555,0.5077068209648132,4.206176280975342,-1.1797943115234375,-0.016117148101329803,1.1499873399734497,0.8518339395523071,0.12588772177696228,0.4374520480632782,-1.1140729188919067,-0.8612356185913086,0.19194163382053375,-0.27738645672798157,0.11305012553930283,-0.14871002733707428,0.20645394921302795,-0.21671980619430542,-0.14171503484249115,0.09823063760995865,0.009733369573950768,0.205961674451828,-0.03863045945763588,-0.06376997381448746,0.12968263030052185,0.061861880123615265
10.9166672360152,652,200.0,-200.0,-200.0,-30.157358169555664,-50.0,-50.0,100.0,100.0,100.0,100.0,-100.0,-100.0,-219.48211669921875,-300.0,300.0,300.0,300.0,300.0,0.0,0.0,0.0,0.0,-150.0,-150.0,-150.0,-150.0,150.0,150.0,-0.07098253816366196,-0.20357176661491394,0.08367463201284409,0.6579684019088745,-0.004692993592470884,0.03239316865801811,0.05138583853840828,-0.012342493049800396,-0.5005795359611511,-0.15151304006576538,-0.001864155987277627,-0.016804518178105354,0.20152877271175385,0.10453002154827118,0.39145520329475403,-1.8838623762130737,0.035503096878528595,4.43109130859375,0.33340102434158325,3.599198341369629,-1.0097450017929077,-0.11272833496332169,1.3086721897125244,0.6360516548156738,-0.09177011996507645,0.5562034845352173,-1.4621174335479736,-0.8125861883163452,0.21389421820640564,-0.2866760194301605,0.1121765747666359,-0.155292347073555,0.22810718417167664,-0.21218818426132202,-0.1574743092060089,0.1453198939561844,0.014678798615932465,0.15160344541072845,-0.06100010499358177,-0.020536359399557114,0.13334274291992188,0.08400290459394455
10.933333903551102,653,200.0,-200.0,-200.0,15.849839210510254,-50.0,-27.491531372070312,100.0,22.68896484375,35.947021484375,100.0,-100.0,95.68853759765625,-31.453338623046875,206.219482421875,179.94927978515625,300.0,300.0,300.0,0.0,0.0,0.0,0.0,-150.0,-1.015380859375,-44.0206298828125,-150.0,150.0,150.0,-0.06547132879495621,-0.23693852126598358,0.091460682451725,0.7279031872749329,-0.0008616194827482104,0.0715770497918129,0.031474363058805466,-0.01637345924973488,-0.4833180010318756,-0.1451127827167511,-0.002070343354716897,-0.007987597957253456,0.18512097001075745,0.09195217490196228,0.22695240378379822,-1.9081989526748657,0.34554168581962585,4.054587364196777,0.3015073835849762,2.195692777633667,-1.128050446510315,-0.09009499102830887,1.2199699878692627,0.5216853618621826,-0.03197348862886429,0.560089111328125,-1.331754207611084,-0.4848000407218933,0.21389421820640564,-0.2866760194301605,0.1121765747666359,-0.155292347073555,0.22810718417167664,-0.21218818426132202,-0.1574743092060089,0.1453198939561844,0.014678798615932465,0.15160344541072845,-0.06100010499358177,-0.020536359399557114,0.13334274291992188,0.08400290459394455
10.950000571087003,654,82.19287109375,-200.0,-200.0,50.0,-50.0,-17.995071411132812,-100.0,100.0,-100.0,100.0,-100.0,-100.0,-300.0,-300.0,-133.30630493164062,300.0,300.0,300.0,0.0,0.0,0.0,0.0,111.0267333984375,-150.0,22.666748046875,-150.0,150.0,150.0,-0.06193525344133377,-0.26516202092170715,0.09815003722906113,0.7841387987136841,0.0019167823484167457,0.10470917820930481,0.01407297607511282,-0.019496900960803032,-0.46570032835006714,-0.13988187909126282,-0.0018915161490440369,-0.006185375619679689,0.17079637944698334,0.08252649009227753,0.1507169008255005,-1.6044343709945679,0.298007071018219,3.1091105937957764,0.2479366809129715,1.8644003868103027,-0.9602282643318176,-0.11057348549365997,1.164950966835022,0.3873554766178131,-0.028963685035705566,0.4402119517326355,-1.2915165424346924,-0.4557540714740753,0.20407035946846008,-0.26397448778152466,0.1237976923584938,-0.17002573609352112,0.2536243498325348,-0.2396671175956726,-0.1324039250612259,0.12052912265062332,0.034758828580379486,0.07108844816684723,-0.05727558210492134,-0.0037368936464190483,0.17819903790950775,0.08143818378448486
10.966667238622904,655,-200.0,-200.0,-200.0,-3.2378387451171875,32.128055572509766,-43.058143615722656,100.0,100.0,-100.0,100.0,100.0,100.0,137.44296264648438,73.3359375,7.96728515625,300.0,300.0,300.0,0.0,0.0,0.0,0.0,-73.80963134765625,-10.24017333984375,-39.56024169921875,-150.0,150.0,-70.51370239257812,-0.06489299982786179,-0.3229500651359558,0.1022706925868988,0.8562946915626526,0.006748250685632229,0.10974062979221344,-0.00011377436749171466,-0.018818162381649017,-0.4617029130458832,-0.13216297328472137,-0.002991989953443408,-0.0004256750689819455,0.1556445062160492,0.08374952524900436,-0.30168089270591736,-3.295917510986328,0.174610897898674,4.547513961791992,0.3609221577644348,0.2763301134109497,-0.7640573382377625,0.2223862111568451,0.699571967124939,0.48944881558418274,-0.17846636474132538,0.4168289303779602,-1.2637290954589844,0.36113107204437256,0.20407035946846008,-0.26397448778152466,0.1237976923584938,-0.17002573609352112,0.2536243498325348,-0.2396671175956726,-0.1324039250612259,0.12052912265062332,0.034758828580379486,0.07108844816684723,-0.05727558210492134,-0.0037368936464190483,0.17819903790950775,0.08143818378448486
10.983333906158805,656,-200.0,-200.0,-200.0,-50.0,-50.0,-50.0,-100.0,100.0,-100.0,100.0,-100.0,-100.0,-21.499786376953125,-300.0,-300.0,300.0,300.0,201.843017578125,0.0,0.0,0.0,0.0,48.4368896484375,-150.0,-150.0,-150.0,150.0,-150.0,-0.0682602971792221,-0.3729169964790344,0.10519872605800629,0.9227819442749023,0.012112252414226532,0.11380229890346527,-0.011928029358386993,-0.018938463181257248,-0.45197463035583496,-0.12863527238368988,-0.0026954582426697016,-0.000506004027556628,0.14529408514499664,0.08536040037870407,-0.2941967248916626,-2.8230032920837402,0.09089359641075134,3.814213275909424,0.3037729859352112,0.22730323672294617,-0.6563646197319031,0.03411621227860451,0.8138529062271118,0.2726263403892517,0.03083088994026184,0.4190295934677124,-1.06675124168396,0.21827812492847443,0.18727517127990723,-0.2428315132856369,0.10537686198949814,-0.18563593924045563,0.24779805541038513,-0.23165860772132874,-0.08408856391906738,0.1042688861489296,0.04461093991994858,-0.011098530143499374,-0.07276628166437149,0.0020493464544415474,0.22876137495040894,0.06709551066160202
11.000000573694706,657,-200.0,-200.0,-200.0,-23.07425308227539,-5.7602386474609375,-21.9927978515625,100.0,100.0,-100.0,100.0,100.0,100.0,181.2635498046875,63.74072265625,-5.5938568115234375,300.0,300.0,300.0,0.0,0.0,0.0,0.0,-72.24209594726562,-3.2796630859375,-32.7696533203125,-150.0,150.0,-150.0,-0.07165505737066269,-0.4328395426273346,0.10427553206682205,0.9851984977722168,0.017951764166355133,0.09361579269170761,-0.025347396731376648,-0.017015758901834488,-0.4496983289718628,-0.1267888844013214,-0.002966142725199461,0.0035046867560595274,0.1342824250459671,0.08674899488687515,-0.378212034702301,-3.3809187412261963,-0.11602264642715454,3.653535842895508,0.35069015622138977,-1.1463723182678223,-0.7339380383491516,0.18426083028316498,0.47434329986572266,0.1332281082868576,-0.11472199857234955,0.41248053312301636,-1.086958408355713,0.2761317789554596,0.18727517127990723,-0.2428315132856369,0.10537686198949814,-0.18563593924045563,0.24779805541038513,-0.23165860772132874,-0.08408856391906738,0.1042688861489296,0.04461093991994858,-0.011098530143499374,-0.07276628166437149,0.0020493464544415474,0.22876137495040894,0.06709551066160202
11.016667241230607,658,-149.0599365234375,-200.0,-200.0,5.507087707519531,-22.21190071105957,-14.712516784667969,-100.0,100.0,18.8031005859375,100.0,-100.0,-100.0,113.24127197265625,-300.0,-300.0,300.0,300.0,300.0,0.0,0.0,0.0,0.0,10.487030029296875,-150.0,-124.04351806640625,-150.0,150.0,-150.0,-0.07542961090803146,-0.484223872423172,0.10283050686120987,1.0329325199127197,0.02302255667746067,0.07627608627080917,-0.03683935105800629,-0.015228561125695705,-0.44390279054641724,-0.12705938518047333,-0.0030417991802096367,0.004872073419392109,0.1240609660744667,0.08830234408378601,-0.37954288721084595,-2.880641460418701,-0.14084120094776154,2.561178207397461,0.31176069378852844,-0.9792395234107971,-0.6251894235610962,0.11841265857219696,0.49952375888824463,0.02291823923587799,-0.003126028925180435,0.4213426113128662,-1.0450315475463867,0.2020173966884613,0.16904284060001373,-0.21848519146442413,0.115312360227108,-0.1844303011894226,0.2351645827293396,-0.22582578659057617,-0.06146393343806267,0.12092705816030502,0.05262979492545128,-0.0651806890964508,-0.07891286164522171,-0.007828234694898129,0.23186922073364258,0.06468408554792404
11.033333908766508,659,-200.0,-200.0,-200.0,-9.71524429321289,12.726947784423828,-28.040027618408203,100.0,100.0,-100.0,100.0,65.308837890625,100.0,246.18267822265625,26.47119140625,-46.5565185546875,300.0,300.0,300.0,0.0,0.0,0.0,0.0,-80.49127197265625,-11.08056640625,-32.30242919921875,-150.0,150.0,-150.0,-0.07845694571733475,-0.5439739227294922,0.09788506478071213,1.0765304565429688,0.028259599581360817,0.04621567577123642,-0.04790209233760834,-0.010370096191763878,-0.44378721714019775,-0.12626883387565613,-0.0030452930368483067,0.007630185689777136,0.11313188821077347,0.08771190047264099,-0.42661169171333313,-3.3944008350372314,-0.33059027791023254,2.612640857696533,0.33878380060195923,-1.7038663625717163,-0.5946211814880371,0.3484373986721039,0.418692946434021,0.06852146238088608,-0.1028515100479126,0.4075695276260376,-1.0328094959259033,0.22374317049980164,0.16904284060001373,-0.21848519146442413,0.115312360227108,-0.1844303011894226,0.2351645827293396,-0.22582578659057617,-0.06146393343806267,0.12092705816030502,0.05262979492545128,-0.0651806890964508,-0.07891286164522171,-0.007828234694898129,0.23186922073364258,0.06468408554792404
11.05000057630241,660,-200.0,-200.0,-200.0,-50.0,-13.80078125,-47.306243896484375,-100.0,100.0,54.524322509765625,100.0,-100.0,-100.0,300.0,-300.0,-200.90264892578125,300.0,300.0,300.0,0.0,0.0,0.0,0.0,-36.0218505859375,-150.0,150.0,-150.0,150.0,-128.83323669433594,-0.0821416974067688,-0.5960960388183594,0.09306972473859787,1.1083927154541016,0.032935429364442825,0.020378733053803444,-0.05735022574663162,-0.005314819514751434,-0.4379221200942993,-0.12643200159072876,-0.003472435986623168,0.007896344177424908,0.10271678864955902,0.08912203460931778,-0.4333316385746002,-2.9188170433044434,-0.3215712606906891,1.6487315893173218,0.3004423677921295,-1.458632469177246,-0.5062668919563293,0.28980934619903564,0.5249155759811401,-0.02292121946811676,-0.019191956147551537,0.3790026605129242,-0.9889057278633118,0.1848161816596985,0.16126695275306702,-0.2098522037267685,0.12104863673448563,-0.17823350429534912,0.22267955541610718,-0.20046186447143555,-0.043463706970214844,0.12687936425209045,0.057139329612255096,-0.12193860113620758,-0.059018056839704514,-0.024496003985404968,0.25302499532699585,0.06901336461305618
11.06666724383831,661,-200.0,-200.0,-200.0,-28.944337844848633,-47.37961959838867,-10.732597351074219,100.0,100.0,-100.0,100.0,52.93994140625,95.0064697265625,300.0,78.037109375,106.3707275390625,300.0,300.0,300.0,0.0,0.0,0.0,0.0,-93.10403442382812,-10.214599609375,-31.025070190429688,-150.0,150.0,92.74530029296875,-0.08121338486671448,-0.6482363939285278,0.08711402863264084,1.130750060081482,0.037346966564655304,-0.017816202715039253,-0.06126570329070091,0.003415790619328618,-0.43418148159980774,-0.1261686533689499,-0.0033073737286031246,0.009239857085049152,0.09333208203315735,0.08636384457349777,-0.19822964072227478,-2.9536800384521484,-0.4407787024974823,1.232520341873169,0.30614060163497925,-2.153977155685425,-0.18431596457958221,0.4865260124206543,0.5299215316772461,-0.01835588365793228,-0.038690656423568726,0.35138294100761414,-0.9253508448600769,0.019034340977668762,0.16126695275306702,-0.2098522037267685,0.12104863673448563,-0.17823350429534912,0.22267955541610718,-0.20046186447143555,-0.043463706970214844,0.12687936425209045,0.057139329612255096,-0.12193860113620758,-0.059018056839704514,-0.024496003985404968,0.25302499532699585,0.06901336461305618
11.083333911374211,662,-200.0,-200.0,51.9951171875,-50.0,-50.0,13.003273010253906,-100.0,100.0,-100.0,100.0,-100.0,-100.0,300.0,-40.05712890625,-300.0,300.0,300.0,300.0,0.0,0.0,0.0,0.0,-5.05889892578125,-150.0,150.0,-150.0,150.0,-80.33431243896484,-0.0806688442826271,-0.6935172080993652,0.08169697970151901,1.1401088237762451,0.041029803454875946,-0.05049198493361473,-0.0646187961101532,0.011416731402277946,-0.42650482058525085,-0.12595058977603912,-0.0036287489347159863,0.009454956278204918,0.08324110507965088,0.08529312908649445,-0.1933114230632782,-2.5384602546691895,-0.3970419764518738,0.3233999013900757,0.2672998011112213,-1.837611198425293,-0.15724529325962067,0.4385431706905365,0.6204235553741455,-0.0336361899971962,0.0012636873871088028,0.27280092239379883,-0.9643769264221191,0.024561747908592224,0.14392074942588806,-0.19812490046024323,0.1452232152223587,-0.1664360612630844,0.20987451076507568,-0.17673948407173157,-0.010965604335069656,0.12313753366470337,0.06428425014019012,-0.1595735102891922,-0.014425107277929783,-0.03505159541964531,0.2581234574317932,0.05782491713762283
11.100000578910112,663,-200.0,-200.0,-200.0,-40.53327178955078,-50.0,-11.4764404296875,100.0,100.0,-100.0,100.0,2.098876953125,-100.0,300.0,118.774658203125,222.08251953125,300.0,300.0,300.0,0.0,0.0,0.0,0.0,-108.57728576660156,-17.49267578125,-22.265228271484375,-150.0,150.0,150.0,-0.07485673576593399,-0.7327125072479248,0.07307178527116776,1.1394662857055664,0.045100219547748566,-0.088988296687603,-0.05816938728094101,0.022367753088474274,-0.4152330458164215,-0.12379204481840134,-0.003959947265684605,0.007195774931460619,0.07199453562498093,0.07912248373031616,0.06656382977962494,-2.2389121055603027,-0.6552855372428894,-0.13156825304031372,0.31693246960639954,-2.1584432125091553,0.3997114300727844,0.5722485184669495,0.9058663249015808,0.044011637568473816,-0.02820480987429619,0.28973570466041565,-1.0058951377868652,-0.22056171298027039,0.14392074942588806,-0.19812490046024323,0.1452232152223587,-0.1664360612630844,0.20987451076507568,-0.17673948407173157,-0.010965604335069656,0.12313753366470337,0.06428425014019012,-0.1595735102891922,-0.014425107277929783,-0.03505159541964531,0.2581234574317932,0.05782491713762283
11.116667246446013,664,200.0,-200.0,200.0,-50.0,-9.16943359375,-47.00749206542969,100.0,100.0,-100.0,100.0,-100.0,-100.0,300.0,-300.0,291.6300048828125,300.0,300.0,300.0,0.0,0.0,0.0,0.0,-150.0,-150.0,150.0,-150.0,150.0,150.0,-0.06908335536718369,-0.767203152179718,0.0654868558049202,1.128306269645691,0.04867156967520714,-0.1218702644109726,-0.05259039252996445,0.03160952776670456,-0.4010241627693176,-0.12110820412635803,-0.004134487826377153,0.007730233017355204,0.059547308832407,0.07602018117904663,0.07641328871250153,-1.9465266466140747,-0.5831279754638672,-0.8395096063613892,0.2908448874950409,-1.839032530784607,0.34341931343078613,0.5086214542388916,1.0092579126358032,0.09822949022054672,-0.004988916218280792,0.28698769211769104,-1.0604264736175537,-0.06724150478839874,0.14613835513591766,-0.18268170952796936,0.17422236502170563,-0.14895831048488617,0.1792605221271515,-0.15483501553535461,-0.013290753588080406,0.13297221064567566,0.06009653955698013,-0.19092638790607452,0.026262154802680016,-0.03735622018575668,0.24520450830459595,0.06622827053070068
11.133333913981915,665,200.0,-200.0,-200.0,18.261611938476562,-50.0,-31.409351348876953,100.0,100.0,-100.0,100.0,-100.0,-100.0,252.39520263671875,275.5439453125,214.7471923828125,300.0,300.0,300.0,0.0,0.0,0.0,0.0,-150.0,-26.564208984375,-33.3525390625,-150.0,150.0,150.0,-0.06246296316385269,-0.8018249869346619,0.060089483857154846,1.1150928735733032,0.0510394312441349,-0.15869836509227753,-0.039275627583265305,0.04100605472922325,-0.38479849696159363,-0.11675051599740982,-0.0044770254753530025,0.0047416104935109615,0.04722737893462181,0.07059507817029953,0.1529950201511383,-1.9779456853866577,-0.4844256639480591,-0.7641674280166626,0.25934702157974243,-2.0553581714630127,0.7885507345199585,0.4855746924877167,1.2215981483459473,0.12698107957839966,-0.06611313670873642,0.20687763392925262,-0.9740604758262634,-0.2393856942653656,0.14613835513591766,-0.18268170952796936,0.17422236502170563,-0.14895831048488617,0.1792605221271515,-0.15483501553535461,-0.013290753588080406,0.13297221064567566,0.06009653955698013,-0.19092638790607452,0.026262154802680016,-0.03735622018575668,0.24520450830459595,0.06622827053070068
11.150000581517816,666,200.0,-200.0,-200.0,-50.0,-50.0,-19.158828735351562,-100.0,100.0,-100.0,100.0,-100.0,-100.0,300.0,299.99755859375,176.66912841796875,300.0,300.0,300.0,0.0,0.0,0.0,0.0,-150.0,-150.0,150.0,-150.0,150.0,116.42758178710938,-0.05727551504969597,-0.8318705558776855,0.055115312337875366,1.0941165685653687,0.05320120230317116,-0.19017980992794037,-0.027934975922107697,0.04906149208545685,-0.36541983485221863,-0.11337481439113617,-0.0045608715154230595,0.002932698931545019,0.0350630059838295,0.06665952503681183,0.11082759499549866,-1.6908307075500488,-0.41647058725357056,-1.3848037719726562,0.23998332023620605,-1.7534537315368652,0.6661098599433899,0.42703115940093994,1.3255611658096313,0.1316862553358078,-0.0032564979046583176,0.1998271346092224,-0.9983641505241394,-0.14916576445102692,0.14590075612068176,-0.1742810755968094,0.16997309029102325,-0.15476258099079132,0.19153659045696259,-0.13562989234924316,-0.00543927401304245,0.1254810392856598,0.05135077238082886,-0.20885759592056274,0.06488052010536194,-0.029538877308368683,0.25596877932548523,0.044334881007671356
11.166667249053717,667,101.27362060546875,-200.0,-200.0,-12.338088989257812,-50.0,-12.747421264648438,100.0,47.6650390625,-100.0,100.0,-100.0,-100.0,300.0,299.76611328125,300.0,300.0,300.0,300.0,0.0,0.0,0.0,0.0,-150.0,-19.0062255859375,-22.5858154296875,-150.0,150.0,150.0,-0.04745492339134216,-0.8574100136756897,0.0507352352142334,1.0619721412658691,0.053604066371917725,-0.2221226692199707,-0.010241729207336903,0.06053592264652252,-0.3452993631362915,-0.10913258045911789,-0.004218218848109245,-0.0013257537502795458,0.023364149034023285,0.06171945482492447,0.38365232944488525,-1.4353015422821045,-0.4922500252723694,-2.0963754653930664,0.17740437388420105,-1.7719651460647583,1.0280300378799438,0.582325279712677,1.328909158706665,0.12364956736564636,-0.01655813492834568,0.1712227463722229,-1.0156593322753906,-0.2133287489414215,0.14590075612068176,-0.1742810755968094,0.16997309029102325,-0.15476258099079132,0.19153659045696259,-0.13562989234924316,-0.00543927401304245,0.1254810392856598,0.05135077238082886,-0.20885759592056274,0.06488052010536194,-0.029538877308368683,0.25596877932548523,0.044334881007671356
11.183333916589618,668,200.0,-200.0,200.0,-50.0,-50.0,-50.0,-100.0,-100.0,-100.0,100.0,-100.0,-100.0,300.0,300.0,300.0,300.0,300.0,300.0,0.0,0.0,0.0,0.0,-150.0,123.4840087890625,150.0,-150.0,150.0,-19.501754760742188,-0.03836718574166298,-0.8785350918769836,0.04677111282944679,1.0170124769210815,0.054129403084516525,-0.2492457926273346,0.004863901063799858,0.07001525163650513,-0.3260173499584198,-0.10508157312870026,-0.003987019415944815,-0.002157361013814807,0.010187593288719654,0.05796895921230316,0.36431729793548584,-1.1852514743804932,-0.4430234134197235,-2.843632936477661,0.1776403784751892,-1.5025554895401,0.8783855438232422,0.5232067704200745,1.2803694009780884,0.15364506840705872,-0.00805475190281868,0.20062997937202454,-1.0275418758392334,-0.15776199102401733,0.1496160626411438,-0.1454465687274933,0.162146657705307,-0.13798806071281433,0.1949993371963501,-0.1174209788441658,-0.00741935521364212,0.14795184135437012,0.03771325573325157,-0.2024756520986557,0.07717397809028625,-0.027473092079162598,0.28161850571632385,0.028999479487538338
11.200000584125519,669,200.0,-200.0,200.0,4.7353057861328125,-50.0,11.48748779296875,-3.12841796875,-100.0,-12.03125,100.0,-54.41015625,-30.9443359375,274.3272705078125,300.0,300.0,300.0,300.0,300.0,0.0,0.0,0.0,0.0,-150.0,-4.2666015625,-29.5716552734375,-150.0,150.0,98.65603637695312,-0.023392057046294212,-0.8851441144943237,0.04420507699251175,0.9477558732032776,0.05249045416712761,-0.2706739604473114,0.020382972434163094,0.08352899551391602,-0.30320167541503906,-0.0964772030711174,-0.00409770617261529,-0.006960099563002586,-0.002947851549834013,0.05388360843062401,0.6970116496086121,-0.3368704617023468,-0.4951664209365845,-4.59547233581543,0.05277514457702637,-1.176790475845337,0.8995283842086792,0.7434143424034119,1.2678695917129517,0.3546845018863678,0.037705376744270325,0.44957220554351807,-1.0335079431533813,-0.2200206071138382,0.1496160626411438,-0.1454465687274933,0.162146657705307,-0.13798806071281433,0.1949993371963501,-0.1174209788441658,-0.00741935521364212,0.14795184135437012,0.03771325573325157,-0.2024756520986557,0.07717397809028625,-0.027473092079162598,0.28161850571632385,0.028999479487538338
11.21666725166142,670,200.0,-200.0,200.0,-50.0,-50.0,-50.0,-100.0,-100.0,-100.0,100.0,-100.0,-100.0,300.0,300.0,300.0,300.0,300.0,300.0,0.0,0.0,0.0,0.0,-150.0,150.0,-120.5474853515625,-150.0,150.0,-150.0,-0.010118937119841576,-0.8885718584060669,0.04192440211772919,0.8583891987800598,0.05103689804673195,-0.2886175513267517,0.03349095210433006,0.09487557411193848,-0.2876332700252533,-0.08811165392398834,-0.0036545766051858664,-0.001571723842062056,-0.01736590825021267,0.05032261461019516,0.6137230396270752,-0.16983391344547272,-0.43496713042259216,-5.597732067108154,0.06535029411315918,-0.9861980080604553,0.7728885412216187,0.6541411876678467,0.9381892681121826,0.34795042872428894,0.0004276896361261606,0.9354735612869263,-1.061169981956482,-0.2018987238407135,0.16348610818386078,-0.13379903137683868,0.15624582767486572,-0.12722434103488922,0.22208566963672638,-0.10289072245359421,-0.020554542541503906,0.18449106812477112,0.0028031449764966965,-0.17287056148052216,0.07180597633123398,-0.02627045288681984,0.2924380600452423,0.0026258453726768494
11.233333919197321,671,200.0,-200.0,200.0,23.791580200195312,-50.0,37.480712890625,-100.0,-100.0,100.0,100.0,52.9287109375,55.18212890625,101.533935546875,300.0,300.0,300.0,300.0,227.4288330078125,0.0,0.0,0.0,0.0,-150.0,13.213592529296875,-69.4000244140625,-150.0,150.0,-150.0,0.010835813358426094,-0.8755397200584412,0.043143678456544876,0.7382429838180542,0.04429571330547333,-0.29566526412963867,0.043941058218479156,0.11068328469991684,-0.2694750726222992,-0.07470259815454483,-0.004072474781423807,0.0030496406834572554,-0.03234880417585373,0.04807951673865318,1.1049033403396606,0.7437312602996826,-0.442703515291214,-7.706344127655029,-0.2483578473329544,-0.37375500798225403,0.6237529516220093,0.8701902627944946,0.9222773909568787,0.6869155168533325,0.0804971382021904,1.065531849861145,-1.0559015274047852,0.061092108488082886,0.16348610818386078,-0.13379903137683868,0.15624582767486572,-0.12722434103488922,0.22208566963672638,-0.10289072245359421,-0.020554542541503906,0.18449106812477112,0.0028031449764966965,-0.17287056148052216,0.07180597633123398,-0.02627045288681984,0.2924380600452423,0.0026258453726768494
11.250000586733222,672,200.0,-200.0,200.0,-38.852294921875,-50.0,-46.65040588378906,-6.9383544921875,-100.0,100.0,100.0,-100.0,-100.0,300.0,300.0,300.0,300.0,-300.0,213.8486328125,0.0,0.0,0.0,0.0,-150.0,150.0,150.0,-150.0,150.0,-150.0,0.028952481225132942,-0.861505925655365,0.044134870171546936,0.5957760214805603,0.03827287629246712,-0.3013319969177246,0.052439916878938675,0.12268562614917755,-0.26092052459716797,-0.061365142464637756,-0.003666035830974579,0.0098927216604352,-0.04750548303127289,0.04967444762587547,0.9453528523445129,0.8236784934997559,-0.37157437205314636,-8.679338455200195,-0.20236557722091675,-0.29473599791526794,0.5623483657836914,0.7539312839508057,0.5389582514762878,0.6456124186515808,-0.014303897507488728,0.7799043655395508,-1.0204722881317139,0.11571531742811203,0.1810048222541809,-0.11723247170448303,0.10929080098867416,-0.12214788049459457,0.23921805620193481,-0.0687728077173233,-0.013537265360355377,0.20457611978054047,-0.0362115204334259,-0.14343230426311493,0.0935085266828537,-0.01991719752550125,0.2882770001888275,0.005373893305659294
11.266667254269123,673,200.0,-200.0,200.0,50.0,-50.0,45.03047180175781,-100.0,-100.0,100.0,100.0,100.0,-100.0,-111.888671875,246.941162109375,300.0,28.6806640625,-300.0,-34.5494384765625,0.0,0.0,0.0,0.0,-150.0,-13.129638671875,-131.667724609375,-150.0,150.0,-150.0,0.04986871778964996,-0.8399927616119385,0.04985188692808151,0.41806718707084656,0.026507025584578514,-0.297794908285141,0.06485150754451752,0.13965532183647156,-0.2629190981388092,-0.04782061651349068,-0.0031905178911983967,0.004144694656133652,-0.0585087426006794,0.04945140704512596,1.1620186567306519,1.309451937675476,-0.21386101841926575,-11.206948280334473,-0.45547720789909363,0.2357044368982315,0.772011935710907,0.9791828989982605,-0.27427583932876587,0.6546792984008789,0.0284200981259346,0.37219804525375366,-0.876099705696106,0.015346229076385498,0.1810048222541809,-0.11723247170448303,0.10929080098867416,-0.12214788049459457,0.23921805620193481,-0.0687728077173233,-0.013537265360355377,0.20457611978054047,-0.0362115204334259,-0.14343230426311493,0.0935085266828537,-0.01991719752550125,0.2882770001888275,0.005373893305659294
11.283333921805024,674,101.26171875,0.375,200.0,50.0,-50.0,4.1305084228515625,-100.0,-100.0,-100.0,100.0,-50.40380859375,-100.0,300.0,300.0,300.0,300.0,-300.0,-300.0,0.0,0.0,0.0,0.0,-150.0,150.0,150.0,150.0,150.0,-150.0,0.06571556627750397,-0.8174426555633545,0.053771402686834335,0.2169475555419922,0.017262723296880722,-0.29439476132392883,0.07492762804031372,0.15224295854568481,-0.2761918306350708,-0.03720569610595703,-0.0028102563228458166,-0.004482672084122896,-0.06875182688236237,0.048580169677734375,0.919763445854187,1.2897777557373047,-0.16538271307945251,-12.097893714904785,-0.3327169716358185,0.2186943143606186,0.694445788860321,0.7379428148269653,-0.7592252492904663,0.5832241177558899,-0.008177526295185089,0.127374529838562,-0.820656955242157,0.027561254799365997,0.18654970824718475,-0.10303811728954315,0.0705488845705986,-0.1331598460674286,0.2669467628002167,-0.06577517837285995,0.033681757748126984,0.21290665864944458,-0.03572124242782593,-0.13252946734428406,0.11294092237949371,0.02795880287885666,0.2636908292770386,0.012862369418144226
11.300000589340925,675,200.0,200.0,28.841064453125,6.2408294677734375,36.67620849609375,50.0,-100.0,-100.0,100.0,100.0,100.0,-100.0,131.844970703125,300.0,300.0,300.0,-300.0,-300.0,0.0,0.0,0.0,0.0,-150.0,-11.8037109375,-120.276611328125,-55.4544677734375,150.0,-150.0,0.09033611416816711,-0.7878331542015076,0.05969114229083061,-5.67588176636491e-05,0.009730767458677292,-0.288566529750824,0.08775708824396133,0.16822074353694916,-0.29155173897743225,-0.026446547359228134,-0.0016370548401027918,-0.012019568122923374,-0.07906108349561691,0.051691897213459015,1.3286746740341187,0.5218338966369629,-0.1867057979106903,-10.503608703613281,-0.2333027720451355,0.3515828549861908,0.804343044757843,0.5976052284240723,-1.2096400260925293,0.7324249148368835,0.20323242247104645,0.4613727331161499,-0.827252209186554,0.36097225546836853,0.18654970824718475,-0.10303811728954315,0.0705488845705986,-0.1331598460674286,0.2669467628002167,-0.06577517837285995,0.033681757748126984,0.21290665864944458,-0.03572124242782593,-0.13252946734428406,0.11294092237949371,0.02795880287885666,0.2636908292770386,0.012862369418144226
11.316667256876826,676,-200.0,-200.0,-200.0,-50.0,-50.0,50.0,-100.0,100.0,100.0,100.0,100.0,100.0,-300.0,300.0,-300.0,-300.0,-300.0,300.0,0.0,0.0,0.0,0.0,150.0,150.0,-118.528564453125,150.0,150.0,-150.0,0.11788257956504822,-0.7940496802330017,0.06933178007602692,-0.00045933102956041694,-0.0006714152405038476,-0.2834509611129761,0.09726376831531525,0.17991791665554047,-0.27402397990226746,-0.014092780649662018,-0.0057639433071017265,-0.024721531197428703,-0.091498464345932,0.05490962788462639,1.4913712739944458,0.6144484877586365,-0.13207638263702393,-0.00511116161942482,-0.19958962500095367,0.2689542770385742,0.6900935173034668,0.7465486526489258,1.3549633026123047,0.1552434265613556,-0.051360368728637695,-0.3905995488166809,-1.055735468864441,-0.12684154510498047,0.1481180191040039,-0.18250079452991486,0.09302832186222076,-0.11683382093906403,0.16535870730876923,-0.03754422068595886,0.071703240275383,0.1702384650707245,0.0826597511768341,-0.052581436932086945,0.11167632043361664,-0.0012950515374541283,0.2287791222333908,-0.032109759747982025
11.333333924412727,677,-200.0,-200.0,200.0,-35.076171875,-50.0,50.0,-100.0,-100.0,100.0,100.0,100.0,100.0,-275.1488037109375,300.0,300.0,-26.30810546875,-300.0,-276.5135192871094,0.0,0.0,0.0,0.0,-140.4072265625,70.1312255859375,136.4930419921875,-150.0,150.0,150.0,0.1317511945962906,-0.7540265321731567,0.06629100441932678,-0.0002248972305096686,0.012209409847855568,-0.25648781657218933,0.10625593364238739,0.1768515557050705,-0.24331459403038025,-0.002637444296851754,0.004308074712753296,-0.003873621579259634,-0.11884415149688721,0.041159242391586304,0.6043030023574829,2.512620687484741,-0.6596079468727112,-0.012557754293084145,0.8660452365875244,1.4941860437393188,0.3776234984397888,-0.21514862775802612,1.2585036754608154,0.4317271411418915,1.4285908937454224,1.1619285345077515,-2.011563777923584,-1.0101580619812012,0.1481180191040039,-0.18250079452991486,0.09302832186222076,-0.11683382093906403,0.16535870730876923,-0.03754422068595886,0.071703240275383,0.1702384650707245,0.0826597511768341,-0.052581436932086945,0.11167632043361664,-0.0012950515374541283,0.2287791222333908,-0.032109759747982025
11.350000591948628,678,-200.0,200.0,200.0,50.0,-5.722930908203125,-50.0,-100.0,-100.0,100.0,100.0,100.0,100.0,-300.0,300.0,300.0,-300.0,-300.0,41.350738525390625,0.0,0.0,0.0,0.0,150.0,150.0,-150.0,150.0,150.0,150.0,0.14153623580932617,-0.7093656063079834,0.061332907527685165,-0.0001793077972251922,0.02317238599061966,-0.23325951397418976,0.11360257118940353,0.1729239523410797,-0.23540934920310974,0.0019652971532195807,0.04287508875131607,-0.0009744993294589221,-0.15296421945095062,0.024595068767666817,0.4015808701515198,2.6512467861175537,-0.6628886461257935,0.002875477308407426,0.7212496995925903,1.2884389162063599,0.31218382716178894,-0.23543980717658997,0.111158087849617,0.20716476440429688,2.687157392501831,-0.3278874158859253,-1.8032095432281494,-0.9181596636772156,0.1453769952058792,-0.22974474728107452,0.04994222894310951,-0.11644837260246277,0.0775982216000557,-0.05770210176706314,0.09394071996212006,0.14241532981395721,0.11802376806735992,0.012426882982254028,0.06740227341651917,0.025280211120843887,0.1405310332775116,-0.025853129103779793
11.36666725948453,679,-113.645263671875,-200.0,200.0,47.85024642944336,-33.11627197265625,50.0,-100.0,-50.58642578125,100.0,100.0,100.0,100.0,-300.0,300.0,300.0,300.0,-300.0,113.5980224609375,0.0,0.0,0.0,0.0,-76.376220703125,79.12109375,150.0,150.0,150.0,150.0,0.13882899284362793,-0.6396229267120361,0.056649722158908844,-0.0002190071827499196,0.03830202668905258,-0.1950317621231079,0.11032471805810928,0.15753619372844696,-0.23826909065246582,0.0033731204457581043,0.1274486631155014,-0.0035744993947446346,-0.2025870978832245,0.007779300678521395,-0.23435361683368683,4.197528839111328,-0.5318659543991089,-0.001996667357161641,0.9195725321769714,2.1198506355285645,-0.3098646402359009,-0.9031866788864136,-0.9385100603103638,0.1510547548532486,6.107804775238037,-0.43864721059799194,-2.8859806060791016,-1.0050783157348633,0.1453769952058792,-0.22974474728107452,0.04994222894310951,-0.11644837260246277,0.0775982216000557,-0.05770210176706314,0.09394071996212006,0.14241532981395721,0.11802376806735992,0.012426882982254028,0.06740227341651917,0.025280211120843887,0.1405310332775116,-0.025853129103779793
11.38333392702043,680,-200.0,200.0,200.0,33.69612121582031,-50.0,50.0,25.006591796875,-100.0,100.0,100.0,100.0,100.0,-300.0,300.0,300.0,-57.7696533203125,-300.0,204.0623016357422,0.0,0.0,0.0,0.0,150.0,150.0,-150.0,150.0,150.0,150.0,0.13414277136325836,-0.5702096223831177,0.051122333854436874,-0.00012834236258640885,0.05113014951348305,-0.16222625970840454,0.1077221930027008,0.14311610162258148,-0.2664830684661865,0.0018305735429748893,0.24527043104171753,-0.007852902635931969,-0.24209344387054443,-0.007959792390465736,-0.3130670487880707,4.059652328491211,-0.5439502596855164,0.007460642606019974,0.8040695190429688,1.8073570728302002,-0.2507919371128082,-0.838502824306488,-1.9913116693496704,0.12872354686260223,7.329815864562988,-0.316109299659729,-2.224471092224121,-0.9404573440551758,0.1904943734407425,-0.2572918236255646,0.04856142774224281,-0.11555133759975433,0.07865269482135773,-0.07674173265695572,0.09306041896343231,0.10974765568971634,0.15404018759727478,0.051386717706918716,0.03698068484663963,0.08205585926771164,0.10585304349660873,-0.024001361802220345
11.400000594556332,681,-185.52197265625,200.0,200.0,30.198997497558594,38.81439208984375,50.0,-100.0,-100.0,100.0,100.0,100.0,100.0,-300.0,-1.3623046875,300.0,300.0,111.41455078125,-210.55905151367188,0.0,0.0,0.0,0.0,-84.8216552734375,90.646728515625,149.50286865234375,150.0,150.0,150.0,0.12021762877702713,-0.4998331665992737,0.057351160794496536,-3.5923465475207195e-05,0.06794463843107224,-0.12330558151006699,0.09917148947715759,0.12169776856899261,-0.30120036005973816,0.002256440231576562,0.3786824941635132,-0.011875748634338379,-0.269365131855011,-0.013038926757872105,-0.5719987750053406,4.13388729095459,0.2231980413198471,0.008538812398910522,1.0076794624328613,2.14050555229187,-0.6058329939842224,-1.151745319366455,-2.339017868041992,0.36568179726600647,8.153304100036621,-0.4301845133304596,-0.9369332790374756,-0.3863188624382019,0.1904943734407425,-0.2572918236255646,0.04856142774224281,-0.11555133759975433,0.07865269482135773,-0.07674173265695572,0.09306041896343231,0.10974765568971634,0.15404018759727478,0.051386717706918716,0.03698068484663963,0.08205585926771164,0.10585304349660873,-0.024001361802220345
11.416667262092233,682,200.0,-200.0,-200.0,27.71342658996582,-50.0,50.0,-100.0,100.0,100.0,100.0,-100.0,100.0,-300.0,300.0,-300.0,300.0,-300.0,-300.0,0.0,0.0,0.0,0.0,150.0,-150.0,-150.0,150.0,150.0,-150.0,0.1180674284696579,-0.4760943353176117,0.08091124892234802,-0.009858223609626293,-0.028735460713505745,-0.08776672184467316,0.12260227650403976,0.10970485955476761,-0.33935168385505676,0.01684163697063923,0.5080878138542175,-0.0213191919028759,-0.26301851868629456,-0.003246455453336239,0.1614721566438675,0.8103125095367432,1.250298261642456,1.8701368570327759,-0.26146936416625977,4.912894248962402,0.8866328597068787,-0.4313400387763977,-0.9074670076370239,1.033658504486084,6.888777256011963,-0.22757366299629211,1.554853081703186,0.7371902465820312,0.2184615433216095,-0.1774785816669464,-0.044453006237745285,-0.13245514035224915,0.12039227038621902,-0.1321098804473877,0.08116449415683746,0.08618108928203583,0.14383584260940552,-0.008477330207824707,0.08842280507087708,0.08411993086338043,0.07174511253833771,0.006922817789018154
11.433333929628134,683,-200.0,-200.0,200.0,-50.0,-50.0,47.03908157348633,-100.0,-100.0,100.0,100.0,-100.0,100.0,-300.0,300.0,300.0,300.0,-300.0,118.29428100585938,0.0,0.0,0.0,0.0,150.0,-150.0,150.0,150.0,-150.0,150.0,0.12446832656860352,-0.45742663741111755,0.09315202385187149,0.0014721999177709222,-0.027778757736086845,0.03913278132677078,0.10809166729450226,0.12064244598150253,-0.3734666109085083,0.015211662277579308,0.6324747204780579,-0.012302483431994915,-0.2189299762248993,-0.013180647976696491,-0.013008356094360352,1.9748313426971436,0.04739022254943848,-0.23338890075683594,0.14870589971542358,4.130035400390625,-1.4225053787231445,0.2041500210762024,-2.180560350418091,-0.2354651689529419,7.570018768310547,0.8501507043838501,4.24725866317749,-0.572229266166687,0.2184615433216095,-0.1774785816669464,-0.044453006237745285,-0.13245514035224915,0.12039227038621902,-0.1321098804473877,0.08116449415683746,0.08618108928203583,0.14383584260940552,-0.008477330207824707,0.08842280507087708,0.08411993086338043,0.07174511253833771,0.006922817789018154
11.450000597164035,684,-200.0,200.0,-200.0,50.0,50.0,-24.723161697387695,100.0,-100.0,100.0,-85.3955078125,-100.0,100.0,-300.0,300.0,300.0,122.13587951660156,-300.0,-64.57656860351562,0.0,0.0,0.0,0.0,150.0,-150.0,150.0,-150.0,-150.0,-150.0,0.12401436269283295,-0.42798373103141785,0.09628927707672119,-0.00031879698508419096,-0.03468102216720581,0.10155808925628662,0.08783800899982452,0.12402522563934326,-0.41669198870658875,0.0129969147965312,0.7601662874221802,0.001868675579316914,-0.16448986530303955,-0.008946496993303299,0.019473783671855927,1.8089580535888672,0.046444348990917206,-0.025725403800606728,-0.6156972050666809,2.8467721939086914,-1.0976637601852417,0.000622093677520752,-2.694026231765747,-0.020164264366030693,7.809980392456055,0.9903743267059326,3.0819528102874756,0.2337852120399475,0.2279392033815384,-0.19977596402168274,-0.11569055914878845,-0.12722231447696686,0.15808197855949402,-0.05358928442001343,0.03547009453177452,0.14742545783519745,0.0854412391781807,0.05593395605683327,0.03489231690764427,0.07479552924633026,0.011728919111192226,-0.036957770586013794
11.466667264699936,685,-200.0,-200.0,-200.0,48.395721435546875,50.0,26.788665771484375,-100.0,100.0,100.0,-44.92108154296875,-100.0,100.0,-300.0,300.0,300.0,-300.0,-300.0,-300.0,0.0,0.0,0.0,0.0,150.0,-150.0,150.0,22.24676513671875,24.4495849609375,-10.49847412109375,0.12495629489421844,-0.4046349823474884,0.09873749315738678,0.0003904454060830176,-0.05082203075289726,0.14555573463439941,0.05586825683712959,0.13083910942077637,-0.4902074933052063,0.018242742866277695,0.9219198226928711,0.01525825448334217,-0.13725535571575165,-0.014257148839533329,0.28854382038116455,1.4622031450271606,0.00952716264873743,0.190969780087471,-0.9663991928100586,0.3387709856033325,-1.8684812784194946,0.5631678104400635,-4.655216217041016,0.5326827168464661,10.286086082458496,0.6112604737281799,1.5763962268829346,-0.3642946779727936,0.2279392033815384,-0.19977596402168274,-0.11569055914878845,-0.12722231447696686,0.15808197855949402,-0.05358928442001343,0.03547009453177452,0.14742545783519745,0.0854412391781807,0.05593395605683327,0.03489231690764427,0.07479552924633026,0.011728919111192226,-0.036957770586013794
11.483333932235837,686,-200.0,-200.0,200.0,50.0,50.0,50.0,-100.0,-23.88720703125,100.0,-100.0,100.0,100.0,-300.0,-165.869140625,300.0,234.85914611816406,-300.0,-300.0,0.0,0.0,0.0,0.0,150.0,150.0,150.0,150.0,-150.0,150.0,0.13186165690422058,-0.38217589259147644,0.10428810864686966,-0.00017457058129366487,-0.06074650213122368,0.1359948217868805,0.0321689173579216,0.13995496928691864,-0.5689067244529724,0.023233402520418167,1.072790503501892,0.02130049839615822,-0.11189492046833038,-0.021694686263799667,0.10196661949157715,1.5248103141784668,0.0950792133808136,-0.251115083694458,0.6186813116073608,-1.757703185081482,-1.3378145694732666,-0.007264226675033569,-4.637519836425781,0.36446988582611084,8.659440040588379,0.5823875069618225,1.4032173156738281,-0.2753313481807709,0.2535029351711273,-0.18319907784461975,-0.1146843209862709,-0.1336730718612671,0.13386277854442596,-0.023802317678928375,-0.006384357810020447,0.1397341787815094,0.13174834847450256,0.0863199383020401,-0.002967764623463154,0.1630239188671112,-0.026188746094703674,0.02652149461209774
11.500000599771738,687,-200.0,-200.0,-200.0,-50.0,-27.240707397460938,18.050384521484375,-100.0,100.0,100.0,-9.853607177734375,-100.0,100.0,-300.0,300.0,123.8333740234375,300.0,-300.0,-300.0,0.0,0.0,0.0,0.0,150.0,150.0,150.0,-43.244140625,-148.4716796875,-38.865234375,0.12241194397211075,-0.3717956244945526,0.1179882138967514,-0.0009755106875672936,-0.05690561980009079,0.12078475952148438,0.014629494398832321,0.13064353168010712,-0.6466783881187439,0.01709180511534214,1.1931434869766235,0.0405968613922596,-0.10065528005361557,-0.013836143538355827,-0.5127393007278442,0.8507187366485596,0.7696506977081299,-0.026119060814380646,0.13031262159347534,-1.055380940437317,-0.9622376561164856,-0.836688756942749,-4.32224178314209,0.04993196576833725,6.781660556793213,1.338951587677002,0.6333309412002563,0.5425876379013062,0.2535029351711273,-0.18319907784461975,-0.1146843209862709,-0.1336730718612671,0.13386277854442596,-0.023802317678928375,-0.006384357810020447,0.1397341787815094,0.13174834847450256,0.0863199383020401,-0.002967764623463154,0.1630239188671112,-0.026188746094703674,0.02652149461209774
11.51666726730764,688,200.0,-200.0,-200.0,-50.0,50.0,-32.31488037109375,-100.0,-100.0,100.0,100.0,100.0,100.0,-300.0,300.0,300.0,300.0,-127.85498046875,-300.0,0.0,0.0,0.0,0.0,150.0,150.0,150.0,150.0,150.0,-150.0,0.11315122246742249,-0.3606017231941223,0.12918782234191895,-0.0009223096421919763,-0.06020958349108696,0.10812989622354507,0.0004900926141999662,0.12350175529718399,-0.7135158777236938,0.011936887167394161,1.2890229225158691,0.06009789556264877,-0.09134238213300705,-0.005248355213552713,-0.52252197265625,0.8574212789535522,0.6174617409706116,-0.004193359985947609,0.17080186307430267,-0.9910017251968384,-0.8243483304977417,-0.5443438291549683,-3.7557601928710938,0.10699857771396637,5.374577045440674,1.0969740152359009,0.5282642841339111,0.47240376472473145,0.2872288227081299,-0.22281663119792938,-0.11413278430700302,-0.16880173981189728,0.12431257218122482,-0.02892792597413063,0.004882628098130226,0.1314782053232193,0.09248960018157959,0.0836002379655838,0.00847251620143652,0.17677521705627441,-0.002411888213828206,0.01704266108572483
11.53333393484354,689,200.0,-200.0,-200.0,12.899459838867188,-50.0,-14.511558532714844,-100.0,100.0,100.0,100.0,-100.0,100.0,-300.0,300.0,67.7283935546875,300.0,-300.0,-300.0,0.0,0.0,0.0,0.0,150.0,150.0,150.0,15.674560546875,-16.171630859375,8.376312255859375,0.10315029323101044,-0.3349200487136841,0.14844274520874023,-0.0030763333197683096,-0.06499272584915161,0.09111090004444122,-0.008284582756459713,0.11600856482982635,-0.7563214302062988,0.0012893516104668379,1.3658053874969482,0.07807528972625732,-0.07820657640695572,-0.0009184791124425828,-0.43561530113220215,1.6335480213165283,1.0569424629211426,-0.017582524567842484,0.260578453540802,-1.157435417175293,-0.4916701316833496,-0.7592249512672424,-2.497837543487549,-0.22487039864063263,4.439769268035889,1.0567543506622314,0.7498732805252075,0.23983551561832428,0.2872288227081299,-0.22281663119792938,-0.11413278430700302,-0.16880173981189728,0.12431257218122482,-0.02892792597413063,0.004882628098130226,0.1314782053232193,0.09248960018157959,0.0836002379655838,0.00847251620143652,0.17677521705627441,-0.002411888213828206,0.01704266108572483
11.550000602379441,690,-200.0,-200.0,-200.0,-8.736366271972656,50.0,-25.49212646484375,100.0,-100.0,100.0,100.0,100.0,100.0,-300.0,300.0,300.0,300.0,-300.0,300.0,0.0,0.0,0.0,0.0,150.0,150.0,150.0,150.0,-133.7857666015625,150.0,0.0940701887011528,-0.3108465075492859,0.16471914947032928,-0.0022303040605038404,-0.06889927387237549,0.07750564068555832,-0.015078079886734486,0.10976118594408035,-0.796585738658905,-0.007682150229811668,1.4315853118896484,0.0945744663476944,-0.06672649085521698,0.0038599546533077955,-0.42487555742263794,1.6283692121505737,0.8427486419677734,0.03953954204916954,0.15960733592510223,-1.059442400932312,-0.442317396402359,-0.6334543824195862,-2.331392288208008,-0.20308203995227814,3.746593475341797,0.8981034755706787,0.6615151166915894,0.18989241123199463,0.3049185276031494,-0.23633886873722076,-0.14416790008544922,-0.13792499899864197,0.06695988029241562,-0.06073371320962906,-0.017548922449350357,0.12804140150547028,0.1375415176153183,0.10182516276836395,0.023211484774947166,0.20842479169368744,-0.006380659528076649,0.02647179365158081
11.566667269915342,691,200.0,-200.0,-120.7457275390625,20.147533416748047,-24.227996826171875,-23.209693908691406,-100.0,100.0,100.0,100.0,-100.0,100.0,-300.0,300.0,197.2869873046875,300.0,-300.0,-300.0,0.0,0.0,0.0,0.0,150.0,150.0,150.0,4.1231689453125,-10.3746337890625,19.02764892578125,0.08138109743595123,-0.28689807653427124,0.18200966715812683,-0.002928127534687519,-0.07322905212640762,0.06278304010629654,-0.02137543261051178,0.10210266709327698,-0.8398210406303406,-0.007583634927868843,1.4900588989257812,0.11337684839963913,-0.058666545897722244,0.009763995185494423,-0.6586799025535583,1.6301579475402832,0.9392051696777344,-0.018055588006973267,0.25800424814224243,-1.1548062562942505,-0.4106680154800415,-0.5476253628730774,-2.612578868865967,0.33849167823791504,3.4340133666992188,1.045252799987793,0.4732191264629364,0.25537124276161194,0.3049185276031494,-0.23633886873722076,-0.14416790008544922,-0.13792499899864197,0.06695988029241562,-0.06073371320962906,-0.017548922449350357,0.12804140150547028,0.1375415176153183,0.10182516276836395,0.023211484774947166,0.20842479169368744,-0.006380659528076649,0.02647179365158081
11.583333937451243,692,-200.0,-200.0,134.13134765625,20.489288330078125,31.041717529296875,-40.86198425292969,100.0,-100.0,100.0,47.404205322265625,100.0,100.0,-300.0,300.0,288.5455322265625,300.0,-300.0,-184.70767211914062,0.0,0.0,0.0,0.0,150.0,150.0,150.0,150.0,-150.0,150.0,0.06915225833654404,-0.2630158066749573,0.19575154781341553,-0.0023969539906829596,-0.07497710734605789,0.04798642173409462,-0.026974938809871674,0.09581081569194794,-0.8835550546646118,-0.006778830196708441,1.539633870124817,0.1291598677635193,-0.051594868302345276,0.014396045356988907,-0.6771036982536316,1.6579102277755737,0.7444862127304077,-0.017491161823272705,0.3746633231639862,-1.1764776706695557,-0.34736889600753784,-0.466130793094635,-2.5267627239227295,0.32893624901771545,2.800734519958496,0.8865116834640503,0.4064565896987915,0.20639806985855103,0.3046647012233734,-0.2473275512456894,-0.1645895391702652,-0.12230974435806274,0.060370512306690216,-0.0634574368596077,-0.027758564800024033,0.12669682502746582,0.15956608951091766,0.13962224125862122,0.026823323220014572,0.23349282145500183,-0.031576987355947495,0.05055214464664459
11.600000604987144,693,54.83056640625,-200.0,-200.0,25.692420959472656,-3.312042236328125,-26.289640426635742,-100.0,100.0,100.0,100.0,-100.0,100.0,-300.0,300.0,-57.8099365234375,226.90322875976562,-300.0,-300.0,0.0,0.0,0.0,0.0,150.0,150.0,150.0,-1.756591796875,-28.219158172607422,10.428955078125,0.05274762213230133,-0.24070829153060913,0.2094862461090088,-0.0029346661176532507,-0.0750499740242958,0.03389135003089905,-0.02662920393049717,0.08790095150470734,-0.9291847348213196,-0.003242508741095662,1.5808039903640747,0.14635400474071503,-0.05300774425268173,0.023171287029981613,-0.8076668977737427,1.4884458780288696,0.8086406588554382,0.011593339964747429,0.7386714220046997,-1.0403083562850952,0.004368813708424568,-0.32153525948524475,-2.704195737838745,0.5232074856758118,2.350911855697632,0.9831240773200989,-0.05153132975101471,0.46502724289894104,0.3046647012233734,-0.2473275512456894,-0.1645895391702652,-0.12230974435806274,0.060370512306690216,-0.0634574368596077,-0.027758564800024033,0.12669682502746582,0.15956608951091766,0.13962224125862122,0.026823323220014572,0.23349282145500183,-0.031576987355947495,0.05055214464664459
11.616667272523046,694,-200.0,-200.0,200.0,33.27991485595703,50.0,30.70684051513672,100.0,-100.0,100.0,-100.0,100.0,100.0,-300.0,300.0,44.5589599609375,-201.42559814453125,-300.0,-300.0,0.0,0.0,0.0,0.0,150.0,150.0,150.0,150.0,-150.0,150.0,0.03751920908689499,-0.21882212162017822,0.22075818479061127,-0.0024020785931497812,-0.07236816734075546,0.01909014582633972,-0.025911672040820122,0.08304263651371002,-0.9737300872802734,0.000945856561884284,1.611828327178955,0.1611378937959671,-0.05400564521551132,0.030631687492132187,-0.7847007513046265,1.4757981300354004,0.6604719758033752,0.004800010472536087,0.9847752451896667,-1.1021814346313477,0.028579436242580414,-0.15529604256153107,-2.571463108062744,0.44773152470588684,1.656295657157898,0.8398938179016113,-0.03270484879612923,0.3819967806339264,0.30611860752105713,-0.25737613439559937,-0.18985430896282196,-0.11687126755714417,0.03808111697435379,-0.07124622911214828,-0.03131144866347313,0.12573294341564178,0.1438809335231781,0.16378584504127502,0.02880142070353031,0.263268381357193,-0.05242985486984253,0.06881017237901688
11.633333940058947,695,-194.16455078125,-200.0,-200.0,3.9148521423339844,2.192138671875,-23.258819580078125,-34.938720703125,100.0,100.0,-78.96186065673828,-100.0,100.0,-300.0,300.0,-205.177978515625,-254.22235107421875,-300.0,-300.0,0.0,0.0,0.0,0.0,150.0,150.0,150.0,-16.18408203125,-21.0867919921875,7.98602294921875,0.02068633958697319,-0.20029684901237488,0.23185008764266968,-0.0030445449519902468,-0.06957796216011047,0.0035489466972649097,-0.022051865234971046,0.07924910634756088,-1.0215989351272583,0.004966832231730223,1.6348005533218384,0.17842015624046326,-0.061277005821466446,0.04049729183316231,-0.8754259943962097,1.2684377431869507,0.6948440074920654,0.012272976338863373,0.7332653999328613,-1.030443787574768,0.2528209686279297,-0.08664482831954956,-2.8133649826049805,0.4440199136734009,1.2782196998596191,0.9868618249893188,-0.37540921568870544,0.5488291382789612,0.30611860752105713,-0.25737613439559937,-0.18985430896282196,-0.11687126755714417,0.03808111697435379,-0.07124622911214828,-0.03131144866347313,0.12573294341564178,0.1438809335231781,0.16378584504127502,0.02880142070353031,0.263268381357193,-0.05242985486984253,0.06881017237901688
11.650000607594848,696,-200.0,-200.0,-200.0,50.0,50.0,3.9829635620117188,100.0,-100.0,100.0,-100.0,100.0,100.0,-300.0,300.0,203.978515625,-300.0,-300.0,-283.1192626953125,0.0,0.0,0.0,0.0,150.0,150.0,150.0,-34.59002685546875,-150.0,37.12713623046875,0.0058685666881501675,-0.18209603428840637,0.24110610783100128,-0.002466274192556739,-0.0692984089255333,-0.010442082770168781,-0.01795097626745701,0.07818188518285751,-1.0674569606781006,0.009714161045849323,1.6485106945037842,0.1932208240032196,-0.06721038371324539,0.04887530207633972,-0.7731160521507263,1.2487115859985352,0.5506042838096619,0.014967985451221466,0.7331128120422363,-1.036522388458252,0.19466154277324677,0.04229459911584854,-2.6384241580963135,0.3811982274055481,0.6258417367935181,0.8458875417709351,-0.3044348359107971,0.4531860947608948,0.3173581063747406,-0.28122735023498535,-0.2063063383102417,-0.1126636415719986,0.04174298048019409,-0.10198177397251129,-0.03418800234794617,0.12996505200862885,0.13627099990844727,0.1873762160539627,0.02253228984773159,0.2624061107635498,-0.06248133257031441,0.06978186964988708
11.666667275130749,697,-95.695556640625,-200.0,-80.3199462890625,9.646728515625,-9.04437255859375,-19.141868591308594,52.3826904296875,100.0,100.0,-100.0,-100.0,100.0,-300.0,300.0,-95.2421875,-300.0,-300.0,-300.0,0.0,0.0,0.0,0.0,150.0,150.0,150.0,-26.0701904296875,-9.285064697265625,13.057952880859375,-0.008077518083155155,-0.16504287719726562,0.25148069858551025,-0.0029836760368198156,-0.07032439857721329,-0.025677310302853584,-0.016555089503526688,0.07667230069637299,-1.1131541728973389,0.015016748569905758,1.6531342267990112,0.20575964450836182,-0.07543743401765823,0.0559762604534626,-0.7416883707046509,1.1592233180999756,0.6209379434585571,0.010007962584495544,0.6056622266769409,-1.0571364164352417,0.05675935000181198,-0.021424882113933563,-2.6485755443573,0.45170676708221436,0.12511661648750305,0.7130643725395203,-0.4370783865451813,0.4031808376312256,0.3173581063747406,-0.28122735023498535,-0.2063063383102417,-0.1126636415719986,0.04174298048019409,-0.10198177397251129,-0.03418800234794617,0.12996505200862885,0.13627099990844727,0.1873762160539627,0.02253228984773159,0.2624061107635498,-0.06248133257031441,0.06978186964988708
11.68333394266665,698,104.965087890625,-200.0,-153.633056640625,29.63399887084961,50.0,40.02752685546875,69.4481201171875,-100.0,100.0,-100.0,37.6650390625,100.0,-300.0,-35.55615234375,244.34027099609375,-300.0,-31.3896484375,-300.0,0.0,0.0,0.0,0.0,150.0,150.0,150.0,-150.0,-125.85836791992188,33.35693359375,-0.020134249702095985,-0.14864501357078552,0.2597463130950928,-0.0026679534930735826,-0.07008355110883713,-0.040514182299375534,-0.015708286315202713,0.07444217801094055,-1.1555217504501343,0.0199915561825037,1.6471519470214844,0.21636103093624115,-0.08223580569028854,0.06194417551159859,-0.6364560127258301,1.1095830202102661,0.493183434009552,0.0066544972360134125,0.7344403266906738,-1.0743964910507202,-0.00587884709239006,-0.057343631982803345,-2.4120113849639893,0.43514758348464966,-0.5709871053695679,0.6037114262580872,-0.36299771070480347,0.3392850160598755,0.3265533447265625,-0.2946241497993469,-0.2006548047065735,-0.10693474858999252,0.039933107793331146,-0.11531978100538254,-0.022592928260564804,0.13628780841827393,0.1608477085828781,0.2052055448293686,0.018892750144004822,0.2466091513633728,-0.06746254861354828,0.07074856013059616
11.70000061020255,699,74.681396484375,-200.0,-200.0,19.3482666015625,-35.374664306640625,-28.547264099121094,100.0,100.0,100.0,-100.0,-100.0,100.0,-300.0,250.584228515625,-65.6754150390625,-300.0,5.64599609375,-300.0,0.0,0.0,0.0,0.0,150.0,150.0,150.0,-19.923797607421875,-32.033233642578125,7.562957763671875,-0.03292755410075188,-0.13701537251472473,0.26933053135871887,-0.002380999969318509,-0.06508161872625351,-0.05488033592700958,-0.013733302243053913,0.07073283195495605,-1.1929999589920044,0.026212070137262344,1.6267250776290894,0.22290602326393127,-0.08919304609298706,0.06721296161413193,-0.7140428423881531,0.8268169164657593,0.5777010917663574,-0.01312454417347908,0.9771460294723511,-1.1071569919586182,0.03304387256503105,-0.12666073441505432,-2.0587759017944336,0.5266190767288208,-1.509273886680603,0.3708116412162781,-0.37530317902565,0.30910664796829224,0.3265533447265625,-0.2946241497993469,-0.2006548047065735,-0.10693474858999252,0.039933107793331146,-0.11531978100538254,-0.022592928260564804,0.13628780841827393,0.1608477085828781,0.2052055448293686,0.018892750144004822,0.2466091513633728,-0.06746254861354828,0.07074856013059616
11.716667277738452,700,200.0,-200.0,27.252197265625,18.681520462036133,-4.83770751953125,5.89703369140625,100.0,-100.0,100.0,-100.0,-100.0,100.0,-300.0,-214.399169921875,-300.0,-300.0,300.0,-300.0,0.0,0.0,0.0,0.0,150.0,150.0,150.0,-150.0,93.57254028320312,27.712646484375,-0.04444139450788498,-0.12697826325893402,0.27706217765808105,-0.0027520747389644384,-0.06095001846551895,-0.0709070935845375,-0.012957428582012653,0.06560975313186646,-1.2242681980133057,0.03125018626451492,1.5929383039474487,0.22830049693584442,-0.09517477452754974,0.07165579497814178,-0.6433311104774475,0.6960541009902954,0.46949344873428345,-0.014398541301488876,0.8557075262069702,-1.0521128177642822,-0.022871635854244232,-0.1876080334186554,-1.730670690536499,0.4897168278694153,-2.252326726913452,0.31299030780792236,-0.3186841607093811,0.2710385322570801,0.3164021074771881,-0.2952570915222168,-0.1805434376001358,-0.09383600950241089,0.04157586395740509,-0.1214928850531578,-0.0030192136764526367,0.12998811900615692,0.1716819852590561,0.220332071185112,0.014998548664152622,0.22560188174247742,-0.06191978231072426,0.07246343046426773
11.733333945274353,701,200.0,-200.0,-200.0,33.730342864990234,-40.38592529296875,-28.54247283935547,100.0,100.0,100.0,-100.0,-100.0,100.0,-300.0,-12.47540283203125,-271.98223876953125,-300.0,300.0,-300.0,0.0,0.0,0.0,0.0,150.0,150.0,26.456390380859375,-18.85198974609375,-52.94099426269531,3.595703125,-0.055911220610141754,-0.11999933421611786,0.2830912172794342,-0.0024834508076310158,-0.05508764460682869,-0.0853508785367012,-0.006951255723834038,0.060358572751283646,-1.2444504499435425,0.03873176500201225,1.5431228876113892,0.2296217530965805,-0.09832807630300522,0.07593047618865967,-0.6862112283706665,0.5087903141975403,0.39180466532707214,-0.043875277042388916,0.9560694694519043,-1.1457651853561401,0.25584423542022705,-0.14538797736167908,-1.0237834453582764,0.5769586563110352,-3.313424825668335,0.08273138105869293,-0.159293994307518,0.24933776259422302,0.3164021074771881,-0.2952570915222168,-0.1805434376001358,-0.09383600950241089,0.04157586395740509,-0.1214928850531578,-0.0030192136764526367,0.12998811900615692,0.1716819852590561,0.220332071185112,0.014998548664152622,0.22560188174247742,-0.06191978231072426,0.07246343046426773
11.750000612810254,702,200.0,-200.0,-160.987548828125,50.0,-50.0,-10.029930114746094,100.0,-100.0,100.0,-100.0,-100.0,100.0,-300.0,300.0,-300.0,-300.0,300.0,-300.0,0.0,0.0,0.0,0.0,150.0,150.0,119.0040283203125,-150.0,150.0,-74.89216613769531,-0.06577364355325699,-0.11593249440193176,0.2880134880542755,-0.0031028997618705034,-0.05448947101831436,-0.10131321102380753,-0.003247923916205764,0.05454685911536217,-1.2583945989608765,0.044618964195251465,1.4794731140136719,0.23041191697120667,-0.10121128708124161,0.07957342267036438,-0.6002536416053772,0.30874377489089966,0.3023543059825897,-0.01495625451207161,0.5870054960250854,-1.003756046295166,0.14417290687561035,-0.18177881836891174,-0.7099605202674866,0.49554070830345154,-4.037226676940918,0.07071860134601593,-0.14420433342456818,0.22670498490333557,0.3017624020576477,-0.31708651781082153,-0.17407159507274628,-0.09817356616258621,0.044548794627189636,-0.14293569326400757,0.005720032379031181,0.12490078806877136,0.18910275399684906,0.21529223024845123,0.015437222085893154,0.19572801887989044,-0.046772267669439316,0.06854605674743652
11.766667280346155,703,200.0,-200.0,-200.0,50.0,-36.47254943847656,-5.7573699951171875,100.0,-25.063720703125,100.0,-100.0,-100.0,100.0,-300.0,300.0,-272.52764892578125,-300.0,-267.4306640625,-300.0,0.0,0.0,0.0,0.0,150.0,150.0,26.449630737304688,-20.1693115234375,-30.604995727539062,-2.8060760498046875,-0.07472633570432663,-0.1129477396607399,0.2890844941139221,-0.0034530581906437874,-0.05657799914479256,-0.11692266911268234,0.0013582644751295447,0.04436800628900528,-1.264756679534912,0.04824157431721687,1.4023321866989136,0.22643420100212097,-0.09935292601585388,0.08205772936344147,-0.5997734069824219,0.2617606520652771,0.08945346623659134,-0.05196716636419296,0.5117006301879883,-1.1400882005691528,0.17887996137142181,-0.48418521881103516,-0.2544092833995819,0.5329503417015076,-4.849228382110596,-0.19708190858364105,0.12227410823106766,0.13895495235919952,0.3017624020576477,-0.31708651781082153,-0.17407159507274628,-0.09817356616258621,0.044548794627189636,-0.14293569326400757,0.005720032379031181,0.12490078806877136,0.18910275399684906,0.21529223024845123,0.015437222085893154,0.19572801887989044,-0.046772267669439316,0.06854605674743652
11.783333947882056,704,200.0,-200.0,200.0,32.74942398071289,-50.0,5.725898742675781,100.0,-100.0,-91.26022338867188,-100.0,-100.0,100.0,-300.0,300.0,-300.0,-300.0,300.0,-300.0,0.0,0.0,0.0,0.0,150.0,150.0,-9.035469055175781,-150.0,150.0,32.09344482421875,-0.08216053247451782,-0.11232557147741318,0.29026898741722107,-0.0039017240051180124,-0.05960560217499733,-0.13324742019176483,0.00454762252047658,0.03435062989592552,-1.2672122716903687,0.05040368437767029,1.3151376247406006,0.2227393239736557,-0.09793439507484436,0.08443935215473175,-0.5035815834999084,0.10175266116857529,0.09254411607980728,-0.012460306286811829,0.40575453639030457,-1.0234602689743042,0.11898168921470642,-0.4706956744194031,-0.07902659475803375,0.4447891414165497,-5.359071731567383,-0.1687190681695938,0.09672220051288605,0.1412634402513504,0.28567489981651306,-0.3321698009967804,-0.14551019668579102,-0.10990333557128906,0.05190270394086838,-0.1513601541519165,0.002929837442934513,0.11042764782905579,0.22342610359191895,0.20304059982299805,0.011213714256882668,0.17461305856704712,-0.036200929433107376,0.07259832322597504
11.800000615417957,705,200.0,-200.0,-200.0,33.423858642578125,-40.14588928222656,-0.20389556884765625,100.0,-100.0,100.0,-100.0,-100.0,100.0,-300.0,300.0,-300.0,1.453857421875,-300.0,-300.0,0.0,0.0,0.0,0.0,150.0,150.0,-150.0,-25.674468994140625,-36.772552490234375,-21.8331298828125,-0.08841238915920258,-0.10873126983642578,0.288338303565979,-0.003634975291788578,-0.057702768594026566,-0.14988943934440613,0.009897624142467976,0.023090682923793793,-1.2566108703613281,0.04918599873781204,1.2134932279586792,0.21647681295871735,-0.09344413131475449,0.08749311417341232,-0.4438422918319702,0.28329211473464966,-0.0676080659031868,-0.04458462819457054,0.8129777312278748,-1.1630475521087646,0.20601269602775574,-0.6528538465499878,0.7404536008834839,0.3150702714920044,-6.319984436035156,-0.3138192296028137,0.27152344584465027,0.15778563916683197,0.28567489981651306,-0.3321698009967804,-0.14551019668579102,-0.10990333557128906,0.05190270394086838,-0.1513601541519165,0.002929837442934513,0.11042764782905579,0.22342610359191895,0.20304059982299805,0.011213714256882668,0.17461305856704712,-0.036200929433107376,0.07259832322597504
11.816667282953858,706,-66.458740234375,-200.0,-137.5445556640625,49.46122741699219,-50.0,9.995235443115234,100.0,-100.0,-100.0,-100.0,-100.0,100.0,-300.0,300.0,-300.0,-257.88531494140625,300.0,-300.0,0.0,0.0,0.0,0.0,150.0,150.0,-92.94050598144531,-150.0,150.0,150.0,-0.09378256648778915,-0.10738066583871841,0.28697669506073,-0.004168118815869093,-0.056280817836523056,-0.16832078993320465,0.013850688934326172,0.012627854943275452,-1.2437834739685059,0.047430336475372314,1.1025285720825195,0.21074606478214264,-0.08989078551530838,0.09028288722038269,-0.3867058753967285,0.14803996682167053,-0.05438292771577835,-0.04211319610476494,0.5722208023071289,-1.1342082023620605,0.14683248102664948,-0.5911937355995178,0.7722241282463074,0.2607975900173187,-6.683581352233887,-0.26074284315109253,0.2189246267080307,0.15172900259494781,0.2610202729701996,-0.3469785153865814,-0.11322539299726486,-0.13301825523376465,0.05405491590499878,-0.15968790650367737,-0.013269525021314621,0.09356994181871414,0.23532724380493164,0.19259275496006012,0.014627146534621716,0.14296351373195648,-0.027471184730529785,0.0864240825176239
11.83333395048976,707,-200.0,-200.0,-200.0,2.5769119262695312,-33.8009033203125,1.8407096862792969,100.0,-100.0,100.0,-100.0,-100.0,-2.9158935546875,-300.0,300.0,-300.0,296.8504638671875,-300.0,-300.0,0.0,0.0,0.0,0.0,150.0,150.0,-150.0,-45.384765625,-56.094482421875,-39.1668701171875,-0.0987289771437645,-0.10528350621461868,0.28022944927215576,-0.0037324291188269854,-0.054659631103277206,-0.18608790636062622,0.02103135548532009,0.0017980802804231644,-1.2198485136032104,0.040039289742708206,0.9746614694595337,0.20139729976654053,-0.08401983231306076,0.09580165147781372,-0.3900836110115051,0.2231067717075348,-0.3442385792732239,-0.045987531542778015,0.7897258996963501,-1.205554723739624,0.29738649725914,-0.8056281805038452,1.5355031490325928,0.016956113278865814,-7.882659435272217,-0.4772568643093109,0.3617411255836487,0.2828708291053772,0.2610202729701996,-0.3469785153865814,-0.11322539299726486,-0.13301825523376465,0.05405491590499878,-0.15968790650367737,-0.013269525021314621,0.09356994181871414,0.23532724380493164,0.19259275496006012,0.014627146534621716,0.14296351373195648,-0.027471184730529785,0.0864240825176239
11.85000061802566,708,-200.0,-200.0,-200.0,47.901519775390625,-50.0,-30.022281646728516,100.0,-100.0,-100.0,-100.0,-100.0,100.0,-291.64007568359375,300.0,-300.0,-140.486572265625,300.0,-300.0,0.0,0.0,0.0,0.0,150.0,150.0,-150.0,-150.0,-100.37013244628906,-26.840606689453125,-0.10253235697746277,-0.10510478168725967,0.27492326498031616,-0.0044689965434372425,-0.05419119447469711,-0.20643770694732666,0.02664545550942421,-0.007413572631776333,-1.1952139139175415,0.03370147943496704,0.8387023210525513,0.19283154606819153,-0.07936029881238937,0.10054563730955124,-0.30018651485443115,0.0572747066617012,-0.29005420207977295,-0.053347449749708176,0.4821048378944397,-1.1855446100234985,0.21208719909191132,-0.6381116509437561,1.4197007417678833,0.006815226282924414,-8.063544273376465,-0.3890342116355896,0.2959127724170685,0.2631651759147644,0.22933539748191833,-0.3606555759906769,-0.0729956403374672,-0.17442432045936584,0.05888311564922333,-0.18129131197929382,-0.03669074550271034,0.08503545820713043,0.23398616909980774,0.18670772016048431,0.005880287848412991,0.11712434887886047,-0.030485505238175392,0.08918078988790512
11.866667285561562,709,-200.0,-200.0,-200.0,-13.0240478515625,-42.699798583984375,11.94754409790039,100.0,-100.0,100.0,-100.0,-100.0,-100.0,-300.0,300.0,-300.0,300.0,-300.0,-300.0,0.0,0.0,0.0,0.0,150.0,150.0,-150.0,-57.2691650390625,-42.0401611328125,-77.97052001953125,-0.10508156567811966,-0.10040728002786636,0.2633027136325836,-0.004142484162002802,-0.055490195751190186,-0.2264793962240219,0.03259703144431114,-0.01737900637090206,-1.156430721282959,0.017477750778198242,0.6841708421707153,0.18230359256267548,-0.07600393146276474,0.1052447035908699,-0.25023019313812256,0.39148807525634766,-0.6278818249702454,-0.05927634239196777,0.6633047461509705,-1.3402000665664673,0.22064411640167236,-1.0351076126098633,2.4046216011047363,-0.41388577222824097,-9.428529739379883,-0.5465357303619385,0.2114465832710266,0.2607937753200531,0.22933539748191833,-0.3606555759906769,-0.0729956403374672,-0.17442432045936584,0.05888311564922333,-0.18129131197929382,-0.03669074550271034,0.08503545820713043,0.23398616909980774,0.18670772016048431,0.005880287848412991,0.11712434887886047,-0.030485505238175392,0.08918078988790512
11.883333953097463,710,-200.0,-200.0,-200.0,49.501625061035156,-50.0,-50.0,100.0,-94.731689453125,-100.0,-100.0,-100.0,100.0,-300.0,300.0,-300.0,-124.0245361328125,300.0,-300.0,0.0,0.0,0.0,0.0,150.0,150.0,-150.0,-150.0,-133.41726684570312,108.53802490234375,-0.1064254567027092,-0.09733479470014572,0.2539861500263214,-0.004929099697619677,-0.05554100126028061,-0.2501481771469116,0.03726918622851372,-0.025527071207761765,-1.1194963455200195,0.004044290632009506,0.5263954401016235,0.1723225712776184,-0.07338736951351166,0.10941734910011292,-0.1305190473794937,0.2195359319448471,-0.5184597373008728,-0.04845236986875534,0.38495147228240967,-1.33122980594635,0.14453351497650146,-0.7880798578262329,2.093945026397705,-0.35412338376045227,-9.18289566040039,-0.46053367853164673,0.1808031052350998,0.23943394422531128,0.19529084861278534,-0.3852183520793915,-0.03070630133152008,-0.21136170625686646,0.05131039768457413,-0.19278484582901,-0.06428340077400208,0.07816732674837112,0.23917587101459503,0.18058517575263977,0.008376211859285831,0.0686178207397461,-0.03487224876880646,0.10229622572660446
11.900000620633364,711,-200.0,150.89892578125,200.0,4.473594665527344,-16.5811767578125,27.071247100830078,100.0,-100.0,100.0,-84.289306640625,-100.0,-100.0,-300.0,300.0,-300.0,300.0,-300.0,-300.0,0.0,0.0,0.0,0.0,150.0,150.0,-150.0,-55.94573974609375,-77.62189483642578,-102.95852661132812,-0.10713011771440506,-0.08971455693244934,0.237534299492836,-0.004239268600940704,-0.05673050507903099,-0.27302178740501404,0.043696079403162,-0.03576178476214409,-1.0706183910369873,-0.015965528786182404,0.3544937074184418,0.15716847777366638,-0.07201436161994934,0.11561717838048935,-0.13536471128463745,0.5913056135177612,-0.8979655504226685,-0.04495948553085327,0.6671406030654907,-1.4750787019729614,0.22743451595306396,-1.1915119886398315,2.961618423461914,-0.5978617072105408,-10.336538314819336,-0.8042987585067749,0.11838237196207047,0.3620012104511261,0.19529084861278534,-0.3852183520793915,-0.03070630133152008,-0.21136170625686646,0.05131039768457413,-0.19278484582901,-0.06428340077400208,0.07816732674837112,0.23917587101459503,0.18058517575263977,0.008376211859285831,0.0686178207397461,-0.03487224876880646,0.10229622572660446
11.916667288169265,712,200.0,200.0,-123.19143676757812,50.0,50.0,50.0,100.0,-100.0,100.0,-100.0,-100.0,100.0,-300.0,-300.0,-300.0,300.0,300.0,-300.0,0.0,0.0,0.0,0.0,150.0,150.0,-150.0,-150.0,-150.0,150.0,-0.10702624917030334,-0.08273980021476746,0.22419951856136322,-0.00488586351275444,-0.054411839693784714,-0.3000873625278473,0.04939057677984238,-0.04503026604652405,-1.0266751050949097,-0.0330808125436306,0.18887528777122498,0.14363862574100494,-0.07079194486141205,0.12159930169582367,-0.020985811948776245,0.4512269198894501,-0.7351197004318237,-0.0533047690987587,0.48080629110336304,-1.4989596605300903,0.19401705265045166,-0.9551228284835815,2.4841418266296387,-0.5050923824310303,-9.54671573638916,-0.6655969619750977,0.11955726146697998,0.3502160608768463,0.17866560816764832,-0.3359268307685852,0.026039544492959976,-0.23177632689476013,0.03271402418613434,-0.17553415894508362,-0.10080397129058838,0.06485731899738312,0.23946751654148102,0.20459775626659393,0.024806726723909378,0.04814618080854416,-0.0773460790514946,0.14395615458488464
11.933333955705166,713,200.0,200.0,-200.0,50.0,-50.0,-12.484674453735352,100.0,-100.0,100.0,-26.17041015625,-100.0,-100.0,-300.0,-300.0,-300.0,300.0,300.0,-300.0,0.0,0.0,0.0,0.0,150.0,150.0,-150.0,-100.29461669921875,-150.0,-150.0,-0.10801787674427032,-0.08542561531066895,0.21072804927825928,0.001499003148637712,-0.04661992937326431,-0.32236552238464355,0.06592046469449997,-0.04550281539559364,-0.972994863986969,-0.05055287107825279,-0.0004819222667720169,0.13151037693023682,-0.07882174104452133,0.13747936487197876,-0.2231747806072235,-0.06696271896362305,-0.7929298877716064,0.2818492650985718,1.0997625589370728,-1.5936250686645508,0.5846027731895447,-0.7319329977035522,3.4014158248901367,-0.7877669930458069,-11.872034072875977,-0.7233945727348328,-0.40970849990844727,0.9261394143104553,0.17866560816764832,-0.3359268307685852,0.026039544492959976,-0.23177632689476013,0.03271402418613434,-0.17553415894508362,-0.10080397129058838,0.06485731899738312,0.23946751654148102,0.20459775626659393,0.024806726723909378,0.04814618080854416,-0.0773460790514946,0.14395615458488464
11.950000623241067,714,200.0,-200.0,-200.0,-50.0,50.0,-23.164268493652344,-100.0,100.0,-100.0,100.0,-100.0,100.0,-124.35528564453125,300.0,-300.0,-300.0,300.0,54.090087890625,0.0,0.0,0.0,0.0,150.0,150.0,-150.0,-150.0,150.0,-150.0,-0.10845350474119186,-0.08727195113897324,0.20027759671211243,0.02185148373246193,-0.03995188698172569,-0.3592418134212494,0.08223429322242737,-0.04313485696911812,-0.9707298874855042,-0.06622110307216644,-0.000766156823374331,0.11761266738176346,-0.0839693695306778,0.1531975418329239,-0.20744475722312927,-0.04680574685335159,-0.31921666860580444,1.9263279438018799,1.267279028892517,-2.2603559494018555,1.1878578662872314,-0.11287982016801834,1.1261639595031738,-0.6343152523040771,0.0559372752904892,-0.564902663230896,-0.22731249034404755,0.792421281337738,0.12995117902755737,-0.3639659285545349,0.10137025266885757,-0.2078762948513031,0.04570034146308899,-0.171199232339859,-0.07585960626602173,0.032954271882772446,0.20321868360042572,0.23001445829868317,-0.024056127294898033,0.03019881248474121,-0.017345931380987167,0.11320695281028748
11.966667290776968,715,-97.9825439453125,-200.0,-200.0,-28.561424255371094,-50.0,-19.68033218383789,12.908493041992188,-100.0,-100.0,-100.0,-100.0,-86.5328369140625,-300.0,-300.0,-300.0,300.0,300.0,-300.0,0.0,0.0,0.0,0.0,150.0,150.0,-150.0,-20.60699462890625,-150.0,-20.87889862060547,-0.10833244770765305,-0.07111882418394089,0.18892183899879456,0.0571630522608757,-0.027019675821065903,-0.3833337128162384,0.10791663825511932,-0.047583065927028656,-0.9177666306495667,-0.07431498914957047,-0.00016800695448182523,0.10435471683740616,-0.07198833674192429,0.15478362143039703,0.10604226589202881,0.9098381400108337,-0.6484842300415039,2.587991237640381,0.9340850114822388,-1.507737159729004,1.157191276550293,-0.6020929217338562,3.680877208709717,-0.17621241509914398,0.0006865020841360092,-0.7093229293823242,0.6694260835647583,0.05105125904083252,0.12995117902755737,-0.3639659285545349,0.10137025266885757,-0.2078762948513031,0.04570034146308899,-0.171199232339859,-0.07585960626602173,0.032954271882772446,0.20321868360042572,0.23001445829868317,-0.024056127294898033,0.03019881248474121,-0.017345931380987167,0.11320695281028748
11.983333958312869,716,-131.983642578125,200.0,-89.7586669921875,50.0,-50.0,10.682088851928711,100.0,100.0,-100.0,-100.0,-100.0,100.0,195.71949768066406,-300.0,-300.0,-231.365234375,300.0,-300.0,0.0,0.0,0.0,0.0,150.0,150.0,-150.0,-25.08770751953125,150.0,-142.55441284179688,-0.10860032588243484,-0.05695069208741188,0.17797496914863586,0.10112069547176361,-0.025887956842780113,-0.4059799909591675,0.12899979948997498,-0.05391649901866913,-0.8507148027420044,-0.08262120932340622,-0.00018872560758609325,0.09310335665941238,-0.06331755220890045,0.1554260402917862,0.029374295845627785,0.870996356010437,-0.6481794714927673,2.4462473392486572,-0.03713391721248627,-0.6770846843719482,1.1045547723770142,-0.6907309293746948,4.108752250671387,-0.10540275275707245,-0.008172927424311638,-0.6003818511962891,0.5013359785079956,0.006277999375015497,0.1616746336221695,-0.40424004197120667,0.1694682091474533,-0.22583737969398499,0.13798704743385315,-0.2337178885936737,-0.0788603276014328,0.0664326623082161,0.16506916284561157,0.20318274199962616,-0.02827848121523857,0.02948426827788353,0.03878692165017128,0.10285568237304688
12.00000062584877,717,200.0,-200.0,200.0,50.0,50.0,50.0,100.0,-100.0,100.0,100.0,100.0,-100.0,-251.16868591308594,-300.0,-300.0,300.0,300.0,-300.0,0.0,0.0,0.0,0.0,150.0,150.0,-150.0,79.12698364257812,-150.0,-150.0,-0.10368800163269043,-0.04851175472140312,0.16055375337600708,0.16810591518878937,-0.042313043028116226,-0.4172217845916748,0.11123087257146835,-0.07159239798784256,-0.8213209509849548,-0.10739906877279282,-0.008816944435238838,0.06136595085263252,0.014181848615407944,0.15456561744213104,0.24024005234241486,0.48083028197288513,-0.8943170309066772,5.319847583770752,-1.4916447401046753,0.1108182966709137,-0.29341453313827515,-1.3589155673980713,1.1472625732421875,0.10508882999420166,1.8283616304397583,-0.3739522695541382,6.50001859664917,0.8268043994903564,0.1616746336221695,-0.40424004197120667,0.1694682091474533,-0.22583737969398499,0.13798704743385315,-0.2337178885936737,-0.0788603276014328,0.0664326623082161,0.16506916284561157,0.20318274199962616,-0.02827848121523857,0.02948426827788353,0.03878692165017128,0.10285568237304688
12.016667293384671,718,-200.0,-200.0,-200.0,-50.0,-50.0,-50.0,100.0,100.0,100.0,-100.0,100.0,-100.0,300.0,300.0,-300.0,300.0,-300.0,-300.0,0.0,0.0,0.0,0.0,150.0,150.0,-150.0,-150.0,-150.0,150.0,-0.10049261152744293,-0.04720137268304825,0.1449170857667923,0.2869488298892975,-0.04549224674701691,-0.3786414563655853,0.09545622020959854,-0.09730730205774307,-0.7853123545646667,-0.1257954239845276,0.0004207342572044581,0.05574163794517517,0.16684630513191223,0.15110206604003906,0.1637803018093109,-0.03312799334526062,-0.7729817032814026,8.26325511932373,0.32251137495040894,3.152909278869629,-0.7634199261665344,-1.5311661958694458,3.3132011890411377,-0.10292216390371323,-0.19573813676834106,0.26230937242507935,5.197084426879883,-0.35043978691101074,0.15318134427070618,-0.3834496736526489,0.06156818941235542,-0.23623089492321014,0.15880896151065826,-0.2816013991832733,-0.1411968618631363,0.03677603602409363,0.1191147193312645,0.26540207862854004,-0.053757231682538986,0.02329958975315094,0.018541928380727768,0.10112003237009048
12.033333960920572,719,-200.0,-200.0,1.40228271484375,-50.0,-50.0,36.260433197021484,-87.4453125,-100.0,100.0,-100.0,-100.0,-100.0,90.647705078125,300.0,149.9920654296875,300.0,-300.0,-80.31509399414062,0.0,0.0,0.0,0.0,150.0,150.0,150.0,-150.0,-150.0,-87.10157012939453,-0.0863923504948616,-0.015498066321015358,0.1261480450630188,0.3556513786315918,-0.02759537100791931,-0.27385303378105164,0.06170905381441116,-0.1196146011352539,-0.7307272553443909,-0.14573048055171967,0.00789656676352024,0.051041219383478165,0.238287553191185,0.15458296239376068,0.8557657599449158,1.8342251777648926,-0.9905610084533691,3.0328633785247803,1.1151727437973022,6.894786834716797,-1.8913006782531738,-1.5388672351837158,2.748558521270752,-0.23116469383239746,0.6067978143692017,-0.01026381179690361,3.9531965255737305,-0.05791715532541275,0.15318134427070618,-0.3834496736526489,0.06156818941235542,-0.23623089492321014,0.15880896151065826,-0.2816013991832733,-0.1411968618631363,0.03677603602409363,0.1191147193312645,0.26540207862854004,-0.053757231682538986,0.02329958975315094,0.018541928380727768,0.10112003237009048
12.050000628456473,720,200.0,-200.0,200.0,50.0,50.0,50.0,100.0,100.0,-100.0,-100.0,-100.0,-100.0,300.0,-300.0,300.0,300.0,300.0,300.0,0.0,0.0,0.0,0.0,-132.5291748046875,-150.0,150.0,-150.0,-150.0,150.0,-0.07363222539424896,0.012859576381742954,0.11111439019441605,0.38953283429145813,-0.01737193949520588,-0.1824411153793335,0.033346425741910934,-0.13144223392009735,-0.6930578947067261,-0.1611231565475464,0.027273640036582947,0.04969308525323868,0.2885751724243164,0.1429877132177353,0.7817492485046387,1.6001933813095093,-0.761644184589386,1.52178156375885,1.5049583911895752,7.461113929748535,-1.5357935428619385,-0.8614077568054199,2.035268783569336,-0.31516963243484497,1.389145851135254,0.02617354691028595,1.9211387634277344,-0.5073067545890808,0.1835603415966034,-0.31671544909477234,0.08179951459169388,-0.19105732440948486,0.1564498394727707,-0.24754860997200012,-0.09537604451179504,0.09396547079086304,0.11607987433671951,0.2725241482257843,0.0001601277617737651,-0.028668113052845,0.06157137081027031,0.10327541828155518
12.066667295992374,721,200.0,-200.0,-200.0,17.01421356201172,50.0,-21.213973999023438,100.0,100.0,100.0,-93.5045166015625,-100.0,-100.0,102.8104248046875,94.68115234375,33.80303955078125,300.0,300.0,300.0,0.0,0.0,0.0,0.0,-148.2972412109375,150.0,38.64410400390625,-150.0,-150.0,150.0,-0.05877479165792465,-0.009315231814980507,0.10762763768434525,0.45525631308555603,0.0015970779350027442,-0.07828140258789062,0.028571756556630135,-0.12213455140590668,-0.6726545691490173,-0.1538577824831009,0.0349026583135128,0.04639331251382828,0.3118469715118408,0.1374899446964264,0.8081352114677429,-1.309509038925171,-0.23405814170837402,4.23234224319458,1.3290284872055054,5.840745449066162,-0.3172050714492798,0.12562090158462524,1.7199246883392334,0.11103996634483337,0.10251089930534363,0.07593777030706406,-1.1359727382659912,-0.24816590547561646,0.1835603415966034,-0.31671544909477234,0.08179951459169388,-0.19105732440948486,0.1564498394727707,-0.24754860997200012,-0.09537604451179504,0.09396547079086304,0.11607987433671951,0.2725241482257843,0.0001601277617737651,-0.028668113052845,0.06157137081027031,0.10327541828155518
12.083333963528275,722,-200.0,-200.0,-200.0,34.22889709472656,50.0,1.553863525390625,-59.0576171875,100.0,-100.0,100.0,-100.0,-100.0,-300.0,-300.0,300.0,300.0,-300.0,300.0,0.0,0.0,0.0,0.0,-150.0,-150.0,-150.0,-150.0,150.0,150.0,-0.04525265842676163,-0.028649356216192245,0.10384831577539444,0.5122464895248413,0.0203056950122118,0.010980769991874695,0.025108760222792625,-0.12264902889728546,-0.6406807899475098,-0.15839815139770508,0.02459545247256756,0.04861970618367195,0.29363149404525757,0.12885044515132904,0.7089126110076904,-1.1458652019500732,-0.2533135414123535,3.057229518890381,1.0858278274536133,5.024502277374268,-0.24704322218894958,0.04568396508693695,2.2398898601531982,-0.023583054542541504,-1.0704355239868164,0.27568942308425903,-1.9516185522079468,-0.3751114010810852,0.19730518758296967,-0.300184041261673,0.05548432841897011,-0.20264039933681488,0.18658632040023804,-0.24374479055404663,-0.10888315737247467,0.14786168932914734,0.0644904226064682,0.18064792454242706,-0.07918597012758255,-0.011063246987760067,0.07966262847185135,0.07856319099664688
12.100000631064177,723,-200.0,-200.0,-200.0,-15.966812133789062,50.0,-50.0,100.0,100.0,-100.0,-100.0,-100.0,-100.0,200.11483764648438,94.33984375,-39.877235412597656,300.0,-300.0,-122.85076904296875,0.0,0.0,0.0,0.0,-55.2393798828125,48.01953125,-11.73193359375,-150.0,-11.4014892578125,-150.0,-0.042678315192461014,-0.07815798372030258,0.10593586415052414,0.5785791277885437,0.027329742908477783,0.06127088889479637,0.005214347969740629,-0.11327554285526276,-0.6233153939247131,-0.1509302407503128,0.005070224404335022,0.05250003561377525,0.2713145613670349,0.12982909381389618,-0.050785865634679794,-2.808117628097534,0.05362311005592346,4.027751922607422,0.45025020837783813,2.813577175140381,-1.147550106048584,0.8234085440635681,1.443961262702942,0.40253064036369324,-1.4428781270980835,0.23133543133735657,-1.1737831830978394,0.34898802638053894,0.19730518758296967,-0.300184041261673,0.05548432841897011,-0.20264039933681488,0.18658632040023804,-0.24374479055404663,-0.10888315737247467,0.14786168932914734,0.0644904226064682,0.18064792454242706,-0.07918597012758255,-0.011063246987760067,0.07966262847185135,0.07856319099664688
12.116667298600078,724,200.0,-200.0,-200.0,-50.0,-50.0,-16.82989501953125,100.0,-100.0,-47.123779296875,100.0,-100.0,100.0,-300.0,-300.0,300.0,300.0,300.0,262.7275390625,0.0,0.0,0.0,0.0,44.49169921875,-150.0,-150.0,-150.0,150.0,-150.0,-0.04123902693390846,-0.12013108283281326,0.1069616824388504,0.6360762119293213,0.034375764429569244,0.10413198918104172,-0.011664667166769505,-0.10647966712713242,-0.6106290221214294,-0.14780330657958984,-0.0014920160174369812,0.055091049522161484,0.25917863845825195,0.13258761167526245,-0.021209895610809326,-2.3591389656066895,-0.025905663147568703,3.276454448699951,0.35464128851890564,2.405574083328247,-1.0022772550582886,0.4504562020301819,0.6922757625579834,0.13708262145519257,0.0725887343287468,0.1423642933368683,-1.1424767971038818,0.233515664935112,0.21240290999412537,-0.3127176761627197,0.08849397301673889,-0.2032349705696106,0.18531763553619385,-0.2495630383491516,-0.10873638093471527,0.12428205460309982,0.07039982825517654,0.09341023862361908,-0.12186843156814575,0.020724043250083923,0.12823128700256348,0.0723116546869278
12.133333966135979,725,-160.35272216796875,-200.0,-200.0,9.770862579345703,-50.0,-21.390357971191406,100.0,54.37451171875,-100.0,100.0,-81.3323974609375,100.0,100.03277587890625,133.50146484375,102.8475341796875,300.0,300.0,103.8170166015625,0.0,0.0,0.0,0.0,-79.37954711914062,1.3597412109375,-34.2117919921875,-150.0,150.0,-150.0,-0.045109305530786514,-0.16958723962306976,0.110935278236866,0.7028045058250427,0.04116976261138916,0.11583845317363739,-0.0349004752933979,-0.10433422029018402,-0.6016535758972168,-0.1442602276802063,-0.0030745845288038254,0.058247994631528854,0.24340975284576416,0.1337914615869522,-0.37679630517959595,-2.766178846359253,0.1709250509738922,4.06329345703125,0.3947993516921997,0.6337766051292419,-1.3227441310882568,0.22268609702587128,0.8759779930114746,0.1941022276878357,-0.1425878256559372,0.06265420466661453,-1.499391794204712,0.23123997449874878,0.21240290999412537,-0.3127176761627197,0.08849397301673889,-0.2032349705696106,0.18531763553619385,-0.2495630383491516,-0.10873638093471527,0.12428205460309982,0.07039982825517654,0.09341023862361908,-0.12186843156814575,0.020724043250083923,0.12823128700256348,0.0723116546869278
12.15000063367188,726,-70.6572265625,-200.0,-200.0,-39.739013671875,-50.0,-50.0,100.0,100.0,-100.0,100.0,-100.0,-100.0,-108.7723388671875,-300.0,-300.0,300.0,300.0,204.54946899414062,0.0,0.0,0.0,0.0,150.0,-150.0,141.4581298828125,-150.0,150.0,-150.0,-0.049604058265686035,-0.21137239038944244,0.1138385683298111,0.7619240283966064,0.04686634615063667,0.12566664814949036,-0.05514100566506386,-0.1036277562379837,-0.5880890488624573,-0.14423546195030212,-0.0024175229482352734,0.059277165681123734,0.22882404923439026,0.13551244139671326,-0.3693665862083435,-2.3423409461975098,0.1314854621887207,3.3670496940612793,0.3611549437046051,0.5395295023918152,-1.127243995666504,0.08332937955856323,1.000075340270996,0.10067533701658249,0.04554695263504982,0.1600644886493683,-1.2642735242843628,0.21959301829338074,0.1969975382089615,-0.3075757622718811,0.07184948772192001,-0.20532026886940002,0.19919951260089874,-0.26105546951293945,-0.07031816244125366,0.13613000512123108,0.10875528305768967,0.03115922585129738,-0.11138361692428589,0.004269975237548351,0.2158212661743164,0.06916604191064835
12.16666730120778,727,-200.0,-200.0,-200.0,-1.6616935729980469,15.751174926757812,-17.545257568359375,100.0,100.0,-100.0,100.0,100.0,100.0,263.25830078125,-5.615234375,7.965950012207031,300.0,300.0,22.86004638671875,0.0,0.0,0.0,0.0,-94.14263916015625,-13.5672607421875,-69.3670654296875,-150.0,150.0,-150.0,-0.05562090873718262,-0.2701127231121063,0.11350502818822861,0.8254343271255493,0.05719907209277153,0.11596639454364777,-0.07024147361516953,-0.09958338737487793,-0.5838610529899597,-0.14082278311252594,-0.002604440785944462,0.062432270497083664,0.21368896961212158,0.13896459341049194,-0.5256367325782776,-3.3075711727142334,-0.05500353127717972,3.8262715339660645,0.6490469574928284,-0.5496100783348083,-0.7922596335411072,0.3307766616344452,0.6134696006774902,0.1722511649131775,-0.10260020941495895,0.18838796019554138,-1.2785024642944336,0.3933597207069397,0.1969975382089615,-0.3075757622718811,0.07184948772192001,-0.20532026886940002,0.19919951260089874,-0.26105546951293945,-0.07031816244125366,0.13613000512123108,0.10875528305768967,0.03115922585129738,-0.11138361692428589,0.004269975237548351,0.2158212661743164,0.06916604191064835
12.183333968743682,728,-200.0,-200.0,-200.0,-32.237396240234375,-50.0,-50.0,1.95257568359375,100.0,-100.0,100.0,-100.0,100.0,81.40557861328125,-300.0,-300.0,300.0,147.4671630859375,300.0,0.0,0.0,0.0,0.0,-65.937255859375,-150.0,-112.6112060546875,-150.0,150.0,-150.0,-0.06132383272051811,-0.3205011487007141,0.11238346248865128,0.877554714679718,0.06669285148382187,0.10764305293560028,-0.0830344408750534,-0.09769710898399353,-0.5753899812698364,-0.14154410362243652,-0.002594184363260865,0.06390457600355148,0.20117215812206268,0.1409422904253006,-0.47498494386672974,-2.8254079818725586,-0.1095418781042099,2.859238624572754,0.5625680088996887,-0.4643891453742981,-0.6734326481819153,0.1406070590019226,0.6783353686332703,-0.0004639439284801483,-0.0132981576025486,0.18727532029151917,-1.2090896368026733,0.19570304453372955,0.18211711943149567,-0.2631329894065857,0.057053569704294205,-0.2010093629360199,0.19832153618335724,-0.25934121012687683,-0.039284177124500275,0.15709900856018066,0.11191349476575851,-0.013782965019345284,-0.11473830044269562,-0.004073944874107838,0.23826706409454346,0.08481300622224808
12.200000636279583,729,-200.0,-200.0,-200.0,-23.864110946655273,18.053516387939453,-31.80731964111328,100.0,100.0,-100.0,100.0,16.3360595703125,84.56610107421875,288.77801513671875,21.82275390625,-55.187042236328125,300.0,300.0,300.0,0.0,0.0,0.0,0.0,-106.66998291015625,-15.1544189453125,-70.49249267578125,-150.0,150.0,-150.0,-0.0665137842297554,-0.38436266779899597,0.10910198837518692,0.9246545433998108,0.07470845431089401,0.0876442939043045,-0.09473267942667007,-0.08991508185863495,-0.577029824256897,-0.14045731723308563,-0.0029462678357958794,0.06385106593370438,0.18785633146762848,0.14427579939365387,-0.5437297821044922,-3.584381341934204,-0.22095878422260284,2.7081923484802246,0.5179579854011536,-1.1278321743011475,-0.5932058095932007,0.5598552823066711,0.27458733320236206,-0.002681136131286621,-0.1072910875082016,0.1516435444355011,-1.2137681245803833,0.43709561228752136,0.18211711943149567,-0.2631329894065857,0.057053569704294205,-0.2010093629360199,0.19832153618335724,-0.25934121012687683,-0.039284177124500275,0.15709900856018066,0.11191349476575851,-0.013782965019345284,-0.11473830044269562,-0.004073944874107838,0.23826706409454346,0.08481300622224808
12.216667303815484,730,-200.0,-200.0,-200.0,-50.0,-50.0,-0.6828231811523438,28.5323486328125,100.0,100.0,100.0,-100.0,-100.0,300.0,-300.0,113.16854858398438,300.0,300.0,300.0,0.0,0.0,0.0,0.0,-150.0,-150.0,148.19412231445312,-150.0,150.0,-150.0,-0.07195421308279037,-0.43899065256118774,0.10552109777927399,0.955740213394165,0.08192170411348343,0.07051881402730942,-0.1046757698059082,-0.08307097107172012,-0.574835479259491,-0.14077039062976837,-0.0030041863210499287,0.06617913395166397,0.17655552923679352,0.1493043303489685,-0.50347501039505,-3.0481302738189697,-0.2560507655143738,1.5220364332199097,0.4526553452014923,-0.962537944316864,-0.5068802833557129,0.4661715030670166,0.29793545603752136,-0.08916516602039337,-0.001127038151025772,0.20408670604228973,-1.0730767250061035,0.3427900969982147,0.18374820053577423,-0.2510131001472473,0.06530823558568954,-0.2008284628391266,0.1949096918106079,-0.26537609100341797,-0.014963878318667412,0.1525513380765915,0.09884040057659149,-0.060870520770549774,-0.10200899094343185,-0.01683925837278366,0.26338618993759155,0.08419972658157349
12.233333971351385,731,-200.0,-200.0,-200.0,-15.98172378540039,-26.159067153930664,-10.366996765136719,100.0,100.0,-100.0,100.0,8.4638671875,72.71258544921875,255.4893798828125,36.5576171875,68.9078369140625,300.0,300.0,300.0,0.0,0.0,0.0,0.0,-125.97329711914062,-13.238525390625,-72.8863525390625,-150.0,150.0,-150.0,-0.07511474192142487,-0.49626126885414124,0.1030365601181984,0.9771031737327576,0.08563204854726791,0.04245040565729141,-0.11043033003807068,-0.07322873175144196,-0.5759714245796204,-0.14036233723163605,-0.003405354917049408,0.06725748628377914,0.16453933715820312,0.1514802873134613,-0.4034423530101776,-3.220338821411133,-0.20545555651187897,1.1582956314086914,0.2886661887168884,-1.5815813541412354,-0.2564055919647217,0.6072719693183899,0.26203733682632446,-0.08327735215425491,-0.08180274069309235,0.14069250226020813,-1.1130777597427368,0.30801114439964294,0.18374820053577423,-0.2510131001472473,0.06530823558568954,-0.2008284628391266,0.1949096918106079,-0.26537609100341797,-0.014963878318667412,0.1525513380765915,0.09884040057659149,-0.060870520770549774,-0.10200899094343185,-0.01683925837278366,0.26338618993759155,0.08419972658157349
12.250000638887286,732,-200.0,-200.0,-162.7548828125,-50.0,-14.101439476013184,27.065147399902344,-91.9876708984375,100.0,-100.0,100.0,-100.0,-100.0,300.0,-300.0,63.388336181640625,300.0,300.0,300.0,0.0,0.0,0.0,0.0,-150.0,-150.0,150.0,-150.0,150.0,-150.0,-0.07881572842597961,-0.5454698801040649,0.10034887492656708,0.9842528700828552,0.0887506753206253,0.01841333694756031,-0.115439273416996,-0.0646577700972557,-0.5737122893333435,-0.1405138522386551,-0.0033456890378147364,0.06851611286401749,0.15384618937969208,0.15547813475131989,-0.39190423488616943,-2.7508554458618164,-0.20492760837078094,0.14913365244865417,0.25468185544013977,-1.352573037147522,-0.2191167175769806,0.5341202020645142,0.3216255009174347,-0.086070217192173,0.017217352986335754,0.13246950507164001,-0.995966911315918,0.31376686692237854,0.1819653958082199,-0.23325888812541962,0.08445066958665848,-0.18893451988697052,0.19380760192871094,-0.2539539039134979,0.002705186605453491,0.14061342179775238,0.08493851870298386,-0.10043039917945862,-0.06544338166713715,-0.02397717535495758,0.27735716104507446,0.08454635739326477
12.266667306423187,733,-200.0,-200.0,-200.0,-35.47530746459961,-50.0,-6.662109375,100.0,100.0,-100.0,100.0,-62.69482421875,-1.792236328125,256.3393249511719,105.71044921875,121.33518981933594,300.0,300.0,300.0,0.0,0.0,0.0,0.0,-136.91502380371094,-17.60205078125,-74.20578002929688,-150.0,150.0,-150.0,-0.07899309694766998,-0.5909693837165833,0.09820796549320221,0.9801556468009949,0.08897764980792999,-0.013371847569942474,-0.11198610067367554,-0.053963981568813324,-0.5696219801902771,-0.13947685062885284,-0.004020024091005325,0.06727546453475952,0.1419159471988678,0.154705211520195,-0.18958063423633575,-2.571474075317383,-0.2172306329011917,-0.37488052248954773,0.11917848140001297,-1.7790460586547852,0.2708558142185211,0.6238170862197876,0.5209143161773682,-0.024644561111927032,-0.05904431268572807,0.2051418125629425,-1.141729474067688,0.1885063201189041,0.1819653958082199,-0.23325888812541962,0.08445066958665848,-0.18893451988697052,0.19380760192871094,-0.2539539039134979,0.002705186605453491,0.14061342179775238,0.08493851870298386,-0.10043039917945862,-0.06544338166713715,-0.02397717535495758,0.27735716104507446,0.08454635739326477
12.283333973959088,734,-36.41754150390625,-200.0,-200.0,-50.0,-17.797760009765625,-23.388282775878906,-19.0626220703125,100.0,-100.0,100.0,-100.0,-100.0,300.0,33.04345703125,15.7410888671875,300.0,300.0,300.0,0.0,0.0,0.0,0.0,-150.0,-150.0,150.0,-150.0,150.0,-150.0,-0.07955706119537354,-0.6302447319030762,0.09595809876918793,0.9633909463882446,0.08921045064926147,-0.04054076969623566,-0.10904659330844879,-0.04389573261141777,-0.5627930164337158,-0.13799768686294556,-0.0040616742335259914,0.06813537329435349,0.12995480000972748,0.15611740946769714,-0.18472707271575928,-2.2029998302459717,-0.20075736939907074,-1.2126901149749756,0.1207786276936531,-1.517820954322815,0.23328518867492676,0.6125329732894897,0.596893846988678,0.011215001344680786,0.010279912501573563,0.11782284080982208,-1.041523814201355,0.21680721640586853,0.17789694666862488,-0.21844513714313507,0.10470392554998398,-0.1812477558851242,0.19134868681430817,-0.235441654920578,0.02300136163830757,0.13838385045528412,0.07772956788539886,-0.14158698916435242,-0.02376006357371807,-0.027544599026441574,0.28887614607810974,0.07471594959497452
12.30000064149499,735,-198.59716796875,-200.0,-200.0,-11.795402526855469,-50.0,-19.474777221679688,100.0,100.0,-100.0,100.0,-100.0,-100.0,166.3056640625,207.180908203125,192.31082153320312,300.0,300.0,300.0,0.0,0.0,0.0,0.0,-150.0,-35.83984375,-88.647216796875,-150.0,150.0,-150.0,-0.07644309848546982,-0.6644355058670044,0.09349766373634338,0.9384376406669617,0.08812172710895538,-0.07535284012556076,-0.09775067865848541,-0.032436713576316833,-0.5529190897941589,-0.13621242344379425,-0.004324312321841717,0.06641936302185059,0.11854815483093262,0.1516360640525818,0.0285591222345829,-1.9624011516571045,-0.2788771390914917,-1.514769196510315,0.09069202095270157,-1.9334701299667358,0.7231130003929138,0.6217573285102844,0.8418328762054443,-0.01662532240152359,-0.0487620010972023,0.1861986219882965,-1.0895696878433228,-0.08521674573421478,0.17789694666862488,-0.21844513714313507,0.10470392554998398,-0.1812477558851242,0.19134868681430817,-0.235441654920578,0.02300136163830757,0.13838385045528412,0.07772956788539886,-0.14158698916435242,-0.02376006357371807,-0.027544599026441574,0.28887614607810974,0.07471594959497452
12.31666730903089,736,200.0,-200.0,-200.0,-50.0,-50.0,-50.0,100.0,100.0,-100.0,100.0,-100.0,-100.0,300.0,-300.0,-162.31393432617188,300.0,300.0,300.0,0.0,0.0,0.0,0.0,-150.0,-150.0,150.0,-150.0,150.0,-150.0,-0.0741717666387558,-0.6941675543785095,0.09095123410224915,0.9037531614303589,0.08739922940731049,-0.1051231324672699,-0.0881231278181076,-0.021769413724541664,-0.5410253405570984,-0.13488131761550903,-0.004536577500402927,0.06583888828754425,0.10683578997850418,0.14817672967910767,-0.018038393929600716,-1.6661498546600342,-0.23697319626808167,-2.2427239418029785,0.09957445412874222,-1.6514965295791626,0.6096216440200806,0.6069234609603882,0.8842431306838989,-0.006090089678764343,0.005115216597914696,0.03962850570678711,-0.9971311688423157,-0.06491798162460327,0.16644547879695892,-0.18743926286697388,0.12821635603904724,-0.1748255044221878,0.19394050538539886,-0.21163609623908997,0.030553460121154785,0.14718902111053467,0.06687463819980621,-0.1772574633359909,0.014419098384678364,-0.03184082731604576,0.28519681096076965,0.07144386321306229
12.333333976566792,737,-184.3463134765625,-200.0,-200.0,-18.92657470703125,-50.0,-30.045005798339844,100.0,100.0,-100.0,100.0,-100.0,-100.0,244.0810546875,162.96044921875,174.36056518554688,300.0,300.0,300.0,0.0,0.0,0.0,0.0,-150.0,-43.95947265625,-84.224853515625,-150.0,150.0,-150.0,-0.0683460608124733,-0.7281816601753235,0.08683574944734573,0.8694030046463013,0.08501771837472916,-0.1404612809419632,-0.07180953770875931,-0.007731841877102852,-0.529961347579956,-0.13317227363586426,-0.004673662129789591,0.06200569495558739,0.0959593802690506,0.1418856978416443,0.1354227364063263,-1.9575613737106323,-0.39168763160705566,-1.9243391752243042,0.043825071305036545,-1.9601242542266846,0.9929239749908447,0.7499404549598694,1.039594054222107,-0.04861733317375183,-0.10397382080554962,0.16579625010490417,-1.0146931409835815,-0.14283959567546844,0.16644547879695892,-0.18743926286697388,0.12821635603904724,-0.1748255044221878,0.19394050538539886,-0.21163609623908997,0.030553460121154785,0.14718902111053467,0.06687463819980621,-0.1772574633359909,0.014419098384678364,-0.03184082731604576,0.28519681096076965,0.07144386321306229
12.350000644102693,738,200.0,-200.0,-200.0,-50.0,-50.0,-50.0,-100.0,100.0,-100.0,100.0,-100.0,-100.0,300.0,144.9189453125,160.04409790039062,300.0,300.0,300.0,0.0,0.0,0.0,0.0,-150.0,-150.0,150.0,-150.0,150.0,-150.0,-0.06395385414361954,-0.7581614851951599,0.08277897536754608,0.8296002149581909,0.08322840929031372,-0.17075705528259277,-0.05801165848970413,0.005185598507523537,-0.5145514011383057,-0.13140155375003815,-0.004869192373007536,0.060335446149110794,0.08524969220161438,0.138555109500885,0.06777510046958923,-1.6974451541900635,-0.35702627897262573,-2.4614503383636475,0.06547163426876068,-1.6764965057373047,0.8427445888519287,0.7126729488372803,1.124436378479004,-0.01553536206483841,0.007168561220169067,0.014948338270187378,-0.904291570186615,-0.0585281103849411,0.165586918592453,-0.175776407122612,0.1341482549905777,-0.1746452897787094,0.19910913705825806,-0.17935609817504883,0.022423017770051956,0.15052485466003418,0.06520802527666092,-0.2024564892053604,0.028691820800304413,-0.05341228097677231,0.29680556058883667,0.05409521609544754
12.366667311638594,739,200.0,-200.0,-200.0,-14.438613891601562,-50.0,-13.472885131835938,100.0,100.0,-100.0,100.0,-100.0,-100.0,300.0,281.552734375,300.0,300.0,300.0,300.0,0.0,0.0,0.0,0.0,-150.0,-23.794189453125,-73.47821044921875,-150.0,150.0,-150.0,-0.056478649377822876,-0.7847559452056885,0.07894431799650192,0.7822258472442627,0.08113845437765121,-0.20374123752117157,-0.04327378049492836,0.020396577194333076,-0.49843257665634155,-0.12948928773403168,-0.004675532225519419,0.05680364370346069,0.07520607858896255,0.13132627308368683,0.2481558620929718,-1.5109909772872925,-0.4030914008617401,-2.8913941383361816,0.07488582283258438,-1.8287088871002197,0.8974730372428894,0.7828760743141174,1.1886444091796875,-0.0716901570558548,-0.026597104966640472,0.06555809080600739,-0.9418506622314453,-0.2837327718734741,0.165586918592453,-0.175776407122612,0.1341482549905777,-0.1746452897787094,0.19910913705825806,-0.17935609817504883,0.022423017770051956,0.15052485466003418,0.06520802527666092,-0.2024564892053604,0.028691820800304413,-0.05341228097677231,0.29680556058883667,0.05409521609544754
12.383333979174495,740,200.0,-200.0,73.6907958984375,-50.0,-50.0,-50.0,-100.0,92.310302734375,-100.0,100.0,-100.0,-100.0,300.0,300.0,300.0,300.0,300.0,300.0,0.0,0.0,0.0,0.0,-150.0,-131.30712890625,150.0,-150.0,150.0,-150.0,-0.05015009269118309,-0.8072814345359802,0.07540995627641678,0.724341094493866,0.07966137677431107,-0.23183810710906982,-0.030684692785143852,0.03420035541057587,-0.481243371963501,-0.12746532261371613,-0.0047478885389864445,0.0549081489443779,0.06349946558475494,0.12545093894004822,0.21454018354415894,-1.2684340476989746,-0.35011008381843567,-3.563926935195923,0.06921844929456711,-1.5556708574295044,0.7592911720275879,0.751516580581665,1.2021996974945068,-0.027262818068265915,-0.018187541514635086,0.011691540479660034,-0.9586751461029053,-0.23583146929740906,0.1739949882030487,-0.17487257719039917,0.13784335553646088,-0.16641026735305786,0.19483375549316406,-0.14914268255233765,0.015703530982136726,0.16388577222824097,0.05504963546991348,-0.20775653421878815,0.050257448107004166,-0.06527100503444672,0.31441637873649597,0.02782890573143959
